UTC Time,Local Time,City,Country Code,Timezone,AQI,CO,NO2,O3,PM10,PM25,SO2,Clouds,Precipitation,Pressure,Relative Humidity,Temperature,UV Index,Wind Speed,
1/1/2025 0:00,1/1/2025 7:00,Hoàn Kiếm,VN,Asia/Ho_Chi_Minh,163,259.1,23,28,94,65,91,62,0,1017,87,20.2,1.2,0.8,
1/1/2025 1:00,1/1/2025 8:00,Hoàn Kiếm,VN,Asia/Ho_Chi_Minh,155,222.2,20.7,42.7,193.8,155,104,58,0,1017,79,21.5,1.4,0.8,
1/1/2025 2:00,1/1/2025 9:00,Hoàn Kiếm,VN,Asia/Ho_Chi_Minh,181,185.2,18.3,57.3,226.3,181,117,54,0,1017,72,22.7,1.7,0.8,
1/1/2025 3:00,1/1/2025 10:00,Hoàn Kiếm,VN,Asia/Ho_Chi_Minh,270,148.2,16,72,182.5,146,130,50,0,1018,65,24,3.1,1.2,
1/1/2025 4:00,1/1/2025 11:00,Hoàn Kiếm,VN,Asia/Ho_Chi_Minh,232,907,308,8.6,166,117,132,50,0,1017,62,25,4.2,0.66,
1/1/2025 5:00,1/1/2025 12:00,Hoàn Kiếm,VN,Asia/Ho_Chi_Minh,192,806,308,11.9,138,87,126,50,0,1016,58,26,4.6,1.33,
1/1/2025 6:00,1/1/2025 13:00,Hoàn Kiếm,VN,Asia/Ho_Chi_Minh,121,103.9,9,95,67,43,107,50,0,1015,55,27,4.7,2,
1/1/2025 7:00,1/1/2025 14:00,Hoàn Kiếm,VN,Asia/Ho_Chi_Minh,155,102.3,9,96.3,73.8,59,102,41,0,1014,56,26.8,3.8,2.33,
1/1/2025 8:00,1/1/2025 15:00,Hoàn Kiếm,VN,Asia/Ho_Chi_Minh,152,100.8,9,97.7,71.3,57,97,33,0,1014,57,26.7,1.9,2.66,
1/1/2025 9:00,1/1/2025 16:00,Hoàn Kiếm,VN,Asia/Ho_Chi_Minh,155,99.2,9,99,73.8,59,92,25,0,1013,58,26.5,0.9,3,
1/1/2025 10:00,1/1/2025 17:00,Hoàn Kiếm,VN,Asia/Ho_Chi_Minh,145,115.9,11,94.7,65,52,91.3,50,0,1014,66,25.2,1.5,3,
1/1/2025 11:00,1/1/2025 18:00,Hoàn Kiếm,VN,Asia/Ho_Chi_Minh,152,132.7,13,90.3,71.3,57,90.7,75,0,1014,74,23.8,0,3,
1/1/2025 12:00,1/1/2025 19:00,Hoàn Kiếm,VN,Asia/Ho_Chi_Minh,110,149.4,15,86,61,39,90,100,0,1015,84,22.5,0,3,
1/1/2025 13:00,1/1/2025 20:00,Hoàn Kiếm,VN,Asia/Ho_Chi_Minh,179,151.5,14.3,86.3,96.3,77,86.3,100,0,1015,86,22.2,0,2.33,
1/1/2025 14:00,1/1/2025 21:00,Hoàn Kiếm,VN,Asia/Ho_Chi_Minh,187,153.7,13.7,86.7,103.8,83,82.7,100,0,1016,88,22,0,1.66,
1/1/2025 15:00,1/1/2025 22:00,Hoàn Kiếm,VN,Asia/Ho_Chi_Minh,189,155.8,13,87,106.3,85,79,100,0,1016,90,21.7,0,1,
1/1/2025 16:00,1/1/2025 23:00,Hoàn Kiếm,VN,Asia/Ho_Chi_Minh,189,145.1,12.3,87.7,106.3,85,71.3,100,0,1016,91,21.7,0,1,
1/1/2025 17:00,1/2/2025 0:00,Hoàn Kiếm,VN,Asia/Ho_Chi_Minh,189,134.4,11.7,88.3,106.3,85,63.7,100,0,1016,92,21.6,0,1,
1/1/2025 18:00,1/2/2025 1:00,Hoàn Kiếm,VN,Asia/Ho_Chi_Minh,112,123.7,11,89,60,40,56,100,0,1016,93,21.6,0,1,
1/1/2025 19:00,1/2/2025 2:00,Hoàn Kiếm,VN,Asia/Ho_Chi_Minh,189,132.5,11,85.7,106.3,85,54.3,100,0,1015,93,21.5,0,1,
1/1/2025 20:00,1/2/2025 3:00,Hoàn Kiếm,VN,Asia/Ho_Chi_Minh,189,141.2,11,82.3,106.3,85,52.7,100,0,1015,93,21.3,0,1,
1/1/2025 21:00,1/2/2025 4:00,Hoàn Kiếm,VN,Asia/Ho_Chi_Minh,187,150,11,79,103.8,83,51,100,0,1014,94,21.2,0,1,
1/1/2025 22:00,1/2/2025 5:00,Hoàn Kiếm,VN,Asia/Ho_Chi_Minh,181,168.7,12.7,73.3,98.8,79,56.7,100,0,1015,93,21.1,0,1,
1/1/2025 23:00,1/2/2025 6:00,Hoàn Kiếm,VN,Asia/Ho_Chi_Minh,181,187.3,14.3,67.7,98.8,79,62.3,100,0,1015,93,21.1,0,1,
1/2/2025 0:00,1/2/2025 7:00,Hoàn Kiếm,VN,Asia/Ho_Chi_Minh,187,206,16,62,103.8,83,68,100,0,1016,93,21,0.8,1,
1/2/2025 1:00,1/2/2025 8:00,Hoàn Kiếm,VN,Asia/Ho_Chi_Minh,165,193,16,67,86.8,66.67,80.7,91,0,1016,90,21.7,1.4,0.66,
1/2/2025 2:00,1/2/2025 9:00,Hoàn Kiếm,VN,Asia/Ho_Chi_Minh,189,179.9,16,72,106.3,85,93.3,83,0,1017,88,22.5,1.8,0.33,
1/2/2025 3:00,1/2/2025 10:00,Hoàn Kiếm,VN,Asia/Ho_Chi_Minh,98,166.9,16,77,53,34,106,75,0,1017,85,23.2,1.6,2.4,
1/2/2025 4:00,1/2/2025 11:00,Hoàn Kiếm,VN,Asia/Ho_Chi_Minh,112,144.3,13,81,57,40,88.3,75,0,1016,77,24.3,1.9,0.33,
1/2/2025 5:00,1/2/2025 12:00,Hoàn Kiếm,VN,Asia/Ho_Chi_Minh,171,121.8,10,85,88.8,71,70.7,75,0,1015,70,25.4,4.1,0.66,
1/2/2025 6:00,1/2/2025 13:00,Hoàn Kiếm,VN,Asia/Ho_Chi_Minh,145,99.2,7,89,65,52,53,75,0,1013,64,26.5,4.3,1,
1/2/2025 7:00,1/2/2025 14:00,Hoàn Kiếm,VN,Asia/Ho_Chi_Minh,87,98.8,7,89.3,36,29,52,58,0,1013,63,26.6,3.1,1.33,
1/2/2025 8:00,1/2/2025 15:00,Hoàn Kiếm,VN,Asia/Ho_Chi_Minh,137,98.4,7,89.7,61.3,49,51,41,0,1013,62,26.7,1.3,1.66,
1/2/2025 9:00,1/2/2025 16:00,Hoàn Kiếm,VN,Asia/Ho_Chi_Minh,126,98,7,90,56.3,45,50,25,0,1012,61,26.8,1.8,2,
1/2/2025 10:00,1/2/2025 17:00,Hoàn Kiếm,VN,Asia/Ho_Chi_Minh,130,120.4,9.3,83.7,60,46.5,53.3,35,0,1013,66,25.7,1.7,2.33,
1/2/2025 11:00,1/2/2025 18:00,Hoàn Kiếm,VN,Asia/Ho_Chi_Minh,138,142.8,11.7,77.3,59,49.5,56.7,45,0,1014,71,24.5,0,2.66,
1/2/2025 12:00,1/2/2025 19:00,Hoàn Kiếm,VN,Asia/Ho_Chi_Minh,134,165.2,14,71,60,48,60,56,0,1014,76,23.4,0,3,
1/2/2025 13:00,1/2/2025 20:00,Hoàn Kiếm,VN,Asia/Ho_Chi_Minh,121,176.6,14,70.7,54,43,60.7,66,0,1015,79,23,0,2.66,
1/2/2025 14:00,1/2/2025 21:00,Hoàn Kiếm,VN,Asia/Ho_Chi_Minh,146,188.1,14,70.3,56.7,52.33,61.3,77,0,1015,82,22.6,0,2.33,
1/2/2025 15:00,1/2/2025 22:00,Hoàn Kiếm,VN,Asia/Ho_Chi_Minh,152,199.6,14,70,55,54.5,62,87,0,1016,85,22.2,0,2,
1/2/2025 16:00,1/2/2025 23:00,Hoàn Kiếm,VN,Asia/Ho_Chi_Minh,142,180.1,13,73.7,51,51,63.3,83,0,1016,87,22,0,1.66,
1/2/2025 17:00,1/3/2025 0:00,Hoàn Kiếm,VN,Asia/Ho_Chi_Minh,141,160.7,12,77.3,55,50.5,64.7,79,0,1016,88,21.8,0,1.33,
1/2/2025 18:00,1/3/2025 1:00,Hoàn Kiếm,VN,Asia/Ho_Chi_Minh,138,141.2,11,81,53,49.5,66,75,0,1016,90,21.6,0,1,
1/2/2025 19:00,1/3/2025 2:00,Hoàn Kiếm,VN,Asia/Ho_Chi_Minh,107,137.9,10.7,75,48,38,65.7,62,0,1016,91,21.5,0,1,
1/2/2025 20:00,1/3/2025 3:00,Hoàn Kiếm,VN,Asia/Ho_Chi_Minh,137,134.6,10.3,69,49,49,65.3,50,0,1016,92,21.3,0,1,
1/2/2025 21:00,1/3/2025 4:00,Hoàn Kiếm,VN,Asia/Ho_Chi_Minh,165,131.3,10,63,83.8,67,65,37,0,1016,94,21.2,0,1,
1/2/2025 22:00,1/3/2025 5:00,Hoàn Kiếm,VN,Asia/Ho_Chi_Minh,153,255.5,37.3,44.2,55,55,68,45,0,1017,91,20.4,0,1.66,
1/2/2025 23:00,1/3/2025 6:00,Hoàn Kiếm,VN,Asia/Ho_Chi_Minh,67,379.8,64.7,25.3,20,20,71,54,0,1017,88,19.5,0,2.33,
1/3/2025 0:00,1/3/2025 7:00,Hoàn Kiếm,VN,Asia/Ho_Chi_Minh,92,504,92,6.5,52,31.5,74,62,0,1018,86,18.7,0.6,3,
1/3/2025 1:00,1/3/2025 8:00,Hoàn Kiếm,VN,Asia/Ho_Chi_Minh,129,403,69,6.5,67,46,79,75,0,1019,83,18.5,0.7,2.66,
1/3/2025 2:00,1/3/2025 9:00,Hoàn Kiếm,VN,Asia/Ho_Chi_Minh,76,369.3,72,7.2,30,24,74,87,0,1020,80,18.4,1,2.33,
1/3/2025 3:00,1/3/2025 10:00,Hoàn Kiếm,VN,Asia/Ho_Chi_Minh,137,302,62,7.6,98,49,74,100,0,1021,77,18.2,1.4,2,
1/3/2025 4:00,1/3/2025 11:00,Hoàn Kiếm,VN,Asia/Ho_Chi_Minh,99,259.7,45.3,25,38,34.5,85.7,95,0,1021,77,18,1.8,2.33,
1/3/2025 5:00,1/3/2025 12:00,Hoàn Kiếm,VN,Asia/Ho_Chi_Minh,112,217.4,28.7,42.5,50,40,97.3,91,0,1020,76,17.7,2,2.66,
1/3/2025 6:00,1/3/2025 13:00,Hoàn Kiếm,VN,Asia/Ho_Chi_Minh,78,175.1,12,60,25,25,109,87,0,1019,76,17.5,1.8,3,
1/3/2025 7:00,1/3/2025 14:00,Hoàn Kiếm,VN,Asia/Ho_Chi_Minh,89,177.8,13,60.7,30,30,116.7,87,0,1019,69,18.4,1.5,2.66,
1/3/2025 8:00,1/3/2025 15:00,Hoàn Kiếm,VN,Asia/Ho_Chi_Minh,72,180.5,14,61.3,28,22,124.3,87,0,1018,62,19.2,1,2.33,
1/3/2025 9:00,1/3/2025 16:00,Hoàn Kiếm,VN,Asia/Ho_Chi_Minh,104,183.3,15,62,46.3,37,132,87,0,1018,56,20.1,0.7,2,
1/3/2025 10:00,1/3/2025 17:00,Hoàn Kiếm,VN,Asia/Ho_Chi_Minh,100,208.3,18.3,53.7,38,35,135.7,87,0,1018,62,19.6,0.6,1.66,
1/3/2025 11:00,1/3/2025 18:00,Hoàn Kiếm,VN,Asia/Ho_Chi_Minh,121,233.4,21.7,45.3,54,43,139.3,87,0,1018,69,19.2,0,1.33,
1/3/2025 12:00,1/3/2025 19:00,Hoàn Kiếm,VN,Asia/Ho_Chi_Minh,164,258.5,25,37,79,66,143,87,0,1019,77,18.7,0,1,
1/3/2025 13:00,1/3/2025 20:00,Hoàn Kiếm,VN,Asia/Ho_Chi_Minh,229,267.7,24.7,35.7,143.8,115,138.3,91,0,1019,77,18.7,0,1,
1/3/2025 14:00,1/3/2025 21:00,Hoàn Kiếm,VN,Asia/Ho_Chi_Minh,168,276.8,24.3,34.3,86,69,133.7,95,0,1019,77,18.7,0,1,
1/3/2025 15:00,1/3/2025 22:00,Hoàn Kiếm,VN,Asia/Ho_Chi_Minh,235,286,24,33,148.8,119,129,100,0,1020,77,18.7,0,1,
1/3/2025 16:00,1/3/2025 23:00,Hoàn Kiếm,VN,Asia/Ho_Chi_Minh,163,270.8,22.7,33,65,65,120.3,100,0,1019,77,18.6,0,1,
1/3/2025 17:00,1/4/2025 0:00,Hoàn Kiếm,VN,Asia/Ho_Chi_Minh,164,255.6,21.3,33,66,66,111.7,100,0,1019,76,18.6,0,1,
1/3/2025 18:00,1/4/2025 1:00,Hoàn Kiếm,VN,Asia/Ho_Chi_Minh,167,240.4,20,33,74,68,103,100,0,1018,76,18.5,0,1,
1/3/2025 19:00,1/4/2025 2:00,Hoàn Kiếm,VN,Asia/Ho_Chi_Minh,152,228.6,19,33.7,59,57,102.3,100,0,1018,76,18.4,0,0.66,
1/3/2025 20:00,1/4/2025 3:00,Hoàn Kiếm,VN,Asia/Ho_Chi_Minh,173,216.7,18,34.3,91,73,101.7,100,0,1018,76,18.3,0,0.33,
1/3/2025 21:00,1/4/2025 4:00,Hoàn Kiếm,VN,Asia/Ho_Chi_Minh,160,204.8,17,35,78.8,63,101,100,0,1017,76,18.2,0,1.2,
1/3/2025 22:00,1/4/2025 5:00,Hoàn Kiếm,VN,Asia/Ho_Chi_Minh,160,10,57,4.4,64,63,62,100,0,1018,73,18.2,0,0.8,
1/3/2025 23:00,1/4/2025 6:00,Hoàn Kiếm,VN,Asia/Ho_Chi_Minh,149,222.7,19.7,34.3,60,53.5,106.3,100,0,1018,70,18.2,0,1.2,
1/4/2025 0:00,1/4/2025 7:00,Hoàn Kiếm,VN,Asia/Ho_Chi_Minh,134,231.7,21,34,48,48,109,100,0,1019,68,18.2,0.7,1.6,
1/4/2025 1:00,1/4/2025 8:00,Hoàn Kiếm,VN,Asia/Ho_Chi_Minh,152,220,20,40.3,71.3,57,123.7,100,0,1020,67,18.8,1,1,
1/4/2025 2:00,1/4/2025 9:00,Hoàn Kiếm,VN,Asia/Ho_Chi_Minh,141,208.3,19,46.7,53,50.5,138.3,100,0,1020,66,19.4,1.3,2,
1/4/2025 3:00,1/4/2025 10:00,Hoàn Kiếm,VN,Asia/Ho_Chi_Minh,100,196.7,18,53,51,35,153,100,0,1021,66,20,1.8,3,
1/4/2025 4:00,1/4/2025 11:00,Hoàn Kiếm,VN,Asia/Ho_Chi_Minh,162,198.2,16.7,60,75,64.5,149.7,100,0,1020,64,20.2,1.8,2,
1/4/2025 5:00,1/4/2025 12:00,Hoàn Kiếm,VN,Asia/Ho_Chi_Minh,175,199.8,15.3,67,84,74,146.3,100,0,1018,63,20.4,2,1,
1/4/2025 6:00,1/4/2025 13:00,Hoàn Kiếm,VN,Asia/Ho_Chi_Minh,155,201.3,14,74,59,59,143,100,0,1017,61,20.6,1.8,1.6,
1/4/2025 7:00,1/4/2025 14:00,Hoàn Kiếm,VN,Asia/Ho_Chi_Minh,148,204.3,14.3,79.3,53,53,137.3,100,0,1017,63,20.6,1.5,0.66,
1/4/2025 8:00,1/4/2025 15:00,Hoàn Kiếm,VN,Asia/Ho_Chi_Minh,167,302,77,4.3,103,68,42,100,0,1016,64,20.5,1,1.33,
1/4/2025 9:00,1/4/2025 16:00,Hoàn Kiếm,VN,Asia/Ho_Chi_Minh,110,210.1,15,90,58,39,126,100,0,1016,66,20.5,0.7,2,
1/4/2025 10:00,1/4/2025 17:00,Hoàn Kiếm,VN,Asia/Ho_Chi_Minh,225,302,69,5.4,152,111.5,42,100,0,1016,69,20.2,0.9,1.33,
1/4/2025 11:00,1/4/2025 18:00,Hoàn Kiếm,VN,Asia/Ho_Chi_Minh,230,403,69,5.4,164.5,115.5,42,100,0,1016,71,19.9,0,0.66,
1/4/2025 12:00,1/4/2025 19:00,Hoàn Kiếm,VN,Asia/Ho_Chi_Minh,223,504,77,6.5,157.5,110,42,100,0,1017,74,19.6,0,3.2,
1/4/2025 13:00,1/4/2025 20:00,Hoàn Kiếm,VN,Asia/Ho_Chi_Minh,206,504,77,5.4,139,97.5,42,100,0,1017,77,19.6,0,3.2,
1/4/2025 14:00,1/4/2025 21:00,Hoàn Kiếm,VN,Asia/Ho_Chi_Minh,193,101,139,7.6,123.5,88,110,100,0,1017,79,19.5,0,2.4,
1/4/2025 15:00,1/4/2025 22:00,Hoàn Kiếm,VN,Asia/Ho_Chi_Minh,152,246.3,14,97,71,57,103,100,0,1017,82,19.5,0,2,
1/4/2025 16:00,1/4/2025 23:00,Hoàn Kiếm,VN,Asia/Ho_Chi_Minh,221,605,116,9.7,166,109,74,100,0,1017,84,19.4,0,2,
1/4/2025 17:00,1/5/2025 0:00,Hoàn Kiếm,VN,Asia/Ho_Chi_Minh,191,504,116,9.7,116.5,86.5,74,100,0,1017,86,19.3,0,2,
1/4/2025 18:00,1/5/2025 1:00,Hoàn Kiếm,VN,Asia/Ho_Chi_Minh,194,504,108,8.6,117.5,88.5,74,100,0,1017,88,19.2,0,1.6,
1/4/2025 19:00,1/5/2025 2:00,Hoàn Kiếm,VN,Asia/Ho_Chi_Minh,189,403,100,9.7,113,84.5,74,100,0,1016,88,19.2,0,1.2,
1/4/2025 20:00,1/5/2025 3:00,Hoàn Kiếm,VN,Asia/Ho_Chi_Minh,200,403,108,7.6,124.5,93,74,100,0,1016,89,19.1,0,1.2,
1/4/2025 21:00,1/5/2025 4:00,Hoàn Kiếm,VN,Asia/Ho_Chi_Minh,159,203.1,12,76,78,62,80,100,0,1016,89,19.1,0,1.2,
1/4/2025 22:00,1/5/2025 5:00,Hoàn Kiếm,VN,Asia/Ho_Chi_Minh,232,403,54,13,162,117,68,100,0,1016,90,19.1,0,0.8,
1/4/2025 23:00,1/5/2025 6:00,Hoàn Kiếm,VN,Asia/Ho_Chi_Minh,261,403,69,4.3,168,139,42,100,0,1017,92,19,0,1.2,
1/5/2025 0:00,1/5/2025 7:00,Hoàn Kiếm,VN,Asia/Ho_Chi_Minh,252,504,77,4.3,162,132,42,100,0,1017,93,19,0.6,1.2,
1/5/2025 1:00,1/5/2025 8:00,Hoàn Kiếm,VN,Asia/Ho_Chi_Minh,260,504,77,4.3,170.5,138.5,42,100,0,1018,91,19.6,0.7,0.8,
1/5/2025 2:00,1/5/2025 9:00,Hoàn Kiếm,VN,Asia/Ho_Chi_Minh,231,312.3,37,48.8,116,116,87.3,100,0,1018,88,20.1,1,0.8,
1/5/2025 3:00,1/5/2025 10:00,Hoàn Kiếm,VN,Asia/Ho_Chi_Minh,208,216.5,17,71,99,99,110,100,0,1018,85,20.7,1.4,0.8,
1/5/2025 4:00,1/5/2025 11:00,Hoàn Kiếm,VN,Asia/Ho_Chi_Minh,218,203.5,14.7,80.7,106.3,106.33,102.7,87,0,1017,81,21.5,1.8,0.4,
1/5/2025 5:00,1/5/2025 12:00,Hoàn Kiếm,VN,Asia/Ho_Chi_Minh,159,190.4,12.3,90.3,169,159,95.3,75,0,1016,76,22.3,2,0.4,
1/5/2025 6:00,1/5/2025 13:00,Hoàn Kiếm,VN,Asia/Ho_Chi_Minh,237,177.4,10,100,121,121,88,62,0,1015,73,23.1,1.8,0.8,
1/5/2025 7:00,1/5/2025 14:00,Hoàn Kiếm,VN,Asia/Ho_Chi_Minh,208,170.2,9.3,102.7,99,99,80,62,0,1015,70,23.7,1.5,0.8,
1/5/2025 8:00,1/5/2025 15:00,Hoàn Kiếm,VN,Asia/Ho_Chi_Minh,168,163,8.7,105.3,69,69,72,62,0,1014,68,24.4,1,1.2,
1/5/2025 9:00,1/5/2025 16:00,Hoàn Kiếm,VN,Asia/Ho_Chi_Minh,153,155.8,8,108,73,58,64,62,0,1014,65,25,0.9,1.2,
1/5/2025 10:00,1/5/2025 17:00,Hoàn Kiếm,VN,Asia/Ho_Chi_Minh,266,439.9,82.3,73.1,178.8,143,65.3,75,0,1015,70,23.8,0.7,1.2,
1/5/2025 11:00,1/5/2025 18:00,Hoàn Kiếm,VN,Asia/Ho_Chi_Minh,248,723.9,156.7,38.2,129,129,66.7,87,0,1015,76,22.7,0,2,
1/5/2025 12:00,1/5/2025 19:00,Hoàn Kiếm,VN,Asia/Ho_Chi_Minh,252,1008,231,3.2,167.5,132,68,100,0,1016,82,21.5,0,2.8,
1/5/2025 13:00,1/5/2025 20:00,Hoàn Kiếm,VN,Asia/Ho_Chi_Minh,153,735.2,157.7,26.8,58,58,61.3,100,0,1016,84,21.4,0,0.33,
1/5/2025 14:00,1/5/2025 21:00,Hoàn Kiếm,VN,Asia/Ho_Chi_Minh,150,462.4,84.3,50.4,54,54,54.7,100,0,1017,87,21.3,0,0.66,
1/5/2025 15:00,1/5/2025 22:00,Hoàn Kiếm,VN,Asia/Ho_Chi_Minh,142,189.7,11,74,51,51,48,100,0,1017,90,21.2,0,1,
1/5/2025 16:00,1/5/2025 23:00,Hoàn Kiếm,VN,Asia/Ho_Chi_Minh,141,190.3,11.7,69.3,50.7,50.67,48.7,100,0,1017,90,21.1,0,0.66,
1/5/2025 17:00,1/6/2025 0:00,Hoàn Kiếm,VN,Asia/Ho_Chi_Minh,242,403,100,10.8,190,125,63,100,0,1017,91,21.1,0,0.33,
1/5/2025 18:00,1/6/2025 1:00,Hoàn Kiếm,VN,Asia/Ho_Chi_Minh,139,191.4,13,60,50,50,50,100,0,1017,92,21,0,1.6,
1/5/2025 19:00,1/6/2025 2:00,Hoàn Kiếm,VN,Asia/Ho_Chi_Minh,148,186.9,13.3,58.7,53,53,52.3,100,0,1017,92,20.7,0,1.2,
1/5/2025 20:00,1/6/2025 3:00,Hoàn Kiếm,VN,Asia/Ho_Chi_Minh,139,182.5,13.7,57.3,50,50,54.7,100,0,1017,92,20.3,0,1.6,
1/5/2025 21:00,1/6/2025 4:00,Hoàn Kiếm,VN,Asia/Ho_Chi_Minh,153,178,14,56,58,58,57,100,0,1017,92,20,0,1.2,
1/5/2025 22:00,1/6/2025 5:00,Hoàn Kiếm,VN,Asia/Ho_Chi_Minh,167,185.4,15.3,54,68,68,61.7,100,0,1017,91,19.9,0,0.33,
1/5/2025 23:00,1/6/2025 6:00,Hoàn Kiếm,VN,Asia/Ho_Chi_Minh,187,192.8,16.7,52,83,83,66.3,100,0,1018,90,19.8,0,0.66,
1/6/2025 0:00,1/6/2025 7:00,Hoàn Kiếm,VN,Asia/Ho_Chi_Minh,193,200.2,18,50,88,88,71,100,0,1019,89,19.7,0.6,1,
1/6/2025 1:00,1/6/2025 8:00,Hoàn Kiếm,VN,Asia/Ho_Chi_Minh,161,180.9,16.3,56.7,64,64,82.7,100,0,1019,88,20.4,0.7,1,
1/6/2025 2:00,1/6/2025 9:00,Hoàn Kiếm,VN,Asia/Ho_Chi_Minh,156,161.7,14.7,63.3,60,60,94.3,100,0,1020,86,21,1,1,
1/6/2025 3:00,1/6/2025 10:00,Hoàn Kiếm,VN,Asia/Ho_Chi_Minh,107,142.4,13,70,48,38,106,100,0,1020,84,21.7,1.4,1,
1/6/2025 4:00,1/6/2025 11:00,Hoàn Kiếm,VN,Asia/Ho_Chi_Minh,182,136,12,75.3,227.5,182,103.7,91,0,1019,78,22.7,1.8,1,
1/6/2025 5:00,1/6/2025 12:00,Hoàn Kiếm,VN,Asia/Ho_Chi_Minh,270,129.6,11,80.7,182.5,146,101.3,83,0,1018,72,23.7,2.1,1,
1/6/2025 6:00,1/6/2025 13:00,Hoàn Kiếm,VN,Asia/Ho_Chi_Minh,142,123.1,10,86,51,51,99,75,0,1016,67,24.7,2.3,1,
1/6/2025 7:00,1/6/2025 14:00,Hoàn Kiếm,VN,Asia/Ho_Chi_Minh,137,122.9,10,88,49,49,95.3,79,0.25,1016,63,24.9,2.8,1,
1/6/2025 8:00,1/6/2025 15:00,Hoàn Kiếm,VN,Asia/Ho_Chi_Minh,134,122.8,10,90,48,48,91.7,83,0.5,1016,60,25,1.8,1,
1/6/2025 9:00,1/6/2025 16:00,Hoàn Kiếm,VN,Asia/Ho_Chi_Minh,151,122.6,10,92,56,56,88,87,1.25,1015,57,25.2,1.4,1,
1/6/2025 10:00,1/6/2025 17:00,Hoàn Kiếm,VN,Asia/Ho_Chi_Minh,155,139.3,12.3,84,74,59,85,87,1,1016,62,24.5,1,1,
1/6/2025 11:00,1/6/2025 18:00,Hoàn Kiếm,VN,Asia/Ho_Chi_Minh,192,156,14.7,76,108.8,87,82,87,10.25,1016,68,23.9,0,1,
1/6/2025 12:00,1/6/2025 19:00,Hoàn Kiếm,VN,Asia/Ho_Chi_Minh,161,172.7,17,68,76,64,79,87,0,1017,75,23.2,0,1,
1/6/2025 13:00,1/6/2025 20:00,Hoàn Kiếm,VN,Asia/Ho_Chi_Minh,168,179.9,16.7,66.3,86.3,69,79.3,79,0,1017,79,22.5,0,1,
1/6/2025 14:00,1/6/2025 21:00,Hoàn Kiếm,VN,Asia/Ho_Chi_Minh,150,187.1,16.3,64.7,54,54,79.7,70,0,1018,84,21.9,0,1,
1/6/2025 15:00,1/6/2025 22:00,Hoàn Kiếm,VN,Asia/Ho_Chi_Minh,148,194.3,16,63,53,53,80,62,0,1018,89,21.2,0,1,
1/6/2025 16:00,1/6/2025 23:00,Hoàn Kiếm,VN,Asia/Ho_Chi_Minh,139,186.4,15.7,60.7,49.7,49.67,73.3,70,0,1018,90,21,0,1,
1/6/2025 17:00,1/7/2025 0:00,Hoàn Kiếm,VN,Asia/Ho_Chi_Minh,163,178.4,15.3,58.3,81.3,65,66.7,79,0,1018,90,20.9,0,1,
1/6/2025 18:00,1/7/2025 1:00,Hoàn Kiếm,VN,Asia/Ho_Chi_Minh,121,170.4,15,56,43,43,60,87,0,1018,91,20.7,0,1,
1/6/2025 19:00,1/7/2025 2:00,Hoàn Kiếm,VN,Asia/Ho_Chi_Minh,110,247.9,51,38.8,39,39,62.7,91,0,1018,91,20.7,0,1.33,
1/6/2025 20:00,1/7/2025 3:00,Hoàn Kiếm,VN,Asia/Ho_Chi_Minh,142,325.5,87,21.5,63.8,51,65.3,95,0,1017,92,20.7,0,1.66,
1/6/2025 21:00,1/7/2025 4:00,Hoàn Kiếm,VN,Asia/Ho_Chi_Minh,119,403,123,4.3,77,42.5,68,100,0,1017,92,20.7,0,2,
1/6/2025 22:00,1/7/2025 5:00,Hoàn Kiếm,VN,Asia/Ho_Chi_Minh,104,324.5,87.3,19.5,46,37,64.7,100,0,1017,92,20.7,0,2,
1/6/2025 23:00,1/7/2025 6:00,Hoàn Kiếm,VN,Asia/Ho_Chi_Minh,153,403,154,2.2,118,55,68,100,0,1018,93,20.7,0,2,
1/7/2025 0:00,1/7/2025 7:00,Hoàn Kiếm,VN,Asia/Ho_Chi_Minh,155,167.5,16,50,65,59.5,58,100,0,1018,93,20.7,1.1,2,
1/7/2025 1:00,1/7/2025 8:00,Hoàn Kiếm,VN,Asia/Ho_Chi_Minh,153,149.8,14,59.7,58,58,65.7,91,0,1019,84,21.9,1,2.33,
1/7/2025 2:00,1/7/2025 9:00,Hoàn Kiếm,VN,Asia/Ho_Chi_Minh,107,132.1,12,69.3,38,38,73.3,83,0,1019,75,23,1.6,2.66,
1/7/2025 3:00,1/7/2025 10:00,Hoàn Kiếm,VN,Asia/Ho_Chi_Minh,139,114.4,10,79,50,50,81,75,0,1020,68,24.2,2.5,3,
1/7/2025 4:00,1/7/2025 11:00,Hoàn Kiếm,VN,Asia/Ho_Chi_Minh,126,108.9,8.3,85.3,45,45,76.3,79,0,1019,67,24.2,3.1,2.66,
1/7/2025 5:00,1/7/2025 12:00,Hoàn Kiếm,VN,Asia/Ho_Chi_Minh,139,103.5,6.7,91.7,56.7,49.67,71.7,83,0,1017,66,24.2,3.5,2.33,
1/7/2025 6:00,1/7/2025 13:00,Hoàn Kiếm,VN,Asia/Ho_Chi_Minh,138,98,5,98,60,49.5,67,87,0,1016,65,24.2,3.2,2,
1/7/2025 7:00,1/7/2025 14:00,Hoàn Kiếm,VN,Asia/Ho_Chi_Minh,151,68.7,31.7,67.7,76,56,65.3,91,0,1016,65,24.3,2.5,2,
1/7/2025 8:00,1/7/2025 15:00,Hoàn Kiếm,VN,Asia/Ho_Chi_Minh,112,39.3,58.3,37.4,40,40,63.7,95,0,1015,65,24.4,1.6,2,
1/7/2025 9:00,1/7/2025 16:00,Hoàn Kiếm,VN,Asia/Ho_Chi_Minh,134,10,85,7,48,48,62,100,0,1015,65,24.5,1.3,2,
1/7/2025 10:00,1/7/2025 17:00,Hoàn Kiếm,VN,Asia/Ho_Chi_Minh,129,302,69,6.5,83.5,46,42,100,0,1015,70,23.7,1.2,2.33,
1/7/2025 11:00,1/7/2025 18:00,Hoàn Kiếm,VN,Asia/Ho_Chi_Minh,153,70.7,85,8.8,79.7,57.33,34.7,100,0,1015,76,23,0,2.66,
1/7/2025 12:00,1/7/2025 19:00,Hoàn Kiếm,VN,Asia/Ho_Chi_Minh,159,101,85,9.7,95.5,62,21,100,0,1015,82,22.2,0,3,
1/7/2025 13:00,1/7/2025 20:00,Hoàn Kiếm,VN,Asia/Ho_Chi_Minh,112,126.7,61.3,33.2,50,40,38.3,100,0,1016,83,22,0,2.33,
1/7/2025 14:00,1/7/2025 21:00,Hoàn Kiếm,VN,Asia/Ho_Chi_Minh,134,152.3,37.7,56.6,48,48,55.7,100,0,1016,85,21.7,0,1.66,
1/7/2025 15:00,1/7/2025 22:00,Hoàn Kiếm,VN,Asia/Ho_Chi_Minh,123,178,14,80,44,44,73,100,0,1016,87,21.5,0,1,
1/7/2025 16:00,1/7/2025 23:00,Hoàn Kiếm,VN,Asia/Ho_Chi_Minh,146,168.3,13.3,80,53,52.5,68.3,100,0,1016,88,21.4,0,1,
1/7/2025 17:00,1/8/2025 0:00,Hoàn Kiếm,VN,Asia/Ho_Chi_Minh,115,158.5,12.7,80,51,41,63.7,100,0,1016,89,21.2,0,1,
1/7/2025 18:00,1/8/2025 1:00,Hoàn Kiếm,VN,Asia/Ho_Chi_Minh,165,148.8,12,80,83.8,67,59,100,0,1016,90,21.1,0,1,
1/7/2025 19:00,1/8/2025 2:00,Hoàn Kiếm,VN,Asia/Ho_Chi_Minh,148,151.5,12,78.7,53,53,58.7,100,0,1015,90,21,0,1,
1/7/2025 20:00,1/8/2025 3:00,Hoàn Kiếm,VN,Asia/Ho_Chi_Minh,150,154.3,12,77.3,54,54,58.3,100,0,1015,91,20.8,0,1,
1/7/2025 21:00,1/8/2025 4:00,Hoàn Kiếm,VN,Asia/Ho_Chi_Minh,137,157,12,76,49,49,58,100,0,1015,92,20.7,0,1,
1/7/2025 22:00,1/8/2025 5:00,Hoàn Kiếm,VN,Asia/Ho_Chi_Minh,150,173.9,14,73.3,54,54,62.7,100,0,1015,93,20.7,0,1,
1/7/2025 23:00,1/8/2025 6:00,Hoàn Kiếm,VN,Asia/Ho_Chi_Minh,129,190.8,16,70.7,58,46,67.3,100,0,1015,93,20.6,0,1,
1/8/2025 0:00,1/8/2025 7:00,Hoàn Kiếm,VN,Asia/Ho_Chi_Minh,173,207.8,18,68,91.3,73,72,100,0,1016,94,20.6,0.7,1,
1/8/2025 1:00,1/8/2025 8:00,Hoàn Kiếm,VN,Asia/Ho_Chi_Minh,167,183.3,15.3,76.7,76,68,72.3,100,0,1016,90,21.3,0.8,1.33,
1/8/2025 2:00,1/8/2025 9:00,Hoàn Kiếm,VN,Asia/Ho_Chi_Minh,156,158.7,12.7,85.3,60,60,72.7,100,0,1017,87,21.9,1.9,1.66,
1/8/2025 3:00,1/8/2025 10:00,Hoàn Kiếm,VN,Asia/Ho_Chi_Minh,148,134.2,10,94,53,53,73,100,0,1017,84,22.6,2.6,2,
1/8/2025 4:00,1/8/2025 11:00,Hoàn Kiếm,VN,Asia/Ho_Chi_Minh,148,123.7,8,97.3,53,53,62.3,95,0,1016,79,23.4,2.2,2,
1/8/2025 5:00,1/8/2025 12:00,Hoàn Kiếm,VN,Asia/Ho_Chi_Minh,159,113.2,6,100.7,76,62,51.7,91,0,1015,74,24.2,2,2,
1/8/2025 6:00,1/8/2025 13:00,Hoàn Kiếm,VN,Asia/Ho_Chi_Minh,112,102.7,4,104,50,40,41,87,0,1014,70,25,1.9,2,
1/8/2025 7:00,1/8/2025 14:00,Hoàn Kiếm,VN,Asia/Ho_Chi_Minh,157,10,92,4.9,76.3,61,64,87,0,1013,69,25.2,2.4,2,
1/8/2025 8:00,1/8/2025 15:00,Hoàn Kiếm,VN,Asia/Ho_Chi_Minh,126,98.8,4.7,96,51,45,34.3,87,0,1013,67,25.3,2,2,
1/8/2025 9:00,1/8/2025 16:00,Hoàn Kiếm,VN,Asia/Ho_Chi_Minh,129,96.9,5,92,53,46,31,87,0,1012,66,25.5,1.5,2,
1/8/2025 10:00,1/8/2025 17:00,Hoàn Kiếm,VN,Asia/Ho_Chi_Minh,121,108.2,6.7,84.7,46,43,33,87,0,1013,68,25,1.5,2.33,
1/8/2025 11:00,1/8/2025 18:00,Hoàn Kiếm,VN,Asia/Ho_Chi_Minh,126,119.4,8.3,77.3,53,45,35,87,0,1013,71,24.5,0,2.66,
1/8/2025 12:00,1/8/2025 19:00,Hoàn Kiếm,VN,Asia/Ho_Chi_Minh,142,130.7,10,70,64,51,37,87,0,1014,73,24,0,3,
1/8/2025 13:00,1/8/2025 20:00,Hoàn Kiếm,VN,Asia/Ho_Chi_Minh,134,144.3,10.7,67.3,60,48,41,83,0,1014,78,23.4,0,3,
1/8/2025 14:00,1/8/2025 21:00,Hoàn Kiếm,VN,Asia/Ho_Chi_Minh,107,158,11.3,64.7,38,38,45,79,0,1015,83,22.8,0,3,
1/8/2025 15:00,1/8/2025 22:00,Hoàn Kiếm,VN,Asia/Ho_Chi_Minh,107,171.6,12,62,38,38,49,75,0,1015,89,22.2,0,3,
1/8/2025 16:00,1/8/2025 23:00,Hoàn Kiếm,VN,Asia/Ho_Chi_Minh,110,171.2,12.3,60.3,39,39,48,79,0,1015,90,22,0,2.66,
1/8/2025 17:00,1/9/2025 0:00,Hoàn Kiếm,VN,Asia/Ho_Chi_Minh,85,170.8,12.7,58.7,28,28,47,83,0,1015,91,21.9,0,2.33,
1/8/2025 18:00,1/9/2025 1:00,Hoàn Kiếm,VN,Asia/Ho_Chi_Minh,80,170.4,13,57,33,26,46,87,0,1014,93,21.7,0,2,
1/8/2025 19:00,1/9/2025 2:00,Hoàn Kiếm,VN,Asia/Ho_Chi_Minh,95,169.8,13,58,33,33,48,87,0,1014,93,21.6,0,1.33,
1/8/2025 20:00,1/9/2025 3:00,Hoàn Kiếm,VN,Asia/Ho_Chi_Minh,131,169.2,13,59,58.8,47,50,87,0,1014,93,21.6,0,0.66,
1/8/2025 21:00,1/9/2025 4:00,Hoàn Kiếm,VN,Asia/Ho_Chi_Minh,95,168.7,13,60,33,33,52,87,0,1013,93,21.5,0,2,
1/8/2025 22:00,1/9/2025 5:00,Hoàn Kiếm,VN,Asia/Ho_Chi_Minh,112,182.5,14.3,56.7,40,40,56,91,0,1013,93,21.4,0,2,
1/8/2025 23:00,1/9/2025 6:00,Hoàn Kiếm,VN,Asia/Ho_Chi_Minh,112,196.3,15.7,53.3,40,40,60,95,0,1014,93,21.3,0,2,
1/9/2025 0:00,1/9/2025 7:00,Hoàn Kiếm,VN,Asia/Ho_Chi_Minh,112,210.1,17,50,50,40,64,100,0,1014,93,21.2,0.8,2,
1/9/2025 1:00,1/9/2025 8:00,Hoàn Kiếm,VN,Asia/Ho_Chi_Minh,151,403,69,6.5,82.5,56.5,42,87,0,1015,91,21.7,0.9,0.33,
1/9/2025 2:00,1/9/2025 9:00,Hoàn Kiếm,VN,Asia/Ho_Chi_Minh,153,806,177,20.5,104,55,95,75,0,1015,89,22.2,1.9,0.66,
1/9/2025 3:00,1/9/2025 10:00,Hoàn Kiếm,VN,Asia/Ho_Chi_Minh,150,302,69,6.5,89,55.5,42,62,0,1015,87,22.7,3.1,1,
1/9/2025 4:00,1/9/2025 11:00,Hoàn Kiếm,VN,Asia/Ho_Chi_Minh,155,237.5,48.3,36,73.8,59,49.7,75,0,1014,82,23.5,3.2,1.33,
1/9/2025 5:00,1/9/2025 12:00,Hoàn Kiếm,VN,Asia/Ho_Chi_Minh,143,605,100,28.1,78,51.5,63,87,0,1013,76,24.2,3,1.66,
1/9/2025 6:00,1/9/2025 13:00,Hoàn Kiếm,VN,Asia/Ho_Chi_Minh,89,108.5,7,95,38,30,65,100,0,1012,71,25,3.2,2,
1/9/2025 7:00,1/9/2025 14:00,Hoàn Kiếm,VN,Asia/Ho_Chi_Minh,112,302,46,25.9,69,40,53,87,0,1012,70,25.4,2.8,2.33,
1/9/2025 8:00,1/9/2025 15:00,Hoàn Kiếm,VN,Asia/Ho_Chi_Minh,134,202,69,5.4,106,48,42,75,0,1012,68,25.8,2.1,2.66,
1/9/2025 9:00,1/9/2025 16:00,Hoàn Kiếm,VN,Asia/Ho_Chi_Minh,118,202,69,6.5,75.5,42,42,62,0,1012,67,26.2,1.5,3,
1/9/2025 10:00,1/9/2025 17:00,Hoàn Kiếm,VN,Asia/Ho_Chi_Minh,131,202,69,10.8,82,47,42,50,0,1012,71,25.4,1.4,2.66,
1/9/2025 11:00,1/9/2025 18:00,Hoàn Kiếm,VN,Asia/Ho_Chi_Minh,131,403,77,23.8,74.5,47,63,37,0,1013,75,24.5,0,2.33,
1/9/2025 12:00,1/9/2025 19:00,Hoàn Kiếm,VN,Asia/Ho_Chi_Minh,150,140.6,14,61,67.5,54,58,25,0,1014,79,23.7,0,2,
1/9/2025 13:00,1/9/2025 20:00,Hoàn Kiếm,VN,Asia/Ho_Chi_Minh,104,151,15,58.7,46,37,65.7,29,0,1014,82,23.2,0,1.66,
1/9/2025 14:00,1/9/2025 21:00,Hoàn Kiếm,VN,Asia/Ho_Chi_Minh,129,161.3,16,56.3,46,46,73.3,33,0,1014,85,22.7,0,1.33,
1/9/2025 15:00,1/9/2025 22:00,Hoàn Kiếm,VN,Asia/Ho_Chi_Minh,137,171.6,17,54,61.3,49,81,37,0,1015,89,22.2,0,1,
1/9/2025 16:00,1/9/2025 23:00,Hoàn Kiếm,VN,Asia/Ho_Chi_Minh,91,158.7,16.7,55,31,31,80,58,0,1015,89,22.1,0,1,
1/9/2025 17:00,1/10/2025 0:00,Hoàn Kiếm,VN,Asia/Ho_Chi_Minh,100,145.9,16.3,56,35,35,79,79,0,1015,89,22.1,0,1,
1/9/2025 18:00,1/10/2025 1:00,Hoàn Kiếm,VN,Asia/Ho_Chi_Minh,126,133.1,16,57,46,45,78,100,0,1015,90,22,0,1,
1/9/2025 19:00,1/10/2025 2:00,Hoàn Kiếm,VN,Asia/Ho_Chi_Minh,112,123.3,14.7,57.7,50,40,73.3,100,0,1015,90,21.9,0,1,
1/9/2025 20:00,1/10/2025 3:00,Hoàn Kiếm,VN,Asia/Ho_Chi_Minh,145,113.6,13.3,58.3,54,52,68.7,100,0,1014,90,21.8,0,1,
1/9/2025 21:00,1/10/2025 4:00,Hoàn Kiếm,VN,Asia/Ho_Chi_Minh,165,103.9,12,59,83.8,67,64,100,0,1014,90,21.7,0,1,
1/9/2025 22:00,1/10/2025 5:00,Hoàn Kiếm,VN,Asia/Ho_Chi_Minh,150,113.8,13.7,54.7,54,54,68.7,100,0.5,1014,93,21.5,0,1,
1/9/2025 23:00,1/10/2025 6:00,Hoàn Kiếm,VN,Asia/Ho_Chi_Minh,126,123.7,15.3,50.3,45,45,73.3,100,1,1015,95,21.2,0,1,
1/10/2025 0:00,1/10/2025 7:00,Hoàn Kiếm,VN,Asia/Ho_Chi_Minh,112,133.6,17,46,40,40,78,100,1.5,1016,98,21,0.6,1,
1/10/2025 1:00,1/10/2025 8:00,Hoàn Kiếm,VN,Asia/Ho_Chi_Minh,100,131.5,15.3,51.7,44,35,85.7,100,0,1016,96,21.4,0.7,1.33,
1/10/2025 2:00,1/10/2025 9:00,Hoàn Kiếm,VN,Asia/Ho_Chi_Minh,134,129.4,13.7,57.3,48,48,93.3,100,0,1017,94,21.7,1,1.66,
1/10/2025 3:00,1/10/2025 10:00,Hoàn Kiếm,VN,Asia/Ho_Chi_Minh,168,127.2,12,63,86.3,69,101,100,0,1017,92,22.1,1.5,2,
1/10/2025 4:00,1/10/2025 11:00,Hoàn Kiếm,VN,Asia/Ho_Chi_Minh,110,127.8,12.3,66.3,39,39,103.3,100,0,1016,91,21.7,1.8,1.66,
1/10/2025 5:00,1/10/2025 12:00,Hoàn Kiếm,VN,Asia/Ho_Chi_Minh,89,128.4,12.7,69.7,30,30,105.7,100,0,1016,90,21.4,2,1.33,
1/10/2025 6:00,1/10/2025 13:00,Hoàn Kiếm,VN,Asia/Ho_Chi_Minh,87,129,13,73,29,29,108,100,0,1015,90,21,1.9,1,
1/10/2025 7:00,1/10/2025 14:00,Hoàn Kiếm,VN,Asia/Ho_Chi_Minh,80,139.3,14,73.3,26,26,110,100,0,1014,91,20.6,1.5,1,
1/10/2025 8:00,1/10/2025 15:00,Hoàn Kiếm,VN,Asia/Ho_Chi_Minh,95,149.6,15,73.7,41,33,112,100,0,1014,92,20.1,1.1,1,
1/10/2025 9:00,1/10/2025 16:00,Hoàn Kiếm,VN,Asia/Ho_Chi_Minh,118,159.9,16,74,52.5,42,114,100,0,1014,93,19.7,0.8,1,
1/10/2025 10:00,1/10/2025 17:00,Hoàn Kiếm,VN,Asia/Ho_Chi_Minh,98,172.4,17.3,69.7,34,34,113.3,100,0,1014,92,19.5,0.6,1.33,
1/10/2025 11:00,1/10/2025 18:00,Hoàn Kiếm,VN,Asia/Ho_Chi_Minh,76,184.8,18.7,65.3,24,24,112.7,100,0,1015,92,19.3,0,1.66,
1/10/2025 12:00,1/10/2025 19:00,Hoàn Kiếm,VN,Asia/Ho_Chi_Minh,92,197.3,20,61,36,31.5,112,100,0,1015,92,19.1,0,2,
1/10/2025 13:00,1/10/2025 20:00,Hoàn Kiếm,VN,Asia/Ho_Chi_Minh,72,201.5,19,59.3,28,22,105,100,0,1015,91,18.9,0,1.66,
1/10/2025 14:00,1/10/2025 21:00,Hoàn Kiếm,VN,Asia/Ho_Chi_Minh,85,205.8,18,57.7,28,28,98,100,0,1016,90,18.8,0,1.33,
1/10/2025 15:00,1/10/2025 22:00,Hoàn Kiếm,VN,Asia/Ho_Chi_Minh,80,210.1,17,56,26,26,91,100,0,1016,89,18.6,0,1,
1/10/2025 16:00,1/10/2025 23:00,Hoàn Kiếm,VN,Asia/Ho_Chi_Minh,102,143.4,38.7,38.1,45,36,82,100,0,1016,91,18.4,0,1,
1/10/2025 17:00,1/11/2025 0:00,Hoàn Kiếm,VN,Asia/Ho_Chi_Minh,69,76.7,60.3,20.2,21,21,73,100,0,1016,92,18.3,0,1,
1/10/2025 18:00,1/11/2025 1:00,Hoàn Kiếm,VN,Asia/Ho_Chi_Minh,69,10,82,2.3,21,21,64,100,0,1016,94,18.1,0,1,
1/10/2025 19:00,1/11/2025 2:00,Hoàn Kiếm,VN,Asia/Ho_Chi_Minh,91,63.3,58,24.8,31,31,63.7,100,0,1016,94,18,0,1.33,
1/10/2025 20:00,1/11/2025 3:00,Hoàn Kiếm,VN,Asia/Ho_Chi_Minh,67,116.6,34,47.4,25,20,63.3,100,0,1015,94,17.8,0,1.66,
1/10/2025 21:00,1/11/2025 4:00,Hoàn Kiếm,VN,Asia/Ho_Chi_Minh,76,169.8,10,70,24,24,63,100,0.5,1015,94,17.7,0,2,
1/10/2025 22:00,1/11/2025 5:00,Hoàn Kiếm,VN,Asia/Ho_Chi_Minh,115,173.1,10.7,70.7,51.3,41,65.3,100,0.75,1016,94,17.7,0,2,
1/10/2025 23:00,1/11/2025 6:00,Hoàn Kiếm,VN,Asia/Ho_Chi_Minh,78,176.4,11.3,71.3,25,25,67.7,100,0,1016,94,17.6,0,2,
1/11/2025 0:00,1/11/2025 7:00,Hoàn Kiếm,VN,Asia/Ho_Chi_Minh,110,179.7,12,72,48.8,39,70,100,0,1017,94,17.6,0.6,2,
1/11/2025 1:00,1/11/2025 8:00,Hoàn Kiếm,VN,Asia/Ho_Chi_Minh,96,174.9,12.3,75.7,36,33.5,74,100,0,1018,92,17.7,0.7,1.66,
1/11/2025 2:00,1/11/2025 9:00,Hoàn Kiếm,VN,Asia/Ho_Chi_Minh,95,170,12.7,79.3,41,33,78,100,0,1018,91,17.9,1,1.33,
1/11/2025 3:00,1/11/2025 10:00,Hoàn Kiếm,VN,Asia/Ho_Chi_Minh,94,165.2,13,83,33,32.5,82,100,0,1019,89,18,1.5,1,
1/11/2025 4:00,1/11/2025 11:00,Hoàn Kiếm,VN,Asia/Ho_Chi_Minh,104,165.7,13.3,81.3,46.3,37,84,100,0,1018,91,17.9,1.9,1,
1/11/2025 5:00,1/11/2025 12:00,Hoàn Kiếm,VN,Asia/Ho_Chi_Minh,69,166.3,13.7,79.7,21,21,86,100,0,1017,92,17.8,2,1,
1/11/2025 6:00,1/11/2025 13:00,Hoàn Kiếm,VN,Asia/Ho_Chi_Minh,78,166.9,14,78,25,25,88,100,0,1016,94,17.7,1.9,1,
1/11/2025 7:00,1/11/2025 14:00,Hoàn Kiếm,VN,Asia/Ho_Chi_Minh,69,173.1,14.7,75.3,21,21,86.3,100,0,1016,94,17.7,1.5,1,
1/11/2025 8:00,1/11/2025 15:00,Hoàn Kiếm,VN,Asia/Ho_Chi_Minh,76,179.4,15.3,72.7,30,24,84.7,100,0,1015,94,17.7,1.1,1,
1/11/2025 9:00,1/11/2025 16:00,Hoàn Kiếm,VN,Asia/Ho_Chi_Minh,91,185.6,16,70,31,31,83,100,0,1015,95,17.7,0.8,1,
1/11/2025 10:00,1/11/2025 17:00,Hoàn Kiếm,VN,Asia/Ho_Chi_Minh,65,195.5,17.3,66,19,19,84.7,100,0,1015,94,17.7,0.6,1,
1/11/2025 11:00,1/11/2025 18:00,Hoàn Kiếm,VN,Asia/Ho_Chi_Minh,91,205.4,18.7,62,38.8,31,86.3,100,0,1016,94,17.6,0,1,
1/11/2025 12:00,1/11/2025 19:00,Hoàn Kiếm,VN,Asia/Ho_Chi_Minh,88,215.3,20,58,30,29.5,88,100,0,1016,94,17.6,0,1,
1/11/2025 13:00,1/11/2025 20:00,Hoàn Kiếm,VN,Asia/Ho_Chi_Minh,95,217.1,19,57.3,39,33,87,100,0,1016,94,17.6,0,1,
1/11/2025 14:00,1/11/2025 21:00,Hoàn Kiếm,VN,Asia/Ho_Chi_Minh,95,218.9,18,56.7,41,33,86,100,0,1016,94,17.6,0,1,
1/11/2025 15:00,1/11/2025 22:00,Hoàn Kiếm,VN,Asia/Ho_Chi_Minh,87,220.6,17,56,29,29,85,100,0,1017,94,17.6,0,1,
1/11/2025 16:00,1/11/2025 23:00,Hoàn Kiếm,VN,Asia/Ho_Chi_Minh,80,207.8,15.3,57,26,26,79.3,100,0,1016,94,17.6,0,1.33,
1/11/2025 17:00,1/12/2025 0:00,Hoàn Kiếm,VN,Asia/Ho_Chi_Minh,112,194.9,13.7,58,50,40,73.7,100,0,1016,94,17.6,0,1.66,
1/11/2025 18:00,1/12/2025 1:00,Hoàn Kiếm,VN,Asia/Ho_Chi_Minh,76,182.1,12,59,24,24,68,100,0,1016,94,17.6,0,2,
1/11/2025 19:00,1/12/2025 2:00,Hoàn Kiếm,VN,Asia/Ho_Chi_Minh,65,177.6,11,62.7,19,19,64,100,0,1016,94,17.6,0,1.66,
1/11/2025 20:00,1/12/2025 3:00,Hoàn Kiếm,VN,Asia/Ho_Chi_Minh,74,173.1,10,66.3,23,23,60,100,0,1015,95,17.6,0,1.33,
1/11/2025 21:00,1/12/2025 4:00,Hoàn Kiếm,VN,Asia/Ho_Chi_Minh,59,168.7,9,70,20,16,56,100,0,1015,95,17.6,0,1,
1/11/2025 22:00,1/12/2025 5:00,Hoàn Kiếm,VN,Asia/Ho_Chi_Minh,56,173.5,9.7,71.3,15,15,56.7,100,0,1015,95,17.6,0,1,
1/11/2025 23:00,1/12/2025 6:00,Hoàn Kiếm,VN,Asia/Ho_Chi_Minh,118,178.4,10.3,72.7,52.5,42,57.3,100,0,1015,94,17.7,0,1,
1/12/2025 0:00,1/12/2025 7:00,Hoàn Kiếm,VN,Asia/Ho_Chi_Minh,89,183.3,11,74,30,30,58,100,0,1016,94,17.7,0.6,1,
1/12/2025 1:00,1/12/2025 8:00,Hoàn Kiếm,VN,Asia/Ho_Chi_Minh,85,194.9,12.7,68.7,28,28,63.3,100,0,1016,94,17.9,0.7,1,
1/12/2025 2:00,1/12/2025 9:00,Hoàn Kiếm,VN,Asia/Ho_Chi_Minh,76,10,60,2.3,30,24,62,100,0,1017,94,18,1,1,
1/12/2025 3:00,1/12/2025 10:00,Hoàn Kiếm,VN,Asia/Ho_Chi_Minh,72,218.3,16,58,28,22,74,100,0,1018,93,18.2,1.5,1,
1/12/2025 4:00,1/12/2025 11:00,Hoàn Kiếm,VN,Asia/Ho_Chi_Minh,75,10,64,2.3,29,23.5,62,100,0,1017,93,18.3,1.9,1,
1/12/2025 5:00,1/12/2025 12:00,Hoàn Kiếm,VN,Asia/Ho_Chi_Minh,72,10,64,2.3,27.5,22,62,100,0,1016,93,18.5,2,1,
1/12/2025 6:00,1/12/2025 13:00,Hoàn Kiếm,VN,Asia/Ho_Chi_Minh,59,10,64,2.3,16,16,62,100,0,1015,92,18.6,1.9,1,
1/12/2025 7:00,1/12/2025 14:00,Hoàn Kiếm,VN,Asia/Ho_Chi_Minh,72,65.4,47.7,24.5,28,22,65,100,0,1015,92,18.6,1.5,1.33,
1/12/2025 8:00,1/12/2025 15:00,Hoàn Kiếm,VN,Asia/Ho_Chi_Minh,74,120.8,31.3,46.8,24,23,68,100,0,1015,91,18.5,1.1,1.66,
1/12/2025 9:00,1/12/2025 16:00,Hoàn Kiếm,VN,Asia/Ho_Chi_Minh,72,176.2,15,69,28,22,71,100,0,1014,90,18.5,0.8,2,
1/12/2025 10:00,1/12/2025 17:00,Hoàn Kiếm,VN,Asia/Ho_Chi_Minh,95,196.5,17.3,67,41.3,33,73.7,100,0,1015,91,18.4,0.7,1.33,
1/12/2025 11:00,1/12/2025 18:00,Hoàn Kiếm,VN,Asia/Ho_Chi_Minh,76,216.7,19.7,65,24,24,76.3,100,0,1015,92,18.3,0,0.66,
1/12/2025 12:00,1/12/2025 19:00,Hoàn Kiếm,VN,Asia/Ho_Chi_Minh,90,236.9,22,63,34,30.5,79,100,0,1016,92,18.2,0,1.6,
1/12/2025 13:00,1/12/2025 20:00,Hoàn Kiếm,VN,Asia/Ho_Chi_Minh,88,241.6,21,66.3,31,29.5,79.3,100,0,1016,92,18.1,0,1.6,
1/12/2025 14:00,1/12/2025 21:00,Hoàn Kiếm,VN,Asia/Ho_Chi_Minh,78,246.3,20,69.7,31.3,25,79.7,100,0,1016,93,18.1,0,1.6,
1/12/2025 15:00,1/12/2025 22:00,Hoàn Kiếm,VN,Asia/Ho_Chi_Minh,75,250.9,19,73,24,23.5,80,100,0,1017,93,18,0,1.2,
1/12/2025 16:00,1/12/2025 23:00,Hoàn Kiếm,VN,Asia/Ho_Chi_Minh,92,229.4,17,75,38,31.67,77,100,0,1016,93,18,0,1.2,
1/12/2025 17:00,1/13/2025 0:00,Hoàn Kiếm,VN,Asia/Ho_Chi_Minh,87,207.8,15,77,29,29,74,100,0.5,1016,93,18,0,1.2,
1/12/2025 18:00,1/13/2025 1:00,Hoàn Kiếm,VN,Asia/Ho_Chi_Minh,134,186.2,13,79,66,48,71,100,0.5,1016,93,18,0,1.6,
1/12/2025 19:00,1/13/2025 2:00,Hoàn Kiếm,VN,Asia/Ho_Chi_Minh,89,10,64,2.3,30,30,62,100,0,1016,93,18,0,1.6,
1/12/2025 20:00,1/13/2025 3:00,Hoàn Kiếm,VN,Asia/Ho_Chi_Minh,89,10,64,2.3,30,30,62,100,0,1016,93,18,0,2,
1/12/2025 21:00,1/13/2025 4:00,Hoàn Kiếm,VN,Asia/Ho_Chi_Minh,80,172.7,11,65,26,26,66,100,0,1015,93,18,0,1.6,
1/12/2025 22:00,1/13/2025 5:00,Hoàn Kiếm,VN,Asia/Ho_Chi_Minh,67,180.1,12,63.7,25,20,69.3,100,0,1016,93,18,0,1.6,
1/12/2025 23:00,1/13/2025 6:00,Hoàn Kiếm,VN,Asia/Ho_Chi_Minh,126,187.5,13,62.3,56.3,45,72.7,100,0,1016,93,18,0,2,
1/13/2025 0:00,1/13/2025 7:00,Hoàn Kiếm,VN,Asia/Ho_Chi_Minh,85,194.9,14,61,28,28,76,100,1,1017,93,18,0.6,2,
1/13/2025 1:00,1/13/2025 8:00,Hoàn Kiếm,VN,Asia/Ho_Chi_Minh,89,193.6,14.3,64.3,30,30,82.7,100,0,1017,94,18.2,0.7,2,
1/13/2025 2:00,1/13/2025 9:00,Hoàn Kiếm,VN,Asia/Ho_Chi_Minh,108,192.2,14.7,67.7,40,38.5,89.3,100,0,1018,94,18.5,1,1.6,
1/13/2025 3:00,1/13/2025 10:00,Hoàn Kiếm,VN,Asia/Ho_Chi_Minh,100,190.8,15,71,35,35,96,100,0,1019,94,18.7,1.5,1.6,
1/13/2025 4:00,1/13/2025 11:00,Hoàn Kiếm,VN,Asia/Ho_Chi_Minh,93,180.7,14.3,75.7,40,32,97.3,100,0,1018,95,18.7,1.9,0.66,
1/13/2025 5:00,1/13/2025 12:00,Hoàn Kiếm,VN,Asia/Ho_Chi_Minh,115,170.6,13.7,80.3,51.3,41,98.7,100,1,1017,95,18.7,2,1.33,
1/13/2025 6:00,1/13/2025 13:00,Hoàn Kiếm,VN,Asia/Ho_Chi_Minh,104,160.5,13,85,41,37,100,100,1.5,1017,96,18.7,1.9,2,
1/13/2025 7:00,1/13/2025 14:00,Hoàn Kiếm,VN,Asia/Ho_Chi_Minh,93,113.7,39.3,57.4,34,32,74.7,100,0.25,1017,95,18.7,1.5,1.33,
1/13/2025 8:00,1/13/2025 15:00,Hoàn Kiếm,VN,Asia/Ho_Chi_Minh,129,66.8,65.7,29.8,66,46,49.3,100,0,1018,95,18.7,1.1,0.66,
1/13/2025 9:00,1/13/2025 16:00,Hoàn Kiếm,VN,Asia/Ho_Chi_Minh,142,20,92,2.3,63,51,24,100,0,1019,94,18.7,0.8,1.6,
1/13/2025 10:00,1/13/2025 17:00,Hoàn Kiếm,VN,Asia/Ho_Chi_Minh,152,20,93.3,2.3,71,57,24,100,0,1018,93,18.8,0.6,0.66,
1/13/2025 11:00,1/13/2025 18:00,Hoàn Kiếm,VN,Asia/Ho_Chi_Minh,156,20,94.7,2.3,81,60,24,100,0,1018,93,18.9,0,1.33,
1/13/2025 12:00,1/13/2025 19:00,Hoàn Kiếm,VN,Asia/Ho_Chi_Minh,162,20,96,2.3,90,64.5,24,100,0,1017,92,19,0,2,
1/13/2025 13:00,1/13/2025 20:00,Hoàn Kiếm,VN,Asia/Ho_Chi_Minh,153,72.7,68.7,28.2,71,58,44.7,100,0,1017,93,19.1,0,1.33,
1/13/2025 14:00,1/13/2025 21:00,Hoàn Kiếm,VN,Asia/Ho_Chi_Minh,159,125.3,41.3,54.1,63,62.5,65.3,100,0,1018,93,19.1,0,0.66,
1/13/2025 15:00,1/13/2025 22:00,Hoàn Kiếm,VN,Asia/Ho_Chi_Minh,159,178,14,80,69,62,86,100,0,1018,93,19.2,0,1.2,
1/13/2025 16:00,1/13/2025 23:00,Hoàn Kiếm,VN,Asia/Ho_Chi_Minh,158,122,25.7,54.1,73,61.5,64.7,100,0,1018,93,19.2,0,0.8,
1/13/2025 17:00,1/14/2025 0:00,Hoàn Kiếm,VN,Asia/Ho_Chi_Minh,153,66,37.3,28.2,73,58,43.3,100,0,1018,93,19.2,0,0.8,
1/13/2025 18:00,1/14/2025 1:00,Hoàn Kiếm,VN,Asia/Ho_Chi_Minh,155,10,49,2.3,73.8,59,22,100,0,1018,93,19.2,0,0.8,
1/13/2025 19:00,1/14/2025 2:00,Hoàn Kiếm,VN,Asia/Ho_Chi_Minh,112,50.2,36.7,22.8,40,40,35.7,100,0,1018,92,19,0,0.8,
1/13/2025 20:00,1/14/2025 3:00,Hoàn Kiếm,VN,Asia/Ho_Chi_Minh,121,90.5,24.3,43.4,43,43,49.3,100,0,1017,91,18.9,0,1.2,
1/13/2025 21:00,1/14/2025 4:00,Hoàn Kiếm,VN,Asia/Ho_Chi_Minh,107,130.7,12,64,38,38,63,100,0,1017,89,18.7,0,1.2,
1/13/2025 22:00,1/14/2025 5:00,Hoàn Kiếm,VN,Asia/Ho_Chi_Minh,129,138.1,13,62.7,46,46,66.3,100,0,1018,91,18.6,0,0.66,
1/13/2025 23:00,1/14/2025 6:00,Hoàn Kiếm,VN,Asia/Ho_Chi_Minh,134,145.5,14,61.3,60,48,69.7,100,0,1018,92,18.6,0,1.33,
1/14/2025 0:00,1/14/2025 7:00,Hoàn Kiếm,VN,Asia/Ho_Chi_Minh,171,152.9,15,60,88.8,71,73,100,0,1019,93,18.5,0.6,2,
1/14/2025 1:00,1/14/2025 8:00,Hoàn Kiếm,VN,Asia/Ho_Chi_Minh,155,142.6,14.7,63.3,59,59,81,100,0,1020,93,18.8,0.7,2,
1/14/2025 2:00,1/14/2025 9:00,Hoàn Kiếm,VN,Asia/Ho_Chi_Minh,156,132.3,14.3,66.7,64,60,89,100,0,1020,93,19.2,1,2,
1/14/2025 3:00,1/14/2025 10:00,Hoàn Kiếm,VN,Asia/Ho_Chi_Minh,160,122,14,70,69,63,97,100,0,1021,93,19.5,1.5,2,
1/14/2025 4:00,1/14/2025 11:00,Hoàn Kiếm,VN,Asia/Ho_Chi_Minh,159,118.1,13.7,72.3,73,62.5,96.7,100,0,1020,91,19.7,1.9,1.66,
1/14/2025 5:00,1/14/2025 12:00,Hoàn Kiếm,VN,Asia/Ho_Chi_Minh,158,114.2,13.3,74.7,73.8,61.67,96.3,100,0,1019,89,20,2.1,1.33,
1/14/2025 6:00,1/14/2025 13:00,Hoàn Kiếm,VN,Asia/Ho_Chi_Minh,157,110.3,13,77,76.3,61,96,100,0,1018,86,20.2,1.9,1,
1/14/2025 7:00,1/14/2025 14:00,Hoàn Kiếm,VN,Asia/Ho_Chi_Minh,157,104.1,12.3,83,68,60.5,94,100,0,1018,86,20.4,1.6,0.66,
1/14/2025 8:00,1/14/2025 15:00,Hoàn Kiếm,VN,Asia/Ho_Chi_Minh,157,97.9,11.7,89,63,60.5,92,100,0,1017,86,20.5,1.1,0.33,
1/14/2025 9:00,1/14/2025 16:00,Hoàn Kiếm,VN,Asia/Ho_Chi_Minh,165,91.6,11,95,75,66.5,90,100,0,1017,86,20.7,0.8,0.8,
1/14/2025 10:00,1/14/2025 17:00,Hoàn Kiếm,VN,Asia/Ho_Chi_Minh,177,110.7,13.3,90,99,76,89.7,100,0,1017,88,20.5,0.9,0.8,
1/14/2025 11:00,1/14/2025 18:00,Hoàn Kiếm,VN,Asia/Ho_Chi_Minh,207,129.8,15.7,85,123,98,89.3,100,0,1017,89,20.4,0,1.2,
1/14/2025 12:00,1/14/2025 19:00,Hoàn Kiếm,VN,Asia/Ho_Chi_Minh,207,148.8,18,80,123,98.5,89,100,0,1018,91,20.2,0,1.2,
1/14/2025 13:00,1/14/2025 20:00,Hoàn Kiếm,VN,Asia/Ho_Chi_Minh,216,161.1,18.3,75,131.3,105,90.7,100,0,1018,92,20.2,0,1.2,
1/14/2025 14:00,1/14/2025 21:00,Hoàn Kiếm,VN,Asia/Ho_Chi_Minh,163,20,99,2.3,85,65.5,22,100,0,1019,93,20.1,0,1.2,
1/14/2025 15:00,1/14/2025 22:00,Hoàn Kiếm,VN,Asia/Ho_Chi_Minh,182,185.6,19,65,83,79.5,94,100,0,1019,93,20.1,0,0.8,
1/14/2025 16:00,1/14/2025 23:00,Hoàn Kiếm,VN,Asia/Ho_Chi_Minh,173,179.4,18.7,61.7,73,73,90.3,95,0,1019,94,19.9,0,0.8,
1/14/2025 17:00,1/15/2025 0:00,Hoàn Kiếm,VN,Asia/Ho_Chi_Minh,173,173.1,18.3,58.3,73,73,86.7,91,0,1019,95,19.7,0,0.8,
1/14/2025 18:00,1/15/2025 1:00,Hoàn Kiếm,VN,Asia/Ho_Chi_Minh,148,166.9,18,55,66,53,83,87,0,1019,95,19.5,0,0.4,
1/14/2025 19:00,1/15/2025 2:00,Hoàn Kiếm,VN,Asia/Ho_Chi_Minh,195,162.4,17.3,53,111.3,89,78,91,0,1019,95,19.5,0,0.4,
1/14/2025 20:00,1/15/2025 3:00,Hoàn Kiếm,VN,Asia/Ho_Chi_Minh,175,158,16.7,51,75,74.5,73,95,0,1018,96,19.5,0,0.4,
1/14/2025 21:00,1/15/2025 4:00,Hoàn Kiếm,VN,Asia/Ho_Chi_Minh,177,153.5,16,49,76,76,68,100,0,1018,96,19.5,0,0.4,
1/14/2025 22:00,1/15/2025 5:00,Hoàn Kiếm,VN,Asia/Ho_Chi_Minh,181,154.5,16.3,49.3,79,79,68,100,0,1018,96,19.4,0,0.8,
1/14/2025 23:00,1/15/2025 6:00,Hoàn Kiếm,VN,Asia/Ho_Chi_Minh,184,155.4,16.7,49.7,81,81,68,100,0,1019,95,19.3,0,1.2,
1/15/2025 0:00,1/15/2025 7:00,Hoàn Kiếm,VN,Asia/Ho_Chi_Minh,148,156.4,17,50,81,53,68,100,0,1019,95,19.2,0.7,0.8,
1/15/2025 1:00,1/15/2025 8:00,Hoàn Kiếm,VN,Asia/Ho_Chi_Minh,227,134.4,14.7,59.7,141.3,113,76.3,91,0,1020,89,20.3,0.8,0.66,
1/15/2025 2:00,1/15/2025 9:00,Hoàn Kiếm,VN,Asia/Ho_Chi_Minh,184,112.4,12.3,69.3,81,81,84.7,83,0,1020,84,21.5,1.1,1.33,
1/15/2025 3:00,1/15/2025 10:00,Hoàn Kiếm,VN,Asia/Ho_Chi_Minh,153,90.5,10,79,55,55,93,75,0,1021,79,22.6,1.6,2,
1/15/2025 4:00,1/15/2025 11:00,Hoàn Kiếm,VN,Asia/Ho_Chi_Minh,142,83.8,8.7,84.3,51,51,82.3,79,0,1020,77,22.9,3.7,2,
1/15/2025 5:00,1/15/2025 12:00,Hoàn Kiếm,VN,Asia/Ho_Chi_Minh,145,77.2,7.3,89.7,65,52,71.7,83,0,1019,75,23.2,4.3,2,
1/15/2025 6:00,1/15/2025 13:00,Hoàn Kiếm,VN,Asia/Ho_Chi_Minh,102,70.6,6,95,45,36,61,87,0,1018,73,23.5,3.9,2,
1/15/2025 7:00,1/15/2025 14:00,Hoàn Kiếm,VN,Asia/Ho_Chi_Minh,145,72.8,7,95,65,52,67.7,91,0,1018,75,23.4,2.3,1.66,
1/15/2025 8:00,1/15/2025 15:00,Hoàn Kiếm,VN,Asia/Ho_Chi_Minh,125,74.9,8,95,46,44.5,74.3,95,0,1017,77,23.3,2.1,1.33,
1/15/2025 9:00,1/15/2025 16:00,Hoàn Kiếm,VN,Asia/Ho_Chi_Minh,110,77,9,95,39,39,81,100,0,1017,79,23.2,1.4,1,
1/15/2025 10:00,1/15/2025 17:00,Hoàn Kiếm,VN,Asia/Ho_Chi_Minh,115,100.2,12.7,85,41,41,87,95,0,1017,80,22.9,1.5,1.33,
1/15/2025 11:00,1/15/2025 18:00,Hoàn Kiếm,VN,Asia/Ho_Chi_Minh,111,123.3,16.3,75,44,39.5,93,91,0,1017,82,22.5,0,1.66,
1/15/2025 12:00,1/15/2025 19:00,Hoàn Kiếm,VN,Asia/Ho_Chi_Minh,99,146.5,20,65,38,34.5,99,87,0.25,1018,83,22.2,0,2,
1/15/2025 13:00,1/15/2025 20:00,Hoàn Kiếm,VN,Asia/Ho_Chi_Minh,87,156.6,19.7,62,36,29,95.7,79,0.5,1018,86,21.7,0,1.66,
1/15/2025 14:00,1/15/2025 21:00,Hoàn Kiếm,VN,Asia/Ho_Chi_Minh,102,166.7,19.3,59,45,36,92.3,70,1,1018,89,21.2,0,1.33,
1/15/2025 15:00,1/15/2025 22:00,Hoàn Kiếm,VN,Asia/Ho_Chi_Minh,102,176.8,19,56,45,36,89,62,1,1018,92,20.7,0,1,
1/15/2025 16:00,1/15/2025 23:00,Hoàn Kiếm,VN,Asia/Ho_Chi_Minh,108,163,17.7,56.3,45,38.5,81.3,70,0.5,1018,93,20,0,1,
1/15/2025 17:00,1/16/2025 0:00,Hoàn Kiếm,VN,Asia/Ho_Chi_Minh,139,149.2,16.3,56.7,62.5,50,73.7,79,0.5,1018,94,19.2,0,1,
1/15/2025 18:00,1/16/2025 1:00,Hoàn Kiếm,VN,Asia/Ho_Chi_Minh,123,135.4,15,57,46,44,66,87,0.75,1018,95,18.5,0,1,
1/15/2025 19:00,1/16/2025 2:00,Hoàn Kiếm,VN,Asia/Ho_Chi_Minh,107,130.9,14.3,56.7,48,38,63.7,87,0.75,1017,95,18.5,0,1,
1/15/2025 20:00,1/16/2025 3:00,Hoàn Kiếm,VN,Asia/Ho_Chi_Minh,160,126.4,13.7,56.3,78.8,63,61.3,87,0.25,1017,96,18.6,0,1,
1/15/2025 21:00,1/16/2025 4:00,Hoàn Kiếm,VN,Asia/Ho_Chi_Minh,150,122,13,56,60,55.5,59,87,0,1016,96,18.6,0,1,
1/15/2025 22:00,1/16/2025 5:00,Hoàn Kiếm,VN,Asia/Ho_Chi_Minh,158,403,46,6.5,99.5,61.5,21,91,0,1017,96,18.8,0,0.66,
1/15/2025 23:00,1/16/2025 6:00,Hoàn Kiếm,VN,Asia/Ho_Chi_Minh,187,110.7,13,63.3,94,83,59,95,0,1017,95,19,0,0.33,
1/16/2025 0:00,1/16/2025 7:00,Hoàn Kiếm,VN,Asia/Ho_Chi_Minh,207,105,13,67,98,98,59,100,0,1018,95,19.2,0.6,1.6,
1/16/2025 1:00,1/16/2025 8:00,Hoàn Kiếm,VN,Asia/Ho_Chi_Minh,164,99.2,12,74.3,66,66,65.7,100,0,1019,91,19.9,0.7,0.33,
1/16/2025 2:00,1/16/2025 9:00,Hoàn Kiếm,VN,Asia/Ho_Chi_Minh,121,93.4,11,81.7,54,43,72.3,100,0.25,1019,88,20.5,1,0.66,
1/16/2025 3:00,1/16/2025 10:00,Hoàn Kiếm,VN,Asia/Ho_Chi_Minh,264,87.5,10,89,176.3,141,79,100,0,1020,85,21.2,1.5,1,
1/16/2025 4:00,1/16/2025 11:00,Hoàn Kiếm,VN,Asia/Ho_Chi_Minh,134,461.7,96.7,61.1,48,48,66.7,100,0,1019,82,21.7,1.9,1,
1/16/2025 5:00,1/16/2025 12:00,Hoàn Kiếm,VN,Asia/Ho_Chi_Minh,155,835.8,183.3,33.3,73.8,59,54.3,100,0,1018,79,22.2,2.1,1,
1/16/2025 6:00,1/16/2025 13:00,Hoàn Kiếm,VN,Asia/Ho_Chi_Minh,168,1210,270,5.4,132,69,42,100,0,1018,77,22.7,2,1,
1/16/2025 7:00,1/16/2025 14:00,Hoàn Kiếm,VN,Asia/Ho_Chi_Minh,93,832,182,38.6,40,32,49.3,100,0,1017,75,22.7,1.6,1.66,
1/16/2025 8:00,1/16/2025 15:00,Hoàn Kiếm,VN,Asia/Ho_Chi_Minh,85,453.9,94,71.8,35,28,56.7,100,0,1017,73,22.7,1.4,2.33,
1/16/2025 9:00,1/16/2025 16:00,Hoàn Kiếm,VN,Asia/Ho_Chi_Minh,63,75.9,6,105,32,18,64,100,0,1016,71,22.7,0.8,3,
1/16/2025 10:00,1/16/2025 17:00,Hoàn Kiếm,VN,Asia/Ho_Chi_Minh,87,91.8,9,97,36,29,70.3,100,0,1017,77,21.8,0.9,2.33,
1/16/2025 11:00,1/16/2025 18:00,Hoàn Kiếm,VN,Asia/Ho_Chi_Minh,89,107.8,12,89,30,30,76.7,100,0,1017,84,20.9,0,1.66,
1/16/2025 12:00,1/16/2025 19:00,Hoàn Kiếm,VN,Asia/Ho_Chi_Minh,86,123.7,15,81,29,28.5,83,100,0,1017,92,20,0,1,
1/16/2025 13:00,1/16/2025 20:00,Hoàn Kiếm,VN,Asia/Ho_Chi_Minh,99,126.4,15,79.3,43,34.5,82,100,0,1018,93,19.9,0,1,
1/16/2025 14:00,1/16/2025 21:00,Hoàn Kiếm,VN,Asia/Ho_Chi_Minh,85,129.2,15,77.7,35,28,81,100,0,1018,94,19.7,0,1,
1/16/2025 15:00,1/16/2025 22:00,Hoàn Kiếm,VN,Asia/Ho_Chi_Minh,129,131.9,15,76,57.5,46,80,100,0,1018,95,19.6,0,1,
1/16/2025 16:00,1/16/2025 23:00,Hoàn Kiếm,VN,Asia/Ho_Chi_Minh,137,222.3,40.7,52.5,58,49,76,100,0,1018,95,19.6,0,1,
1/16/2025 17:00,1/17/2025 0:00,Hoàn Kiếm,VN,Asia/Ho_Chi_Minh,152,312.6,66.3,28.9,55,54.5,72,100,0,1018,95,19.7,0,1,
1/16/2025 18:00,1/17/2025 1:00,Hoàn Kiếm,VN,Asia/Ho_Chi_Minh,156,403,92,5.4,90,60,68,100,0,1018,96,19.7,0,1,
1/16/2025 19:00,1/17/2025 2:00,Hoàn Kiếm,VN,Asia/Ho_Chi_Minh,151,504,139,5.4,86,56.5,68,100,0,1017,96,19.7,0,1,
1/16/2025 20:00,1/17/2025 3:00,Hoàn Kiếm,VN,Asia/Ho_Chi_Minh,112,605,123.3,4.7,50,40,68,100,0,1016,97,19.7,0,1,
1/16/2025 21:00,1/17/2025 4:00,Hoàn Kiếm,VN,Asia/Ho_Chi_Minh,153,706,139,4.3,87.5,58,68,100,0,1016,97,19.7,0,1,
1/16/2025 22:00,1/17/2025 5:00,Hoàn Kiếm,VN,Asia/Ho_Chi_Minh,165,302,185,4.3,122,67,68,100,0,1016,97,19.7,0,0.66,
1/16/2025 23:00,1/17/2025 6:00,Hoàn Kiếm,VN,Asia/Ho_Chi_Minh,209,504,54,4.3,128.5,99.5,21,100,0,1016,97,19.7,0,0.33,
1/17/2025 0:00,1/17/2025 7:00,Hoàn Kiếm,VN,Asia/Ho_Chi_Minh,232,504,54,4.3,148.5,117,21,100,0,1017,97,19.7,0.6,2.4,
1/17/2025 1:00,1/17/2025 8:00,Hoàn Kiếm,VN,Asia/Ho_Chi_Minh,161,403,54,5.4,215,161,21,100,0,1017,96,20.2,0.7,0.33,
1/17/2025 2:00,1/17/2025 9:00,Hoàn Kiếm,VN,Asia/Ho_Chi_Minh,229,302,46,5.4,156.5,115,21,100,0,1017,95,20.7,1.1,0.66,
1/17/2025 3:00,1/17/2025 10:00,Hoàn Kiếm,VN,Asia/Ho_Chi_Minh,121,97.5,8,80,54,43,61,100,0,1018,95,21.2,1.8,1,
1/17/2025 4:00,1/17/2025 11:00,Hoàn Kiếm,VN,Asia/Ho_Chi_Minh,237,302,46,5.4,174,121,21,100,0,1017,93,21.3,1.9,1.33,
1/17/2025 5:00,1/17/2025 12:00,Hoàn Kiếm,VN,Asia/Ho_Chi_Minh,178,302,46,5.4,107,76.5,21,100,0,1016,90,21.4,3.3,1.66,
1/17/2025 6:00,1/17/2025 13:00,Hoàn Kiếm,VN,Asia/Ho_Chi_Minh,177,302,46,5.4,106.5,76,21,100,0,1015,88,21.5,3.6,2,
1/17/2025 7:00,1/17/2025 14:00,Hoàn Kiếm,VN,Asia/Ho_Chi_Minh,156,229.9,32.3,35.6,82.3,59.67,27.3,100,0,1014,90,21.5,3.7,2,
1/17/2025 8:00,1/17/2025 15:00,Hoàn Kiếm,VN,Asia/Ho_Chi_Minh,78,157.9,18.7,65.8,31,25,33.7,100,0,1014,92,21.5,2.2,2,
1/17/2025 9:00,1/17/2025 16:00,Hoàn Kiếm,VN,Asia/Ho_Chi_Minh,82,85.8,5,96,34,27,40,100,0,1014,94,21.5,1.6,2,
1/17/2025 10:00,1/17/2025 17:00,Hoàn Kiếm,VN,Asia/Ho_Chi_Minh,93,102.7,8.3,91.7,39,32,49.3,100,0,1014,94,21.3,1.5,1.33,
1/17/2025 11:00,1/17/2025 18:00,Hoàn Kiếm,VN,Asia/Ho_Chi_Minh,114,119.6,11.7,87.3,46,40.5,58.7,100,0,1015,94,21.2,0,0.66,
1/17/2025 12:00,1/17/2025 19:00,Hoàn Kiếm,VN,Asia/Ho_Chi_Minh,118,136.6,15,83,49,42,68,100,0,1016,95,21,0,3.2,
1/17/2025 13:00,1/17/2025 20:00,Hoàn Kiếm,VN,Asia/Ho_Chi_Minh,102,140.6,14.7,81.7,36,36,68.3,100,0,1016,95,20.9,0,0.33,
1/17/2025 14:00,1/17/2025 21:00,Hoàn Kiếm,VN,Asia/Ho_Chi_Minh,95,144.7,14.3,80.3,33,33,68.7,100,0,1016,95,20.7,0,0.66,
1/17/2025 15:00,1/17/2025 22:00,Hoàn Kiếm,VN,Asia/Ho_Chi_Minh,87,148.8,14,79,29,29,69,100,0,1016,95,20.6,0,1,
1/17/2025 16:00,1/17/2025 23:00,Hoàn Kiếm,VN,Asia/Ho_Chi_Minh,84,134,12.7,78.7,27.7,27.67,61.3,100,0,1016,94,20.6,0,1.33,
1/17/2025 17:00,1/18/2025 0:00,Hoàn Kiếm,VN,Asia/Ho_Chi_Minh,76,119.2,11.3,78.3,24,24,53.7,100,0,1015,94,20.5,0,1.66,
1/17/2025 18:00,1/18/2025 1:00,Hoàn Kiếm,VN,Asia/Ho_Chi_Minh,78,104.5,10,78,25,25,46,100,0,1015,94,20.5,0,2,
1/17/2025 19:00,1/18/2025 2:00,Hoàn Kiếm,VN,Asia/Ho_Chi_Minh,74,100.2,10,74,23,23,44.7,100,0,1015,94,20.5,0,1.66,
1/17/2025 20:00,1/18/2025 3:00,Hoàn Kiếm,VN,Asia/Ho_Chi_Minh,87,95.9,10,70,29,29,43.3,100,0,1015,93,20.5,0,1.33,
1/17/2025 21:00,1/18/2025 4:00,Hoàn Kiếm,VN,Asia/Ho_Chi_Minh,69,91.6,10,66,26,21,42,100,0,1014,93,20.5,0,1,
1/17/2025 22:00,1/18/2025 5:00,Hoàn Kiếm,VN,Asia/Ho_Chi_Minh,112,107.4,12.3,60,50,40,47.7,100,0,1015,94,20.4,0,1.33,
1/17/2025 23:00,1/18/2025 6:00,Hoàn Kiếm,VN,Asia/Ho_Chi_Minh,98,123.1,14.7,54,34,34,53.3,100,0,1015,94,20.3,0,1.66,
1/18/2025 0:00,1/18/2025 7:00,Hoàn Kiếm,VN,Asia/Ho_Chi_Minh,102,138.9,17,48,38,36,59,100,0,1015,95,20.2,0.6,2,
1/18/2025 1:00,1/18/2025 8:00,Hoàn Kiếm,VN,Asia/Ho_Chi_Minh,104,125.7,14.3,58.7,38,37,64.3,83,0,1016,92,21.1,0.8,2,
1/18/2025 2:00,1/18/2025 9:00,Hoàn Kiếm,VN,Asia/Ho_Chi_Minh,110,112.4,11.7,69.3,40,39,69.7,66,0,1016,90,22.1,2,2,
1/18/2025 3:00,1/18/2025 10:00,Hoàn Kiếm,VN,Asia/Ho_Chi_Minh,111,99.2,9,80,43,39.5,75,50,0,1016,87,23,2.7,2,
1/18/2025 4:00,1/18/2025 11:00,Hoàn Kiếm,VN,Asia/Ho_Chi_Minh,100,92.6,7.3,85.3,44,35,62.7,54,0,1015,81,23.9,3.5,2.33,
1/18/2025 5:00,1/18/2025 12:00,Hoàn Kiếm,VN,Asia/Ho_Chi_Minh,126,86,5.7,90.7,56.3,45,50.3,58,0,1014,75,24.9,3.6,2.66,
1/18/2025 6:00,1/18/2025 13:00,Hoàn Kiếm,VN,Asia/Ho_Chi_Minh,108,79.4,4,96,40,38.5,38,62,0,1013,69,25.8,3.4,3,
1/18/2025 7:00,1/18/2025 14:00,Hoàn Kiếm,VN,Asia/Ho_Chi_Minh,98,80,4.3,93,36,34,35.7,45,0,1012,67,26,2.9,3,
1/18/2025 8:00,1/18/2025 15:00,Hoàn Kiếm,VN,Asia/Ho_Chi_Minh,92,80.5,4.7,90,34,31.5,33.3,29,0,1012,64,26.2,1.5,3,
1/18/2025 9:00,1/18/2025 16:00,Hoàn Kiếm,VN,Asia/Ho_Chi_Minh,90,81.1,5,87,34,30.5,31,12,0,1011,62,26.4,1.2,3,
1/18/2025 10:00,1/18/2025 17:00,Hoàn Kiếm,VN,Asia/Ho_Chi_Minh,93,96.9,7.3,80.7,40,32,35.7,14,0,1011,67,25.5,1.5,2.66,
1/18/2025 11:00,1/18/2025 18:00,Hoàn Kiếm,VN,Asia/Ho_Chi_Minh,98,112.6,9.7,74.3,42.5,34,40.3,16,0,1012,72,24.6,0,2.33,
1/18/2025 12:00,1/18/2025 19:00,Hoàn Kiếm,VN,Asia/Ho_Chi_Minh,102,128.4,12,68,50,36,45,18,0,1012,77,23.7,0,2,
1/18/2025 13:00,1/18/2025 20:00,Hoàn Kiếm,VN,Asia/Ho_Chi_Minh,96,132.7,11.7,67,43,33.5,44.7,20,0,1013,81,23,0,2,
1/18/2025 14:00,1/18/2025 21:00,Hoàn Kiếm,VN,Asia/Ho_Chi_Minh,112,20,120,2.3,50,40,24,22,0,1013,85,22.3,0,2,
1/18/2025 15:00,1/18/2025 22:00,Hoàn Kiếm,VN,Asia/Ho_Chi_Minh,85,141.2,11,65,28,28,44,25,0,1014,90,21.6,0,2,
1/18/2025 16:00,1/18/2025 23:00,Hoàn Kiếm,VN,Asia/Ho_Chi_Minh,67,137.1,11,62.3,25,20,42.3,45,0,1014,91,21.7,0,2,
1/18/2025 17:00,1/19/2025 0:00,Hoàn Kiếm,VN,Asia/Ho_Chi_Minh,110,133.1,11,59.7,48.8,39,40.7,66,0,1014,92,21.7,0,2,
1/18/2025 18:00,1/19/2025 1:00,Hoàn Kiếm,VN,Asia/Ho_Chi_Minh,107,129,11,57,47.5,38,39,87,0,1013,93,21.8,0,2,
1/18/2025 19:00,1/19/2025 2:00,Hoàn Kiếm,VN,Asia/Ho_Chi_Minh,89,126.6,11.3,55,30,30,40,87,0,1013,93,21.7,0,1.66,
1/18/2025 20:00,1/19/2025 3:00,Hoàn Kiếm,VN,Asia/Ho_Chi_Minh,110,124.3,11.7,53,43,39,41,87,0,1013,93,21.5,0,1.33,
1/18/2025 21:00,1/19/2025 4:00,Hoàn Kiếm,VN,Asia/Ho_Chi_Minh,67,122,12,51,20,20,42,87,0,1013,94,21.4,0,1,
1/18/2025 22:00,1/19/2025 5:00,Hoàn Kiếm,VN,Asia/Ho_Chi_Minh,97,125.9,13.3,51.3,38.8,33.67,46.7,91,0,1013,94,21.3,0,1,
1/18/2025 23:00,1/19/2025 6:00,Hoàn Kiếm,VN,Asia/Ho_Chi_Minh,130,129.8,14.7,51.7,59,46.5,51.3,95,0,1013,95,21.3,0,1,
1/19/2025 0:00,1/19/2025 7:00,Hoàn Kiếm,VN,Asia/Ho_Chi_Minh,157,133.6,16,52,76.3,61,56,100,0,1014,95,21.2,0.9,1,
1/19/2025 1:00,1/19/2025 8:00,Hoàn Kiếm,VN,Asia/Ho_Chi_Minh,115,120.2,13.7,61.7,41,41,55.3,100,0,1014,92,21.8,1.2,1.33,
1/19/2025 2:00,1/19/2025 9:00,Hoàn Kiếm,VN,Asia/Ho_Chi_Minh,115,106.8,11.3,71.3,41,41,54.7,100,0,1015,89,22.5,2.1,1.66,
1/19/2025 3:00,1/19/2025 10:00,Hoàn Kiếm,VN,Asia/Ho_Chi_Minh,112,93.4,9,81,40,40,54,100,0,1016,86,23.1,2.9,2,
1/19/2025 4:00,1/19/2025 11:00,Hoàn Kiếm,VN,Asia/Ho_Chi_Minh,95,87,7.3,85.7,41,33,49.3,87,0,1014,79,24.1,3.2,2.33,
1/19/2025 5:00,1/19/2025 12:00,Hoàn Kiếm,VN,Asia/Ho_Chi_Minh,157,80.5,5.7,90.3,76.3,61,44.7,75,0,1013,72,25.2,2.4,2.66,
1/19/2025 6:00,1/19/2025 13:00,Hoàn Kiếm,VN,Asia/Ho_Chi_Minh,54,74.1,4,95,22,14,40,62,0,1012,66,26.2,2.1,3,
1/19/2025 7:00,1/19/2025 14:00,Hoàn Kiếm,VN,Asia/Ho_Chi_Minh,74,56.1,42.7,64.1,31,23,34.7,45,0,1011,65,26.5,1.8,3,
1/19/2025 8:00,1/19/2025 15:00,Hoàn Kiếm,VN,Asia/Ho_Chi_Minh,86,20,120,2.3,40,28.5,24,29,0,1010,64,26.8,1.4,3,
1/19/2025 9:00,1/19/2025 16:00,Hoàn Kiếm,VN,Asia/Ho_Chi_Minh,83,20,120,2.3,29,27.5,24,12,0,1010,63,27.1,1.7,3,
1/19/2025 10:00,1/19/2025 17:00,Hoàn Kiếm,VN,Asia/Ho_Chi_Minh,100,53.8,84,21.5,44,35,30,18,0,1010,68,26,1.9,3,
1/19/2025 11:00,1/19/2025 18:00,Hoàn Kiếm,VN,Asia/Ho_Chi_Minh,91,87.6,48,40.8,38.8,31,36,25,0,1011,74,24.8,0,3,
1/19/2025 12:00,1/19/2025 19:00,Hoàn Kiếm,VN,Asia/Ho_Chi_Minh,100,121.4,12,60,43.8,35,42,31,0,1012,80,23.7,0,3,
1/19/2025 13:00,1/19/2025 20:00,Hoàn Kiếm,VN,Asia/Ho_Chi_Minh,93,131.5,12.3,57.3,33,32,44.3,37,0,1012,83,23.2,0,2.66,
1/19/2025 14:00,1/19/2025 21:00,Hoàn Kiếm,VN,Asia/Ho_Chi_Minh,98,20,120,2.3,35,34,24,43,0,1013,87,22.6,0,2.33,
1/19/2025 15:00,1/19/2025 22:00,Hoàn Kiếm,VN,Asia/Ho_Chi_Minh,99,151.7,13,52,39,34.5,49,50,0,1013,91,22.1,0,2,
1/19/2025 16:00,1/19/2025 23:00,Hoàn Kiếm,VN,Asia/Ho_Chi_Minh,93,141,12.7,51,34,32,47.7,62,0,1013,92,22,0,2,
1/19/2025 17:00,1/20/2025 0:00,Hoàn Kiếm,VN,Asia/Ho_Chi_Minh,109,130.3,12.3,50,47.2,38.83,46.3,75,0,1013,92,21.9,0,2,
1/19/2025 18:00,1/20/2025 1:00,Hoàn Kiếm,VN,Asia/Ho_Chi_Minh,115,119.6,12,49,51.3,41,45,87,0,1013,93,21.8,0,2,
1/19/2025 19:00,1/20/2025 2:00,Hoàn Kiếm,VN,Asia/Ho_Chi_Minh,102,117.1,12.3,47,36,36,46,91,0,1013,94,21.7,0,1.66,
1/19/2025 20:00,1/20/2025 3:00,Hoàn Kiếm,VN,Asia/Ho_Chi_Minh,100,114.6,12.7,45,35,35,47,95,0,1013,94,21.7,0,1.33,
1/19/2025 21:00,1/20/2025 4:00,Hoàn Kiếm,VN,Asia/Ho_Chi_Minh,142,112.1,13,43,68,51,48,100,0,1012,95,21.6,0,1,
1/19/2025 22:00,1/20/2025 5:00,Hoàn Kiếm,VN,Asia/Ho_Chi_Minh,154,138.3,15.3,38.7,73,58.5,55,100,0,1013,95,21.6,0,1,
1/19/2025 23:00,1/20/2025 6:00,Hoàn Kiếm,VN,Asia/Ho_Chi_Minh,139,164.6,17.7,34.3,63,50,62,100,0,1013,95,21.6,0,1,
1/20/2025 0:00,1/20/2025 7:00,Hoàn Kiếm,VN,Asia/Ho_Chi_Minh,163,190.8,20,30,81.3,65,69,100,0,1014,95,21.6,1.4,1,
1/20/2025 1:00,1/20/2025 8:00,Hoàn Kiếm,VN,Asia/Ho_Chi_Minh,112,156.6,16.7,43.3,40,40,69.7,93,0,1013,90,22.6,1.9,1,
1/20/2025 2:00,1/20/2025 9:00,Hoàn Kiếm,VN,Asia/Ho_Chi_Minh,112,122.4,13.3,56.7,40,40,70.3,87,0,1013,84,23.6,2.5,1,
1/20/2025 3:00,1/20/2025 10:00,Hoàn Kiếm,VN,Asia/Ho_Chi_Minh,110,88.1,10,70,39,39,71,81,0,1013,79,24.6,3.1,1,
1/20/2025 4:00,1/20/2025 11:00,Hoàn Kiếm,VN,Asia/Ho_Chi_Minh,135,65.4,46.7,47.4,65,48.5,55.3,75,0,1013,73,25.4,3,1.33,
1/20/2025 5:00,1/20/2025 12:00,Hoàn Kiếm,VN,Asia/Ho_Chi_Minh,131,42.7,83.3,24.8,55.5,47,39.7,68,0,1013,68,26.2,2.5,1.66,
1/20/2025 6:00,1/20/2025 13:00,Hoàn Kiếm,VN,Asia/Ho_Chi_Minh,142,20,120,2.3,63.8,51,24,62,0,1012,63,27,2,2,
1/20/2025 7:00,1/20/2025 14:00,Hoàn Kiếm,VN,Asia/Ho_Chi_Minh,87,49.3,84,27.5,29,29,42.3,66,0,1012,62,26.8,3.1,2.33,
1/20/2025 8:00,1/20/2025 15:00,Hoàn Kiếm,VN,Asia/Ho_Chi_Minh,74,20,120,2.3,29,23,24,70,0,1012,61,26.7,1.3,2.66,
1/20/2025 9:00,1/20/2025 16:00,Hoàn Kiếm,VN,Asia/Ho_Chi_Minh,86,108,12,78,30,28.5,79,75,0,1011,59,26.5,0.9,3,
1/20/2025 10:00,1/20/2025 17:00,Hoàn Kiếm,VN,Asia/Ho_Chi_Minh,88,127,14.7,67.3,36,29.5,93,70,0,1012,66,25.6,0.8,3,
1/20/2025 11:00,1/20/2025 18:00,Hoàn Kiếm,VN,Asia/Ho_Chi_Minh,118,146.1,17.3,56.7,53,42,107,66,0,1013,74,24.7,0,3,
1/20/2025 12:00,1/20/2025 19:00,Hoàn Kiếm,VN,Asia/Ho_Chi_Minh,104,165.2,20,46,54,37,121,62,0,1014,82,23.8,0,3,
1/20/2025 13:00,1/20/2025 20:00,Hoàn Kiếm,VN,Asia/Ho_Chi_Minh,118,20,120,2.3,52.5,42,24,75,0,1014,85,23.3,0,3,
1/20/2025 14:00,1/20/2025 21:00,Hoàn Kiếm,VN,Asia/Ho_Chi_Minh,86,20,120,2.3,34,28.5,24,87,0,1015,87,22.7,0,3,
1/20/2025 15:00,1/20/2025 22:00,Hoàn Kiếm,VN,Asia/Ho_Chi_Minh,85,161.1,16,34,28,28,98,100,0,1016,90,22.2,0,3,
1/20/2025 16:00,1/20/2025 23:00,Hoàn Kiếm,VN,Asia/Ho_Chi_Minh,100,155.2,15.3,34,35,35,92,100,0,1016,88,21.6,0,3,
1/20/2025 17:00,1/21/2025 0:00,Hoàn Kiếm,VN,Asia/Ho_Chi_Minh,114,149.4,14.7,34,49,40.5,86,100,0,1016,86,21.1,0,3,
1/20/2025 18:00,1/21/2025 1:00,Hoàn Kiếm,VN,Asia/Ho_Chi_Minh,82,143.6,14,34,34,27,80,100,0,1016,85,20.5,0,3,
1/20/2025 19:00,1/21/2025 2:00,Hoàn Kiếm,VN,Asia/Ho_Chi_Minh,104,146.5,13.3,34.3,46.3,37,76,100,0,1016,87,19.5,0,3,
1/20/2025 20:00,1/21/2025 3:00,Hoàn Kiếm,VN,Asia/Ho_Chi_Minh,69,149.4,12.7,34.7,21,21,72,100,0,1016,90,18.5,0,3,
1/20/2025 21:00,1/21/2025 4:00,Hoàn Kiếm,VN,Asia/Ho_Chi_Minh,74,152.3,12,35,23,23,68,100,0,1016,93,17.5,0,3,
1/20/2025 22:00,1/21/2025 5:00,Hoàn Kiếm,VN,Asia/Ho_Chi_Minh,95,165.4,13.3,32.3,41.3,33,70.7,100,0,1016,93,17.4,0,3,
1/20/2025 23:00,1/21/2025 6:00,Hoàn Kiếm,VN,Asia/Ho_Chi_Minh,93,178.4,14.7,29.7,40,32,73.3,100,0,1017,93,17.3,0,3,
1/21/2025 0:00,1/21/2025 7:00,Hoàn Kiếm,VN,Asia/Ho_Chi_Minh,80,191.4,16,27,33,26,76,100,0,1017,93,17.2,0.6,3,
1/21/2025 1:00,1/21/2025 8:00,Hoàn Kiếm,VN,Asia/Ho_Chi_Minh,131,197.1,16.3,27.7,58.8,47,88,91,0,1018,93,16.8,0.7,2.33,
1/21/2025 2:00,1/21/2025 9:00,Hoàn Kiếm,VN,Asia/Ho_Chi_Minh,114,202.7,16.7,28.3,43,40.5,100,83,0,1019,93,16.4,1,1.66,
1/21/2025 3:00,1/21/2025 10:00,Hoàn Kiếm,VN,Asia/Ho_Chi_Minh,123,208.3,17,29,55,44,112,75,0,1020,93,16,1.5,1,
1/21/2025 4:00,1/21/2025 11:00,Hoàn Kiếm,VN,Asia/Ho_Chi_Minh,106,203.1,16.7,33.7,39,37.5,117.7,75,0,1019,93,16.1,1.9,1,
1/21/2025 5:00,1/21/2025 12:00,Hoàn Kiếm,VN,Asia/Ho_Chi_Minh,112,197.8,16.3,38.3,45,40,123.3,75,0,1018,94,16.3,2.1,1,
1/21/2025 6:00,1/21/2025 13:00,Hoàn Kiếm,VN,Asia/Ho_Chi_Minh,122,192.6,16,43,45,43.5,129,75,0,1017,95,16.4,2,1,
1/21/2025 7:00,1/21/2025 14:00,Hoàn Kiếm,VN,Asia/Ho_Chi_Minh,121,199.2,17.3,43.7,44.3,43.33,131.7,75,0,1016,95,16.4,1.6,0.66,
1/21/2025 8:00,1/21/2025 15:00,Hoàn Kiếm,VN,Asia/Ho_Chi_Minh,112,205.8,18.7,44.3,40,40,134.3,75,0,1016,94,16.3,1.2,0.33,
1/21/2025 9:00,1/21/2025 16:00,Hoàn Kiếm,VN,Asia/Ho_Chi_Minh,121,212.4,20,45,43,43,137,75,0,1016,94,16.3,0.8,2.8,
1/21/2025 10:00,1/21/2025 17:00,Hoàn Kiếm,VN,Asia/Ho_Chi_Minh,146,227.6,22,40.7,53,52.5,136.7,75,0,1016,94,16.2,0.6,0.33,
1/21/2025 11:00,1/21/2025 18:00,Hoàn Kiếm,VN,Asia/Ho_Chi_Minh,129,242.8,24,36.3,46,46,136.3,75,0,1016,94,16,0,0.66,
1/21/2025 12:00,1/21/2025 19:00,Hoàn Kiếm,VN,Asia/Ho_Chi_Minh,129,258,26,32,48,46,136,75,0,1017,94,15.9,0,1,
1/21/2025 13:00,1/21/2025 20:00,Hoàn Kiếm,VN,Asia/Ho_Chi_Minh,117,260.7,25,29.3,43,41.67,127.3,75,0,1017,94,15.7,0,1,
1/21/2025 14:00,1/21/2025 21:00,Hoàn Kiếm,VN,Asia/Ho_Chi_Minh,107,263.4,24,26.7,38,38,118.7,75,0,1018,94,15.6,0,1,
1/21/2025 15:00,1/21/2025 22:00,Hoàn Kiếm,VN,Asia/Ho_Chi_Minh,95,266.1,23,24,33,33,110,75,0,1018,94,15.4,0,1,
1/21/2025 16:00,1/21/2025 23:00,Hoàn Kiếm,VN,Asia/Ho_Chi_Minh,134,251.1,20.7,26,60,48,101,75,0,1018,95,15.3,0,1,
1/21/2025 17:00,1/22/2025 0:00,Hoàn Kiếm,VN,Asia/Ho_Chi_Minh,106,236.2,18.3,28,41,37.5,92,75,0,1018,96,15.1,0,1,
1/21/2025 18:00,1/22/2025 1:00,Hoàn Kiếm,VN,Asia/Ho_Chi_Minh,80,221.2,16,30,26,26,83,75,0.25,1018,98,15,0,1,
1/21/2025 19:00,1/22/2025 2:00,Hoàn Kiếm,VN,Asia/Ho_Chi_Minh,95,154.1,50.7,20.8,41,33,63.3,75,0.5,1018,97,14.7,0,1,
1/21/2025 20:00,1/22/2025 3:00,Hoàn Kiếm,VN,Asia/Ho_Chi_Minh,100,87.1,85.3,11.5,43.8,35,43.7,75,0.25,1017,95,14.5,0,1,
1/21/2025 21:00,1/22/2025 4:00,Hoàn Kiếm,VN,Asia/Ho_Chi_Minh,59,20,120,2.3,16,16,24,75,0,1017,94,14.2,0,1,
1/21/2025 22:00,1/22/2025 5:00,Hoàn Kiếm,VN,Asia/Ho_Chi_Minh,52,20,120,2.3,13,13,24,75,0,1018,94,14,0,1.66,
1/21/2025 23:00,1/22/2025 6:00,Hoàn Kiếm,VN,Asia/Ho_Chi_Minh,54,133.9,49.3,20.8,14,14,67.3,75,0,1019,94,13.8,0,2.33,
1/22/2025 0:00,1/22/2025 7:00,Hoàn Kiếm,VN,Asia/Ho_Chi_Minh,59,190.8,14,30,16,16,89,75,0,1020,94,13.6,0.6,3,
1/22/2025 1:00,1/22/2025 8:00,Hoàn Kiếm,VN,Asia/Ho_Chi_Minh,61,133.9,49.3,20.8,19,17,67.3,75,0,1021,92,13.2,0.7,3,
1/22/2025 2:00,1/22/2025 9:00,Hoàn Kiếm,VN,Asia/Ho_Chi_Minh,57,76.9,84.7,11.5,18,15.33,45.7,75,0,1022,90,12.7,1,3,
1/22/2025 3:00,1/22/2025 10:00,Hoàn Kiếm,VN,Asia/Ho_Chi_Minh,56,20,120,2.3,19,15,24,75,0,1023,88,12.3,1.5,3,
1/22/2025 4:00,1/22/2025 11:00,Hoàn Kiếm,VN,Asia/Ho_Chi_Minh,55,20,120,2.3,20,14.5,24,83,0,1023,85,12.2,2,3.33,
1/22/2025 5:00,1/22/2025 12:00,Hoàn Kiếm,VN,Asia/Ho_Chi_Minh,55,20,120,2.3,16,14.5,24,91,0,1022,81,12.2,2.2,3.66,
1/22/2025 6:00,1/22/2025 13:00,Hoàn Kiếm,VN,Asia/Ho_Chi_Minh,52,20,120,2.3,16,13,24,100,0,1022,78,12.1,2,4,
1/22/2025 7:00,1/22/2025 14:00,Hoàn Kiếm,VN,Asia/Ho_Chi_Minh,54,20,120,2.3,18,14,24,100,0,1022,74,12.1,1.7,4.33,
1/22/2025 8:00,1/22/2025 15:00,Hoàn Kiếm,VN,Asia/Ho_Chi_Minh,52,20,120,2.3,16.3,13,24,100,0,1022,71,12.1,1.2,4.66,
1/22/2025 9:00,1/22/2025 16:00,Hoàn Kiếm,VN,Asia/Ho_Chi_Minh,46,20,120,2.3,11,11,24,100,0,1022,68,12.1,0.8,5,
1/22/2025 10:00,1/22/2025 17:00,Hoàn Kiếm,VN,Asia/Ho_Chi_Minh,37,20,120,2.3,11.3,9,24,100,0,1023,65,12,0.6,4.66,
1/22/2025 11:00,1/22/2025 18:00,Hoàn Kiếm,VN,Asia/Ho_Chi_Minh,61,20,120,2.3,20,17,24,100,0,1024,63,11.8,0,4.33,
1/22/2025 12:00,1/22/2025 19:00,Hoàn Kiếm,VN,Asia/Ho_Chi_Minh,62,20,120,2.3,21,17.5,24,100,0,1025,61,11.7,0,4,
1/22/2025 13:00,1/22/2025 20:00,Hoàn Kiếm,VN,Asia/Ho_Chi_Minh,65,82,85,13.2,19,19,53.7,100,0,1026,60,11.5,0,4,
1/22/2025 14:00,1/22/2025 21:00,Hoàn Kiếm,VN,Asia/Ho_Chi_Minh,50,144,50,24.1,15,12,83.3,100,0.25,1027,58,11.2,0,4,
1/22/2025 15:00,1/22/2025 22:00,Hoàn Kiếm,VN,Asia/Ho_Chi_Minh,69,206,15,35,26.3,21,113,100,0.5,1027,57,11,0,4,
1/22/2025 16:00,1/22/2025 23:00,Hoàn Kiếm,VN,Asia/Ho_Chi_Minh,52,195.1,13.7,38,13,13,108.3,100,0.25,1027,58,10.8,0,3.33,
1/22/2025 17:00,1/23/2025 0:00,Hoàn Kiếm,VN,Asia/Ho_Chi_Minh,69,184.2,12.3,41,21,21,103.7,100,0,1027,60,10.6,0,2.66,
1/22/2025 18:00,1/23/2025 1:00,Hoàn Kiếm,VN,Asia/Ho_Chi_Minh,59,173.3,11,44,16,16,99,100,0,1027,62,10.4,0,2,
1/22/2025 19:00,1/23/2025 2:00,Hoàn Kiếm,VN,Asia/Ho_Chi_Minh,56,167.3,10.3,47.7,15,15,92.7,100,0,1027,63,10.3,0,1.66,
1/22/2025 20:00,1/23/2025 3:00,Hoàn Kiếm,VN,Asia/Ho_Chi_Minh,70,161.3,9.7,51.3,21.3,21.33,86.3,100,0,1027,64,10.1,0,1.33,
1/22/2025 21:00,1/23/2025 4:00,Hoàn Kiếm,VN,Asia/Ho_Chi_Minh,76,155.2,9,55,24,24,80,100,0,1027,65,10,0,1,
1/22/2025 22:00,1/23/2025 5:00,Hoàn Kiếm,VN,Asia/Ho_Chi_Minh,95,158.5,9.7,55,41.3,33,81.3,100,0,1027,64,10,0,1,
1/22/2025 23:00,1/23/2025 6:00,Hoàn Kiếm,VN,Asia/Ho_Chi_Minh,85,161.9,10.3,55,29,28,82.7,100,0,1028,64,10,0,1,
1/23/2025 0:00,1/23/2025 7:00,Hoàn Kiếm,VN,Asia/Ho_Chi_Minh,123,165.2,11,55,55,44,84,100,0,1029,63,10,0.7,1,
1/23/2025 1:00,1/23/2025 8:00,Hoàn Kiếm,VN,Asia/Ho_Chi_Minh,107,169.4,12,55,38,38,94,100,0.25,1029,67,9.9,0.8,1.66,
1/23/2025 2:00,1/23/2025 9:00,Hoàn Kiếm,VN,Asia/Ho_Chi_Minh,102,173.7,13,55,36,36,104,100,0.75,1029,71,9.8,1.3,2.33,
1/23/2025 3:00,1/23/2025 10:00,Hoàn Kiếm,VN,Asia/Ho_Chi_Minh,78,178,14,55,31,25,114,100,1,1030,75,9.7,1.8,3,
1/23/2025 4:00,1/23/2025 11:00,Hoàn Kiếm,VN,Asia/Ho_Chi_Minh,123,177.6,14,56,55,44,119.7,100,0.5,1029,68,10.4,2.1,3,
1/23/2025 5:00,1/23/2025 12:00,Hoàn Kiếm,VN,Asia/Ho_Chi_Minh,106,177.2,14,57,39,37.5,125.3,100,0.75,1028,62,11.2,2.3,3,
1/23/2025 6:00,1/23/2025 13:00,Hoàn Kiếm,VN,Asia/Ho_Chi_Minh,102,176.8,14,58,39,36,131,100,0.75,1027,56,11.9,2.1,3,
1/23/2025 7:00,1/23/2025 14:00,Hoàn Kiếm,VN,Asia/Ho_Chi_Minh,96,179.7,14.7,59.3,34,33.5,133.3,95,0.25,1026,55,12.1,1.7,2.66,
1/23/2025 8:00,1/23/2025 15:00,Hoàn Kiếm,VN,Asia/Ho_Chi_Minh,100,182.7,15.3,60.7,36,35,135.7,91,0,1026,54,12.4,1.2,2.33,
1/23/2025 9:00,1/23/2025 16:00,Hoàn Kiếm,VN,Asia/Ho_Chi_Minh,82,185.6,16,62,34,27,138,87,0,1026,53,12.6,0.9,2,
1/23/2025 10:00,1/23/2025 17:00,Hoàn Kiếm,VN,Asia/Ho_Chi_Minh,115,192.4,17,59,51.3,41,143.7,91,0,1026,55,12.1,0.8,2,
1/23/2025 11:00,1/23/2025 18:00,Hoàn Kiếm,VN,Asia/Ho_Chi_Minh,98,199.2,18,56,34,34,149.3,95,0,1027,56,11.5,0,2,
1/23/2025 12:00,1/23/2025 19:00,Hoàn Kiếm,VN,Asia/Ho_Chi_Minh,108,206,19,53,40,38.5,155,100,0,1028,58,11,0,2,
1/23/2025 13:00,1/23/2025 20:00,Hoàn Kiếm,VN,Asia/Ho_Chi_Minh,142,203.9,18,52.3,63.8,51,152,100,0,1028,60,10.7,0,1.66,
1/23/2025 14:00,1/23/2025 21:00,Hoàn Kiếm,VN,Asia/Ho_Chi_Minh,87,201.7,17,51.7,29,29,149,100,0.25,1028,61,10.5,0,1.33,
1/23/2025 15:00,1/23/2025 22:00,Hoàn Kiếm,VN,Asia/Ho_Chi_Minh,87,199.6,16,51,41,29,146,100,0,1029,63,10.2,0,1,
1/23/2025 16:00,1/23/2025 23:00,Hoàn Kiếm,VN,Asia/Ho_Chi_Minh,112,190.3,15,50,40,40,137.7,100,0,1029,62,10,0,1.33,
1/23/2025 17:00,1/24/2025 0:00,Hoàn Kiếm,VN,Asia/Ho_Chi_Minh,137,180.9,14,49,61.3,49,129.3,100,0,1028,61,9.7,0,1.66,
1/23/2025 18:00,1/24/2025 1:00,Hoàn Kiếm,VN,Asia/Ho_Chi_Minh,89,171.6,13,48,30,30,121,100,0.25,1028,61,9.5,0,2,
1/23/2025 19:00,1/24/2025 2:00,Hoàn Kiếm,VN,Asia/Ho_Chi_Minh,95,167.5,12.7,47.3,33,33,114,100,0,1028,61,9.4,0,2.33,
1/23/2025 20:00,1/24/2025 3:00,Hoàn Kiếm,VN,Asia/Ho_Chi_Minh,98,163.4,12.3,46.7,34,34,107,100,0,1028,62,9.3,0,2.66,
1/23/2025 21:00,1/24/2025 4:00,Hoàn Kiếm,VN,Asia/Ho_Chi_Minh,98,159.3,12,46,34,34,100,100,0,1028,62,9.2,0,3,
1/23/2025 22:00,1/24/2025 5:00,Hoàn Kiếm,VN,Asia/Ho_Chi_Minh,82,157.2,12.3,46.3,34,27,101,100,0,1028,63,9.1,0,3,
1/23/2025 23:00,1/24/2025 6:00,Hoàn Kiếm,VN,Asia/Ho_Chi_Minh,137,155,12.7,46.7,61.3,49,102,100,0,1029,64,9.1,0,3,
1/24/2025 0:00,1/24/2025 7:00,Hoàn Kiếm,VN,Asia/Ho_Chi_Minh,112,152.9,13,47,40,40,103,100,0,1029,65,9,0.8,3,
1/24/2025 1:00,1/24/2025 8:00,Hoàn Kiếm,VN,Asia/Ho_Chi_Minh,108,151.2,13.3,48,40,38.5,113.3,100,0.25,1030,63,9.4,0.9,2.66,
1/24/2025 2:00,1/24/2025 9:00,Hoàn Kiếm,VN,Asia/Ho_Chi_Minh,100,149.4,13.7,49,35,35,123.7,100,0.5,1030,61,9.8,1.5,2.33,
1/24/2025 3:00,1/24/2025 10:00,Hoàn Kiếm,VN,Asia/Ho_Chi_Minh,98,147.7,14,50,34,34,134,100,0.5,1030,59,10.2,2.1,2,
1/24/2025 4:00,1/24/2025 11:00,Hoàn Kiếm,VN,Asia/Ho_Chi_Minh,85,143,14,53,35,28,144,100,0,1029,60,10.5,2.1,1.66,
1/24/2025 5:00,1/24/2025 12:00,Hoàn Kiếm,VN,Asia/Ho_Chi_Minh,131,138.3,14,56,58.8,47,154,100,0,1028,60,10.9,2.5,1.33,
1/24/2025 6:00,1/24/2025 13:00,Hoàn Kiếm,VN,Asia/Ho_Chi_Minh,107,133.6,14,59,38,38,164,100,0,1027,61,11.2,2.5,1,
1/24/2025 7:00,1/24/2025 14:00,Hoàn Kiếm,VN,Asia/Ho_Chi_Minh,95,135,14.7,60,33,33,171.3,100,0,1027,60,11.4,2.2,1,
1/24/2025 8:00,1/24/2025 15:00,Hoàn Kiếm,VN,Asia/Ho_Chi_Minh,134,136.4,15.3,61,56,48,178.7,100,0,1026,60,11.6,1.5,1,
1/24/2025 9:00,1/24/2025 16:00,Hoàn Kiếm,VN,Asia/Ho_Chi_Minh,122,137.7,16,62,45,43.5,186,100,0,1026,59,11.8,1,1,
1/24/2025 10:00,1/24/2025 17:00,Hoàn Kiếm,VN,Asia/Ho_Chi_Minh,98,145.7,18,56.3,43,34,188,100,0,1026,60,11.7,0.9,1,
1/24/2025 11:00,1/24/2025 18:00,Hoàn Kiếm,VN,Asia/Ho_Chi_Minh,122,153.7,20,50.7,44,43.5,190,100,0,1026,60,11.5,0,1,
1/24/2025 12:00,1/24/2025 19:00,Hoàn Kiếm,VN,Asia/Ho_Chi_Minh,148,161.7,22,45,66.3,53,192,100,0,1026,61,11.4,0,1,
1/24/2025 13:00,1/24/2025 20:00,Hoàn Kiếm,VN,Asia/Ho_Chi_Minh,150,162.4,21,44.3,59,54,185.3,100,0,1027,61,11.3,0,1,
1/24/2025 14:00,1/24/2025 21:00,Hoàn Kiếm,VN,Asia/Ho_Chi_Minh,150,163.2,20,43.7,56,54,178.7,100,0,1028,62,11.3,0,1,
1/24/2025 15:00,1/24/2025 22:00,Hoàn Kiếm,VN,Asia/Ho_Chi_Minh,152,164,19,43,58,54.5,172,100,0,1028,63,11.2,0,1,
1/24/2025 16:00,1/24/2025 23:00,Hoàn Kiếm,VN,Asia/Ho_Chi_Minh,150,155.8,18,42.3,56,54,161.7,100,0,1028,62,10.9,0,1.66,
1/24/2025 17:00,1/25/2025 0:00,Hoàn Kiếm,VN,Asia/Ho_Chi_Minh,104,147.7,17,41.7,46,37,151.3,100,0,1028,61,10.7,0,2.33,
1/24/2025 18:00,1/25/2025 1:00,Hoàn Kiếm,VN,Asia/Ho_Chi_Minh,157,139.5,16,41,76.3,61,141,100,0,1028,61,10.4,0,3,
1/24/2025 19:00,1/25/2025 2:00,Hoàn Kiếm,VN,Asia/Ho_Chi_Minh,137,135.4,15.3,41,49,49,133,100,0,1028,60,10.3,0,2.66,
1/24/2025 20:00,1/25/2025 3:00,Hoàn Kiếm,VN,Asia/Ho_Chi_Minh,129,131.3,14.7,41,46,46,125,100,0,1027,60,10.1,0,2.33,
1/24/2025 21:00,1/25/2025 4:00,Hoàn Kiếm,VN,Asia/Ho_Chi_Minh,115,127.2,14,41,41,41,117,100,0,1027,60,10,0,2,
1/24/2025 22:00,1/25/2025 5:00,Hoàn Kiếm,VN,Asia/Ho_Chi_Minh,143,127.6,11.7,44,53,51.5,96.3,100,0,1028,60,9.9,0,2,
1/24/2025 23:00,1/25/2025 6:00,Hoàn Kiếm,VN,Asia/Ho_Chi_Minh,131,128,9.3,47,59,47,75.7,100,0,1028,61,9.9,0,2,
1/25/2025 0:00,1/25/2025 7:00,Hoàn Kiếm,VN,Asia/Ho_Chi_Minh,152,128.4,7,50,60,54.5,55,100,0,1029,61,9.8,0.9,2,
1/25/2025 1:00,1/25/2025 8:00,Hoàn Kiếm,VN,Asia/Ho_Chi_Minh,160,129.6,7,51.7,78.8,63,62.7,100,0,1029,60,10.3,1.2,2,
1/25/2025 2:00,1/25/2025 9:00,Hoàn Kiếm,VN,Asia/Ho_Chi_Minh,153,130.7,7,53.3,59,55,70.3,100,0,1030,58,10.8,1.7,2,
1/25/2025 3:00,1/25/2025 10:00,Hoàn Kiếm,VN,Asia/Ho_Chi_Minh,142,131.9,7,55,51,51,78,100,0,1030,57,11.3,2.5,2,
1/25/2025 4:00,1/25/2025 11:00,Hoàn Kiếm,VN,Asia/Ho_Chi_Minh,137,129.6,7.3,58,49,49,84.7,100,0,1029,56,11.9,3.4,2,
1/25/2025 5:00,1/25/2025 12:00,Hoàn Kiếm,VN,Asia/Ho_Chi_Minh,142,127.2,7.7,61,51,51,91.3,100,0,1029,54,12.5,3.6,2,
1/25/2025 6:00,1/25/2025 13:00,Hoàn Kiếm,VN,Asia/Ho_Chi_Minh,67,124.9,8,64,28,20,98,100,0,1028,53,13.1,3.6,2,
1/25/2025 7:00,1/25/2025 14:00,Hoàn Kiếm,VN,Asia/Ho_Chi_Minh,160,125.7,8.7,63.7,78.8,63,104.7,100,0.75,1027,53,13.1,2.9,1.33,
1/25/2025 8:00,1/25/2025 15:00,Hoàn Kiếm,VN,Asia/Ho_Chi_Minh,150,126.4,9.3,63.3,60,55.5,111.3,100,0,1026,52,13,1.9,0.66,
1/25/2025 9:00,1/25/2025 16:00,Hoàn Kiếm,VN,Asia/Ho_Chi_Minh,154,127.2,10,63,63,58.5,118,100,0,1026,52,13,1.2,2,
1/25/2025 10:00,1/25/2025 17:00,Hoàn Kiếm,VN,Asia/Ho_Chi_Minh,165,133.1,11,58.7,73,66.5,115,100,0,1026,57,12.8,1,1.6,
1/25/2025 11:00,1/25/2025 18:00,Hoàn Kiếm,VN,Asia/Ho_Chi_Minh,166,138.9,12,54.3,73,67.5,112,100,0,1026,62,12.7,0,0.8,
1/25/2025 12:00,1/25/2025 19:00,Hoàn Kiếm,VN,Asia/Ho_Chi_Minh,161,144.7,13,50,80,64,109,100,0,1027,67,12.5,0,0.8,
1/25/2025 13:00,1/25/2025 20:00,Hoàn Kiếm,VN,Asia/Ho_Chi_Minh,176,148.4,12.3,48.3,93.8,75,104,100,0.5,1027,69,12.4,0,1.2,
1/25/2025 14:00,1/25/2025 21:00,Hoàn Kiếm,VN,Asia/Ho_Chi_Minh,165,152.1,11.7,46.7,76,67,99,100,0.25,1027,72,12.3,0,1.2,
1/25/2025 15:00,1/25/2025 22:00,Hoàn Kiếm,VN,Asia/Ho_Chi_Minh,183,155.8,11,45,84,80,94,100,0.25,1028,75,12.2,0,1.2,
1/25/2025 16:00,1/25/2025 23:00,Hoàn Kiếm,VN,Asia/Ho_Chi_Minh,157,152.1,10,44.7,61,61,85.3,100,0,1027,71,12.1,0,0.33,
1/25/2025 17:00,1/26/2025 0:00,Hoàn Kiếm,VN,Asia/Ho_Chi_Minh,160,148.4,9,44.3,63,63,76.7,100,0,1027,67,12.1,0,0.66,
1/25/2025 18:00,1/26/2025 1:00,Hoàn Kiếm,VN,Asia/Ho_Chi_Minh,160,144.7,8,44,63,63,68,100,0,1027,64,12,0,1,
1/25/2025 19:00,1/26/2025 2:00,Hoàn Kiếm,VN,Asia/Ho_Chi_Minh,157,144.9,7.7,42.7,60.7,60.67,63.7,100,0,1026,63,11.9,0,1,
1/25/2025 20:00,1/26/2025 3:00,Hoàn Kiếm,VN,Asia/Ho_Chi_Minh,151,145.1,7.3,41.3,56,56,59.3,100,0,1026,63,11.8,0,1,
1/25/2025 21:00,1/26/2025 4:00,Hoàn Kiếm,VN,Asia/Ho_Chi_Minh,151,145.3,7,40,56,56,55,100,0,1026,63,11.7,0,1,
1/25/2025 22:00,1/26/2025 5:00,Hoàn Kiếm,VN,Asia/Ho_Chi_Minh,153,148.2,7.3,37.7,58,58,54.7,100,0,1026,63,11.7,0,1,
1/25/2025 23:00,1/26/2025 6:00,Hoàn Kiếm,VN,Asia/Ho_Chi_Minh,195,151.2,7.7,35.3,111.3,89,54.3,100,0,1027,63,11.7,0,1,
1/26/2025 0:00,1/26/2025 7:00,Hoàn Kiếm,VN,Asia/Ho_Chi_Minh,134,154.1,8,33,60,48,54,100,0,1028,63,11.7,0.6,1,
1/26/2025 1:00,1/26/2025 8:00,Hoàn Kiếm,VN,Asia/Ho_Chi_Minh,167,154.1,8.3,33,68,68,61.7,100,0,1028,62,11.9,0.7,0.66,
1/26/2025 2:00,1/26/2025 9:00,Hoàn Kiếm,VN,Asia/Ho_Chi_Minh,192,154.1,8.7,33,108.8,87,69.3,100,0.5,1029,61,12.1,1.1,0.33,
1/26/2025 3:00,1/26/2025 10:00,Hoàn Kiếm,VN,Asia/Ho_Chi_Minh,155,154.1,9,33,59,59,77,100,0.5,1029,60,12.3,1.5,2,
1/26/2025 4:00,1/26/2025 11:00,Hoàn Kiếm,VN,Asia/Ho_Chi_Minh,161,203.4,29,27.4,64,64,83.7,100,0.5,1028,59,12.7,2,1,
1/26/2025 5:00,1/26/2025 12:00,Hoàn Kiếm,VN,Asia/Ho_Chi_Minh,167,252.7,49,21.8,69,68,90.3,100,0,1027,58,13.1,2.2,2,
1/26/2025 6:00,1/26/2025 13:00,Hoàn Kiếm,VN,Asia/Ho_Chi_Minh,173,302,69,16.2,109,73,97,100,0.25,1027,58,13.5,2.1,3,
1/26/2025 7:00,1/26/2025 14:00,Hoàn Kiếm,VN,Asia/Ho_Chi_Minh,175,302,66.7,16.9,109.7,74.33,96.7,100,0,1026,58,13.5,2.2,3,
1/26/2025 8:00,1/26/2025 15:00,Hoàn Kiếm,VN,Asia/Ho_Chi_Minh,181,302,69,25.9,113.5,78.5,96.3,100,0,1025,59,13.6,1.3,3,
1/26/2025 9:00,1/26/2025 16:00,Hoàn Kiếm,VN,Asia/Ho_Chi_Minh,179,302,62,18.4,111,77,96,100,0,1025,60,13.6,0.9,3,
1/26/2025 10:00,1/26/2025 17:00,Hoàn Kiếm,VN,Asia/Ho_Chi_Minh,187,250.4,45,25.3,83,83,90,100,0,1025,61,13.2,0.7,3,
1/26/2025 11:00,1/26/2025 18:00,Hoàn Kiếm,VN,Asia/Ho_Chi_Minh,184,198.7,28,32.1,81,81,84,100,0,1025,63,12.9,0,3,
1/26/2025 12:00,1/26/2025 19:00,Hoàn Kiếm,VN,Asia/Ho_Chi_Minh,193,147.1,11,39,88,88,78,100,0,1025,64,12.5,0,3,
1/26/2025 13:00,1/26/2025 20:00,Hoàn Kiếm,VN,Asia/Ho_Chi_Minh,173,198.7,35.7,28.5,91,73,73.3,100,0,1026,66,12.3,0,2,
1/26/2025 14:00,1/26/2025 21:00,Hoàn Kiếm,VN,Asia/Ho_Chi_Minh,235,250.4,60.3,18,148.8,119,68.7,100,0,1026,68,12.2,0,1,
1/26/2025 15:00,1/26/2025 22:00,Hoàn Kiếm,VN,Asia/Ho_Chi_Minh,201,302,85,7.6,121.5,94,64,100,0,1026,70,12,0,1.6,
1/26/2025 16:00,1/26/2025 23:00,Hoàn Kiếm,VN,Asia/Ho_Chi_Minh,191,302,69,6.5,112,86,62,100,0.5,1026,71,11.7,0,0.8,
1/26/2025 17:00,1/27/2025 0:00,Hoàn Kiếm,VN,Asia/Ho_Chi_Minh,195,302,69,6.5,116.5,89.5,60,100,2,1026,72,11.5,0,0.8,
1/26/2025 18:00,1/27/2025 1:00,Hoàn Kiếm,VN,Asia/Ho_Chi_Minh,195,302,69,6.5,115.5,89,58,100,2.5,1026,73,11.2,0,0.8,
1/26/2025 19:00,1/27/2025 2:00,Hoàn Kiếm,VN,Asia/Ho_Chi_Minh,155,249.8,48.3,16,74,59,54,100,0.25,1026,78,10.8,0,0.8,
1/26/2025 20:00,1/27/2025 3:00,Hoàn Kiếm,VN,Asia/Ho_Chi_Minh,237,302,69,6.5,160,121,50,100,0,1025,84,10.4,0,1.2,
1/26/2025 21:00,1/27/2025 4:00,Hoàn Kiếm,VN,Asia/Ho_Chi_Minh,148,145.3,7,35,66,53,46,100,0,1025,90,10,0,1.6,
1/26/2025 22:00,1/27/2025 5:00,Hoàn Kiếm,VN,Asia/Ho_Chi_Minh,167,148.6,7.3,34,68,68,46.3,100,0,1026,90,10,0,1.6,
1/26/2025 23:00,1/27/2025 6:00,Hoàn Kiếm,VN,Asia/Ho_Chi_Minh,235,151.9,7.7,33,148.8,119,46.7,100,0,1026,89,10,0,2,
1/27/2025 0:00,1/27/2025 7:00,Hoàn Kiếm,VN,Asia/Ho_Chi_Minh,176,155.2,8,32,75,75,47,100,0,1026,89,10,0.6,1.6,
1/27/2025 1:00,1/27/2025 8:00,Hoàn Kiếm,VN,Asia/Ho_Chi_Minh,177,156.2,8,33,76,76,50.7,100,0,1027,86,10.3,0.7,0.66,
1/27/2025 2:00,1/27/2025 9:00,Hoàn Kiếm,VN,Asia/Ho_Chi_Minh,180,157.2,8,34,77.7,77.67,54.3,100,0,1028,83,10.7,1.1,1.33,
1/27/2025 3:00,1/27/2025 10:00,Hoàn Kiếm,VN,Asia/Ho_Chi_Minh,181,158.2,8,35,79,79,58,100,0,1028,81,11,1.6,2,
1/27/2025 4:00,1/27/2025 11:00,Hoàn Kiếm,VN,Asia/Ho_Chi_Minh,167,152.7,8.3,36.7,68,68,65.7,100,0,1027,79,11.2,2,2.33,
1/27/2025 5:00,1/27/2025 12:00,Hoàn Kiếm,VN,Asia/Ho_Chi_Minh,155,147.3,8.7,38.3,59,59,73.3,100,0,1026,77,11.3,2.3,2.66,
1/27/2025 6:00,1/27/2025 13:00,Hoàn Kiếm,VN,Asia/Ho_Chi_Minh,155,141.8,9,40,59,59,81,100,0,1025,75,11.5,2.1,3,
1/27/2025 7:00,1/27/2025 14:00,Hoàn Kiếm,VN,Asia/Ho_Chi_Minh,208,140.8,9.3,40,123.8,99,79.7,100,0,1025,75,11.6,1.8,2,
1/27/2025 8:00,1/27/2025 15:00,Hoàn Kiếm,VN,Asia/Ho_Chi_Minh,148,139.9,9.7,40,53,53,78.3,100,0,1024,75,11.6,1.3,1,
1/27/2025 9:00,1/27/2025 16:00,Hoàn Kiếm,VN,Asia/Ho_Chi_Minh,139,138.9,10,40,50,50,77,100,0,1024,75,11.7,0.8,2.4,
1/27/2025 10:00,1/27/2025 17:00,Hoàn Kiếm,VN,Asia/Ho_Chi_Minh,134,144.3,10.3,39,48,48,74,100,0,1024,75,11.7,0.7,2.4,
1/27/2025 11:00,1/27/2025 18:00,Hoàn Kiếm,VN,Asia/Ho_Chi_Minh,150,149.8,10.7,38,54,54,71,100,0,1024,74,11.7,0,2.4,
1/27/2025 12:00,1/27/2025 19:00,Hoàn Kiếm,VN,Asia/Ho_Chi_Minh,150,155.2,11,37,56,54,68,100,0,1025,73,11.7,0,1.6,
1/27/2025 13:00,1/27/2025 20:00,Hoàn Kiếm,VN,Asia/Ho_Chi_Minh,150,158.2,10,37.7,56,54,63,100,0,1025,72,11.8,0,1.6,
1/27/2025 14:00,1/27/2025 21:00,Hoàn Kiếm,VN,Asia/Ho_Chi_Minh,131,161.1,9,38.3,59,47,58,100,1,1025,70,11.9,0,1.2,
1/27/2025 15:00,1/27/2025 22:00,Hoàn Kiếm,VN,Asia/Ho_Chi_Minh,163,164,8,39,81.3,65,53,100,0.25,1026,69,12,0,1.2,
1/27/2025 16:00,1/27/2025 23:00,Hoàn Kiếm,VN,Asia/Ho_Chi_Minh,163,158.4,7.3,40.7,81.3,65,50.7,100,0,1026,71,11.8,0,0.66,
1/27/2025 17:00,1/28/2025 0:00,Hoàn Kiếm,VN,Asia/Ho_Chi_Minh,110,152.7,6.7,42.3,39,39,48.3,100,0,1026,73,11.7,0,1.33,
1/27/2025 18:00,1/28/2025 1:00,Hoàn Kiếm,VN,Asia/Ho_Chi_Minh,126,147.1,6,44,45,45,46,100,0.25,1026,74,11.5,0,2,
1/27/2025 19:00,1/28/2025 2:00,Hoàn Kiếm,VN,Asia/Ho_Chi_Minh,126,144,5.7,44.7,45,45,44.3,100,0,1026,74,11.5,0,1.33,
1/27/2025 20:00,1/28/2025 3:00,Hoàn Kiếm,VN,Asia/Ho_Chi_Minh,154,140.8,5.3,45.3,69.2,58.33,42.7,100,0,1025,74,11.5,0,0.66,
1/27/2025 21:00,1/28/2025 4:00,Hoàn Kiếm,VN,Asia/Ho_Chi_Minh,163,137.7,5,46,81.3,65,41,100,5.75,1025,73,11.5,0,1.6,
1/27/2025 22:00,1/28/2025 5:00,Hoàn Kiếm,VN,Asia/Ho_Chi_Minh,134,139.1,5.3,46,48,48,43,100,0.5,1025,74,11.4,0,0.66,
1/27/2025 23:00,1/28/2025 6:00,Hoàn Kiếm,VN,Asia/Ho_Chi_Minh,137,140.5,5.7,46,49,49,45,100,0,1026,75,11.3,0,1.33,
1/28/2025 0:00,1/28/2025 7:00,Hoàn Kiếm,VN,Asia/Ho_Chi_Minh,153,141.8,6,46,55,55,47,100,0,1026,75,11.2,0.6,2,
1/28/2025 1:00,1/28/2025 8:00,Hoàn Kiếm,VN,Asia/Ho_Chi_Minh,155,142.4,6.3,46.3,59,59,52.3,100,0.5,1027,72,11.7,0.7,1.66,
1/28/2025 2:00,1/28/2025 9:00,Hoàn Kiếm,VN,Asia/Ho_Chi_Minh,148,143,6.7,46.7,53,53,57.7,100,0.75,1027,69,12.2,1.1,1.33,
1/28/2025 3:00,1/28/2025 10:00,Hoàn Kiếm,VN,Asia/Ho_Chi_Minh,74,143.6,7,47,34,23,63,100,1.25,1028,65,12.7,1.6,1,
1/28/2025 4:00,1/28/2025 11:00,Hoàn Kiếm,VN,Asia/Ho_Chi_Minh,148,142.4,7.3,48,53,53,68.7,100,0.25,1027,63,13.3,2,1.66,
1/28/2025 5:00,1/28/2025 12:00,Hoàn Kiếm,VN,Asia/Ho_Chi_Minh,160,141.2,7.7,49,78.8,63,74.3,100,0.75,1026,61,13.9,2.2,2.33,
1/28/2025 6:00,1/28/2025 13:00,Hoàn Kiếm,VN,Asia/Ho_Chi_Minh,110,140.1,8,50,39,39,80,100,1.5,1025,59,14.5,2.1,3,
1/28/2025 7:00,1/28/2025 14:00,Hoàn Kiếm,VN,Asia/Ho_Chi_Minh,139,140.8,8.3,50.3,54,50,83.3,100,2,1024,61,14.2,1.7,2.33,
1/28/2025 8:00,1/28/2025 15:00,Hoàn Kiếm,VN,Asia/Ho_Chi_Minh,126,141.6,8.7,50.7,45,45,86.7,100,0,1024,63,14,1.2,1.66,
1/28/2025 9:00,1/28/2025 16:00,Hoàn Kiếm,VN,Asia/Ho_Chi_Minh,74,142.4,9,51,33,23,90,100,0,1023,65,13.7,0.8,1,
1/28/2025 10:00,1/28/2025 17:00,Hoàn Kiếm,VN,Asia/Ho_Chi_Minh,126,152.1,10.7,47.3,45,45,90,100,0,1023,66,13.5,0.7,1.33,
1/28/2025 11:00,1/28/2025 18:00,Hoàn Kiếm,VN,Asia/Ho_Chi_Minh,150,161.9,12.3,43.7,56,54,90,100,0,1024,66,13.4,0,1.66,
1/28/2025 12:00,1/28/2025 19:00,Hoàn Kiếm,VN,Asia/Ho_Chi_Minh,146,171.6,14,40,55,52.5,90,100,0.25,1024,66,13.2,0,2,
1/28/2025 13:00,1/28/2025 20:00,Hoàn Kiếm,VN,Asia/Ho_Chi_Minh,154,174.7,13,39.3,65,58.5,83.7,100,0.75,1024,68,13,0,2,
1/28/2025 14:00,1/28/2025 21:00,Hoàn Kiếm,VN,Asia/Ho_Chi_Minh,145,177.8,12,38.7,54,52,77.3,100,0.25,1025,70,12.9,0,2,
1/28/2025 15:00,1/28/2025 22:00,Hoàn Kiếm,VN,Asia/Ho_Chi_Minh,121,180.9,11,38,54,43,71,100,0,1025,71,12.7,0,2,
1/28/2025 16:00,1/28/2025 23:00,Hoàn Kiếm,VN,Asia/Ho_Chi_Minh,165,175.7,10,38,83.8,67,65.3,100,0,1025,73,12.5,0,1.66,
1/28/2025 17:00,1/29/2025 0:00,Hoàn Kiếm,VN,Asia/Ho_Chi_Minh,126,170.4,9,38,45,45,59.7,100,7.5,1024,75,12.4,0,1.33,
1/28/2025 18:00,1/29/2025 1:00,Hoàn Kiếm,VN,Asia/Ho_Chi_Minh,148,165.2,8,38,53,53,54,100,0.25,1024,78,12.2,0,1,
1/28/2025 19:00,1/29/2025 2:00,Hoàn Kiếm,VN,Asia/Ho_Chi_Minh,148,163.2,7.7,37,53,53,52.3,100,1.25,1024,82,11.9,0,1,
1/28/2025 20:00,1/29/2025 3:00,Hoàn Kiếm,VN,Asia/Ho_Chi_Minh,150,161.3,7.3,36,54,54,50.7,100,1.5,1023,87,11.5,0,1,
1/28/2025 21:00,1/29/2025 4:00,Hoàn Kiếm,VN,Asia/Ho_Chi_Minh,89,159.3,7,35,44,30,49,100,1.25,1023,92,11.2,0,1,
1/28/2025 22:00,1/29/2025 5:00,Hoàn Kiếm,VN,Asia/Ho_Chi_Minh,195,164,8,33.7,111.3,89,48.7,100,1,1023,92,11.3,0,0.66,
1/28/2025 23:00,1/29/2025 6:00,Hoàn Kiếm,VN,Asia/Ho_Chi_Minh,164,168.7,9,32.3,66,66,48.3,100,0,1023,92,11.4,0,0.33,
1/29/2025 0:00,1/29/2025 7:00,Hoàn Kiếm,VN,Asia/Ho_Chi_Minh,171,173.3,10,31,71,71,48,100,0,1024,92,11.5,0.6,1.6,
1/29/2025 1:00,1/29/2025 8:00,Hoàn Kiếm,VN,Asia/Ho_Chi_Minh,183,174.9,10,32,80,80,57.3,100,0.5,1024,89,11.9,0.8,0.66,
1/29/2025 2:00,1/29/2025 9:00,Hoàn Kiếm,VN,Asia/Ho_Chi_Minh,161,176.4,10,33,64,64,66.7,100,0.75,1024,85,12.3,1.1,1.33,
1/29/2025 3:00,1/29/2025 10:00,Hoàn Kiếm,VN,Asia/Ho_Chi_Minh,131,178,10,34,59,47,76,100,0,1025,82,12.7,2.1,2,
1/29/2025 4:00,1/29/2025 11:00,Hoàn Kiếm,VN,Asia/Ho_Chi_Minh,248,504,46,6.5,152,129,104,95,0,1023,81,13.2,3.5,2,
1/29/2025 5:00,1/29/2025 12:00,Hoàn Kiếm,VN,Asia/Ho_Chi_Minh,191,403,92,17.3,102,86,132,91,0,1022,81,13.6,4.2,2,
1/29/2025 6:00,1/29/2025 13:00,Hoàn Kiếm,VN,Asia/Ho_Chi_Minh,214,504,108,18.4,123,103.5,160,87,0,1021,80,14.1,4.4,2,
1/29/2025 7:00,1/29/2025 14:00,Hoàn Kiếm,VN,Asia/Ho_Chi_Minh,212,403,92,32.4,125,102,180,87,0,1020,78,14.5,3.2,1.33,
1/29/2025 8:00,1/29/2025 15:00,Hoàn Kiếm,VN,Asia/Ho_Chi_Minh,213,285.9,49.3,38.8,128.8,103,200,87,0,1019,77,14.8,1.9,0.66,
1/29/2025 9:00,1/29/2025 16:00,Hoàn Kiếm,VN,Asia/Ho_Chi_Minh,169,176.8,20,49,70,70,220,87,0,1019,76,15.2,0.9,0.8,
1/29/2025 10:00,1/29/2025 17:00,Hoàn Kiếm,VN,Asia/Ho_Chi_Minh,156,208.3,24,39.3,75,60,211,91,0,1019,74,15,1.1,1.2,
1/29/2025 11:00,1/29/2025 18:00,Hoàn Kiếm,VN,Asia/Ho_Chi_Minh,203,239.9,28,29.7,118.8,95,202,95,0.25,1019,72,14.9,0,1.2,
1/29/2025 12:00,1/29/2025 19:00,Hoàn Kiếm,VN,Asia/Ho_Chi_Minh,207,271.4,32,20,101,98,193,100,0,1019,71,14.7,0,1.2,
1/29/2025 13:00,1/29/2025 20:00,Hoàn Kiếm,VN,Asia/Ho_Chi_Minh,202,333.8,33.7,14.3,98,94.5,194,100,0,1019,75,14.6,0,1.2,
1/29/2025 14:00,1/29/2025 21:00,Hoàn Kiếm,VN,Asia/Ho_Chi_Minh,204,396.3,35.3,8.7,101,96,195,100,0,1020,80,14.6,0,1.2,
1/29/2025 15:00,1/29/2025 22:00,Hoàn Kiếm,VN,Asia/Ho_Chi_Minh,187,458.7,37,3,83,83,196,100,0,1020,85,14.5,0,1.2,
1/29/2025 16:00,1/29/2025 23:00,Hoàn Kiếm,VN,Asia/Ho_Chi_Minh,134,481.3,35,2.3,60,48,184.3,100,0,1020,88,14.2,0,0.8,
1/29/2025 17:00,1/30/2025 0:00,Hoàn Kiếm,VN,Asia/Ho_Chi_Minh,248,503.8,33,1.7,161.3,129,172.7,100,0,1020,90,14,0,1.2,
1/29/2025 18:00,1/30/2025 1:00,Hoàn Kiếm,VN,Asia/Ho_Chi_Minh,175,526.4,31,1,74,74,161,100,0,1020,93,13.7,0,0.8,
1/29/2025 19:00,1/30/2025 2:00,Hoàn Kiếm,VN,Asia/Ho_Chi_Minh,164,420,18,1.7,66,66,143.7,100,0,1019,94,13.6,0,0.8,
1/29/2025 20:00,1/30/2025 3:00,Hoàn Kiếm,VN,Asia/Ho_Chi_Minh,163,5830.5,7,24.1,94,65,1,100,0,1019,96,13.6,0,0.8,
1/29/2025 21:00,1/30/2025 4:00,Hoàn Kiếm,VN,Asia/Ho_Chi_Minh,169,440,15,3,69.7,69.67,109,100,0,1019,97,13.5,0,0.8,
1/29/2025 22:00,1/30/2025 5:00,Hoàn Kiếm,VN,Asia/Ho_Chi_Minh,83,4317,7,17.2,85,27.5,1,100,0,1019,97,13.5,0,0.8,
1/29/2025 23:00,1/30/2025 6:00,Hoàn Kiếm,VN,Asia/Ho_Chi_Minh,256,742.3,20.7,3.7,168.8,135,105.7,100,0,1019,97,13.5,0,1.2,
1/30/2025 0:00,1/30/2025 7:00,Hoàn Kiếm,VN,Asia/Ho_Chi_Minh,169,893.5,23.6,4,107.4,70.04,104,100,0,1020,97,13.5,0.6,1.2,
1/30/2025 1:00,1/30/2025 8:00,Hoàn Kiếm,VN,Asia/Ho_Chi_Minh,152,2277.3,11.4,17.8,65.6,56.75,1.5,100,0,1020,95,13.9,0.8,1.2,
1/30/2025 2:00,1/30/2025 9:00,Hoàn Kiếm,VN,Asia/Ho_Chi_Minh,154,2821.7,11.8,17.4,70,58.75,1,100,0,1020,94,14.3,1.1,1.2,
1/30/2025 3:00,1/30/2025 10:00,Hoàn Kiếm,VN,Asia/Ho_Chi_Minh,153,2482.2,13.2,18.7,70.1,57.5,1,100,0,1021,92,14.7,1.6,0.8,
1/30/2025 4:00,1/30/2025 11:00,Hoàn Kiếm,VN,Asia/Ho_Chi_Minh,158,1908.4,30.1,27.3,106.8,61.43,1,100,0,1020,89,15.1,2.1,0.4,
1/30/2025 5:00,1/30/2025 12:00,Hoàn Kiếm,VN,Asia/Ho_Chi_Minh,150,2317.8,17.2,29.9,76.4,55.57,1,100,0,1019,87,15.6,2.3,0.4,
1/30/2025 6:00,1/30/2025 13:00,Hoàn Kiếm,VN,Asia/Ho_Chi_Minh,158,4676.5,7,18.1,81,61.67,2.5,100,0,1018,85,16,2.3,0.4,
1/30/2025 7:00,1/30/2025 14:00,Hoàn Kiếm,VN,Asia/Ho_Chi_Minh,188,1206.3,21.5,20.9,84.8,83.83,2.3,100,0,1017,84,16.3,1.8,0.4,
1/30/2025 8:00,1/30/2025 15:00,Hoàn Kiếm,VN,Asia/Ho_Chi_Minh,173,2085.9,42.8,17.3,100.1,72.5,3.5,100,0,1016,83,16.7,1.2,0.8,
1/30/2025 9:00,1/30/2025 16:00,Hoàn Kiếm,VN,Asia/Ho_Chi_Minh,191,1077.4,22.8,26.5,89.8,86.57,2,100,0,1016,82,17,0.9,1.6,
1/30/2025 10:00,1/30/2025 17:00,Hoàn Kiếm,VN,Asia/Ho_Chi_Minh,170,2392.2,22.6,22.1,95,70.57,1,100,0,1016,83,16.8,1,1.6,
1/30/2025 11:00,1/30/2025 18:00,Hoàn Kiếm,VN,Asia/Ho_Chi_Minh,183,2856.3,23.8,17.2,98.9,80.38,1,100,0,1016,84,16.7,0,1.2,
1/30/2025 12:00,1/30/2025 19:00,Hoàn Kiếm,VN,Asia/Ho_Chi_Minh,173,7071.5,7,17.1,99.5,72.33,2,100,0,1017,85,16.5,0,1.6,
1/30/2025 13:00,1/30/2025 20:00,Hoàn Kiếm,VN,Asia/Ho_Chi_Minh,210,1644.8,26.5,15.2,101.8,100.83,2,100,0,1017,87,16.4,0,1.6,
1/30/2025 14:00,1/30/2025 21:00,Hoàn Kiếm,VN,Asia/Ho_Chi_Minh,194,3568.4,57,12.8,128.4,88.25,2.5,100,0.5,1018,88,16.3,0,1.2,
1/30/2025 15:00,1/30/2025 22:00,Hoàn Kiếm,VN,Asia/Ho_Chi_Minh,184,6249,107.5,11.4,167,80.67,2,100,0.75,1018,90,16.2,0,1.2,
1/30/2025 16:00,1/30/2025 23:00,Hoàn Kiếm,VN,Asia/Ho_Chi_Minh,213,1477,26.3,16.5,104.6,103,2,100,0,1018,90,16.2,0,0.33,
1/30/2025 17:00,1/31/2025 0:00,Hoàn Kiếm,VN,Asia/Ho_Chi_Minh,171,3619.3,18.8,25.5,105.6,71,1,100,0,1017,90,16.1,0,0.66,
1/30/2025 18:00,1/31/2025 1:00,Hoàn Kiếm,VN,Asia/Ho_Chi_Minh,195,1241,30,26.7,89,89,2,100,0.5,1017,90,16.1,0,1,
1/30/2025 19:00,1/31/2025 2:00,Hoàn Kiếm,VN,Asia/Ho_Chi_Minh,209,1097.2,45.8,1.1,121.8,99.83,2.2,100,0,1017,91,15.9,0,0.83,
1/30/2025 20:00,1/31/2025 3:00,Hoàn Kiếm,VN,Asia/Ho_Chi_Minh,197,993.2,38.8,13.8,113.4,90.86,2,100,0,1017,92,15.8,0,0.66,
1/30/2025 21:00,1/31/2025 4:00,Hoàn Kiếm,VN,Asia/Ho_Chi_Minh,186,2561.9,30.3,11.1,117.4,82.75,2.5,100,0,1017,93,15.7,0,0.5,
1/30/2025 22:00,1/31/2025 5:00,Hoàn Kiếm,VN,Asia/Ho_Chi_Minh,186,4366.3,65,12.9,133.3,82.5,1,100,0,1017,94,15.5,0,0.33,
1/30/2025 23:00,1/31/2025 6:00,Hoàn Kiếm,VN,Asia/Ho_Chi_Minh,169,932.5,11.8,11.5,73.6,69.4,2.8,100,0,1017,96,15.3,0,0.16,
1/31/2025 0:00,1/31/2025 7:00,Hoàn Kiếm,VN,Asia/Ho_Chi_Minh,150,1746.4,24.8,11.7,88.5,55.58,3,100,0,1017,97,15.2,0.6,1.2,
1/31/2025 1:00,1/31/2025 8:00,Hoàn Kiếm,VN,Asia/Ho_Chi_Minh,176,6979.7,69,13.6,130,74.67,3.5,100,0,1018,96,15.5,0.7,1.2,
1/31/2025 2:00,1/31/2025 9:00,Hoàn Kiếm,VN,Asia/Ho_Chi_Minh,161,1208.2,31.2,1.1,78.8,63.67,2.7,100,0,1018,95,15.9,1.1,1.2,
1/31/2025 3:00,1/31/2025 10:00,Hoàn Kiếm,VN,Asia/Ho_Chi_Minh,123,3733.3,27.7,10.8,64.4,44,2.5,100,0.25,1018,94,16.2,1.6,1.6,
1/31/2025 4:00,1/31/2025 11:00,Hoàn Kiếm,VN,Asia/Ho_Chi_Minh,108,6297.7,61.5,13.7,81.7,38.33,1,100,0,1017,91,16.9,2.1,1.2,
1/31/2025 5:00,1/31/2025 12:00,Hoàn Kiếm,VN,Asia/Ho_Chi_Minh,145,1081,17.3,14.9,52,52,2.8,100,0,1016,87,17.5,2.3,0.4,
1/31/2025 6:00,1/31/2025 13:00,Hoàn Kiếm,VN,Asia/Ho_Chi_Minh,80,8423,7,16.9,60,12.5,3,100,0,1015,84,18.2,2.2,0.4,
1/31/2025 7:00,1/31/2025 14:00,Hoàn Kiếm,VN,Asia/Ho_Chi_Minh,164,1253.2,23,19,71.7,65.57,4,100,0,1015,84,18.5,1.8,0.8,
1/31/2025 8:00,1/31/2025 15:00,Hoàn Kiếm,VN,Asia/Ho_Chi_Minh,162,2215.4,32.2,20.7,107.5,64.54,7,100,0,1014,83,18.9,1.3,1.2,
1/31/2025 9:00,1/31/2025 16:00,Hoàn Kiếm,VN,Asia/Ho_Chi_Minh,164,2834.8,17.4,23.2,81,66.13,6,100,0,1013,82,19.2,0.8,2,
1/31/2025 10:00,1/31/2025 17:00,Hoàn Kiếm,VN,Asia/Ho_Chi_Minh,176,3139.2,19,22.7,90.6,74.63,1,100,0,1014,85,18.9,1.5,2.4,
1/31/2025 11:00,1/31/2025 18:00,Hoàn Kiếm,VN,Asia/Ho_Chi_Minh,189,3547.5,20.2,22.8,107.4,84.88,1,100,0,1014,88,18.5,0,2,
1/31/2025 12:00,1/31/2025 19:00,Hoàn Kiếm,VN,Asia/Ho_Chi_Minh,183,4363.7,19,20.5,118.6,80.29,4.5,100,0,1014,90,18.2,0,2,
1/31/2025 13:00,1/31/2025 20:00,Hoàn Kiếm,VN,Asia/Ho_Chi_Minh,174,7355,96,19.5,178.7,73.33,6,100,0,1015,92,18.1,0,2,
1/31/2025 14:00,1/31/2025 21:00,Hoàn Kiếm,VN,Asia/Ho_Chi_Minh,254,1676.6,52.2,8.6,165.3,133.83,5.8,100,0,1015,93,18.1,0,2,
1/31/2025 15:00,1/31/2025 22:00,Hoàn Kiếm,VN,Asia/Ho_Chi_Minh,230,4568.6,51.2,15.2,161,115.75,6.5,100,0,1016,94,18,0,1.6,
1/31/2025 16:00,1/31/2025 23:00,Hoàn Kiếm,VN,Asia/Ho_Chi_Minh,236,4597.4,51,15,165.5,119.75,1.5,100,0,1015,95,17.9,0,1.6,
1/31/2025 17:00,2/1/2025 0:00,Hoàn Kiếm,VN,Asia/Ho_Chi_Minh,152,267.9,36.3,46,71.3,57,87.7,0,0,1012,83,15.8,0,1,
1/31/2025 18:00,2/1/2025 1:00,Hoàn Kiếm,VN,Asia/Ho_Chi_Minh,134,283,38,39,60,48,87,0,0,1012,85,15.5,0,1,
1/31/2025 19:00,2/1/2025 2:00,Hoàn Kiếm,VN,Asia/Ho_Chi_Minh,129,290.6,36,37.3,57.5,46,87,1,0,1012,88,15,0,0.66,
1/31/2025 20:00,2/1/2025 3:00,Hoàn Kiếm,VN,Asia/Ho_Chi_Minh,137,298.2,34,35.7,61.3,49,87,2,0,1011,91,14.5,0,0.33,
1/31/2025 21:00,2/1/2025 4:00,Hoàn Kiếm,VN,Asia/Ho_Chi_Minh,155,305.8,32,34,73.8,59,87,8,0,1011,94,14,0,1.2,
1/31/2025 22:00,2/1/2025 5:00,Hoàn Kiếm,VN,Asia/Ho_Chi_Minh,159,309.9,32.3,33.3,77.5,62,95,45,0,1011,89,13.8,0,0.8,
1/31/2025 23:00,2/1/2025 6:00,Hoàn Kiếm,VN,Asia/Ho_Chi_Minh,152,314,32.7,32.7,71.3,57,103,79,0,1012,85,13.7,0,0.8,
2025-01-31T17:00:00,2/1/2025 0:00,Hoàn Kiếm,VN,Asia/Ho_Chi_Minh,74,10,22,46.7,27,,40.3,80,0,1011,89,19.2,0,1,
2025-01-31T18:00:00,2/1/2025 1:00,Hoàn Kiếm,VN,Asia/Ho_Chi_Minh,137,111.5,17,42,61.3,,39,50,0,1011,91,19,0,1,
2025-01-31T19:00:00,2/1/2025 2:00,Hoàn Kiếm,VN,Asia/Ho_Chi_Minh,89,10,18,43.7,30,,34.7,54,0,1011,91,18.9,0,1,
2025-01-31T20:00:00,2/1/2025 3:00,Hoàn Kiếm,VN,Asia/Ho_Chi_Minh,98,10,24,45.3,36,,30.3,58,0,1011,91,18.9,0,1,
2025-01-31T21:00:00,2/1/2025 4:00,Hoàn Kiếm,VN,Asia/Ho_Chi_Minh,99,10,24,47,36,,26,62,0,1011,91,18.8,0,1,
2025-01-31T22:00:00,2/1/2025 5:00,Hoàn Kiếm,VN,Asia/Ho_Chi_Minh,103,10,25,48,38,,27.3,66,0,1011,92,18.7,0,1,
2025-01-31T23:00:00,2/1/2025 6:00,Hoàn Kiếm,VN,Asia/Ho_Chi_Minh,74,10,28,49,31,,28.7,70,0,1011,92,18.7,0,1,
2025-02-01T00:00:00,2/1/2025 7:00,Hoàn Kiếm,VN,Asia/Ho_Chi_Minh,123,97.5,14,50,55,,30,75,0,1011,92,18.6,0.6,1,23
2025-02-01T01:00:00,2/1/2025 8:00,Hoàn Kiếm,VN,Asia/Ho_Chi_Minh,103,10,35,59,58,,28.3,83,0,1012,92,18.9,0.7,1.33,49
2025-02-01T02:00:00,2/1/2025 9:00,Hoàn Kiếm,VN,Asia/Ho_Chi_Minh,102,10,35,68,56,,26.7,91,0,1012,92,19.2,1.2,1.66,30
2025-02-01T03:00:00,2/1/2025 10:00,Hoàn Kiếm,VN,Asia/Ho_Chi_Minh,110,10,44,77,60,,25,100,0,1013,92,19.5,2,2,34
2025-02-01T04:00:00,2/1/2025 11:00,Hoàn Kiếm,VN,Asia/Ho_Chi_Minh,98,10,23,80,34,,25.7,91,0,1011,86,20.7,2.1,2.33,34.5
2025-02-01T05:00:00,2/1/2025 12:00,Hoàn Kiếm,VN,Asia/Ho_Chi_Minh,103,10,34,83,43.3,,26.3,83,0,1010,80,21.8,2.3,2.66,36.5
2025-02-01T06:00:00,2/1/2025 13:00,Hoàn Kiếm,VN,Asia/Ho_Chi_Minh,100,10,29,86,35,,27,75,0.5,1009,75,23,2.2,3,23
2025-02-01T07:00:00,2/1/2025 14:00,Hoàn Kiếm,VN,Asia/Ho_Chi_Minh,89,10,36,85,30,,27,83,1,1008,75,23.1,1.8,3,44
2025-02-01T08:00:00,2/1/2025 15:00,Hoàn Kiếm,VN,Asia/Ho_Chi_Minh,98,10,35,84,34,,27,91,1,1007,76,23.3,1.6,3,36.5
2025-02-01T09:00:00,2/1/2025 16:00,Hoàn Kiếm,VN,Asia/Ho_Chi_Minh,93,10,48,83,62,,27,100,1,1006,76,23.4,0.9,3,36
2025-02-01T10:00:00,2/1/2025 17:00,Hoàn Kiếm,VN,Asia/Ho_Chi_Minh,74,10,55,55.9,46,,23.3,100,0.75,1007,78,22.8,1.2,2.66,39
2025-02-01T11:00:00,2/1/2025 18:00,Hoàn Kiếm,VN,Asia/Ho_Chi_Minh,96,10,27.3,28.9,43.3,,19.7,100,1,1007,81,22.2,0,2.33,34
2025-02-01T12:00:00,2/1/2025 19:00,Hoàn Kiếm,VN,Asia/Ho_Chi_Minh,98,10,17,1.8,34,,16,100,0.75,1008,83,21.6,0,2,36.33
2025-02-01T13:00:00,2/1/2025 20:00,Hoàn Kiếm,VN,Asia/Ho_Chi_Minh,99,39.5,17.7,17.2,35.3,,26,100,1,1008,84,21.3,0,2,35
2025-02-01T14:00:00,2/1/2025 21:00,Hoàn Kiếm,VN,Asia/Ho_Chi_Minh,100,69.1,18.3,32.6,36.7,,36,100,0,1009,85,20.9,0,2,30
2025-02-01T15:00:00,2/1/2025 22:00,Hoàn Kiếm,VN,Asia/Ho_Chi_Minh,102,98.6,19,48,38,,46,100,0,1010,86,20.6,0,2,34
2025-02-01T16:00:00,2/1/2025 23:00,Hoàn Kiếm,VN,Asia/Ho_Chi_Minh,67,69.1,20.3,46.7,25,,44.3,95,0,1010,86,20.5,0,2,32
2025-02-01T17:00:00,2/2/2025 0:00,Hoàn Kiếm,VN,Asia/Ho_Chi_Minh,78,10,28,45.3,50,,42.7,91,0,1010,86,20.5,0,2,23
2025-02-01T18:00:00,2/2/2025 1:00,Hoàn Kiếm,VN,Asia/Ho_Chi_Minh,71,10,23,44,36,,41,87,0,1010,86,20.4,0,2,33.33
2025-02-01T19:00:00,2/2/2025 2:00,Hoàn Kiếm,VN,Asia/Ho_Chi_Minh,107,34.7,20,42.3,47.5,,38,91,0.25,1010,87,20.2,0,1.66,34
2025-02-01T20:00:00,2/2/2025 3:00,Hoàn Kiếm,VN,Asia/Ho_Chi_Minh,115,59.4,17,40.7,51.3,,35,95,0.75,1010,88,20.1,0,1.33,34.67
2025-02-01T21:00:00,2/2/2025 4:00,Hoàn Kiếm,VN,Asia/Ho_Chi_Minh,121,84,14,39,53.8,,32,100,0.5,1010,89,19.9,0,1,35.33
2025-02-01T22:00:00,2/2/2025 5:00,Hoàn Kiếm,VN,Asia/Ho_Chi_Minh,119,84.2,13.7,41.7,52.9,,32.7,100,1,1010,88,19.9,0,1.33,36
2025-02-01T23:00:00,2/2/2025 6:00,Hoàn Kiếm,VN,Asia/Ho_Chi_Minh,110,84.4,13.3,44.3,48.8,,33.3,100,1,1011,87,19.8,0,1.66,20
2025-02-02T00:00:00,2/2/2025 7:00,Hoàn Kiếm,VN,Asia/Ho_Chi_Minh,115,84.6,13,47,51.3,,34,100,1,1011,86,19.8,0.6,2,25
2025-02-02T01:00:00,2/2/2025 8:00,Hoàn Kiếm,VN,Asia/Ho_Chi_Minh,110,81.3,12.3,54,48.8,,37.7,100,0.75,1012,84,20.4,0.7,2,21.5
2025-02-02T02:00:00,2/2/2025 9:00,Hoàn Kiếm,VN,Asia/Ho_Chi_Minh,85,10,35,61,43,,41.3,100,0.5,1012,82,20.9,1.1,2,38
2025-02-02T03:00:00,2/2/2025 10:00,Hoàn Kiếm,VN,Asia/Ho_Chi_Minh,89,74.7,11,68,32,,45,100,0,1013,80,21.5,2,2,41
2025-02-02T04:00:00,2/2/2025 11:00,Hoàn Kiếm,VN,Asia/Ho_Chi_Minh,82,73.3,11.3,70,28.3,,40.7,100,0,1012,78,21.9,2.1,2.33,43
2025-02-02T05:00:00,2/2/2025 12:00,Hoàn Kiếm,VN,Asia/Ho_Chi_Minh,74,72,11.7,72,24.7,,36.3,100,0,1011,76,22.4,2.3,2.66,42.33
2025-02-02T06:00:00,2/2/2025 13:00,Hoàn Kiếm,VN,Asia/Ho_Chi_Minh,67,70.6,12,74,21,,32,100,0,1011,74,22.8,2.2,3,39
2025-02-02T07:00:00,2/2/2025 14:00,Hoàn Kiếm,VN,Asia/Ho_Chi_Minh,70,74.5,14,70.7,22.3,,32,100,0,1010,73,22.8,1.8,3,41
2025-02-02T08:00:00,2/2/2025 15:00,Hoàn Kiếm,VN,Asia/Ho_Chi_Minh,74,10,69,67.3,26,,32,100,0.5,1009,72,22.8,1.3,3,39
2025-02-02T09:00:00,2/2/2025 16:00,Hoàn Kiếm,VN,Asia/Ho_Chi_Minh,76,82.3,18,64,25,,32,100,0.5,1009,71,22.8,0.9,3,28
2025-02-02T10:00:00,2/2/2025 17:00,Hoàn Kiếm,VN,Asia/Ho_Chi_Minh,85,103.1,18,59,32.1,,41.7,91,1,1009,74,22.3,0.9,2.66,30
2025-02-02T11:00:00,2/2/2025 18:00,Hoàn Kiếm,VN,Asia/Ho_Chi_Minh,95,123.9,18,54,39.2,,51.3,83,1,1010,78,21.9,0,2.33,26.67
2025-02-02T12:00:00,2/2/2025 19:00,Hoàn Kiếm,VN,Asia/Ho_Chi_Minh,104,144.7,18,49,46.3,,61,75,1,1010,82,21.4,0,2,23.33
2025-02-02T13:00:00,2/2/2025 20:00,Hoàn Kiếm,VN,Asia/Ho_Chi_Minh,100,10,51,45,41,,74.7,79,1,1011,83,21.1,0,2,20
2025-02-02T14:00:00,2/2/2025 21:00,Hoàn Kiếm,VN,Asia/Ho_Chi_Minh,108,10,25.5,1.8,41,,16,83,0,1012,85,20.7,0,2,21.33
2025-02-02T15:00:00,2/2/2025 22:00,Hoàn Kiếm,VN,Asia/Ho_Chi_Minh,94,10,29,37,43.5,,102,87,0,1013,86,20.4,0,2,23
2025-02-02T16:00:00,2/2/2025 23:00,Hoàn Kiếm,VN,Asia/Ho_Chi_Minh,76,10,33.3,36.7,30,,101.3,91,0,1013,86,20.3,0,2,24
2025-02-02T17:00:00,2/3/2025 0:00,Hoàn Kiếm,VN,Asia/Ho_Chi_Minh,102,10,32,36.3,38,,100.7,95,0,1013,85,20.2,0,2,28.33
2025-02-02T18:00:00,2/3/2025 1:00,Hoàn Kiếm,VN,Asia/Ho_Chi_Minh,116,10,42,36,53,,100,100,0,1014,85,20.1,0,2,32.67
2025-02-02T19:00:00,2/3/2025 2:00,Hoàn Kiếm,VN,Asia/Ho_Chi_Minh,93,10,26,37,50,,96,100,0,1014,81,19.2,0,2.66,37
2025-02-02T20:00:00,2/3/2025 3:00,Hoàn Kiếm,VN,Asia/Ho_Chi_Minh,65,10,22,38,40,,92,100,0,1015,77,18.2,0,3.33,35
2025-02-02T21:00:00,2/3/2025 4:00,Hoàn Kiếm,VN,Asia/Ho_Chi_Minh,65,10,22,39,25,,88,100,0,1015,73,17.3,0,4,38.5
2025-02-02T22:00:00,2/3/2025 5:00,Hoàn Kiếm,VN,Asia/Ho_Chi_Minh,42,71.6,17.3,41.3,13,,85.3,100,0,1016,72,16.9,0,4,32.33
2025-02-02T23:00:00,2/3/2025 6:00,Hoàn Kiếm,VN,Asia/Ho_Chi_Minh,58,10,26,43.7,23,,82.7,100,0,1017,71,16.6,0,4,24
2025-02-03T00:00:00,2/3/2025 7:00,Hoàn Kiếm,VN,Asia/Ho_Chi_Minh,46,194.9,8,46,11,,80,100,0,1018,69,16.2,0.6,4,36
2025-02-03T01:00:00,2/3/2025 8:00,Hoàn Kiếm,VN,Asia/Ho_Chi_Minh,57,185.6,8,49.7,15.7,,79.7,100,0,1019,68,16.1,0.8,3.66,41.5
2025-02-03T02:00:00,2/3/2025 9:00,Hoàn Kiếm,VN,Asia/Ho_Chi_Minh,67,176.2,8,53.3,25,,79.3,100,0,1021,67,16.1,1.1,3.33,32
2025-02-03T03:00:00,2/3/2025 10:00,Hoàn Kiếm,VN,Asia/Ho_Chi_Minh,75,166.9,8,57,25,,79,100,0,1022,65,16,1.6,3,19
2025-02-03T04:00:00,2/3/2025 11:00,Hoàn Kiếm,VN,Asia/Ho_Chi_Minh,74,114.6,23,62.7,28.3,,77.7,100,0,1021,62,16.5,2.1,3.33,19
2025-02-03T05:00:00,2/3/2025 12:00,Hoàn Kiếm,VN,Asia/Ho_Chi_Minh,76,62.3,38,68.3,24,,76.3,100,0,1021,58,16.9,2.4,3.66,10
2025-02-03T06:00:00,2/3/2025 13:00,Hoàn Kiếm,VN,Asia/Ho_Chi_Minh,72,10,53,74,35,,75,100,0,1020,55,17.4,2.2,4,15.5
2025-02-03T07:00:00,2/3/2025 14:00,Hoàn Kiếm,VN,Asia/Ho_Chi_Minh,56,10,8,5.3,15,,14,100,0,1019,53,17.7,1.8,3.33,11
2025-02-03T08:00:00,2/3/2025 15:00,Hoàn Kiếm,VN,Asia/Ho_Chi_Minh,52,10,37,77.3,16,,81.7,100,0,1018,51,17.9,1.3,2.66,15.17
2025-02-03T09:00:00,2/3/2025 16:00,Hoàn Kiếm,VN,Asia/Ho_Chi_Minh,61,10,29,79,19.5,,85,100,0,1018,49,18.2,0.8,2,20
2025-02-03T10:00:00,2/3/2025 17:00,Hoàn Kiếm,VN,Asia/Ho_Chi_Minh,70,10,35.3,78.3,25.8,,83.7,79,0,1019,50,18,0.7,2.33,23.5
2025-02-03T11:00:00,2/3/2025 18:00,Hoàn Kiếm,VN,Asia/Ho_Chi_Minh,82,10,36,77.7,36,,82.3,58,0,1019,51,17.8,0,2.66,23.11
2025-02-03T12:00:00,2/3/2025 19:00,Hoàn Kiếm,VN,Asia/Ho_Chi_Minh,88,10,48,77,38.3,,81,37,0,1020,52,17.6,0,3,24
2025-02-03T13:00:00,2/3/2025 20:00,Hoàn Kiếm,VN,Asia/Ho_Chi_Minh,80,10,54.5,77.7,35,,78.7,58,0,1021,52,17.3,0,3,22.33
2025-02-03T14:00:00,2/3/2025 21:00,Hoàn Kiếm,VN,Asia/Ho_Chi_Minh,74,10,59,78.3,30,,76.3,79,0,1022,52,17,0,3,15
2025-02-03T15:00:00,2/3/2025 22:00,Hoàn Kiếm,VN,Asia/Ho_Chi_Minh,87,127.8,7,79,36,,74,100,0,1023,52,16.7,0,3,13
2025-02-03T16:00:00,2/3/2025 23:00,Hoàn Kiếm,VN,Asia/Ho_Chi_Minh,90,10,55,77.3,53,,72.3,100,0,1022,52,16.5,0,2.66,17
2025-02-03T17:00:00,2/4/2025 0:00,Hoàn Kiếm,VN,Asia/Ho_Chi_Minh,82,10,57,75.7,40.5,,70.7,100,0,1022,52,16.4,0,2.33,21.22
2025-02-03T18:00:00,2/4/2025 1:00,Hoàn Kiếm,VN,Asia/Ho_Chi_Minh,77,10,49,74,36.5,,69,100,0,1022,51,16.2,0,2,27
2025-02-03T19:00:00,2/4/2025 2:00,Hoàn Kiếm,VN,Asia/Ho_Chi_Minh,76,10,39,73.7,35,,68.3,95,0,1022,51,16,0,2,29.67
2025-02-03T20:00:00,2/4/2025 3:00,Hoàn Kiếm,VN,Asia/Ho_Chi_Minh,73,10,37,73.3,30,,67.7,91,0,1022,51,15.9,0,2,25.67
2025-02-03T21:00:00,2/4/2025 4:00,Hoàn Kiếm,VN,Asia/Ho_Chi_Minh,71,10,42,73,27,,67,87,0,1022,51,15.7,0,2,23
2025-02-03T22:00:00,2/4/2025 5:00,Hoàn Kiếm,VN,Asia/Ho_Chi_Minh,77,10,48.3,73,31.5,,71.7,91,0,1022,50,15.6,0,2.33,29
2025-02-03T23:00:00,2/4/2025 6:00,Hoàn Kiếm,VN,Asia/Ho_Chi_Minh,81,10,45,73,35,,76.3,95,0,1023,50,15.4,0,2.66,30.5
2025-02-04T00:00:00,2/4/2025 7:00,Hoàn Kiếm,VN,Asia/Ho_Chi_Minh,89,10,61,73,40.5,,81,100,0,1023,49,15.3,0.7,3,27
2025-02-04T01:00:00,2/4/2025 8:00,Hoàn Kiếm,VN,Asia/Ho_Chi_Minh,85,10,70,75.3,36.5,,90.7,95,0,1024,47,15.7,0.9,3,24.67
2025-02-04T02:00:00,2/4/2025 9:00,Hoàn Kiếm,VN,Asia/Ho_Chi_Minh,91,10,72,77.7,41.5,,100.3,91,0,1024,45,16.1,1.3,3,24
2025-02-04T03:00:00,2/4/2025 10:00,Hoàn Kiếm,VN,Asia/Ho_Chi_Minh,83,10,61,80,34,,110,87,0,1025,44,16.5,1.8,3,22.67
2025-02-04T04:00:00,2/4/2025 11:00,Hoàn Kiếm,VN,Asia/Ho_Chi_Minh,84,10,56.7,88.7,35,,113.3,92,0,1023,42,17.3,2.5,2.66,21.5
2025-02-04T05:00:00,2/4/2025 12:00,Hoàn Kiếm,VN,Asia/Ho_Chi_Minh,89,10,52,97.3,41,,116.7,88,0,1022,40,18.2,3,2.33,24.33
2025-02-04T06:00:00,2/4/2025 13:00,Hoàn Kiếm,VN,Asia/Ho_Chi_Minh,87,10,48,106,37,,120,79,0,1021,38,19,3.3,2,26.5
2025-02-04T07:00:00,2/4/2025 14:00,Hoàn Kiếm,VN,Asia/Ho_Chi_Minh,85,10,46,111.7,36,,122.3,69,0,1019,38,19.3,3.1,2,30
2025-02-04T08:00:00,2/4/2025 15:00,Hoàn Kiếm,VN,Asia/Ho_Chi_Minh,85,10,52,117.3,28,,124.7,48,0,1018,38,19.7,2.8,2,28.33
2025-02-04T09:00:00,2/4/2025 16:00,Hoàn Kiếm,VN,Asia/Ho_Chi_Minh,110,137.1,7,123,41,,127,72,0,1017,38,20,1.4,2,31
2025-02-04T10:00:00,2/4/2025 17:00,Hoàn Kiếm,VN,Asia/Ho_Chi_Minh,89,10,54,104.7,36,,127,75,0,1017,40,19.3,1,1.66,27.33
2025-02-04T11:00:00,2/4/2025 18:00,Hoàn Kiếm,VN,Asia/Ho_Chi_Minh,92,10,65,86.3,39,,127,50,0,1017,42,18.5,0,1.33,27.89
2025-02-04T12:00:00,2/4/2025 19:00,Hoàn Kiếm,VN,Asia/Ho_Chi_Minh,110,10,92,68,60,,127,75,0,1017,44,17.8,0,1,30
2025-02-04T13:00:00,2/4/2025 20:00,Hoàn Kiếm,VN,Asia/Ho_Chi_Minh,139,10,46,65,72,,115.3,75,0,1017,51,17.4,0,1.66,29
2025-02-04T14:00:00,2/4/2025 21:00,Hoàn Kiếm,VN,Asia/Ho_Chi_Minh,118,10,37,62,42,,103.7,75,0,1018,58,16.9,0,2.33,28
2025-02-04T15:00:00,2/4/2025 22:00,Hoàn Kiếm,VN,Asia/Ho_Chi_Minh,102,10,51,59,64,,92,75,0,1018,66,16.5,0,3,28
2025-02-04T16:00:00,2/4/2025 23:00,Hoàn Kiếm,VN,Asia/Ho_Chi_Minh,152,10,47.7,57.7,71.3,,81,79,0,1018,68,16.1,0,3,39
2025-02-04T17:00:00,2/5/2025 0:00,Hoàn Kiếm,VN,Asia/Ho_Chi_Minh,107,10,45,56.3,70,,70,83,0,1017,71,15.8,0,3,30
2025-02-04T18:00:00,2/5/2025 1:00,Hoàn Kiếm,VN,Asia/Ho_Chi_Minh,115,10,41,55,76,,59,87,0,1017,74,15.4,0,3,31.5
2025-02-04T19:00:00,2/5/2025 2:00,Hoàn Kiếm,VN,Asia/Ho_Chi_Minh,103,10,58,52,48,,58,91,0,1017,74,15.3,0,2.33,39
2025-02-04T20:00:00,2/5/2025 3:00,Hoàn Kiếm,VN,Asia/Ho_Chi_Minh,102,10,68,49,49,,57,95,0,1016,75,15.2,0,1.66,50
2025-02-04T21:00:00,2/5/2025 4:00,Hoàn Kiếm,VN,Asia/Ho_Chi_Minh,169,194.3,16,46,71,,56,100,0,1016,75,15.1,0,1,42
2025-02-04T22:00:00,2/5/2025 5:00,Hoàn Kiếm,VN,Asia/Ho_Chi_Minh,104,10,82,31,52,,42,100,0,1016,76,15.1,0,1.33,36
2025-02-04T23:00:00,2/5/2025 6:00,Hoàn Kiếm,VN,Asia/Ho_Chi_Minh,108,10,29,16,39,,28,100,0,1017,77,15.2,0,1.66,57
2025-02-05T00:00:00,2/5/2025 7:00,Hoàn Kiếm,VN,Asia/Ho_Chi_Minh,108,10,43,1,62,,14,100,0,1017,78,15.2,0.6,2,38
2025-02-05T01:00:00,2/5/2025 8:00,Hoàn Kiếm,VN,Asia/Ho_Chi_Minh,129,10,39,25.6,46,,41.7,100,0,1018,76,15.6,0.8,2,41
2025-02-05T02:00:00,2/5/2025 9:00,Hoàn Kiếm,VN,Asia/Ho_Chi_Minh,152,10,102,50.3,76,,69.3,100,0,1018,74,16,1.1,2,36.33
2025-02-05T03:00:00,2/5/2025 10:00,Hoàn Kiếm,VN,Asia/Ho_Chi_Minh,160,167.5,16,75,64,,97,100,0,1018,73,16.4,1.8,2,36
2025-02-05T04:00:00,2/5/2025 11:00,Hoàn Kiếm,VN,Asia/Ho_Chi_Minh,129,10,62,77.3,46,,85.3,100,0,1017,71,17,2.4,2.33,70
2025-02-05T05:00:00,2/5/2025 12:00,Hoàn Kiếm,VN,Asia/Ho_Chi_Minh,131,10,67,79.7,47,,73.7,100,0.5,1016,69,17.7,2.4,2.66,37
2025-02-05T06:00:00,2/5/2025 13:00,Hoàn Kiếm,VN,Asia/Ho_Chi_Minh,131,10,67,82,47,,62,100,0.5,1014,67,18.3,2.3,3,38.5
2025-02-05T07:00:00,2/5/2025 14:00,Hoàn Kiếm,VN,Asia/Ho_Chi_Minh,152,10,55,79.3,90,,59.7,100,0.75,1014,66,18.4,1.8,2.66,38.5
2025-02-05T08:00:00,2/5/2025 15:00,Hoàn Kiếm,VN,Asia/Ho_Chi_Minh,148,10,69,76.7,81,,57.3,100,0.75,1013,65,18.5,1.3,2.33,46
2025-02-05T09:00:00,2/5/2025 16:00,Hoàn Kiếm,VN,Asia/Ho_Chi_Minh,203,154.7,20,74,118.8,,55,100,1,1012,64,18.6,0.9,2,54.5
2025-02-05T10:00:00,2/5/2025 17:00,Hoàn Kiếm,VN,Asia/Ho_Chi_Minh,173,10,74,66,98,,61,100,1,1013,68,18.2,0.7,2,63
2025-02-05T11:00:00,2/5/2025 18:00,Hoàn Kiếm,VN,Asia/Ho_Chi_Minh,179,10,96,58,116,,67,100,0.5,1013,73,17.9,0,2,46
2025-02-05T12:00:00,2/5/2025 19:00,Hoàn Kiếm,VN,Asia/Ho_Chi_Minh,177,10,92,50,128,,73,100,0.5,1014,77,17.5,0,2,47
2025-02-05T13:00:00,2/5/2025 20:00,Hoàn Kiếm,VN,Asia/Ho_Chi_Minh,171,10,76,49,92.5,,75,100,0,1014,78,17.5,0,2,47
2025-02-05T14:00:00,2/5/2025 21:00,Hoàn Kiếm,VN,Asia/Ho_Chi_Minh,187,10,77.3,48,110.7,,77,100,0,1015,78,17.4,0,2,54.5
2025-02-05T15:00:00,2/5/2025 22:00,Hoàn Kiếm,VN,Asia/Ho_Chi_Minh,192,10,70,47,102,,79,100,0,1015,79,17.4,0,2,53
2025-02-05T16:00:00,2/5/2025 23:00,Hoàn Kiếm,VN,Asia/Ho_Chi_Minh,201,10,63,45.7,100.5,,76.3,100,0,1015,83,16.8,0,1.66,95
2025-02-05T17:00:00,2/6/2025 0:00,Hoàn Kiếm,VN,Asia/Ho_Chi_Minh,220,10,69,44.3,108,,73.7,100,0,1015,88,16.1,0,1.33,72.5
2025-02-05T18:00:00,2/6/2025 1:00,Hoàn Kiếm,VN,Asia/Ho_Chi_Minh,228,10,49,43,130,,71,100,0,1015,93,15.5,0,1,77.5
2025-02-05T19:00:00,2/6/2025 2:00,Hoàn Kiếm,VN,Asia/Ho_Chi_Minh,234,10,44,42.7,148,,69.7,100,0,1015,92,15.5,0,1,76
2025-02-05T20:00:00,2/6/2025 3:00,Hoàn Kiếm,VN,Asia/Ho_Chi_Minh,168,10,58,42.3,154,,68.3,100,0,1014,92,15.5,0,1,71
2025-02-05T21:00:00,2/6/2025 4:00,Hoàn Kiếm,VN,Asia/Ho_Chi_Minh,158,175.7,15,42,197.5,,67,100,0.25,1014,92,15.5,0,1,83.33
2025-02-05T22:00:00,2/6/2025 5:00,Hoàn Kiếm,VN,Asia/Ho_Chi_Minh,241,10,78,40.3,184,,67.7,100,0.5,1015,92,15.5,0,0.66,87
2025-02-05T23:00:00,2/6/2025 6:00,Hoàn Kiếm,VN,Asia/Ho_Chi_Minh,217,10,71,38.7,134,,68.3,100,0.5,1015,92,15.5,0,0.33,93.67
2025-02-06T00:00:00,2/6/2025 7:00,Hoàn Kiếm,VN,Asia/Ho_Chi_Minh,201,10,45,37,112,,69,100,0.5,1015,91,15.5,0.6,0.8,108
2025-02-06T01:00:00,2/6/2025 8:00,Hoàn Kiếm,VN,Asia/Ho_Chi_Minh,197,10,47,42,116,,73,100,0.5,1016,92,15.7,0.8,0.33,114
2025-02-06T02:00:00,2/6/2025 9:00,Hoàn Kiếm,VN,Asia/Ho_Chi_Minh,190,10,47,47,108,,77,100,0,1016,92,15.8,1.1,0.66,118.5
2025-02-06T03:00:00,2/6/2025 10:00,Hoàn Kiếm,VN,Asia/Ho_Chi_Minh,185,10,48,52,106,,81,100,0,1016,93,16,1.7,1,69
2025-02-06T04:00:00,2/6/2025 11:00,Hoàn Kiếm,VN,Asia/Ho_Chi_Minh,173,10,51,57,94,,82,100,0,1015,91,16.2,2.2,0.66,158
2025-02-06T05:00:00,2/6/2025 12:00,Hoàn Kiếm,VN,Asia/Ho_Chi_Minh,170,10,52,62,98,,83,100,0,1014,90,16.5,2.4,0.33,123.5
2025-02-06T06:00:00,2/6/2025 13:00,Hoàn Kiếm,VN,Asia/Ho_Chi_Minh,161,10,65,67,100,,84,100,0,1013,89,16.7,2.3,0.8,106
2025-02-06T07:00:00,2/6/2025 14:00,Hoàn Kiếm,VN,Asia/Ho_Chi_Minh,176,10,77,66.3,93.8,,84.3,100,1,1013,89,16.6,1.9,1.2,93.5
2025-02-06T08:00:00,2/6/2025 15:00,Hoàn Kiếm,VN,Asia/Ho_Chi_Minh,145,10,89,65.7,122,,84.7,100,1,1012,89,16.6,1.3,1.6,90.5
2025-02-06T09:00:00,2/6/2025 16:00,Hoàn Kiếm,VN,Asia/Ho_Chi_Minh,159,10,101,65,110,,85,100,1,1011,89,16.5,0.9,1.6,85.83
2025-02-06T10:00:00,2/6/2025 17:00,Hoàn Kiếm,VN,Asia/Ho_Chi_Minh,154,10,82,58,70,,91,100,1,1012,90,16.3,0.7,2,82
2025-02-06T11:00:00,2/6/2025 18:00,Hoàn Kiếm,VN,Asia/Ho_Chi_Minh,121,10,81,51,62,,97,100,1,1012,90,16.2,0,2,73
2025-02-06T12:00:00,2/6/2025 19:00,Hoàn Kiếm,VN,Asia/Ho_Chi_Minh,124,10,65,44,68.5,,103,100,1,1013,91,16,0,2.4,70.5
2025-02-06T13:00:00,2/6/2025 20:00,Hoàn Kiếm,VN,Asia/Ho_Chi_Minh,107,10,47.7,33.5,43,,69,100,0.5,1014,92,15.8,0,1.33,64
2025-02-06T14:00:00,2/6/2025 21:00,Hoàn Kiếm,VN,Asia/Ho_Chi_Minh,89,10,59,23.1,60,,35,100,0,1015,92,15.7,0,2.66,75
2025-02-06T15:00:00,2/6/2025 22:00,Hoàn Kiếm,VN,Asia/Ho_Chi_Minh,85,10,13,12.6,35,,1,100,0,1015,93,15.5,0,4,52
2025-02-06T16:00:00,2/6/2025 23:00,Hoàn Kiếm,VN,Asia/Ho_Chi_Minh,98,10,48.7,23.4,42.5,,32,100,0,1016,94,15.1,0,4,62.5
2025-02-06T17:00:00,2/7/2025 0:00,Hoàn Kiếm,VN,Asia/Ho_Chi_Minh,76,10,84.3,34.2,30,,63,100,0,1016,95,14.6,0,4,55.33
2025-02-06T18:00:00,2/7/2025 1:00,Hoàn Kiếm,VN,Asia/Ho_Chi_Minh,69,10,120,45,30,,94,100,0,1017,96,14.2,0,4,43
2025-02-06T19:00:00,2/7/2025 2:00,Hoàn Kiếm,VN,Asia/Ho_Chi_Minh,22,10,119.3,48,6,,85.3,100,0,1017,95,13.9,0,3.66,44.33
2025-02-06T20:00:00,2/7/2025 3:00,Hoàn Kiếm,VN,Asia/Ho_Chi_Minh,82,10,119,51,38,,76.7,100,0,1018,95,13.5,0,3.33,38
2025-02-06T21:00:00,2/7/2025 4:00,Hoàn Kiếm,VN,Asia/Ho_Chi_Minh,59,10,118,54,25,,68,100,0,1018,94,13.2,0,3,30
2025-02-06T22:00:00,2/7/2025 5:00,Hoàn Kiếm,VN,Asia/Ho_Chi_Minh,50,10,121,54.3,20,,68.7,100,0.25,1019,94,13.2,0,3,28
2025-02-06T23:00:00,2/7/2025 6:00,Hoàn Kiếm,VN,Asia/Ho_Chi_Minh,65,118.9,43.3,54.7,23.8,,69.3,100,0.5,1019,93,13.2,0,3,34
2025-02-07T00:00:00,2/7/2025 7:00,Hoàn Kiếm,VN,Asia/Ho_Chi_Minh,59,173.3,6,55,20,,70,100,0.25,1020,92,13.2,0.6,3,24
2025-02-07T01:00:00,2/7/2025 8:00,Hoàn Kiếm,VN,Asia/Ho_Chi_Minh,56,171.8,6.7,56.7,17.7,,74.7,100,0,1021,86,13.7,0.8,3,21
2025-02-07T02:00:00,2/7/2025 9:00,Hoàn Kiếm,VN,Asia/Ho_Chi_Minh,53,170.2,7.3,58.3,15.3,,79.3,100,0,1022,80,14.2,1.1,3,5
2025-02-07T03:00:00,2/7/2025 10:00,Hoàn Kiếm,VN,Asia/Ho_Chi_Minh,50,168.7,8,60,13,,84,100,0,1023,74,14.7,1.7,3,27
2025-02-07T04:00:00,2/7/2025 11:00,Hoàn Kiếm,VN,Asia/Ho_Chi_Minh,42,10,8,2.7,12.5,,14,100,0,1022,70,15.2,2.2,3.33,16
2025-02-07T05:00:00,2/7/2025 12:00,Hoàn Kiếm,VN,Asia/Ho_Chi_Minh,56,62.9,126,20.7,26.3,,92,100,0,1021,66,15.7,2.4,3.66,12
2025-02-07T06:00:00,2/7/2025 13:00,Hoàn Kiếm,VN,Asia/Ho_Chi_Minh,59,10,185,1.1,33,,96,100,0.25,1021,62,16.2,2.3,4,19
2025-02-07T07:00:00,2/7/2025 14:00,Hoàn Kiếm,VN,Asia/Ho_Chi_Minh,64,10,148.3,24.4,41.3,,98.3,100,0,1021,66,15.7,1.9,3.66,16
2025-02-07T08:00:00,2/7/2025 15:00,Hoàn Kiếm,VN,Asia/Ho_Chi_Minh,55,10,183.5,1.1,25,,100.7,100,0.5,1022,70,15.2,1.3,3.33,14.67
2025-02-07T09:00:00,2/7/2025 16:00,Hoàn Kiếm,VN,Asia/Ho_Chi_Minh,74,10,75,71,58,,103,100,1,1023,74,14.7,0.9,3,13.33
2025-02-07T10:00:00,2/7/2025 17:00,Hoàn Kiếm,VN,Asia/Ho_Chi_Minh,56,10,32.5,1.8,39,,14,100,0.5,1022,72,14.9,0.7,2.66,12
2025-02-07T11:00:00,2/7/2025 18:00,Hoàn Kiếm,VN,Asia/Ho_Chi_Minh,69,10,61,66.3,39,,94.3,100,0.5,1022,69,15,0,2.33,10
2025-02-07T12:00:00,2/7/2025 19:00,Hoàn Kiếm,VN,Asia/Ho_Chi_Minh,87,164.6,10,64,36.3,,90,100,0.5,1021,67,15.2,0,2,14.67
2025-02-07T13:00:00,2/7/2025 20:00,Hoàn Kiếm,VN,Asia/Ho_Chi_Minh,61,10,74,64,38,,87.7,100,0,1022,67,15,0,2,16
2025-02-07T14:00:00,2/7/2025 21:00,Hoàn Kiếm,VN,Asia/Ho_Chi_Minh,107,10,4,1,47.5,,16,100,0,1022,66,14.9,0,2,18.33
2025-02-07T15:00:00,2/7/2025 22:00,Hoàn Kiếm,VN,Asia/Ho_Chi_Minh,89,154.1,8,64,37.5,,83,100,0,1023,66,14.7,0,2,14.5
2025-02-07T16:00:00,2/7/2025 23:00,Hoàn Kiếm,VN,Asia/Ho_Chi_Minh,78,150.4,8,63.3,31.3,,82.7,100,0,1023,68,14.3,0,2,23
2025-02-07T17:00:00,2/8/2025 0:00,Hoàn Kiếm,VN,Asia/Ho_Chi_Minh,76,146.7,8,62.7,30,,82.3,100,0,1023,71,13.9,0,2,15
2025-02-07T18:00:00,2/8/2025 1:00,Hoàn Kiếm,VN,Asia/Ho_Chi_Minh,50,143,8,62,12,,82,100,0,1023,73,13.5,0,2,21
2025-02-07T19:00:00,2/8/2025 2:00,Hoàn Kiếm,VN,Asia/Ho_Chi_Minh,76,140.6,7.7,62.7,30,,81.3,100,0,1023,72,13.4,0,2.66,29
2025-02-07T20:00:00,2/8/2025 3:00,Hoàn Kiếm,VN,Asia/Ho_Chi_Minh,72,138.3,7.3,63.3,27.5,,80.7,100,0,1023,72,13.3,0,3.33,17
2025-02-07T21:00:00,2/8/2025 4:00,Hoàn Kiếm,VN,Asia/Ho_Chi_Minh,56,136,7,64,18.8,,80,100,0,1023,71,13.2,0,4,38
2025-02-07T22:00:00,2/8/2025 5:00,Hoàn Kiếm,VN,Asia/Ho_Chi_Minh,61,136.6,7,63.7,21.3,,81,100,0,1023,70,13.1,0,4,30
2025-02-07T23:00:00,2/8/2025 6:00,Hoàn Kiếm,VN,Asia/Ho_Chi_Minh,37,10,56,63.3,9,,82,100,0,1024,68,13.1,0,4,25
2025-02-08T00:00:00,2/8/2025 7:00,Hoàn Kiếm,VN,Asia/Ho_Chi_Minh,76,137.7,7,63,25,,83,100,0,1025,67,13,0.6,4,24
2025-02-08T01:00:00,2/8/2025 8:00,Hoàn Kiếm,VN,Asia/Ho_Chi_Minh,53,10,70,63,35,,90.7,100,0,1025,66,13.3,0.8,3.83,12
2025-02-08T02:00:00,2/8/2025 9:00,Hoàn Kiếm,VN,Asia/Ho_Chi_Minh,55,10,85,63,33,,98.3,100,0,1026,64,13.7,1.1,3.66,24
2025-02-08T03:00:00,2/8/2025 10:00,Hoàn Kiếm,VN,Asia/Ho_Chi_Minh,59,10,82,63,41,,106,100,0,1027,63,14,1.7,3.5,22
2025-02-08T04:00:00,2/8/2025 11:00,Hoàn Kiếm,VN,Asia/Ho_Chi_Minh,65,10,69,67.7,50,,111,100,0,1026,61,14.5,2.2,3.33,15
2025-02-08T05:00:00,2/8/2025 12:00,Hoàn Kiếm,VN,Asia/Ho_Chi_Minh,67,10,69,72.3,47,,116,100,0,1025,59,15,2.4,3.16,17
2025-02-08T06:00:00,2/8/2025 13:00,Hoàn Kiếm,VN,Asia/Ho_Chi_Minh,95,143,7,77,37,,121,100,0,1024,57,15.5,2.3,3,9
2025-02-08T07:00:00,2/8/2025 14:00,Hoàn Kiếm,VN,Asia/Ho_Chi_Minh,69,10,55,81,37,,125,100,0,1023,58,15.5,1.9,2.66,24
2025-02-08T08:00:00,2/8/2025 15:00,Hoàn Kiếm,VN,Asia/Ho_Chi_Minh,88,10,74,85,47,,129,100,0,1022,59,15.6,1.4,2.33,13.5
2025-02-08T09:00:00,2/8/2025 16:00,Hoàn Kiếm,VN,Asia/Ho_Chi_Minh,89,10,89,89,46,,133,100,0,1021,59,15.6,0.9,2,14.5
2025-02-08T10:00:00,2/8/2025 17:00,Hoàn Kiếm,VN,Asia/Ho_Chi_Minh,91,10,111,81,58,,130,100,0,1022,59,15.4,0.7,2,16
2025-02-08T11:00:00,2/8/2025 18:00,Hoàn Kiếm,VN,Asia/Ho_Chi_Minh,98,10,109,73,60,,127,100,0,1022,59,15.2,0,2,19
2025-02-08T12:00:00,2/8/2025 19:00,Hoàn Kiếm,VN,Asia/Ho_Chi_Minh,137,154.7,13,65,51,,124,100,0,1023,59,15,0,2,20
2025-02-08T13:00:00,2/8/2025 20:00,Hoàn Kiếm,VN,Asia/Ho_Chi_Minh,114,10,109,64,70,,120,100,0,1023,58,14.9,0,1.66,33
2025-02-08T14:00:00,2/8/2025 21:00,Hoàn Kiếm,VN,Asia/Ho_Chi_Minh,123,10,102,63,78,,116,100,0,1024,58,14.8,0,1.33,21
2025-02-08T15:00:00,2/8/2025 22:00,Hoàn Kiếm,VN,Asia/Ho_Chi_Minh,126,10,84,62,84,,112,100,0,1025,58,14.7,0,1,29.5
2025-02-08T16:00:00,2/8/2025 23:00,Hoàn Kiếm,VN,Asia/Ho_Chi_Minh,122,10,75,61.3,74,,108,100,0,1025,58,14.5,0,1.66,30
2025-02-08T17:00:00,2/9/2025 0:00,Hoàn Kiếm,VN,Asia/Ho_Chi_Minh,118,10,66.7,60.7,65.3,,104,100,0,1025,58,14.2,0,2.33,31
2025-02-08T18:00:00,2/9/2025 1:00,Hoàn Kiếm,VN,Asia/Ho_Chi_Minh,114,10,58,60,56,,100,100,0,1024,58,14,0,3,34
2025-02-08T19:00:00,2/9/2025 2:00,Hoàn Kiếm,VN,Asia/Ho_Chi_Minh,114,10,49,60.3,51,,95.3,100,0,1024,59,13.7,0,3,49
2025-02-08T20:00:00,2/9/2025 3:00,Hoàn Kiếm,VN,Asia/Ho_Chi_Minh,119,10,50,60.7,60,,90.7,100,0.25,1024,61,13.4,0,3,40.5
2025-02-08T21:00:00,2/9/2025 4:00,Hoàn Kiếm,VN,Asia/Ho_Chi_Minh,118,10,42,61,60,,86,100,0,1024,62,13.1,0,3,44
2025-02-08T22:00:00,2/9/2025 5:00,Hoàn Kiếm,VN,Asia/Ho_Chi_Minh,123,10,51,59.7,72,,87.7,100,0,1024,62,12.9,0,2.66,45
2025-02-08T23:00:00,2/9/2025 6:00,Hoàn Kiếm,VN,Asia/Ho_Chi_Minh,121,10,55.3,58.3,68,,89.3,100,0,1024,62,12.8,0,2.33,43.5
2025-02-09T00:00:00,2/9/2025 7:00,Hoàn Kiếm,VN,Asia/Ho_Chi_Minh,122,10,62,57,72,,91,100,0,1025,61,12.6,0.6,2,42
2025-02-09T01:00:00,2/9/2025 8:00,Hoàn Kiếm,VN,Asia/Ho_Chi_Minh,125,10,65,59.7,72,,97,100,0,1025,60,13.1,0.8,2,40.5
2025-02-09T02:00:00,2/9/2025 9:00,Hoàn Kiếm,VN,Asia/Ho_Chi_Minh,125,10,75,62.3,72,,103,100,0,1025,58,13.5,1.1,2,40.5
2025-02-09T03:00:00,2/9/2025 10:00,Hoàn Kiếm,VN,Asia/Ho_Chi_Minh,123,10,62,65,72,,109,100,0,1025,56,14,1.7,2,42.5
2025-02-09T04:00:00,2/9/2025 11:00,Hoàn Kiếm,VN,Asia/Ho_Chi_Minh,121,10,52,71,66,,112.3,100,0,1024,55,14.6,2.2,2,42
2025-02-09T05:00:00,2/9/2025 12:00,Hoàn Kiếm,VN,Asia/Ho_Chi_Minh,123,10,59.3,77,70.7,,115.7,100,0,1023,54,15.1,2.5,2,44
2025-02-09T06:00:00,2/9/2025 13:00,Hoàn Kiếm,VN,Asia/Ho_Chi_Minh,123,10,58,83,70,,119,100,0,1022,53,15.7,2.3,2,43
2025-02-09T07:00:00,2/9/2025 14:00,Hoàn Kiếm,VN,Asia/Ho_Chi_Minh,122,10,61,84.3,66,,120.7,83,0,1021,51,16.3,2.1,1.33,43.5
2025-02-09T08:00:00,2/9/2025 15:00,Hoàn Kiếm,VN,Asia/Ho_Chi_Minh,115,10,53,85.7,58,,122.3,66,0.5,1020,49,16.9,2,0.66,44.5
2025-02-09T09:00:00,2/9/2025 16:00,Hoàn Kiếm,VN,Asia/Ho_Chi_Minh,119,10,66,87,62,,124,50,1,1019,47,17.5,2,1.2,44.5
2025-02-09T10:00:00,2/9/2025 17:00,Hoàn Kiếm,VN,Asia/Ho_Chi_Minh,129,10,77.7,72.3,68,,143.7,66,1.25,1019,49,17.3,1.8,0.8,44
2025-02-09T11:00:00,2/9/2025 18:00,Hoàn Kiếm,VN,Asia/Ho_Chi_Minh,129,10,66,57.7,74,,163.3,83,1.5,1019,50,17.2,0,1.2,43
2025-02-09T12:00:00,2/9/2025 19:00,Hoàn Kiếm,VN,Asia/Ho_Chi_Minh,149,10,101,43,80,,183,100,1.75,1020,51,17,0,1.2,44
2025-02-09T13:00:00,2/9/2025 20:00,Hoàn Kiếm,VN,Asia/Ho_Chi_Minh,152,10,109,33.7,98,,203.7,95,0.75,1020,54,16.3,0,0.66,44
2025-02-09T14:00:00,2/9/2025 21:00,Hoàn Kiếm,VN,Asia/Ho_Chi_Minh,158,10,99,24.3,112,,224.3,91,0,1020,58,15.7,0,1.33,43.5
2025-02-09T15:00:00,2/9/2025 22:00,Hoàn Kiếm,VN,Asia/Ho_Chi_Minh,159,10,85,15,102,,245,87,0,1021,61,15,0,2,41
2025-02-09T16:00:00,2/9/2025 23:00,Hoàn Kiếm,VN,Asia/Ho_Chi_Minh,163,10,86.3,13,98.2,,241.7,91,0,1020,67,14.2,0,1.33,42.5
2025-02-09T17:00:00,2/10/2025 0:00,Hoàn Kiếm,VN,Asia/Ho_Chi_Minh,173,10,94,11,92,,238.3,95,0,1020,74,13.5,0,0.66,46.17
2025-02-09T18:00:00,2/10/2025 1:00,Hoàn Kiếm,VN,Asia/Ho_Chi_Minh,172,10,89,9,90.5,,235,100,0,1020,81,12.7,0,0.8,46
2025-02-09T19:00:00,2/10/2025 2:00,Hoàn Kiếm,VN,Asia/Ho_Chi_Minh,173,10,72,8,86,,197,100,0,1020,81,13,0,1.2,53.5
2025-02-09T20:00:00,2/10/2025 3:00,Hoàn Kiếm,VN,Asia/Ho_Chi_Minh,175,10,53,7,78,,159,100,0,1019,80,13.2,0,1.6,57
2025-02-09T21:00:00,2/10/2025 4:00,Hoàn Kiếm,VN,Asia/Ho_Chi_Minh,180,10,52,6,78,,121,100,0.5,1019,79,13.5,0,1.6,61.5
2025-02-09T22:00:00,2/10/2025 5:00,Hoàn Kiếm,VN,Asia/Ho_Chi_Minh,181,10,55.7,10,78.7,,111.3,100,0.5,1019,81,13.6,0,1.2,62
2025-02-09T23:00:00,2/10/2025 6:00,Hoàn Kiếm,VN,Asia/Ho_Chi_Minh,175,10,52,14,74,,101.7,100,0.5,1020,84,13.6,0,1.2,65.33
2025-02-10T00:00:00,2/10/2025 7:00,Hoàn Kiếm,VN,Asia/Ho_Chi_Minh,183,10,63,18,80,,92,100,0.5,1020,87,13.7,0.7,0.8,72.5
2025-02-10T01:00:00,2/10/2025 8:00,Hoàn Kiếm,VN,Asia/Ho_Chi_Minh,197,10,72,36,92,,93.7,100,0.5,1021,82,14.3,0.8,0.33,72
2025-02-10T02:00:00,2/10/2025 9:00,Hoàn Kiếm,VN,Asia/Ho_Chi_Minh,203,10,62,54,100,,95.3,100,0,1022,77,15,1.2,0.66,73
2025-02-10T03:00:00,2/10/2025 10:00,Hoàn Kiếm,VN,Asia/Ho_Chi_Minh,221,10,73,72,142,,97,100,0,1022,73,15.6,1.7,1,74.5
2025-02-10T04:00:00,2/10/2025 11:00,Hoàn Kiếm,VN,Asia/Ho_Chi_Minh,223,10,82.3,80,144,,88.7,100,0,1021,68,16.2,2.5,0.66,78
2025-02-10T05:00:00,2/10/2025 12:00,Hoàn Kiếm,VN,Asia/Ho_Chi_Minh,235,10,81,88,164,,80.3,100,0,1020,64,16.9,3.5,0.33,78.67
2025-02-10T06:00:00,2/10/2025 13:00,Hoàn Kiếm,VN,Asia/Ho_Chi_Minh,227,10,101,96,148,,72,100,0,1019,59,17.5,4.1,0.4,74
2025-02-10T07:00:00,2/10/2025 14:00,Hoàn Kiếm,VN,Asia/Ho_Chi_Minh,223,10,116,96,142,,71,95,0.5,1018,59,17.7,4.1,0.4,80
2025-02-10T08:00:00,2/10/2025 15:00,Hoàn Kiếm,VN,Asia/Ho_Chi_Minh,217,10,107,96,126,,70,91,2.5,1017,59,17.8,2.6,0.8,91
2025-02-10T09:00:00,2/10/2025 16:00,Hoàn Kiếm,VN,Asia/Ho_Chi_Minh,181,10,98,96,123.5,,69,87,4.5,1017,59,18,1.1,1.2,95
2025-02-10T10:00:00,2/10/2025 17:00,Hoàn Kiếm,VN,Asia/Ho_Chi_Minh,151,10,93.7,85.7,188.8,,65.7,91,2.75,1017,48,17.4,0.7,0.66,108.5
2025-02-10T11:00:00,2/10/2025 18:00,Hoàn Kiếm,VN,Asia/Ho_Chi_Minh,215,10,110,75.3,112,,62.3,95,3,1017,39,16.8,0,1.33,110.17
2025-02-10T12:00:00,2/10/2025 19:00,Hoàn Kiếm,VN,Asia/Ho_Chi_Minh,232,10,85,65,142,,59,100,2.75,1017,32,16.2,0,2,119.5
2025-02-10T13:00:00,2/10/2025 20:00,Hoàn Kiếm,VN,Asia/Ho_Chi_Minh,276,10,156,63.7,224,,59.7,95,4,1018,41,16.2,0,2,113.5
2025-02-10T14:00:00,2/10/2025 21:00,Hoàn Kiếm,VN,Asia/Ho_Chi_Minh,154,10,138,62.3,234,,60.3,91,1.75,1018,52,16.2,0,2,110.5
2025-02-10T15:00:00,2/10/2025 22:00,Hoàn Kiếm,VN,Asia/Ho_Chi_Minh,243,10,116,61,190,,61,87,0,1018,66,16.2,0,2,105.5
2025-02-10T16:00:00,2/10/2025 23:00,Hoàn Kiếm,VN,Asia/Ho_Chi_Minh,187,10,116,60.3,233.8,,58.7,91,0,1018,70,16,0,1.33,79
2025-02-10T17:00:00,2/11/2025 0:00,Hoàn Kiếm,VN,Asia/Ho_Chi_Minh,260,10,120,59.7,174.5,,56.3,95,0,1018,73,15.9,0,0.66,151
2025-02-10T18:00:00,2/11/2025 1:00,Hoàn Kiếm,VN,Asia/Ho_Chi_Minh,263,10,116,59,156,,54,100,0,1018,78,15.7,0,1.2,104.5
2025-02-10T19:00:00,2/11/2025 2:00,Hoàn Kiếm,VN,Asia/Ho_Chi_Minh,256,10,102,52,150,,52.3,100,0,1017,78,15.6,0,1.2,117
2025-02-10T20:00:00,2/11/2025 3:00,Hoàn Kiếm,VN,Asia/Ho_Chi_Minh,248,10,99,45,156,,50.7,100,0,1017,79,15.6,0,0.8,150
2025-02-10T21:00:00,2/11/2025 4:00,Hoàn Kiếm,VN,Asia/Ho_Chi_Minh,159,179.7,18,38,199,,49,100,0.5,1016,80,15.5,0,0.8,154.5
2025-02-10T22:00:00,2/11/2025 5:00,Hoàn Kiếm,VN,Asia/Ho_Chi_Minh,250,10,84,44,164,,51.3,100,0.5,1017,81,15.5,0,1.2,125.5
2025-02-10T23:00:00,2/11/2025 6:00,Hoàn Kiếm,VN,Asia/Ho_Chi_Minh,248,10,82,50,162,,53.7,100,0.5,1017,81,15.5,0,1.2,187
2025-02-11T00:00:00,2/11/2025 7:00,Hoàn Kiếm,VN,Asia/Ho_Chi_Minh,253,10,82,56,164,,56,100,0.5,1017,82,15.5,0.9,1.6,138
2025-02-11T01:00:00,2/11/2025 8:00,Hoàn Kiếm,VN,Asia/Ho_Chi_Minh,257,10,89,67.7,172,,57.7,100,0.5,1018,79,16,1.4,0.33,140.5
2025-02-11T02:00:00,2/11/2025 9:00,Hoàn Kiếm,VN,Asia/Ho_Chi_Minh,272,10,74,79.3,174,,59.3,100,0.5,1018,75,16.5,1.2,0.66,135.5
2025-02-11T03:00:00,2/11/2025 10:00,Hoàn Kiếm,VN,Asia/Ho_Chi_Minh,134,120.8,18,91,50,,61,100,0,1019,72,17,1.7,1,129.5
2025-02-11T04:00:00,2/11/2025 11:00,Hoàn Kiếm,VN,Asia/Ho_Chi_Minh,181,10,90,93.3,236,,56,87,0,1018,69,18.4,2.2,1.33,159
2025-02-11T05:00:00,2/11/2025 12:00,Hoàn Kiếm,VN,Asia/Ho_Chi_Minh,187,10,91,95.7,224,,51,75,0,1016,67,19.7,2.5,1.66,130.5
2025-02-11T06:00:00,2/11/2025 13:00,Hoàn Kiếm,VN,Asia/Ho_Chi_Minh,171,10,98,98,218,,46,62,0,1015,64,21.1,2.5,2,129.5
2025-02-11T07:00:00,2/11/2025 14:00,Hoàn Kiếm,VN,Asia/Ho_Chi_Minh,237,10,89,98.7,216,,44,45,0.5,1014,62,22,2.1,2,133
2025-02-11T08:00:00,2/11/2025 15:00,Hoàn Kiếm,VN,Asia/Ho_Chi_Minh,470,10,226.5,7.2,574,,42,29,0.5,1013,61,22.8,1.8,2,136
2025-02-11T09:00:00,2/11/2025 16:00,Hoàn Kiếm,VN,Asia/Ho_Chi_Minh,110,103.9,10,100,40,,40,12,0.5,1012,59,23.7,1.1,2,147.5
2025-02-11T10:00:00,2/11/2025 17:00,Hoàn Kiếm,VN,Asia/Ho_Chi_Minh,439,72.6,348,7.8,543,,41,33,0.5,1013,65,22.7,0.8,2,48
2025-02-11T11:00:00,2/11/2025 18:00,Hoàn Kiếm,VN,Asia/Ho_Chi_Minh,123,41.3,357,6.8,130,,42,54,0.5,1013,71,21.6,0,2,181
2025-02-11T12:00:00,2/11/2025 19:00,Hoàn Kiếm,VN,Asia/Ho_Chi_Minh,183,10,133,70,134.5,,43,75,0,1014,78,20.6,0,2,187.5
2025-02-11T13:00:00,2/11/2025 20:00,Hoàn Kiếm,VN,Asia/Ho_Chi_Minh,214,10,119,71,168,,43.3,83,0,1014,82,20.1,0,2,171
2025-02-11T14:00:00,2/11/2025 21:00,Hoàn Kiếm,VN,Asia/Ho_Chi_Minh,237,10,112.3,72,223.5,,43.7,91,0,1015,85,19.5,0,2,121
2025-02-11T15:00:00,2/11/2025 22:00,Hoàn Kiếm,VN,Asia/Ho_Chi_Minh,264,10,102,73,268,,44,100,0,1016,88,19,0,2,96
2025-02-11T16:00:00,2/11/2025 23:00,Hoàn Kiếm,VN,Asia/Ho_Chi_Minh,184,10,83,67.7,139.5,,40.7,100,0,1016,90,18.8,0,2,39
2025-02-11T17:00:00,2/12/2025 0:00,Hoàn Kiếm,VN,Asia/Ho_Chi_Minh,205,10,84,62.3,210,,37.3,100,0,1015,92,18.7,0,2,67
2025-02-11T18:00:00,2/12/2025 1:00,Hoàn Kiếm,VN,Asia/Ho_Chi_Minh,213,10,73,57,214,,34,100,0,1015,93,18.5,0,2,44
2025-02-11T19:00:00,2/12/2025 2:00,Hoàn Kiếm,VN,Asia/Ho_Chi_Minh,201,10,55,53.3,208,,33.3,100,0,1015,88,18.2,0,1.33,80.5
2025-02-11T20:00:00,2/12/2025 3:00,Hoàn Kiếm,VN,Asia/Ho_Chi_Minh,110,10,72.3,49.7,49,,32.7,100,0,1015,83,17.8,0,0.66,103.5
2025-02-11T21:00:00,2/12/2025 4:00,Hoàn Kiếm,VN,Asia/Ho_Chi_Minh,217,10,72,46,162,,32,100,0,1014,78,17.5,0,0.8,120.83
2025-02-11T22:00:00,2/12/2025 5:00,Hoàn Kiếm,VN,Asia/Ho_Chi_Minh,192,10,75.5,42.3,127.3,,36,100,0,1015,82,17.2,0,0.33,141
2025-02-11T23:00:00,2/12/2025 6:00,Hoàn Kiếm,VN,Asia/Ho_Chi_Minh,155,10,43,38.7,195.5,,40,100,0,1016,85,17,0,0.66,80.67
2025-02-12T00:00:00,2/12/2025 7:00,Hoàn Kiếm,VN,Asia/Ho_Chi_Minh,154,10,56,35,194.5,,44,100,0,1016,89,16.7,0.6,1,97
2025-02-12T01:00:00,2/12/2025 8:00,Hoàn Kiếm,VN,Asia/Ho_Chi_Minh,153,10,71,46,199.5,,54.7,100,0,1017,88,17,0.8,1,103
2025-02-12T02:00:00,2/12/2025 9:00,Hoàn Kiếm,VN,Asia/Ho_Chi_Minh,154,10,61.3,57,206.2,,65.3,100,0,1018,86,17.3,1.2,1,94
2025-02-12T03:00:00,2/12/2025 10:00,Hoàn Kiếm,VN,Asia/Ho_Chi_Minh,154,10,64,68,212,,76,100,0,1018,84,17.6,1.7,1,39
2025-02-12T04:00:00,2/12/2025 11:00,Hoàn Kiếm,VN,Asia/Ho_Chi_Minh,265,10,69,72.7,202,,71.7,95,0,1017,79,18.9,2.3,1,106
2025-02-12T05:00:00,2/12/2025 12:00,Hoàn Kiếm,VN,Asia/Ho_Chi_Minh,243,10,69,77.3,160,,67.3,91,0,1016,74,20.2,2.5,1,86.67
2025-02-12T06:00:00,2/12/2025 13:00,Hoàn Kiếm,VN,Asia/Ho_Chi_Minh,243,10,67,82,163,,63,87,0,1015,70,21.5,2.4,1,155.33
2025-02-12T07:00:00,2/12/2025 14:00,Hoàn Kiếm,VN,Asia/Ho_Chi_Minh,227,10,74.3,84.3,113,,67.3,91,1.25,1015,70,21.7,2,0.66,154
2025-02-12T08:00:00,2/12/2025 15:00,Hoàn Kiếm,VN,Asia/Ho_Chi_Minh,197,10,68,86.7,162,,71.7,95,2.25,1014,69,21.8,1.4,0.33,153
2025-02-12T09:00:00,2/12/2025 16:00,Hoàn Kiếm,VN,Asia/Ho_Chi_Minh,212,10,89,89,122.5,,76,100,3,1013,69,22,0.9,1.2,154
2025-02-12T10:00:00,2/12/2025 17:00,Hoàn Kiếm,VN,Asia/Ho_Chi_Minh,231,10,99,74.3,152,,81,100,2.5,1014,72,21.6,0.7,1,154
2025-02-12T11:00:00,2/12/2025 18:00,Hoàn Kiếm,VN,Asia/Ho_Chi_Minh,222,10,64,59.7,142,,86,100,1.75,1015,76,21.1,0,2,142
2025-02-12T12:00:00,2/12/2025 19:00,Hoàn Kiếm,VN,Asia/Ho_Chi_Minh,231,10,56,45,150,,91,100,0.75,1015,79,20.7,0,3,125.67
2025-02-12T13:00:00,2/12/2025 20:00,Hoàn Kiếm,VN,Asia/Ho_Chi_Minh,163,10,58.7,40.3,203.8,,85.7,100,0.25,1016,80,20.3,0,2,125.33
2025-02-12T14:00:00,2/12/2025 21:00,Hoàn Kiếm,VN,Asia/Ho_Chi_Minh,160,10,64,35.7,142,,80.3,100,0,1016,81,20,0,1,113
2025-02-12T15:00:00,2/12/2025 22:00,Hoàn Kiếm,VN,Asia/Ho_Chi_Minh,219,10,64,31,124,,75,100,0,1017,82,19.6,0,0,91
2025-02-12T16:00:00,2/12/2025 23:00,Hoàn Kiếm,VN,Asia/Ho_Chi_Minh,213,10,78,33,125,,68.3,100,0.25,1017,84,19.4,0,1.2,102.33
2025-02-12T17:00:00,2/13/2025 0:00,Hoàn Kiếm,VN,Asia/Ho_Chi_Minh,214,10,85,35,127,,61.7,100,0.75,1017,85,19.2,0,1.2,116
2025-02-12T18:00:00,2/13/2025 1:00,Hoàn Kiếm,VN,Asia/Ho_Chi_Minh,223,10,70,37,148,,55,100,1,1017,87,19,0,0.4,109.5
2025-02-12T19:00:00,2/13/2025 2:00,Hoàn Kiếm,VN,Asia/Ho_Chi_Minh,160,10,65,41,144,,56.7,100,0.75,1017,87,18.9,0,1.2,116.5
2025-02-12T20:00:00,2/13/2025 3:00,Hoàn Kiếm,VN,Asia/Ho_Chi_Minh,153,10,58,45,191.3,,58.3,100,0,1016,87,18.7,0,3.2,163
2025-02-12T21:00:00,2/13/2025 4:00,Hoàn Kiếm,VN,Asia/Ho_Chi_Minh,207,10,52,49,122,,60,100,0,1016,88,18.6,0,4,63
2025-02-12T22:00:00,2/13/2025 5:00,Hoàn Kiếm,VN,Asia/Ho_Chi_Minh,214,10,52,48.7,131,,60.7,100,0,1017,88,18.6,0,3.2,107.5
2025-02-12T23:00:00,2/13/2025 6:00,Hoàn Kiếm,VN,Asia/Ho_Chi_Minh,215,10,56,48.3,132.5,,61.3,100,0,1017,89,18.6,0,2.8,103
2025-02-13T00:00:00,2/13/2025 7:00,Hoàn Kiếm,VN,Asia/Ho_Chi_Minh,229,10,59,48,150,,62,100,0,1017,89,18.6,0.6,2.4,103.67
2025-02-13T01:00:00,2/13/2025 8:00,Hoàn Kiếm,VN,Asia/Ho_Chi_Minh,233,10,69.3,54.3,118,,70,100,0,1018,86,19.2,0.8,0.66,110
2025-02-13T02:00:00,2/13/2025 9:00,Hoàn Kiếm,VN,Asia/Ho_Chi_Minh,176,10,87,60.7,164,,78,100,0,1018,83,19.9,1.2,1.33,63
2025-02-13T03:00:00,2/13/2025 10:00,Hoàn Kiếm,VN,Asia/Ho_Chi_Minh,233,10,90,67,162,,86,100,0,1018,80,20.5,1.8,2,153
2025-02-13T04:00:00,2/13/2025 11:00,Hoàn Kiếm,VN,Asia/Ho_Chi_Minh,231,10,95,81.7,174,,94.3,100,0,1017,76,21.2,2.4,2,98
2025-02-13T05:00:00,2/13/2025 12:00,Hoàn Kiếm,VN,Asia/Ho_Chi_Minh,201,10,106,96.3,160,,102.7,100,0,1016,72,21.8,3.6,2,103.33
2025-02-13T06:00:00,2/13/2025 13:00,Hoàn Kiếm,VN,Asia/Ho_Chi_Minh,184,10,99,111,129,,111,100,0,1015,69,22.5,4,2,104.33
2025-02-13T07:00:00,2/13/2025 14:00,Hoàn Kiếm,VN,Asia/Ho_Chi_Minh,137,10,93.7,116,61,,107,100,0.5,1015,68,22.2,2.2,1.66,115
2025-02-13T08:00:00,2/13/2025 15:00,Hoàn Kiếm,VN,Asia/Ho_Chi_Minh,197,10,95,121,176,,103,100,0.75,1014,68,21.8,2.2,1.33,118
2025-02-13T09:00:00,2/13/2025 16:00,Hoàn Kiếm,VN,Asia/Ho_Chi_Minh,152,10,83,126,93,,99,100,1,1014,67,21.5,1.5,1,75
2025-02-13T10:00:00,2/13/2025 17:00,Hoàn Kiếm,VN,Asia/Ho_Chi_Minh,133,10,107,111.3,73,,88,100,0.75,1014,69,21,1.2,0.66,117.5
2025-02-13T11:00:00,2/13/2025 18:00,Hoàn Kiếm,VN,Asia/Ho_Chi_Minh,148,10,119,96.7,64,,77,100,1.75,1014,70,20.5,0,0.33,116.5
2025-02-13T12:00:00,2/13/2025 19:00,Hoàn Kiếm,VN,Asia/Ho_Chi_Minh,152,10,119,82,75,,66,100,2,1015,72,20,0,2.8,94
2025-02-13T13:00:00,2/13/2025 20:00,Hoàn Kiếm,VN,Asia/Ho_Chi_Minh,157,10,116.7,81,76,,71.7,100,1.75,1015,75,19.8,0,0.66,81
2025-02-13T14:00:00,2/13/2025 21:00,Hoàn Kiếm,VN,Asia/Ho_Chi_Minh,163,10,119,80,86,,77.3,100,0,1016,79,19.7,0,1.33,49
2025-02-13T15:00:00,2/13/2025 22:00,Hoàn Kiếm,VN,Asia/Ho_Chi_Minh,169,10,112,79,74,,83,100,0,1017,82,19.5,0,2,91
2025-02-13T16:00:00,2/13/2025 23:00,Hoàn Kiếm,VN,Asia/Ho_Chi_Minh,167,10,62,77,68.5,,82,100,0,1017,83,19.4,0,2,56.67
2025-02-13T17:00:00,2/14/2025 0:00,Hoàn Kiếm,VN,Asia/Ho_Chi_Minh,153,10,62,75,64.5,,81,100,0,1016,83,19.3,0,2,47.67
2025-02-13T18:00:00,2/14/2025 1:00,Hoàn Kiếm,VN,Asia/Ho_Chi_Minh,167,194.3,13,73,68,,80,100,0,1016,83,19.2,0,2,53
2025-02-13T19:00:00,2/14/2025 2:00,Hoàn Kiếm,VN,Asia/Ho_Chi_Minh,163,10,58,69.7,76,,79,100,0,1016,84,19.1,0,1.66,57
2025-02-13T20:00:00,2/14/2025 3:00,Hoàn Kiếm,VN,Asia/Ho_Chi_Minh,160,10,63,66.3,94,,78,100,0,1015,84,19.1,0,1.33,61
2025-02-13T21:00:00,2/14/2025 4:00,Hoàn Kiếm,VN,Asia/Ho_Chi_Minh,154,10,70,63,77.5,,77,100,0,1015,85,19,0,1,65
2025-02-13T22:00:00,2/14/2025 5:00,Hoàn Kiếm,VN,Asia/Ho_Chi_Minh,155,10,63,63,73.5,,77.3,100,0,1015,85,18.9,0,0.66,69.33
2025-02-13T23:00:00,2/14/2025 6:00,Hoàn Kiếm,VN,Asia/Ho_Chi_Minh,164,10,72,63,88,,77.7,100,0,1015,86,18.8,0,0.33,68
2025-02-14T00:00:00,2/14/2025 7:00,Hoàn Kiếm,VN,Asia/Ho_Chi_Minh,164,200.8,16,63,66,,78,100,0.25,1016,86,18.7,0.6,1.2,58
2025-02-14T01:00:00,2/14/2025 8:00,Hoàn Kiếm,VN,Asia/Ho_Chi_Minh,131,10,116,67.3,106,,75,100,0,1016,84,19.1,0.8,0.33,68
2025-02-14T02:00:00,2/14/2025 9:00,Hoàn Kiếm,VN,Asia/Ho_Chi_Minh,169,10,117,71.7,110,,72,100,0,1016,82,19.6,1.2,0.66,65.5
2025-02-14T03:00:00,2/14/2025 10:00,Hoàn Kiếm,VN,Asia/Ho_Chi_Minh,166,10,112,76,91.5,,69,100,0,1017,81,20,1.8,1,63
2025-02-14T04:00:00,2/14/2025 11:00,Hoàn Kiếm,VN,Asia/Ho_Chi_Minh,176,10,108,77.3,98,,66.3,95,0,1016,81,20.7,2.3,1.66,58.33
2025-02-14T05:00:00,2/14/2025 12:00,Hoàn Kiếm,VN,Asia/Ho_Chi_Minh,194,10,82,78.7,94,,63.7,91,0,1015,80,21.3,2.6,2.33,59
2025-02-14T06:00:00,2/14/2025 13:00,Hoàn Kiếm,VN,Asia/Ho_Chi_Minh,118,155.8,16,80,43,,61,87,0,1014,80,22,2.4,3,66
2025-02-14T07:00:00,2/14/2025 14:00,Hoàn Kiếm,VN,Asia/Ho_Chi_Minh,193,10,67,82,118,,55.7,87,0.75,1012,81,21.9,2,3.33,66
2025-02-14T08:00:00,2/14/2025 15:00,Hoàn Kiếm,VN,Asia/Ho_Chi_Minh,174,10,85,84,122,,50.3,87,1,1011,81,21.8,1.4,3.66,47
2025-02-14T09:00:00,2/14/2025 16:00,Hoàn Kiếm,VN,Asia/Ho_Chi_Minh,177,10,82,86,98,,45,87,1,1010,82,21.7,0.9,4,69.5
2025-02-14T10:00:00,2/14/2025 17:00,Hoàn Kiếm,VN,Asia/Ho_Chi_Minh,165,10,72,77.7,98,,44.3,91,1,1011,84,21.3,0.8,3.66,67.33
2025-02-14T11:00:00,2/14/2025 18:00,Hoàn Kiếm,VN,Asia/Ho_Chi_Minh,173,10,77,69.3,132,,43.7,95,0.75,1011,87,20.9,0,3.33,75.33
2025-02-14T12:00:00,2/14/2025 19:00,Hoàn Kiếm,VN,Asia/Ho_Chi_Minh,129,164.6,24,61,47,,43,100,0.5,1012,89,20.5,0,3,88.5
2025-02-14T13:00:00,2/14/2025 20:00,Hoàn Kiếm,VN,Asia/Ho_Chi_Minh,163,10,65,60.7,146,,44.3,100,0.25,1012,91,20.2,0,2.66,42
2025-02-14T14:00:00,2/14/2025 21:00,Hoàn Kiếm,VN,Asia/Ho_Chi_Minh,134,10,58,60.3,110,,45.7,100,0,1013,93,20,0,2.33,87.5
2025-02-14T15:00:00,2/14/2025 22:00,Hoàn Kiếm,VN,Asia/Ho_Chi_Minh,126,10,51,60,100,,47,100,0,1013,94,19.7,0,2,73.5
2025-02-14T16:00:00,2/14/2025 23:00,Hoàn Kiếm,VN,Asia/Ho_Chi_Minh,123,10,37,59,96,,43.7,100,0,1013,94,19.5,0,2,75.5
2025-02-14T17:00:00,2/15/2025 0:00,Hoàn Kiếm,VN,Asia/Ho_Chi_Minh,121,10,36.3,58,94.7,,40.3,100,0,1013,94,19.4,0,2,66.5
2025-02-14T18:00:00,2/15/2025 1:00,Hoàn Kiếm,VN,Asia/Ho_Chi_Minh,118,10,29,57,92,,37,100,0,1013,93,19.2,0,2,73
2025-02-14T19:00:00,2/15/2025 2:00,Hoàn Kiếm,VN,Asia/Ho_Chi_Minh,118,10,24,59,92,,36,100,0,1012,94,19.1,0,1.33,46
2025-02-14T20:00:00,2/15/2025 3:00,Hoàn Kiếm,VN,Asia/Ho_Chi_Minh,98,10,23,61,66,,35,100,0,1012,95,19.1,0,0.66,65
2025-02-14T21:00:00,2/15/2025 4:00,Hoàn Kiếm,VN,Asia/Ho_Chi_Minh,91,10,25,63,62,,34,100,0,1012,95,19,0,2,48
2025-02-14T22:00:00,2/15/2025 5:00,Hoàn Kiếm,VN,Asia/Ho_Chi_Minh,126,10,35,59.7,100,,35.7,100,0,1012,95,19,0,1.6,45
2025-02-14T23:00:00,2/15/2025 6:00,Hoàn Kiếm,VN,Asia/Ho_Chi_Minh,148,10,33.7,56.3,96.7,,37.3,100,0,1013,94,19,0,1.6,44
2025-02-15T00:00:00,2/15/2025 7:00,Hoàn Kiếm,VN,Asia/Ho_Chi_Minh,161,10,38,53,114,,39,100,0,1013,94,19,0.6,2,43
2025-02-15T01:00:00,2/15/2025 8:00,Hoàn Kiếm,VN,Asia/Ho_Chi_Minh,167,10,48,56,102,,42.3,100,0,1013,94,19.4,0.8,0.33,42
2025-02-15T02:00:00,2/15/2025 9:00,Hoàn Kiếm,VN,Asia/Ho_Chi_Minh,165,10,64,59,86,,45.7,100,0,1014,94,19.8,1.2,0.66,42
2025-02-15T03:00:00,2/15/2025 10:00,Hoàn Kiếm,VN,Asia/Ho_Chi_Minh,156,10,66,62,114,,49,100,0,1014,93,20.2,1.9,1,34
2025-02-15T04:00:00,2/15/2025 11:00,Hoàn Kiếm,VN,Asia/Ho_Chi_Minh,158,10,77,42.4,126,,43.3,100,0,1013,89,21,2.3,1.33,31
2025-02-15T05:00:00,2/15/2025 12:00,Hoàn Kiếm,VN,Asia/Ho_Chi_Minh,129,10,85,22.8,104,,37.7,100,0,1012,85,21.9,2.6,1.66,45
2025-02-15T06:00:00,2/15/2025 13:00,Hoàn Kiếm,VN,Asia/Ho_Chi_Minh,177,1411,8,3.2,76,,32,100,0,1011,82,22.7,2.5,2,53
2025-02-15T07:00:00,2/15/2025 14:00,Hoàn Kiếm,VN,Asia/Ho_Chi_Minh,165,509,44.5,2.2,79,,32,100,0,1010,82,22.5,2,2.33,64
2025-02-15T08:00:00,2/15/2025 15:00,Hoàn Kiếm,VN,Asia/Ho_Chi_Minh,155,509,46.5,3.2,78,,32,100,0,1010,82,22.4,1.4,2.66,68
2025-02-15T09:00:00,2/15/2025 16:00,Hoàn Kiếm,VN,Asia/Ho_Chi_Minh,123,10,84,65,98,,38,100,0,1009,83,22.2,1,3,67
2025-02-15T10:00:00,2/15/2025 17:00,Hoàn Kiếm,VN,Asia/Ho_Chi_Minh,152,10,96,61.3,134,,42,100,0,1010,87,21.7,0.7,2.33,60
2025-02-15T11:00:00,2/15/2025 18:00,Hoàn Kiếm,VN,Asia/Ho_Chi_Minh,139,10,80,57.7,118,,46,100,0.5,1010,91,21.2,0,1.66,61.5
2025-02-15T12:00:00,2/15/2025 19:00,Hoàn Kiếm,VN,Asia/Ho_Chi_Minh,148,10,78,54,128,,50,100,0.5,1011,95,20.7,0,1,46
2025-02-15T13:00:00,2/15/2025 20:00,Hoàn Kiếm,VN,Asia/Ho_Chi_Minh,121,10,54,53.3,92,,51,100,0,1011,94,20.6,0,1.33,76
2025-02-15T14:00:00,2/15/2025 21:00,Hoàn Kiếm,VN,Asia/Ho_Chi_Minh,131,10,51,52.7,106,,52,100,0,1012,94,20.6,0,1.66,67
2025-02-15T15:00:00,2/15/2025 22:00,Hoàn Kiếm,VN,Asia/Ho_Chi_Minh,93,10,39,52,62,,53,100,0,1013,93,20.5,0,2,59.5
2025-02-15T16:00:00,2/15/2025 23:00,Hoàn Kiếm,VN,Asia/Ho_Chi_Minh,91,10,39,47,62,,53,100,0,1013,93,20.4,0,2,44
2025-02-15T17:00:00,2/16/2025 0:00,Hoàn Kiếm,VN,Asia/Ho_Chi_Minh,87,10,32.3,42,58,,53,100,0,1013,94,20.2,0,2,57
2025-02-15T18:00:00,2/16/2025 1:00,Hoàn Kiếm,VN,Asia/Ho_Chi_Minh,85,10,29,37,56,,53,100,0,1013,95,20.1,0,2,50
2025-02-15T19:00:00,2/16/2025 2:00,Hoàn Kiếm,VN,Asia/Ho_Chi_Minh,97,63.5,23.3,34.7,56.1,,56,100,0,1013,95,19.9,0,1.66,53
2025-02-15T20:00:00,2/16/2025 3:00,Hoàn Kiếm,VN,Asia/Ho_Chi_Minh,179,10,17.7,8.5,88,,2,100,0,1013,95,19.7,0,1.33,43
2025-02-15T21:00:00,2/16/2025 4:00,Hoàn Kiếm,VN,Asia/Ho_Chi_Minh,126,170.4,12,30,56.3,,62,100,0,1013,96,19.5,0,1,47
2025-02-15T22:00:00,2/16/2025 5:00,Hoàn Kiếm,VN,Asia/Ho_Chi_Minh,94,10,44,29.7,51,,63.3,100,0,1014,95,18.6,0,1.66,32
2025-02-15T23:00:00,2/16/2025 6:00,Hoàn Kiếm,VN,Asia/Ho_Chi_Minh,95,169.2,12,29.3,41.3,,64.7,100,0,1015,94,17.6,0,2.33,31
2025-02-16T00:00:00,2/16/2025 7:00,Hoàn Kiếm,VN,Asia/Ho_Chi_Minh,82,168.7,12,29,33.8,,66,100,0,1016,93,16.7,0.6,3,29.33
2025-02-16T01:00:00,2/16/2025 8:00,Hoàn Kiếm,VN,Asia/Ho_Chi_Minh,63,10,8,1,22.5,,16,100,0,1016,93,16.7,0.8,3.2,28
2025-02-16T02:00:00,2/16/2025 9:00,Hoàn Kiếm,VN,Asia/Ho_Chi_Minh,56,10,8,1,18.8,,16,100,0,1017,92,16.6,1.2,3.2,33.67
2025-02-16T03:00:00,2/16/2025 10:00,Hoàn Kiếm,VN,Asia/Ho_Chi_Minh,56,10,4,1,18.8,,16,100,0,1018,92,16.6,1.8,2.8,77
2025-02-16T04:00:00,2/16/2025 11:00,Hoàn Kiếm,VN,Asia/Ho_Chi_Minh,64,56.5,6,19,22.9,,40.7,100,0,1017,91,16.6,2.3,2.8,45
2025-02-16T05:00:00,2/16/2025 12:00,Hoàn Kiếm,VN,Asia/Ho_Chi_Minh,61,10,8,1,21.3,,16,100,0,1017,90,16.6,2.6,2.8,32.5
2025-02-16T06:00:00,2/16/2025 13:00,Hoàn Kiếm,VN,Asia/Ho_Chi_Minh,78,149.4,10,55,31.3,,90,100,0,1016,89,16.6,2.5,2.8,33
2025-02-16T07:00:00,2/16/2025 14:00,Hoàn Kiếm,VN,Asia/Ho_Chi_Minh,91,149,11,56.3,38.8,,92.7,100,0,1016,87,16.7,2,2.4,27
2025-02-16T08:00:00,2/16/2025 15:00,Hoàn Kiếm,VN,Asia/Ho_Chi_Minh,85,148.6,12,57.7,35,,95.3,100,0.25,1015,86,16.7,1.4,2.4,18
2025-02-16T09:00:00,2/16/2025 16:00,Hoàn Kiếm,VN,Asia/Ho_Chi_Minh,76,148.2,13,59,30,,98,100,0.5,1015,85,16.7,0.9,3,15
2025-02-16T10:00:00,2/16/2025 17:00,Hoàn Kiếm,VN,Asia/Ho_Chi_Minh,80,102.2,11.3,39.7,32.5,,70.7,100,0.5,1015,88,16.4,0.7,3,15
2025-02-16T11:00:00,2/16/2025 18:00,Hoàn Kiếm,VN,Asia/Ho_Chi_Minh,76,56.1,9.7,20.3,30,,43.3,100,0.5,1016,91,16,0,3,18.33
2025-02-16T12:00:00,2/16/2025 19:00,Hoàn Kiếm,VN,Asia/Ho_Chi_Minh,89,10,8,1,37.5,,16,100,0.5,1016,93,15.7,0,3,17
2025-02-16T13:00:00,2/16/2025 20:00,Hoàn Kiếm,VN,Asia/Ho_Chi_Minh,89,59.6,9,16.3,37.5,,33.3,100,0,1017,94,15.7,0,2.33,25
2025-02-16T14:00:00,2/16/2025 21:00,Hoàn Kiếm,VN,Asia/Ho_Chi_Minh,91,109.2,10,31.7,38.8,,50.7,100,0,1018,94,15.6,0,1.66,31
2025-02-16T15:00:00,2/16/2025 22:00,Hoàn Kiếm,VN,Asia/Ho_Chi_Minh,102,158.7,11,47,45,,68,100,0,1019,95,15.6,0,1,28
2025-02-16T16:00:00,2/16/2025 23:00,Hoàn Kiếm,VN,Asia/Ho_Chi_Minh,103,159.1,11,44.3,45.4,,62.3,100,0,1018,95,15.5,0,1,24
2025-02-16T17:00:00,2/17/2025 0:00,Hoàn Kiếm,VN,Asia/Ho_Chi_Minh,102,159.5,11,41.7,45,,56.7,100,0,1018,95,15.3,0,1,26
2025-02-16T18:00:00,2/17/2025 1:00,Hoàn Kiếm,VN,Asia/Ho_Chi_Minh,104,159.9,11,39,46.3,,51,100,0,1018,95,15.2,0,1,24
2025-02-16T19:00:00,2/17/2025 2:00,Hoàn Kiếm,VN,Asia/Ho_Chi_Minh,104,159.3,11.3,37.3,46.3,,50.3,100,0,1018,95,15.2,0,0.66,30
2025-02-16T20:00:00,2/17/2025 3:00,Hoàn Kiếm,VN,Asia/Ho_Chi_Minh,107,158.7,11.7,35.7,47.5,,49.7,100,0,1018,96,15.2,0,0.33,30
2025-02-16T21:00:00,2/17/2025 4:00,Hoàn Kiếm,VN,Asia/Ho_Chi_Minh,115,158.2,12,34,51.3,,49,100,0,1018,96,15.2,0,1.2,31
2025-02-16T22:00:00,2/17/2025 5:00,Hoàn Kiếm,VN,Asia/Ho_Chi_Minh,119,164.6,13.3,30,52.9,,49.3,100,0,1018,94,15.3,0,1.6,36
2025-02-16T23:00:00,2/17/2025 6:00,Hoàn Kiếm,VN,Asia/Ho_Chi_Minh,121,171,14.7,26,53.8,,49.7,100,0,1019,93,15.4,0,1.6,36.33
2025-02-17T00:00:00,2/17/2025 7:00,Hoàn Kiếm,VN,Asia/Ho_Chi_Minh,126,177.4,16,22,56.3,,50,100,0,1019,92,15.5,0.6,1.6,36
2025-02-17T01:00:00,2/17/2025 8:00,Hoàn Kiếm,VN,Asia/Ho_Chi_Minh,118,121.6,26,28,52.5,,58.3,100,0,1019,93,15.6,0.8,0.66,37
2025-02-17T02:00:00,2/17/2025 9:00,Hoàn Kiếm,VN,Asia/Ho_Chi_Minh,106,10,44,34,64,,66.7,100,0,1020,94,15.6,1.2,1.33,37
2025-02-17T03:00:00,2/17/2025 10:00,Hoàn Kiếm,VN,Asia/Ho_Chi_Minh,110,10,46,40,62,,75,100,0,1020,94,15.7,1.8,2,38
2025-02-17T04:00:00,2/17/2025 11:00,Hoàn Kiếm,VN,Asia/Ho_Chi_Minh,116,10,48.3,48,61.3,,76.3,100,0,1019,93,16,2.4,1.66,41
2025-02-17T05:00:00,2/17/2025 12:00,Hoàn Kiếm,VN,Asia/Ho_Chi_Minh,115,10,47,56,53,,77.7,100,0,1018,91,16.2,2.6,1.33,42.33
2025-02-17T06:00:00,2/17/2025 13:00,Hoàn Kiếm,VN,Asia/Ho_Chi_Minh,127,10,53,64,60,,79,100,0,1017,90,16.5,2.5,1,43
2025-02-17T07:00:00,2/17/2025 14:00,Hoàn Kiếm,VN,Asia/Ho_Chi_Minh,125,10,51,66.3,66,,74.7,100,0,1017,88,16.8,2,1.33,45
2025-02-17T08:00:00,2/17/2025 15:00,Hoàn Kiếm,VN,Asia/Ho_Chi_Minh,122,10,62,68.7,56,,70.3,100,0.5,1016,87,17.2,1.4,1.66,42
2025-02-17T09:00:00,2/17/2025 16:00,Hoàn Kiếm,VN,Asia/Ho_Chi_Minh,160,133.6,19,71,78.8,,66,100,1.25,1016,85,17.5,0.9,2,37.5
2025-02-17T10:00:00,2/17/2025 17:00,Hoàn Kiếm,VN,Asia/Ho_Chi_Minh,100,10,74,59,68,,73.3,100,1.5,1016,86,17.5,0.7,1.33,39
2025-02-17T11:00:00,2/17/2025 18:00,Hoàn Kiếm,VN,Asia/Ho_Chi_Minh,154,10,79,47,112,,80.7,100,1.5,1017,87,17.5,0,0.66,41.17
2025-02-17T12:00:00,2/17/2025 19:00,Hoàn Kiếm,VN,Asia/Ho_Chi_Minh,155,10,73,35,122,,88,100,1.25,1017,88,17.5,0,1.2,41
2025-02-17T13:00:00,2/17/2025 20:00,Hoàn Kiếm,VN,Asia/Ho_Chi_Minh,154,10,62,33,124,,84.3,100,0.75,1018,90,17.2,0,0.33,45.5
2025-02-17T14:00:00,2/17/2025 21:00,Hoàn Kiếm,VN,Asia/Ho_Chi_Minh,150,10,62,31,114,,80.7,100,0.25,1019,93,17,0,0.66,44.5
2025-02-17T15:00:00,2/17/2025 22:00,Hoàn Kiếm,VN,Asia/Ho_Chi_Minh,145,204.8,22,29,65,,77,100,0,1019,96,16.7,0,1,43.5
2025-02-17T16:00:00,2/17/2025 23:00,Hoàn Kiếm,VN,Asia/Ho_Chi_Minh,129,10,52,29.3,104,,73.3,100,0,1019,96,16.6,0,0.66,63
2025-02-17T17:00:00,2/18/2025 0:00,Hoàn Kiếm,VN,Asia/Ho_Chi_Minh,138,10,49,29.7,106,,69.7,100,0,1019,95,16.6,0,0.33,35
2025-02-17T18:00:00,2/18/2025 1:00,Hoàn Kiếm,VN,Asia/Ho_Chi_Minh,121,10,45,30,78,,66,100,0,1019,95,16.5,0,1.6,58.5
2025-02-17T19:00:00,2/18/2025 2:00,Hoàn Kiếm,VN,Asia/Ho_Chi_Minh,100,10,39,31,56,,66.3,100,0,1019,95,16.4,0,2,59
2025-02-17T20:00:00,2/18/2025 3:00,Hoàn Kiếm,VN,Asia/Ho_Chi_Minh,107,96.3,23,32,47.5,,66.7,100,0,1019,95,16.3,0,2,58.5
2025-02-17T21:00:00,2/18/2025 4:00,Hoàn Kiếm,VN,Asia/Ho_Chi_Minh,59,139.5,12,33,16,,67,100,0,1020,95,16.2,0,2,54
2025-02-17T22:00:00,2/18/2025 5:00,Hoàn Kiếm,VN,Asia/Ho_Chi_Minh,98,137.9,11.3,35.3,42.5,,64.3,100,0.5,1020,95,16.1,0,2,52
2025-02-17T23:00:00,2/18/2025 6:00,Hoàn Kiếm,VN,Asia/Ho_Chi_Minh,95,136.4,10.7,37.7,41.3,,61.7,100,1,1020,95,16,0,2,46
2025-02-18T00:00:00,2/18/2025 7:00,Hoàn Kiếm,VN,Asia/Ho_Chi_Minh,95,134.8,10,40,41.3,,59,100,0.75,1021,95,15.9,0.6,2,49.5
2025-02-18T01:00:00,2/18/2025 8:00,Hoàn Kiếm,VN,Asia/Ho_Chi_Minh,98,134.2,9.3,43.7,42.5,,62.7,100,0.25,1021,95,15.8,0.8,2.4,43
2025-02-18T02:00:00,2/18/2025 9:00,Hoàn Kiếm,VN,Asia/Ho_Chi_Minh,95,133.6,8.7,47.3,41.3,,66.3,100,0,1021,95,15.7,1.2,2.4,35
2025-02-18T03:00:00,2/18/2025 10:00,Hoàn Kiếm,VN,Asia/Ho_Chi_Minh,61,133.1,8,51,18,,70,75,0,1022,95,15.6,1.8,2.4,38
2025-02-18T04:00:00,2/18/2025 11:00,Hoàn Kiếm,VN,Asia/Ho_Chi_Minh,93,132.9,9,57,40,,77.3,75,0,1021,94,15.7,2.4,0.33,16
2025-02-18T05:00:00,2/18/2025 12:00,Hoàn Kiếm,VN,Asia/Ho_Chi_Minh,91,132.7,10,63,38.8,,84.7,75,0,1020,92,15.9,2.7,0.66,34
2025-02-18T06:00:00,2/18/2025 13:00,Hoàn Kiếm,VN,Asia/Ho_Chi_Minh,100,132.5,11,69,43.8,,92,75,0,1019,91,16,2.5,1,33
2025-02-18T07:00:00,2/18/2025 14:00,Hoàn Kiếm,VN,Asia/Ho_Chi_Minh,82,10,64,69.3,41,,97.3,75,0,1018,91,15.9,2,0.66,33
2025-02-18T08:00:00,2/18/2025 15:00,Hoàn Kiếm,VN,Asia/Ho_Chi_Minh,74,10,60,69.7,47,,102.7,75,0,1018,92,15.8,1.5,0.33,34
2025-02-18T09:00:00,2/18/2025 16:00,Hoàn Kiếm,VN,Asia/Ho_Chi_Minh,115,141.8,17,70,51.3,,108,75,0.5,1017,93,15.7,0.9,1.6,33
2025-02-18T10:00:00,2/18/2025 17:00,Hoàn Kiếm,VN,Asia/Ho_Chi_Minh,95,10,61,60.7,44,,109.7,83,1,1017,92,15.7,0.9,1.6,17
2025-02-18T11:00:00,2/18/2025 18:00,Hoàn Kiếm,VN,Asia/Ho_Chi_Minh,96,10,58,51.3,39,,111.3,91,1,1017,92,15.6,0,1.6,32
2025-02-18T12:00:00,2/18/2025 19:00,Hoàn Kiếm,VN,Asia/Ho_Chi_Minh,100,10,56,42,47,,113,100,1,1018,91,15.6,0,1.6,31
2025-02-18T13:00:00,2/18/2025 20:00,Hoàn Kiếm,VN,Asia/Ho_Chi_Minh,93,10,53,38.3,46,,107.7,91,0.5,1018,91,15.5,0,1.2,35
2025-02-18T14:00:00,2/18/2025 21:00,Hoàn Kiếm,VN,Asia/Ho_Chi_Minh,76,10,52,34.7,49,,102.3,83,0,1019,91,15.5,0,0.8,27
2025-02-18T15:00:00,2/18/2025 22:00,Hoàn Kiếm,VN,Asia/Ho_Chi_Minh,121,193.2,22,31,53.8,,97,75,0,1019,90,15.4,0,0.8,23
2025-02-18T16:00:00,2/18/2025 23:00,Hoàn Kiếm,VN,Asia/Ho_Chi_Minh,99,10,54,28.7,50,,88,83,0,1019,91,15.3,0,0.8,41
2025-02-18T17:00:00,2/19/2025 0:00,Hoàn Kiếm,VN,Asia/Ho_Chi_Minh,96,10,49,26.3,46,,79,91,0,1019,91,15.3,0,0.8,33
2025-02-18T18:00:00,2/19/2025 1:00,Hoàn Kiếm,VN,Asia/Ho_Chi_Minh,100,10,45,24,52,,70,100,0,1019,92,15.2,0,1.2,33.5
2025-02-18T19:00:00,2/19/2025 2:00,Hoàn Kiếm,VN,Asia/Ho_Chi_Minh,111,10,45,22.7,64,,64.3,100,0,1018,93,15.1,0,0.8,35.5
2025-02-18T20:00:00,2/19/2025 3:00,Hoàn Kiếm,VN,Asia/Ho_Chi_Minh,114,10,41,21.3,62.7,,58.7,100,0,1018,94,15.1,0,1.2,32
2025-02-18T21:00:00,2/19/2025 4:00,Hoàn Kiếm,VN,Asia/Ho_Chi_Minh,122,10,39,20,68,,53,100,1,1018,96,15,0,0.8,24
2025-02-18T22:00:00,2/19/2025 5:00,Hoàn Kiếm,VN,Asia/Ho_Chi_Minh,123,10,36,22.7,70,,54.7,100,1.5,1018,95,15.1,0,0.8,43
2025-02-18T23:00:00,2/19/2025 6:00,Hoàn Kiếm,VN,Asia/Ho_Chi_Minh,119,10,39,25.3,68,,56.3,100,1,1019,95,15.1,0,1.2,34.5
2025-02-19T00:00:00,2/19/2025 7:00,Hoàn Kiếm,VN,Asia/Ho_Chi_Minh,118,10,45,28,78,,58,100,1,1019,95,15.2,0.6,1.2,33.5
2025-02-19T01:00:00,2/19/2025 8:00,Hoàn Kiếm,VN,Asia/Ho_Chi_Minh,118,10,44,37,80,,63.3,100,1.25,1019,95,15.4,0.8,1.2,35
2025-02-19T02:00:00,2/19/2025 9:00,Hoàn Kiếm,VN,Asia/Ho_Chi_Minh,115,10,46,46,86,,68.7,100,1,1020,95,15.5,1.2,1.2,39.5
2025-02-19T03:00:00,2/19/2025 10:00,Hoàn Kiếm,VN,Asia/Ho_Chi_Minh,134,170.4,13,55,60,,74,100,0.5,1020,94,15.7,1.8,1.2,40.67
2025-02-19T04:00:00,2/19/2025 11:00,Hoàn Kiếm,VN,Asia/Ho_Chi_Minh,127,10,46,65,92,,66,100,0,1019,94,16,2.4,0.33,43.5
2025-02-19T05:00:00,2/19/2025 12:00,Hoàn Kiếm,VN,Asia/Ho_Chi_Minh,121,10,52,75,78,,58,100,0,1018,93,16.2,2.7,0.66,44
2025-02-19T06:00:00,2/19/2025 13:00,Hoàn Kiếm,VN,Asia/Ho_Chi_Minh,129,10,73,85,94,,50,100,0,1017,92,16.5,2.5,1,42.5
2025-02-19T07:00:00,2/19/2025 14:00,Hoàn Kiếm,VN,Asia/Ho_Chi_Minh,134,10,86,82.7,110,,47.3,100,0,1016,93,16.6,2.1,0.66,42
2025-02-19T08:00:00,2/19/2025 15:00,Hoàn Kiếm,VN,Asia/Ho_Chi_Minh,130,10,75,80.3,106,,44.7,100,0,1016,94,16.6,1.4,0.33,42
2025-02-19T09:00:00,2/19/2025 16:00,Hoàn Kiếm,VN,Asia/Ho_Chi_Minh,131,10,76,78,112,,42,100,0,1015,95,16.7,0.9,0.8,41
2025-02-19T10:00:00,2/19/2025 17:00,Hoàn Kiếm,VN,Asia/Ho_Chi_Minh,123,10,87,52.3,104,,33.3,100,0,1016,95,16.7,0.7,0.4,48
2025-02-19T11:00:00,2/19/2025 18:00,Hoàn Kiếm,VN,Asia/Ho_Chi_Minh,122,10,89,26.6,96,,24.7,100,0,1016,95,16.7,0,0.4,45.5
2025-02-19T12:00:00,2/19/2025 19:00,Hoàn Kiếm,VN,Asia/Ho_Chi_Minh,133,15,42.5,1,120,,16,100,0,1016,95,16.7,0,0.4,43
2025-02-19T13:00:00,2/19/2025 20:00,Hoàn Kiếm,VN,Asia/Ho_Chi_Minh,135,13.3,51,23.6,121.3,,25.7,100,0.25,1017,95,16.8,0,0.4,46
2025-02-19T14:00:00,2/19/2025 21:00,Hoàn Kiếm,VN,Asia/Ho_Chi_Minh,139,10,69,46.3,126,,35.3,100,0.5,1017,95,16.9,0,0.8,48
2025-02-19T15:00:00,2/19/2025 22:00,Hoàn Kiếm,VN,Asia/Ho_Chi_Minh,141,10,68,69,124,,45,100,0.5,1018,95,17,0,0.8,46.67
2025-02-19T16:00:00,2/19/2025 23:00,Hoàn Kiếm,VN,Asia/Ho_Chi_Minh,141,10,72,71,118,,42,100,0.5,1018,95,16.9,0,0.8,47
2025-02-19T17:00:00,2/20/2025 0:00,Hoàn Kiếm,VN,Asia/Ho_Chi_Minh,130,10,76,73,94,,39,100,0.5,1018,96,16.8,0,0.8,44
2025-02-19T18:00:00,2/20/2025 1:00,Hoàn Kiếm,VN,Asia/Ho_Chi_Minh,123,10,66,75,80,,36,100,0.25,1017,96,16.7,0,0.8,43.5
2025-02-19T19:00:00,2/20/2025 2:00,Hoàn Kiếm,VN,Asia/Ho_Chi_Minh,153,10,61,73,68.8,,35,100,1,1017,96,16.7,0,0.8,47.5
2025-02-19T20:00:00,2/20/2025 3:00,Hoàn Kiếm,VN,Asia/Ho_Chi_Minh,104,10,57,71,74,,34,100,2,1017,96,16.7,0,0.8,48.5
2025-02-19T21:00:00,2/20/2025 4:00,Hoàn Kiếm,VN,Asia/Ho_Chi_Minh,119,10,51,69,62,,33,100,2.5,1016,96,16.7,0,0.8,50
2025-02-19T22:00:00,2/20/2025 5:00,Hoàn Kiếm,VN,Asia/Ho_Chi_Minh,130,10,50,64.7,68,,35.3,100,3,1017,96,16.7,0,0.8,50.5
2025-02-19T23:00:00,2/20/2025 6:00,Hoàn Kiếm,VN,Asia/Ho_Chi_Minh,126,10,49,60.3,56,,37.7,100,2,1018,96,16.7,0,0.8,50.5
2025-02-20T00:00:00,2/20/2025 7:00,Hoàn Kiếm,VN,Asia/Ho_Chi_Minh,135,10,51,56,56,,40,100,1.5,1018,96,16.7,0.6,0.8,46.5
2025-02-20T01:00:00,2/20/2025 8:00,Hoàn Kiếm,VN,Asia/Ho_Chi_Minh,144,10,58.7,62.7,63.3,,41,100,1,1019,96,17,0.8,1.2,44
2025-02-20T02:00:00,2/20/2025 9:00,Hoàn Kiếm,VN,Asia/Ho_Chi_Minh,145,10,66,69.3,66,,42,100,0.5,1019,97,17.4,1.2,2,55
2025-02-20T03:00:00,2/20/2025 10:00,Hoàn Kiếm,VN,Asia/Ho_Chi_Minh,154,10,74,76,78,,43,100,0,1020,97,17.7,1.9,2,37
2025-02-20T04:00:00,2/20/2025 11:00,Hoàn Kiếm,VN,Asia/Ho_Chi_Minh,173,10,86,51.4,96,,39.3,100,0,1019,96,17.9,2.4,2,42.5
2025-02-20T05:00:00,2/20/2025 12:00,Hoàn Kiếm,VN,Asia/Ho_Chi_Minh,206,15,52,1.4,124,,16,100,0,1018,95,18.2,2.7,2,46.5
2025-02-20T06:00:00,2/20/2025 13:00,Hoàn Kiếm,VN,Asia/Ho_Chi_Minh,207,660,52.5,2.2,142,,32,100,0,1018,93,18.4,2.6,1.6,45
2025-02-20T07:00:00,2/20/2025 14:00,Hoàn Kiếm,VN,Asia/Ho_Chi_Minh,195,443.3,70.3,29.4,147.3,,33,100,0.25,1017,91,19.1,2.1,1.2,48.5
2025-02-20T08:00:00,2/20/2025 15:00,Hoàn Kiếm,VN,Asia/Ho_Chi_Minh,223,862,47,3.2,165,,32,100,0.75,1016,88,19.7,1.5,1.2,51.83
2025-02-20T09:00:00,2/20/2025 16:00,Hoàn Kiếm,VN,Asia/Ho_Chi_Minh,171,10,106,84,158,,35,100,0.5,1016,86,20.4,0.9,0.8,52
2025-02-20T10:00:00,2/20/2025 17:00,Hoàn Kiếm,VN,Asia/Ho_Chi_Minh,163,10,117,74.7,146,,37.7,100,1,1016,88,20.2,0.8,0.4,58.5
2025-02-20T11:00:00,2/20/2025 18:00,Hoàn Kiếm,VN,Asia/Ho_Chi_Minh,155,10,116,65.3,138,,40.3,100,0.75,1016,90,19.9,0,0.4,72.5
2025-02-20T12:00:00,2/20/2025 19:00,Hoàn Kiếm,VN,Asia/Ho_Chi_Minh,157,130.7,23,56,62,,43,100,1,1016,92,19.7,0,1.2,97.5
2025-02-20T13:00:00,2/20/2025 20:00,Hoàn Kiếm,VN,Asia/Ho_Chi_Minh,145,10,111,57,124,,43.3,100,1,1017,92,19.8,0,0.33,98.5
2025-02-20T14:00:00,2/20/2025 21:00,Hoàn Kiếm,VN,Asia/Ho_Chi_Minh,148,10,101,58,128,,43.7,100,0,1017,92,19.9,0,0.66,89.33
2025-02-20T15:00:00,2/20/2025 22:00,Hoàn Kiếm,VN,Asia/Ho_Chi_Minh,153,10,103,59,130,,44,100,0,1018,92,20,0,1,110
2025-02-20T16:00:00,2/20/2025 23:00,Hoàn Kiếm,VN,Asia/Ho_Chi_Minh,152,10,99,58.3,134,,40.3,100,0,1018,93,19.9,0,1.66,71
2025-02-20T17:00:00,2/21/2025 0:00,Hoàn Kiếm,VN,Asia/Ho_Chi_Minh,187,10,77,57.7,180,,36.7,100,0,1018,93,19.7,0,2.33,65
2025-02-20T18:00:00,2/21/2025 1:00,Hoàn Kiếm,VN,Asia/Ho_Chi_Minh,118,110.9,14,57,43,,33,100,0,1018,93,19.6,0,3,59
2025-02-20T19:00:00,2/21/2025 2:00,Hoàn Kiếm,VN,Asia/Ho_Chi_Minh,173,10,45,52.7,160,,32,100,0,1017,94,19.5,0,2.66,61
2025-02-20T20:00:00,2/21/2025 3:00,Hoàn Kiếm,VN,Asia/Ho_Chi_Minh,152,10,32,48.3,134,,31,100,0,1017,94,19.3,0,2.33,52
2025-02-20T21:00:00,2/21/2025 4:00,Hoàn Kiếm,VN,Asia/Ho_Chi_Minh,153,10,32,44,116,,30,100,0,1017,94,19.2,0,2,53
2025-02-20T22:00:00,2/21/2025 5:00,Hoàn Kiếm,VN,Asia/Ho_Chi_Minh,153,10,37,42,100,,35,100,0,1018,94,19.2,0,1.33,55
2025-02-20T23:00:00,2/21/2025 6:00,Hoàn Kiếm,VN,Asia/Ho_Chi_Minh,153,10,51,40,76,,40,100,0,1018,95,19.2,0,0.66,57
2025-02-21T00:00:00,2/21/2025 7:00,Hoàn Kiếm,VN,Asia/Ho_Chi_Minh,95,145.3,12,38,36,,45,100,0,1018,95,19.2,0.6,1.2,83
2025-02-21T01:00:00,2/21/2025 8:00,Hoàn Kiếm,VN,Asia/Ho_Chi_Minh,155,10,77,41.7,62,,53.7,100,0,1019,93,19.6,0.8,1.2,42
2025-02-21T02:00:00,2/21/2025 9:00,Hoàn Kiếm,VN,Asia/Ho_Chi_Minh,159,10,83,45.3,68,,62.3,100,0,1019,91,20.1,1.3,1.6,73
2025-02-21T03:00:00,2/21/2025 10:00,Hoàn Kiếm,VN,Asia/Ho_Chi_Minh,159,10,72,49,86,,71,100,0,1020,89,20.5,1.9,2.4,57
2025-02-21T04:00:00,2/21/2025 11:00,Hoàn Kiếm,VN,Asia/Ho_Chi_Minh,163,10,62,54.3,104,,68.7,100,0,1019,87,20.8,2.4,0.66,57.5
2025-02-21T05:00:00,2/21/2025 12:00,Hoàn Kiếm,VN,Asia/Ho_Chi_Minh,129,10,67,59.7,104,,66.3,100,0,1019,84,21.2,2.7,1.33,58
2025-02-21T06:00:00,2/21/2025 13:00,Hoàn Kiếm,VN,Asia/Ho_Chi_Minh,181,130.1,12,65,98.8,,64,100,0,1018,82,21.5,2.6,2,57.5
2025-02-21T07:00:00,2/21/2025 14:00,Hoàn Kiếm,VN,Asia/Ho_Chi_Minh,159,10,33,1,106,,16,100,0.25,1017,86,20.7,2.1,1.66,33
2025-02-21T08:00:00,2/21/2025 15:00,Hoàn Kiếm,VN,Asia/Ho_Chi_Minh,154,10,37.5,1,96,,16,100,0.5,1017,90,19.8,1.5,1.33,59
2025-02-21T09:00:00,2/21/2025 16:00,Hoàn Kiếm,VN,Asia/Ho_Chi_Minh,155,10,79,62,106,,67,100,0.5,1017,94,19,0.9,1,62
2025-02-21T10:00:00,2/21/2025 17:00,Hoàn Kiếm,VN,Asia/Ho_Chi_Minh,159,10,90,58,138,,67.7,100,0.25,1017,93,18.8,0.7,1.33,62
2025-02-21T11:00:00,2/21/2025 18:00,Hoàn Kiếm,VN,Asia/Ho_Chi_Minh,150,10,81,54,112.7,,68.3,100,0,1018,93,18.7,0,1.66,65.5
2025-02-21T12:00:00,2/21/2025 19:00,Hoàn Kiếm,VN,Asia/Ho_Chi_Minh,143,10,82,50,116,,69,100,0,1018,92,18.5,0,2,46
2025-02-21T13:00:00,2/21/2025 20:00,Hoàn Kiếm,VN,Asia/Ho_Chi_Minh,143,10,77,47,120,,65.7,100,0,1019,93,18.4,0,2,79
2025-02-21T14:00:00,2/21/2025 21:00,Hoàn Kiếm,VN,Asia/Ho_Chi_Minh,129,10,37.5,1,80,,16,100,0.5,1019,93,18.3,0,2,62
2025-02-21T15:00:00,2/21/2025 22:00,Hoàn Kiếm,VN,Asia/Ho_Chi_Minh,131,10,64,41,90,,59,100,2.25,1020,94,18.2,0,2,58.5
2025-02-21T16:00:00,2/21/2025 23:00,Hoàn Kiếm,VN,Asia/Ho_Chi_Minh,142,10,35,1,94,,16,100,2.25,1020,94,18.1,0,2,59
2025-02-21T17:00:00,2/22/2025 0:00,Hoàn Kiếm,VN,Asia/Ho_Chi_Minh,157,10,61.3,37,96.7,,49.7,100,2.25,1020,94,18.1,0,2,62
2025-02-21T18:00:00,2/22/2025 1:00,Hoàn Kiếm,VN,Asia/Ho_Chi_Minh,167,10,60,35,100,,45,100,1.5,1019,94,18,0,2,54
2025-02-21T19:00:00,2/22/2025 2:00,Hoàn Kiếm,VN,Asia/Ho_Chi_Minh,155,10,54,37.3,94,,45,100,1,1019,94,18,0,1.66,51.5
2025-02-21T20:00:00,2/22/2025 3:00,Hoàn Kiếm,VN,Asia/Ho_Chi_Minh,155,10,42,39.7,98,,45,100,0.75,1018,94,18,0,1.33,51.5
2025-02-21T21:00:00,2/22/2025 4:00,Hoàn Kiếm,VN,Asia/Ho_Chi_Minh,153,10,32,42,70,,45,100,1.5,1018,93,18,0,1,46
2025-02-21T22:00:00,2/22/2025 5:00,Hoàn Kiếm,VN,Asia/Ho_Chi_Minh,139,10,35.3,43.7,69.3,,47.7,100,0.75,1018,94,17.8,0,1,47
2025-02-21T23:00:00,2/22/2025 6:00,Hoàn Kiếm,VN,Asia/Ho_Chi_Minh,125,10,30,45.3,60,,50.3,100,0.5,1019,95,17.7,0,1,51
2025-02-22T00:00:00,2/22/2025 7:00,Hoàn Kiếm,VN,Asia/Ho_Chi_Minh,100,10,42,47,68,,53,100,0,1020,95,17.5,0.6,1,61
2025-02-22T01:00:00,2/22/2025 8:00,Hoàn Kiếm,VN,Asia/Ho_Chi_Minh,145,10,50,55,65,,55,100,0,1020,94,17.8,0.8,1,68
2025-02-22T02:00:00,2/22/2025 9:00,Hoàn Kiếm,VN,Asia/Ho_Chi_Minh,131,10,78,63,58,,57,100,0,1020,94,18.2,1.3,1,59
2025-02-22T03:00:00,2/22/2025 10:00,Hoàn Kiếm,VN,Asia/Ho_Chi_Minh,141,10,66,71,53,,59,100,0,1021,93,18.5,1.9,1,59.5
2025-02-22T04:00:00,2/22/2025 11:00,Hoàn Kiếm,VN,Asia/Ho_Chi_Minh,151,10,69.3,72.7,75.3,,57.7,100,0,1020,91,18.7,2.5,0.66,57.5
2025-02-22T05:00:00,2/22/2025 12:00,Hoàn Kiếm,VN,Asia/Ho_Chi_Minh,155,10,74,74.3,70,,56.3,100,0,1019,89,19,2.7,0.33,50
2025-02-22T06:00:00,2/22/2025 13:00,Hoàn Kiếm,VN,Asia/Ho_Chi_Minh,165,10,76,76,120,,55,100,0,1019,87,19.2,2.6,1.2,44.5
2025-02-22T07:00:00,2/22/2025 14:00,Hoàn Kiếm,VN,Asia/Ho_Chi_Minh,180,10,81,75,154,,54.3,100,0,1018,89,19.2,2.1,1.6,35
2025-02-22T08:00:00,2/22/2025 15:00,Hoàn Kiếm,VN,Asia/Ho_Chi_Minh,185,10,79,74,158,,53.7,100,0,1018,90,19.2,1.5,2,52
2025-02-22T09:00:00,2/22/2025 16:00,Hoàn Kiếm,VN,Asia/Ho_Chi_Minh,192,10,82,73,164,,53,100,0,1017,92,19.2,0.9,1.6,47
2025-02-22T10:00:00,2/22/2025 17:00,Hoàn Kiếm,VN,Asia/Ho_Chi_Minh,194,10,78.7,71,158.7,,56.3,100,0,1018,93,19,0.7,0.66,50.5
2025-02-22T11:00:00,2/22/2025 18:00,Hoàn Kiếm,VN,Asia/Ho_Chi_Minh,195,10,76,69,156,,59.7,100,0.75,1018,94,18.9,0,1.33,56
2025-02-22T12:00:00,2/22/2025 19:00,Hoàn Kiếm,VN,Asia/Ho_Chi_Minh,197,10,72,67,148,,63,100,1,1019,96,18.7,0,2,59.5
2025-02-22T13:00:00,2/22/2025 20:00,Hoàn Kiếm,VN,Asia/Ho_Chi_Minh,192,10,55,67,152,,65,100,0.25,1019,96,18.7,0,1.33,67
2025-02-22T14:00:00,2/22/2025 21:00,Hoàn Kiếm,VN,Asia/Ho_Chi_Minh,188,10,52,67,138,,67,100,0,1020,96,18.6,0,0.66,78
2025-02-22T15:00:00,2/22/2025 22:00,Hoàn Kiếm,VN,Asia/Ho_Chi_Minh,153,161.1,14,67,55,,69,100,0,1021,96,18.6,0,2,82
2025-02-22T16:00:00,2/22/2025 23:00,Hoàn Kiếm,VN,Asia/Ho_Chi_Minh,192,10,48,61.3,140,,67.3,100,0,1020,96,18.6,0,1.6,87
2025-02-22T17:00:00,2/23/2025 0:00,Hoàn Kiếm,VN,Asia/Ho_Chi_Minh,180,10,49,55.7,128,,65.7,100,0,1020,95,18.5,0,1.2,88.33
2025-02-22T18:00:00,2/23/2025 1:00,Hoàn Kiếm,VN,Asia/Ho_Chi_Minh,170,10,43,50,104,,64,100,0,1020,95,18.5,0,1.2,89
2025-02-22T19:00:00,2/23/2025 2:00,Hoàn Kiếm,VN,Asia/Ho_Chi_Minh,176,10,42,44,144,,68.3,100,0,1020,95,18.5,0,1.2,91
2025-02-22T20:00:00,2/23/2025 3:00,Hoàn Kiếm,VN,Asia/Ho_Chi_Minh,175,10,42,38,144,,72.7,100,0.25,1020,95,18.5,0,1.2,87
2025-02-22T21:00:00,2/23/2025 4:00,Hoàn Kiếm,VN,Asia/Ho_Chi_Minh,168,10,42,32,138,,77,100,0.5,1020,95,18.5,0,2,84
2025-02-22T22:00:00,2/23/2025 5:00,Hoàn Kiếm,VN,Asia/Ho_Chi_Minh,123,10,43,30.3,98,,78.7,100,0.75,1021,95,18,0,0.66,55
2025-02-22T23:00:00,2/23/2025 6:00,Hoàn Kiếm,VN,Asia/Ho_Chi_Minh,145,10,46.7,28.7,65,,80.3,100,0.25,1022,95,17.5,0,1.33,87
2025-02-23T00:00:00,2/23/2025 7:00,Hoàn Kiếm,VN,Asia/Ho_Chi_Minh,130,10,49,27,86,,82,100,0,1023,95,17,0.6,2,78
2025-02-23T01:00:00,2/23/2025 8:00,Hoàn Kiếm,VN,Asia/Ho_Chi_Minh,93,10,182,0.5,41,,83.7,100,0,1024,95,16.5,0.8,2.66,70.5
2025-02-23T02:00:00,2/23/2025 9:00,Hoàn Kiếm,VN,Asia/Ho_Chi_Minh,76,10,308,0.9,24,,85.3,100,0,1025,95,16,1.3,3.33,75
2025-02-23T03:00:00,2/23/2025 10:00,Hoàn Kiếm,VN,Asia/Ho_Chi_Minh,52,10,176,1.5,20,,87,100,0,1026,94,15.5,1.9,4,74
2025-02-23T04:00:00,2/23/2025 11:00,Hoàn Kiếm,VN,Asia/Ho_Chi_Minh,46,10,131,22.7,18.3,,89,100,0,1025,88,15.7,2.5,3.66,69
2025-02-23T05:00:00,2/23/2025 12:00,Hoàn Kiếm,VN,Asia/Ho_Chi_Minh,50,10,307,0.5,24,,91,100,0,1024,83,16,2.8,3.33,44
2025-02-23T06:00:00,2/23/2025 13:00,Hoàn Kiếm,VN,Asia/Ho_Chi_Minh,30,10,41,65,15,,93,100,0,1024,77,16.2,2.6,3,52
2025-02-23T07:00:00,2/23/2025 14:00,Hoàn Kiếm,VN,Asia/Ho_Chi_Minh,37,10,46,66.7,17,,94.3,100,0.25,1024,77,16.3,2.1,2.66,46.5
2025-02-23T08:00:00,2/23/2025 15:00,Hoàn Kiếm,VN,Asia/Ho_Chi_Minh,91,10,151,68.3,40,,95.7,100,0.5,1023,77,16.4,1.5,2.33,32
2025-02-23T09:00:00,2/23/2025 16:00,Hoàn Kiếm,VN,Asia/Ho_Chi_Minh,59,185.6,8,70,20,,97,100,1,1023,77,16.5,0.9,2,24
2025-02-23T10:00:00,2/23/2025 17:00,Hoàn Kiếm,VN,Asia/Ho_Chi_Minh,64,188.7,9,64,22.9,,94.7,100,0.5,1023,80,16.1,0.7,2,13
2025-02-23T11:00:00,2/23/2025 18:00,Hoàn Kiếm,VN,Asia/Ho_Chi_Minh,59,191.8,10,58,20,,92.3,100,0.5,1024,83,15.6,0,2,11
2025-02-23T12:00:00,2/23/2025 19:00,Hoàn Kiếm,VN,Asia/Ho_Chi_Minh,74,194.9,11,52,28.8,,90,100,0,1024,87,15.2,0,2,12
2025-02-23T13:00:00,2/23/2025 20:00,Hoàn Kiếm,VN,Asia/Ho_Chi_Minh,93,193.8,10.7,51,40,,86.7,100,0,1025,88,14.7,0,2,7
2025-02-23T14:00:00,2/23/2025 21:00,Hoàn Kiếm,VN,Asia/Ho_Chi_Minh,102,192.6,10.3,50,45,,83.3,100,0,1026,89,14.2,0,2,9
2025-02-23T15:00:00,2/23/2025 22:00,Hoàn Kiếm,VN,Asia/Ho_Chi_Minh,54,191.4,10,49,14,,80,100,0,1027,91,13.7,0,2,31
2025-02-23T16:00:00,2/23/2025 23:00,Hoàn Kiếm,VN,Asia/Ho_Chi_Minh,91,187.5,9.7,48.3,38.8,,77.3,100,0,1027,90,13.6,0,2,16
2025-02-23T17:00:00,2/24/2025 0:00,Hoàn Kiếm,VN,Asia/Ho_Chi_Minh,91,183.6,9.3,47.7,38.8,,74.7,100,0,1026,89,13.6,0,2,18.33
2025-02-23T18:00:00,2/24/2025 1:00,Hoàn Kiếm,VN,Asia/Ho_Chi_Minh,74,179.7,9,47,28.8,,72,100,0.5,1026,88,13.5,0,2,16
2025-02-23T19:00:00,2/24/2025 2:00,Hoàn Kiếm,VN,Asia/Ho_Chi_Minh,80,183.3,9,46,32.5,,72,100,0,1026,90,13.2,0,1.33,23
2025-02-23T20:00:00,2/24/2025 3:00,Hoàn Kiếm,VN,Asia/Ho_Chi_Minh,91,186.8,9,45,38.8,,72,100,0,1026,92,13,0,0.66,32
2025-02-23T21:00:00,2/24/2025 4:00,Hoàn Kiếm,VN,Asia/Ho_Chi_Minh,52,190.3,9,44,13,,72,100,0.25,1026,94,12.7,0,2.4,36
2025-02-23T22:00:00,2/24/2025 5:00,Hoàn Kiếm,VN,Asia/Ho_Chi_Minh,93,193,9.3,42,40,,73.3,100,0,1026,94,12.7,0,0.5,14
2025-02-23T23:00:00,2/24/2025 6:00,Hoàn Kiếm,VN,Asia/Ho_Chi_Minh,93,195.7,9.7,40,40,,74.7,100,0,1027,94,12.7,0,1,31
2025-02-24T00:00:00,2/24/2025 7:00,Hoàn Kiếm,VN,Asia/Ho_Chi_Minh,102,198.4,10,38,45,,76,100,0,1027,94,12.7,0.6,1.5,31
2025-02-24T01:00:00,2/24/2025 8:00,Hoàn Kiếm,VN,Asia/Ho_Chi_Minh,98,197.5,10,39,42.5,,82,100,0,1028,90,13,0.8,2,23
2025-02-24T02:00:00,2/24/2025 9:00,Hoàn Kiếm,VN,Asia/Ho_Chi_Minh,95,196.5,10,40,41.3,,88,100,0,1029,85,13.4,1.3,2.5,26
2025-02-24T03:00:00,2/24/2025 10:00,Hoàn Kiếm,VN,Asia/Ho_Chi_Minh,95,195.5,10,41,41.3,,94,100,0,1029,81,13.7,1.9,3,31
2025-02-24T04:00:00,2/24/2025 11:00,Hoàn Kiếm,VN,Asia/Ho_Chi_Minh,91,133.7,21.7,44.7,41.5,,101,100,0,1028,79,14,2.5,2.66,13
2025-02-24T05:00:00,2/24/2025 12:00,Hoàn Kiếm,VN,Asia/Ho_Chi_Minh,102,71.8,33.3,48.3,45,,108,100,0,1028,78,14.2,2.8,2.33,32
2025-02-24T06:00:00,2/24/2025 13:00,Hoàn Kiếm,VN,Asia/Ho_Chi_Minh,81,10,45,52,42,,115,100,0.5,1027,77,14.5,2.6,2,32
2025-02-24T07:00:00,2/24/2025 14:00,Hoàn Kiếm,VN,Asia/Ho_Chi_Minh,91,69.3,34.3,53.7,38.8,,121.7,100,0.75,1026,77,14.5,2.1,2,36
2025-02-24T08:00:00,2/24/2025 15:00,Hoàn Kiếm,VN,Asia/Ho_Chi_Minh,104,128.6,23.7,55.3,46.3,,128.3,100,0.5,1025,77,14.5,1.5,2,34
2025-02-24T09:00:00,2/24/2025 16:00,Hoàn Kiếm,VN,Asia/Ho_Chi_Minh,78,187.9,13,57,26,,135,100,0.5,1025,77,14.5,1,2,33
2025-02-24T10:00:00,2/24/2025 17:00,Hoàn Kiếm,VN,Asia/Ho_Chi_Minh,104,194.7,13.7,51.3,46.3,,131.3,100,0,1025,78,14.4,0.7,2,33
2025-02-24T11:00:00,2/24/2025 18:00,Hoàn Kiếm,VN,Asia/Ho_Chi_Minh,98,10,86,45.7,62,,127.7,100,0,1025,80,14.2,0,2,30.83
2025-02-24T12:00:00,2/24/2025 19:00,Hoàn Kiếm,VN,Asia/Ho_Chi_Minh,104,208.3,15,40,46.3,,124,100,0,1025,81,14.1,0,2,36
2025-02-24T13:00:00,2/24/2025 20:00,Hoàn Kiếm,VN,Asia/Ho_Chi_Minh,94,10,57,38.3,56,,118.7,100,0,1026,81,14.1,0,1.66,26.5
2025-02-24T14:00:00,2/24/2025 21:00,Hoàn Kiếm,VN,Asia/Ho_Chi_Minh,115,215.3,14.3,36.7,51.3,,113.3,100,0.5,1026,81,14,0,1.33,31
2025-02-24T15:00:00,2/24/2025 22:00,Hoàn Kiếm,VN,Asia/Ho_Chi_Minh,87,218.9,14,35,29,,108,100,0.5,1027,81,14,0,1,37
2025-02-24T16:00:00,2/24/2025 23:00,Hoàn Kiếm,VN,Asia/Ho_Chi_Minh,115,220.2,14,33,51.3,,100.3,100,0.25,1026,81,14,0,1,25
2025-02-24T17:00:00,2/25/2025 0:00,Hoàn Kiếm,VN,Asia/Ho_Chi_Minh,95,221.6,14,31,41.3,,92.7,100,0.5,1026,81,14,0,1,37
2025-02-24T18:00:00,2/25/2025 1:00,Hoàn Kiếm,VN,Asia/Ho_Chi_Minh,91,222.9,14,29,38.8,,85,100,0.5,1025,82,14,0,1,34
2025-02-24T19:00:00,2/25/2025 2:00,Hoàn Kiếm,VN,Asia/Ho_Chi_Minh,86,10,39,27.7,54,,79,100,0.5,1025,84,13.8,0,0.66,37
2025-02-24T20:00:00,2/25/2025 3:00,Hoàn Kiếm,VN,Asia/Ho_Chi_Minh,97,223.3,13.3,26.3,42.1,,73,100,0.5,1024,87,13.7,0,0.33,32.5
2025-02-24T21:00:00,2/25/2025 4:00,Hoàn Kiếm,VN,Asia/Ho_Chi_Minh,100,223.5,13,25,43.8,,67,100,0.5,1023,90,13.5,0,1.6,41
2025-02-24T22:00:00,2/25/2025 5:00,Hoàn Kiếm,VN,Asia/Ho_Chi_Minh,93,10,37,23.3,58,,65.3,100,0.5,1024,91,13.6,0,1.6,29
2025-02-24T23:00:00,2/25/2025 6:00,Hoàn Kiếm,VN,Asia/Ho_Chi_Minh,108,10,29,21.7,53,,63.7,100,0.25,1024,93,13.6,0,1.2,41
2025-02-25T00:00:00,2/25/2025 7:00,Hoàn Kiếm,VN,Asia/Ho_Chi_Minh,107,10,40,20,54,,62,100,0.75,1025,95,13.7,0.6,1.2,33
2025-02-25T01:00:00,2/25/2025 8:00,Hoàn Kiếm,VN,Asia/Ho_Chi_Minh,116,10,44,25,62,,70.7,100,0.75,1025,94,13.8,0.8,0.66,31
2025-02-25T02:00:00,2/25/2025 9:00,Hoàn Kiếm,VN,Asia/Ho_Chi_Minh,91,10,43,30,60,,79.3,100,1,1026,93,13.9,1.3,1.33,28.5
2025-02-25T03:00:00,2/25/2025 10:00,Hoàn Kiếm,VN,Asia/Ho_Chi_Minh,142,224.1,13,35,63.8,,88,100,0.25,1026,91,14,1.9,2,33.67
2025-02-25T04:00:00,2/25/2025 11:00,Hoàn Kiếm,VN,Asia/Ho_Chi_Minh,134,10,46,40.3,68,,98.7,100,0.25,1026,92,14.2,2.5,1.66,35
2025-02-25T05:00:00,2/25/2025 12:00,Hoàn Kiếm,VN,Asia/Ho_Chi_Minh,153,10,70,45.7,82,,109.3,100,0.5,1025,92,14.5,2.8,1.33,32
2025-02-25T06:00:00,2/25/2025 13:00,Hoàn Kiếm,VN,Asia/Ho_Chi_Minh,153,10,74,51,72,,120,100,0.5,1024,93,14.7,2.7,1,38.5
2025-02-25T07:00:00,2/25/2025 14:00,Hoàn Kiếm,VN,Asia/Ho_Chi_Minh,148,10,69,53,72,,126.3,100,0.5,1024,93,14.8,2.2,1,38
2025-02-25T08:00:00,2/25/2025 15:00,Hoàn Kiếm,VN,Asia/Ho_Chi_Minh,168,10,71.3,55,86.3,,132.7,100,0.5,1023,93,14.9,1.5,1,41.5
2025-02-25T09:00:00,2/25/2025 16:00,Hoàn Kiếm,VN,Asia/Ho_Chi_Minh,107,10,70,57,78,,139,100,0.75,1023,94,15,1,1,31
2025-02-25T10:00:00,2/25/2025 17:00,Hoàn Kiếm,VN,Asia/Ho_Chi_Minh,125,10,71,51.3,78,,135.7,100,0.5,1023,94,14.8,0.7,1,51
2025-02-25T11:00:00,2/25/2025 18:00,Hoàn Kiếm,VN,Asia/Ho_Chi_Minh,126,10,60,45.7,82,,132.3,100,0.25,1023,94,14.7,0,1,48
2025-02-25T12:00:00,2/25/2025 19:00,Hoàn Kiếm,VN,Asia/Ho_Chi_Minh,134,10,68,40,90,,129,100,0,1023,94,14.5,0,1,55
2025-02-25T13:00:00,2/25/2025 20:00,Hoàn Kiếm,VN,Asia/Ho_Chi_Minh,145,10,68,38.3,106,,118.7,100,0.25,1024,93,14.5,0,1,55
2025-02-25T14:00:00,2/25/2025 21:00,Hoàn Kiếm,VN,Asia/Ho_Chi_Minh,133,10,61,36.7,76,,108.3,100,0.25,1025,93,14.5,0,1,53
2025-02-25T15:00:00,2/25/2025 22:00,Hoàn Kiếm,VN,Asia/Ho_Chi_Minh,126,241.6,20,35,45,,98,100,0.25,1026,92,14.5,0,1,69
2025-02-25T16:00:00,2/25/2025 23:00,Hoàn Kiếm,VN,Asia/Ho_Chi_Minh,104,10,55,35,53,,88.7,100,0,1025,91,14.5,0,1,38
2025-02-25T17:00:00,2/26/2025 0:00,Hoàn Kiếm,VN,Asia/Ho_Chi_Minh,100,10,49,35,49,,79.3,100,0,1025,90,14.5,0,1,44.5
2025-02-25T18:00:00,2/26/2025 1:00,Hoàn Kiếm,VN,Asia/Ho_Chi_Minh,104,10,42,35,44,,70,100,0.5,1024,88,14.5,0,1,45
2025-02-25T19:00:00,2/26/2025 2:00,Hoàn Kiếm,VN,Asia/Ho_Chi_Minh,100,10,39,35.3,39,,72.3,100,1,1024,90,14.2,0,0.66,48
2025-02-25T20:00:00,2/26/2025 3:00,Hoàn Kiếm,VN,Asia/Ho_Chi_Minh,98,10,39,35.7,36,,74.7,100,0,1023,91,13.9,0,0.33,52
2025-02-25T21:00:00,2/26/2025 4:00,Hoàn Kiếm,VN,Asia/Ho_Chi_Minh,76,222.4,12,36,24,,77,100,0,1022,92,13.6,0,1.6,47.5
2025-02-25T22:00:00,2/26/2025 5:00,Hoàn Kiếm,VN,Asia/Ho_Chi_Minh,100,10,33,34.3,50,,79.7,100,0,1023,93,13.6,0,1.6,45
2025-02-25T23:00:00,2/26/2025 6:00,Hoàn Kiếm,VN,Asia/Ho_Chi_Minh,102,10,42,32.7,58,,82.3,100,0,1023,94,13.5,0,2,37
2025-02-26T00:00:00,2/26/2025 7:00,Hoàn Kiếm,VN,Asia/Ho_Chi_Minh,92,10,61,31,51,,85,100,0,1023,96,13.5,0.6,1.6,35.5
2025-02-26T01:00:00,2/26/2025 8:00,Hoàn Kiếm,VN,Asia/Ho_Chi_Minh,92,10,54,33.3,56,,92,100,0,1024,95,13.7,0.8,0.33,37
2025-02-26T02:00:00,2/26/2025 9:00,Hoàn Kiếm,VN,Asia/Ho_Chi_Minh,94,10,56.3,35.7,57,,99,100,0,1024,94,14,1.3,0.66,35
2025-02-26T03:00:00,2/26/2025 10:00,Hoàn Kiếm,VN,Asia/Ho_Chi_Minh,95,10,54,38,60,,106,100,0,1024,93,14.2,2,1,34
2025-02-26T04:00:00,2/26/2025 11:00,Hoàn Kiếm,VN,Asia/Ho_Chi_Minh,100,10,56.7,45.3,43.8,,113.7,100,0,1023,91,14.6,2.5,1,24
2025-02-26T05:00:00,2/26/2025 12:00,Hoàn Kiếm,VN,Asia/Ho_Chi_Minh,82,10,50,52.7,41,,121.3,100,0,1022,89,15.1,2.8,1,35
2025-02-26T06:00:00,2/26/2025 13:00,Hoàn Kiếm,VN,Asia/Ho_Chi_Minh,91,10,62,60,60,,129,100,0,1021,87,15.5,2.7,1,36
2025-02-26T07:00:00,2/26/2025 14:00,Hoàn Kiếm,VN,Asia/Ho_Chi_Minh,100,10,71,61.7,68,,122,91,0,1020,83,16.2,2.3,0.66,31.5
2025-02-26T08:00:00,2/26/2025 15:00,Hoàn Kiếm,VN,Asia/Ho_Chi_Minh,108,10,70.7,63.3,78.7,,115,83,0,1019,80,16.8,1.6,0.33,31.5
2025-02-26T09:00:00,2/26/2025 16:00,Hoàn Kiếm,VN,Asia/Ho_Chi_Minh,118,10,75,65,88,,108,75,1,1019,77,17.5,1.3,0.8,32.5
2025-02-26T10:00:00,2/26/2025 17:00,Hoàn Kiếm,VN,Asia/Ho_Chi_Minh,129,10,77,53.7,98,,102,83,3.25,1019,79,17.1,0.8,0.33,33
2025-02-26T11:00:00,2/26/2025 18:00,Hoàn Kiếm,VN,Asia/Ho_Chi_Minh,127,10,102,42.3,92,,96,91,0.75,1018,81,16.6,0,0.66,35
2025-02-26T12:00:00,2/26/2025 19:00,Hoàn Kiếm,VN,Asia/Ho_Chi_Minh,137,10,97,31,104,,90,100,1.75,1018,84,16.2,0,1,27
2025-02-26T13:00:00,2/26/2025 20:00,Hoàn Kiếm,VN,Asia/Ho_Chi_Minh,155,10,74,28,116,,91.3,100,0.25,1019,85,16.1,0,1,31
2025-02-26T14:00:00,2/26/2025 21:00,Hoàn Kiếm,VN,Asia/Ho_Chi_Minh,158,10,74.3,25,112,,92.7,100,0,1019,87,16.1,0,1,35.5
2025-02-26T15:00:00,2/26/2025 22:00,Hoàn Kiếm,VN,Asia/Ho_Chi_Minh,167,10,63,22,116,,94,100,0,1019,89,16,0,1,38.33
2025-02-26T16:00:00,2/26/2025 23:00,Hoàn Kiếm,VN,Asia/Ho_Chi_Minh,171,10,62,21.7,118,,87.3,100,0,1019,90,16,0,0.66,42
2025-02-26T17:00:00,2/27/2025 0:00,Hoàn Kiếm,VN,Asia/Ho_Chi_Minh,175,10,62,21.3,110,,80.7,100,0,1019,90,16,0,0.33,46
2025-02-26T18:00:00,2/27/2025 1:00,Hoàn Kiếm,VN,Asia/Ho_Chi_Minh,171,10,70,21,92,,74,100,0,1018,90,16,0,0.8,45.5
2025-02-26T19:00:00,2/27/2025 2:00,Hoàn Kiếm,VN,Asia/Ho_Chi_Minh,170,10,76,20,96,,77,100,0,1018,91,15.9,0,0.8,49
2025-02-26T20:00:00,2/27/2025 3:00,Hoàn Kiếm,VN,Asia/Ho_Chi_Minh,170,10,78,19,90.7,,80,100,0,1017,92,15.8,0,0.4,59
2025-02-26T21:00:00,2/27/2025 4:00,Hoàn Kiếm,VN,Asia/Ho_Chi_Minh,169,10,82,18,90,,83,100,0,1017,93,15.7,0,0.8,61.67
2025-02-26T22:00:00,2/27/2025 5:00,Hoàn Kiếm,VN,Asia/Ho_Chi_Minh,173,10,54,16,108,,80.3,100,0,1017,94,15.7,0,0.8,68
2025-02-26T23:00:00,2/27/2025 6:00,Hoàn Kiếm,VN,Asia/Ho_Chi_Minh,187,10,41,14,120,,77.7,100,0,1017,94,15.6,0,1.2,71
2025-02-27T00:00:00,2/27/2025 7:00,Hoàn Kiếm,VN,Asia/Ho_Chi_Minh,187,10,49,12,120,,75,100,0,1018,95,15.6,0.8,1.6,74.5
2025-02-27T01:00:00,2/27/2025 8:00,Hoàn Kiếm,VN,Asia/Ho_Chi_Minh,191,10,54,25.7,126,,98.3,100,0,1018,94,16.1,1,0.33,71.5
2025-02-27T02:00:00,2/27/2025 9:00,Hoàn Kiếm,VN,Asia/Ho_Chi_Minh,185,10,55.7,39.3,125.3,,121.7,100,0,1019,94,16.5,1.6,0.66,70.5
2025-02-27T03:00:00,2/27/2025 10:00,Hoàn Kiếm,VN,Asia/Ho_Chi_Minh,185,10,59,53,128,,145,100,0,1019,93,17,2,1,70.17
2025-02-27T04:00:00,2/27/2025 11:00,Hoàn Kiếm,VN,Asia/Ho_Chi_Minh,179,10,60,62.7,104,,129.7,100,0,1018,88,17.9,2.6,0.66,69.5
2025-02-27T05:00:00,2/27/2025 12:00,Hoàn Kiếm,VN,Asia/Ho_Chi_Minh,172,10,62,72.3,74,,114.3,100,0,1017,83,18.8,2.9,0.33,73
2025-02-27T06:00:00,2/27/2025 13:00,Hoàn Kiếm,VN,Asia/Ho_Chi_Minh,193,10,83,82,119,,99,100,0,1015,79,19.7,2.7,0.8,83
2025-02-27T07:00:00,2/27/2025 14:00,Hoàn Kiếm,VN,Asia/Ho_Chi_Minh,189,10,69,56.1,112,,76.7,100,0,1014,78,20,2.2,0.66,83
2025-02-27T08:00:00,2/27/2025 15:00,Hoàn Kiếm,VN,Asia/Ho_Chi_Minh,199,410,60,30.2,126.3,,54.3,100,0,1013,77,20.2,1.5,1.33,86
2025-02-27T09:00:00,2/27/2025 16:00,Hoàn Kiếm,VN,Asia/Ho_Chi_Minh,201,610,48.5,4.3,130,,32,100,0,1012,76,20.5,1,2,82
2025-02-27T10:00:00,2/27/2025 17:00,Hoàn Kiếm,VN,Asia/Ho_Chi_Minh,188,710.5,54,3.2,127,,32,100,0,1013,79,20.2,0.9,1.66,81.5
2025-02-27T11:00:00,2/27/2025 18:00,Hoàn Kiếm,VN,Asia/Ho_Chi_Minh,195,10,108,42.1,150,,54,100,0,1013,82,20,0,1.33,77.5
2025-02-27T12:00:00,2/27/2025 19:00,Hoàn Kiếm,VN,Asia/Ho_Chi_Minh,221,10,140,61,176,,65,100,0,1013,86,19.7,0,1,72
2025-02-27T13:00:00,2/27/2025 20:00,Hoàn Kiếm,VN,Asia/Ho_Chi_Minh,216,610,72,2.2,149,,32,100,0,1014,87,19.5,0,1.66,88
2025-02-27T14:00:00,2/27/2025 21:00,Hoàn Kiếm,VN,Asia/Ho_Chi_Minh,215,242,96.3,23.2,160.7,,43,100,0,1015,89,19.2,0,2.33,85
2025-02-27T15:00:00,2/27/2025 22:00,Hoàn Kiếm,VN,Asia/Ho_Chi_Minh,212,358,74.5,4.3,153,,32,100,0,1016,91,19,0,3,92
2025-02-27T16:00:00,2/27/2025 23:00,Hoàn Kiếm,VN,Asia/Ho_Chi_Minh,187,10,86,18.9,178,,36.7,100,0,1015,92,18.7,0,2.66,94
2025-02-27T17:00:00,2/28/2025 0:00,Hoàn Kiếm,VN,Asia/Ho_Chi_Minh,171,10,73,33.4,158,,41.3,100,0,1015,93,18.5,0,2.33,84
2025-02-27T18:00:00,2/28/2025 1:00,Hoàn Kiếm,VN,Asia/Ho_Chi_Minh,176,10,58,48,164,,46,100,0,1014,94,18.2,0,2,89
2025-02-27T19:00:00,2/28/2025 2:00,Hoàn Kiếm,VN,Asia/Ho_Chi_Minh,165,10,49,48.3,152,,45,100,0,1014,94,18.2,0,2,109
2025-02-27T20:00:00,2/28/2025 3:00,Hoàn Kiếm,VN,Asia/Ho_Chi_Minh,171,10,54.7,48.7,157.3,,44,100,0,1013,95,18.1,0,2,105
2025-02-27T21:00:00,2/28/2025 4:00,Hoàn Kiếm,VN,Asia/Ho_Chi_Minh,168,10,53,49,154,,43,100,0,1013,95,18.1,0,2,104.33
2025-02-27T22:00:00,2/28/2025 5:00,Hoàn Kiếm,VN,Asia/Ho_Chi_Minh,163,10,57,47.7,146,,46,100,0,1014,95,18.1,0,1.33,102
2025-02-27T23:00:00,2/28/2025 6:00,Hoàn Kiếm,VN,Asia/Ho_Chi_Minh,155,10,71,46.3,136,,49,100,0,1014,96,18.2,0,0.66,83
2025-02-28T00:00:00,2/28/2025 7:00,Hoàn Kiếm,VN,Asia/Ho_Chi_Minh,176,10,83,45,164,,52,100,0,1015,96,18.2,0.7,0.8,71
2025-02-28T01:00:00,2/28/2025 8:00,Hoàn Kiếm,VN,Asia/Ho_Chi_Minh,192,10,86,51.3,184,,51.7,100,0,1015,94,18.8,0.8,0.8,75
2025-02-28T02:00:00,2/28/2025 9:00,Hoàn Kiếm,VN,Asia/Ho_Chi_Minh,186,10,81.7,57.7,178.7,,51.3,100,0,1016,93,19.4,1.3,1.6,67
2025-02-28T03:00:00,2/28/2025 10:00,Hoàn Kiếm,VN,Asia/Ho_Chi_Minh,191,10,81,64,186,,51,100,0,1016,92,20,2,2.4,71
2025-02-28T04:00:00,2/28/2025 11:00,Hoàn Kiếm,VN,Asia/Ho_Chi_Minh,193,559.5,46.5,2.2,145,,32,95,0,1015,88,20.8,2.6,1,69
2025-02-28T05:00:00,2/28/2025 12:00,Hoàn Kiếm,VN,Asia/Ho_Chi_Minh,181,408,50,3.2,144,,32,91,0,1014,84,21.7,2.9,2,65
2025-02-28T06:00:00,2/28/2025 13:00,Hoàn Kiếm,VN,Asia/Ho_Chi_Minh,163,358,50.5,4.3,118,,32,87,0,1014,81,22.5,2.7,3,59
2025-02-28T07:00:00,2/28/2025 14:00,Hoàn Kiếm,VN,Asia/Ho_Chi_Minh,154,242,69,28.5,107.3,,31.3,91,0,1013,79,22.7,2.2,2.66,75
2025-02-28T08:00:00,2/28/2025 15:00,Hoàn Kiếm,VN,Asia/Ho_Chi_Minh,139,10,93,52.8,116,,30.7,95,0,1012,77,22.8,1.5,2.33,87
2025-02-28T09:00:00,2/28/2025 16:00,Hoàn Kiếm,VN,Asia/Ho_Chi_Minh,126,10,106,77,86,,30,100,0,1012,75,23,1,2,82.33
2025-02-28T10:00:00,2/28/2025 17:00,Hoàn Kiếm,VN,Asia/Ho_Chi_Minh,106,10,100,73.7,62,,31.3,95,0,1011,77,22.8,0.8,3.6,86
2025-02-28T11:00:00,2/28/2025 18:00,Hoàn Kiếm,VN,Asia/Ho_Chi_Minh,95,10,86,70.3,47,,32.7,92,0,1011,78,22.5,0,4,88
2025-02-28T12:00:00,2/28/2025 19:00,Hoàn Kiếm,VN,Asia/Ho_Chi_Minh,100,10,87,67,56,,34,82,0,1011,80,22.3,0,4.4,79
2025-02-28T13:00:00,2/28/2025 20:00,Hoàn Kiếm,VN,Asia/Ho_Chi_Minh,91,10,81,66,53,,36.3,65,0,1011,81,22.1,0,4,65
2025-02-28T14:00:00,2/28/2025 21:00,Hoàn Kiếm,VN,Asia/Ho_Chi_Minh,104,10,74,65,48,,38.7,37,0,1011,83,21.8,0,3.2,58.33
2025-02-28T15:00:00,2/28/2025 22:00,Hoàn Kiếm,VN,Asia/Ho_Chi_Minh,74,10,69,64,47,,41,31,0,1011,84,21.6,0,2.4,50
2025-02-28T16:00:00,2/28/2025 23:00,Hoàn Kiếm,VN,Asia/Ho_Chi_Minh,126,10,67,59.3,58,,40.3,53,0,1011,86,21.4,0,2.4,45
2025-02-28T17:00:00,3/1/2025 0:00,Hoàn Kiếm,VN,Asia/Ho_Chi_Minh,131,10,61,54.7,64,,39.7,94,0,1011,88,21.1,0,2.4,37.5
2025-02-28T18:00:00,3/1/2025 1:00,Hoàn Kiếm,VN,Asia/Ho_Chi_Minh,93,104.5,16,50,36,,39,95,0,1011,89,20.9,0,2,33
2025-02-28T19:00:00,3/1/2025 2:00,Hoàn Kiếm,VN,Asia/Ho_Chi_Minh,157,10,45,47.7,118,,38.3,96,0,1011,91,20.7,0,2,35
2025-02-28T20:00:00,3/1/2025 3:00,Hoàn Kiếm,VN,Asia/Ho_Chi_Minh,161,10,42,45.3,124,,37.7,97,0,1011,93,20.4,0,2,31
2025-02-28T21:00:00,3/1/2025 4:00,Hoàn Kiếm,VN,Asia/Ho_Chi_Minh,159,10,40,43,124,,37,100,0,1011,95,20.2,0,1,37
2025-02-28T22:00:00,3/1/2025 5:00,Hoàn Kiếm,VN,Asia/Ho_Chi_Minh,159,10,42,43.7,134,,36.7,100,0,1012,95,20.1,0,0.66,23
2025-02-28T23:00:00,3/1/2025 6:00,Hoàn Kiếm,VN,Asia/Ho_Chi_Minh,159,10,48,44.3,138,,36.3,100,0,1012,96,20.1,0,0.33,45
2025-03-01T00:00:00,3/1/2025 7:00,Hoàn Kiếm,VN,Asia/Ho_Chi_Minh,95,84.6,14,45,36,,36,100,0,1012,96,20,0.6,2,47
2025-03-01T01:00:00,3/1/2025 8:00,Hoàn Kiếm,VN,Asia/Ho_Chi_Minh,156,10,52,49.7,136,,35.3,100,0,1012,96,20.2,0.9,0.66,32
2025-03-01T02:00:00,3/1/2025 9:00,Hoàn Kiếm,VN,Asia/Ho_Chi_Minh,161,10,62,54.3,148,,34.7,100,0,1013,96,20.5,1.3,1.33,60.5
2025-03-01T03:00:00,3/1/2025 10:00,Hoàn Kiếm,VN,Asia/Ho_Chi_Minh,157,10,65,59,134,,34,100,0,1013,96,20.7,2,2,63.5
2025-03-01T04:00:00,3/1/2025 11:00,Hoàn Kiếm,VN,Asia/Ho_Chi_Minh,154,10,78,68.3,110,,30,100,0,1012,92,21.5,2.6,1.33,62.5
2025-03-01T05:00:00,3/1/2025 12:00,Hoàn Kiếm,VN,Asia/Ho_Chi_Minh,153,10,74,77.7,84,,26,100,0,1010,89,22.2,3,0.66,62
2025-03-01T06:00:00,3/1/2025 13:00,Hoàn Kiếm,VN,Asia/Ho_Chi_Minh,89,68.3,5,87,32,,22,100,0,1009,85,23,3.1,3.6,62
2025-03-01T07:00:00,3/1/2025 14:00,Hoàn Kiếm,VN,Asia/Ho_Chi_Minh,153,10,70,88,72,,22.7,100,0,1008,84,23.2,3.3,0.66,33
2025-03-01T08:00:00,3/1/2025 15:00,Hoàn Kiếm,VN,Asia/Ho_Chi_Minh,146,10,74,89,66,,23.3,100,0,1008,84,23.5,2.4,1.33,60
2025-03-01T09:00:00,3/1/2025 16:00,Hoàn Kiếm,VN,Asia/Ho_Chi_Minh,143,10,65,90,66,,24,100,0,1007,83,23.7,2.6,2,64
2025-03-01T10:00:00,3/1/2025 17:00,Hoàn Kiếm,VN,Asia/Ho_Chi_Minh,138,10,71,78.7,70,,24.3,100,0.25,1007,83,23.5,1.9,2.33,61
2025-03-01T11:00:00,3/1/2025 18:00,Hoàn Kiếm,VN,Asia/Ho_Chi_Minh,104,10,88,67.3,74,,24.7,100,0.5,1008,82,23.4,0,2.66,58.5
2025-03-01T12:00:00,3/1/2025 19:00,Hoàn Kiếm,VN,Asia/Ho_Chi_Minh,104,10,76,56,72,,25,100,0.5,1008,82,23.2,0,3,57.5
2025-03-01T13:00:00,3/1/2025 20:00,Hoàn Kiếm,VN,Asia/Ho_Chi_Minh,112,32.7,54.7,59.3,67.2,,25.7,100,0.25,1009,86,22.7,0,2.66,30
2025-03-01T14:00:00,3/1/2025 21:00,Hoàn Kiếm,VN,Asia/Ho_Chi_Minh,121,55.5,33.3,62.7,53.8,,26.3,100,0,1009,91,22.1,0,2.33,55
2025-03-01T15:00:00,3/1/2025 22:00,Hoàn Kiếm,VN,Asia/Ho_Chi_Minh,129,78.2,12,66,57.5,,27,100,0,1010,95,21.6,0,2,52.5
2025-03-01T16:00:00,3/1/2025 23:00,Hoàn Kiếm,VN,Asia/Ho_Chi_Minh,126,77.2,11.7,64,56.3,,27,100,0,1009,96,21.5,0,2,51.5
2025-03-01T17:00:00,3/2/2025 0:00,Hoàn Kiếm,VN,Asia/Ho_Chi_Minh,129,76.3,11.3,62,57.5,,27,100,0,1009,96,21.3,0,2,49.5
2025-03-01T18:00:00,3/2/2025 1:00,Hoàn Kiếm,VN,Asia/Ho_Chi_Minh,85,75.3,11,60,30,,27,100,0,1009,96,21.2,0,2,37
2025-03-01T19:00:00,3/2/2025 2:00,Hoàn Kiếm,VN,Asia/Ho_Chi_Minh,110,10,38,56,64,,26.7,100,0,1009,96,21,0,2,37
2025-03-01T20:00:00,3/2/2025 3:00,Hoàn Kiếm,VN,Asia/Ho_Chi_Minh,111,10,35,52,62,,26.3,100,0,1008,96,20.9,0,2,40
2025-03-01T21:00:00,3/2/2025 4:00,Hoàn Kiếm,VN,Asia/Ho_Chi_Minh,100,10,36,48,52,,26,100,0,1008,96,20.7,0,2,43
2025-03-01T22:00:00,3/2/2025 5:00,Hoàn Kiếm,VN,Asia/Ho_Chi_Minh,94,10,34,46.7,46,,26.3,100,0,1008,96,20.7,0,1.66,46
2025-03-01T23:00:00,3/2/2025 6:00,Hoàn Kiếm,VN,Asia/Ho_Chi_Minh,107,10,41,45.3,66,,26.7,100,0,1009,96,20.7,0,1.33,45
2025-03-02T00:00:00,3/2/2025 7:00,Hoàn Kiếm,VN,Asia/Ho_Chi_Minh,87,70.6,12,44,31,,27,100,0,1009,96,20.7,0.6,1,46
2025-03-02T01:00:00,3/2/2025 8:00,Hoàn Kiếm,VN,Asia/Ho_Chi_Minh,106,10,45,50.7,64,,27,100,0,1010,96,21.3,0.9,0.66,28
2025-03-02T02:00:00,3/2/2025 9:00,Hoàn Kiếm,VN,Asia/Ho_Chi_Minh,112,10,50,57.3,76,,27,100,0,1010,95,22,1.4,0.33,39
2025-03-02T03:00:00,3/2/2025 10:00,Hoàn Kiếm,VN,Asia/Ho_Chi_Minh,111,10,55,64,74,,27,100,0,1011,94,22.6,2,2.4,39.5
2025-03-02T04:00:00,3/2/2025 11:00,Hoàn Kiếm,VN,Asia/Ho_Chi_Minh,108,10,63,76,60,,26.7,100,0,1010,91,23.1,2.7,2.8,35
2025-03-02T05:00:00,3/2/2025 12:00,Hoàn Kiếm,VN,Asia/Ho_Chi_Minh,100,10,61,88,46,,26.3,100,0,1009,88,23.7,3.5,2.8,32.5
2025-03-02T06:00:00,3/2/2025 13:00,Hoàn Kiếm,VN,Asia/Ho_Chi_Minh,93,63.6,4,100,33,,26,100,0,1008,85,24.2,4.8,3.2,38
2025-03-02T07:00:00,3/2/2025 14:00,Hoàn Kiếm,VN,Asia/Ho_Chi_Minh,100,10,52,99.7,42,,26,100,0,1007,84,24.3,4.4,3.2,29
2025-03-02T08:00:00,3/2/2025 15:00,Hoàn Kiếm,VN,Asia/Ho_Chi_Minh,100,10,61,99.3,46,,26,100,0,1007,84,24.5,4.6,3.6,37.5
2025-03-02T09:00:00,3/2/2025 16:00,Hoàn Kiếm,VN,Asia/Ho_Chi_Minh,110,10,70,99,54,,26,100,0,1006,83,24.6,2.9,3.6,40
2025-03-02T10:00:00,3/2/2025 17:00,Hoàn Kiếm,VN,Asia/Ho_Chi_Minh,126,10,78,87.3,80,,27,100,0.5,1006,85,24.3,2,0.33,39.5
2025-03-02T11:00:00,3/2/2025 18:00,Hoàn Kiếm,VN,Asia/Ho_Chi_Minh,102,10,83,75.7,72,,28,100,0.5,1006,86,24,0,0.66,38.5
2025-03-02T12:00:00,3/2/2025 19:00,Hoàn Kiếm,VN,Asia/Ho_Chi_Minh,78,77,16,64,26,,29,100,0.25,1006,88,23.7,0,1,35.5
2025-03-02T13:00:00,3/2/2025 20:00,Hoàn Kiếm,VN,Asia/Ho_Chi_Minh,99,10,79,61.7,62,,32,100,0,1007,90,23.3,0,0.66,32
2025-03-02T14:00:00,3/2/2025 21:00,Hoàn Kiếm,VN,Asia/Ho_Chi_Minh,100,10,59,59.3,60,,35,100,0,1008,91,23,0,0.33,35.5
2025-03-02T15:00:00,3/2/2025 22:00,Hoàn Kiếm,VN,Asia/Ho_Chi_Minh,93,10,49,57,51,,38,100,0,1008,93,22.6,0,2.4,35.5
2025-03-02T16:00:00,3/2/2025 23:00,Hoàn Kiếm,VN,Asia/Ho_Chi_Minh,95,10,44,55.7,54,,31.3,100,0,1008,93,22.6,0,2.4,39
2025-03-02T17:00:00,3/3/2025 0:00,Hoàn Kiếm,VN,Asia/Ho_Chi_Minh,99,10,48,54.3,54,,24.7,100,0,1008,93,22.6,0,2,45
2025-03-02T18:00:00,3/3/2025 1:00,Hoàn Kiếm,VN,Asia/Ho_Chi_Minh,115,82.3,11,53,43,,18,100,0,1008,93,22.6,0,2,36
2025-03-02T19:00:00,3/3/2025 2:00,Hoàn Kiếm,VN,Asia/Ho_Chi_Minh,100,10,54,50.3,58,,17,100,0,1008,94,22.3,0,1.6,25
2025-03-02T20:00:00,3/3/2025 3:00,Hoàn Kiếm,VN,Asia/Ho_Chi_Minh,96,10,43,47.7,48,,16,100,0,1008,95,22,0,1.6,34.5
2025-03-02T21:00:00,3/3/2025 4:00,Hoàn Kiếm,VN,Asia/Ho_Chi_Minh,102,10,48,45,56,,15,100,0,1007,96,21.7,0,1.2,35.5
2025-03-02T22:00:00,3/3/2025 5:00,Hoàn Kiếm,VN,Asia/Ho_Chi_Minh,106,10,48,43,62,,22,100,0,1008,96,21.7,0,1.2,32
2025-03-02T23:00:00,3/3/2025 6:00,Hoàn Kiếm,VN,Asia/Ho_Chi_Minh,107,10,49,41,60,,29,100,0,1008,97,21.7,0,1.2,33
2025-03-03T00:00:00,3/3/2025 7:00,Hoàn Kiếm,VN,Asia/Ho_Chi_Minh,159,95.7,16,39,65,,36,100,0,1009,97,21.7,0.6,1.2,34.5
2025-03-03T01:00:00,3/3/2025 8:00,Hoàn Kiếm,VN,Asia/Ho_Chi_Minh,115,10,52,44.7,70,,36.7,100,0,1009,96,22.4,0.9,0.66,41
2025-03-03T02:00:00,3/3/2025 9:00,Hoàn Kiếm,VN,Asia/Ho_Chi_Minh,116,10,53,50.3,76,,37.3,100,0,1010,94,23,1.4,1.33,35.5
2025-03-03T03:00:00,3/3/2025 10:00,Hoàn Kiếm,VN,Asia/Ho_Chi_Minh,116,10,65,56,76,,38,100,0,1010,92,23.7,2.1,2,33.5
2025-03-03T04:00:00,3/3/2025 11:00,Hoàn Kiếm,VN,Asia/Ho_Chi_Minh,108,10,62,67.3,76,,37,95,0,1009,88,24.4,2.7,2.33,36
2025-03-03T05:00:00,3/3/2025 12:00,Hoàn Kiếm,VN,Asia/Ho_Chi_Minh,76,10,59,78.7,49,,36,91,0,1008,84,25,3,2.66,37.5
2025-03-03T06:00:00,3/3/2025 13:00,Hoàn Kiếm,VN,Asia/Ho_Chi_Minh,150,92.8,12,90,56,,35,87,0,1007,80,25.7,4,3,38
2025-03-03T07:00:00,3/3/2025 14:00,Hoàn Kiếm,VN,Asia/Ho_Chi_Minh,85,10,51,98.3,60,,35.3,91,0,1006,82,25.7,4.2,2.66,62
2025-03-03T08:00:00,3/3/2025 15:00,Hoàn Kiếm,VN,Asia/Ho_Chi_Minh,92,10,53,106.7,33,,35.7,95,0,1006,84,25.7,4.6,2.33,41
2025-03-03T09:00:00,3/3/2025 16:00,Hoàn Kiếm,VN,Asia/Ho_Chi_Minh,89,10,62,115,30,,36,100,0,1005,86,25.7,2.8,2,41.5
2025-03-03T10:00:00,3/3/2025 17:00,Hoàn Kiếm,VN,Asia/Ho_Chi_Minh,112,10,90,95.3,56,,32.7,100,0.5,1005,87,25.4,1.9,2,41.5
2025-03-03T11:00:00,3/3/2025 18:00,Hoàn Kiếm,VN,Asia/Ho_Chi_Minh,115,10,112,75.7,88,,29.3,100,0.5,1005,88,25,0,2,38.5
2025-03-03T12:00:00,3/3/2025 19:00,Hoàn Kiếm,VN,Asia/Ho_Chi_Minh,145,88.1,20,56,65,,26,100,0,1005,90,24.7,0,2,24
2025-03-03T13:00:00,3/3/2025 20:00,Hoàn Kiếm,VN,Asia/Ho_Chi_Minh,130,10,99,57.3,100,,22.7,100,0,1006,91,24.4,0,2,54
2025-03-03T14:00:00,3/3/2025 21:00,Hoàn Kiếm,VN,Asia/Ho_Chi_Minh,139,10,77,58.7,118,,19.3,100,0,1007,93,24,0,2,28
2025-03-03T15:00:00,3/3/2025 22:00,Hoàn Kiếm,VN,Asia/Ho_Chi_Minh,142,10,65,60,126,,16,100,0,1008,94,23.7,0,2,31.5
2025-03-03T16:00:00,3/3/2025 23:00,Hoàn Kiếm,VN,Asia/Ho_Chi_Minh,103,10,39,58.3,60,,16,100,0,1008,94,23.5,0,2,30
2025-03-03T17:00:00,3/4/2025 0:00,Hoàn Kiếm,VN,Asia/Ho_Chi_Minh,78,10,33,56.7,50,,16,100,0,1007,94,23.2,0,2,40
2025-03-03T18:00:00,3/4/2025 1:00,Hoàn Kiếm,VN,Asia/Ho_Chi_Minh,121,65.9,11,55,53.8,,16,100,0,1007,94,23,0,2,41
2025-03-03T19:00:00,3/4/2025 2:00,Hoàn Kiếm,VN,Asia/Ho_Chi_Minh,125,10,33,50.3,50,,17.3,100,0,1007,95,22.8,0,1.33,52
2025-03-03T20:00:00,3/4/2025 3:00,Hoàn Kiếm,VN,Asia/Ho_Chi_Minh,135,10,25,45.7,114,,18.7,100,0,1007,95,22.7,0,0.66,46.5
2025-03-03T21:00:00,3/4/2025 4:00,Hoàn Kiếm,VN,Asia/Ho_Chi_Minh,110,10,25,41,64,,20,100,0,1006,96,22.5,0,1.6,50
2025-03-03T22:00:00,3/4/2025 5:00,Hoàn Kiếm,VN,Asia/Ho_Chi_Minh,98,10,28,37.7,66,,28.3,100,0,1007,96,22.5,0,0.33,51
2025-03-03T23:00:00,3/4/2025 6:00,Hoàn Kiếm,VN,Asia/Ho_Chi_Minh,91,10,45,34.3,62,,36.7,100,0,1007,96,22.5,0,0.66,36.5
2025-03-04T00:00:00,3/4/2025 7:00,Hoàn Kiếm,VN,Asia/Ho_Chi_Minh,134,98,19,31,51,,45,100,0,1008,95,22.5,0.7,1,25
2025-03-04T01:00:00,3/4/2025 8:00,Hoàn Kiếm,VN,Asia/Ho_Chi_Minh,104,10,50,36.7,74,,44.3,100,0,1008,93,23.2,0.9,1.66,43
2025-03-04T02:00:00,3/4/2025 9:00,Hoàn Kiếm,VN,Asia/Ho_Chi_Minh,126,10,55,42.3,102,,43.7,100,0,1008,90,23.8,1.4,2.33,44.5
2025-03-04T03:00:00,3/4/2025 10:00,Hoàn Kiếm,VN,Asia/Ho_Chi_Minh,134,10,51,48,96,,43,100,0,1009,88,24.5,2.1,3,48.5
2025-03-04T04:00:00,3/4/2025 11:00,Hoàn Kiếm,VN,Asia/Ho_Chi_Minh,141,10,34.5,2.3,90,,16,87,0,1007,85,25.4,3.1,3,39
2025-03-04T05:00:00,3/4/2025 12:00,Hoàn Kiếm,VN,Asia/Ho_Chi_Minh,165,10,8,2.7,83.8,,16,75,0,1006,82,26.3,4.8,3,34
2025-03-04T06:00:00,3/4/2025 13:00,Hoàn Kiếm,VN,Asia/Ho_Chi_Minh,129,10,59,79,98,,31,62,0,1005,79,27.2,7.7,3,31
2025-03-04T07:00:00,3/4/2025 14:00,Hoàn Kiếm,VN,Asia/Ho_Chi_Minh,164,10,61,82.7,136,,30.7,62,0,1004,76,27.5,6.7,2.66,48
2025-03-04T08:00:00,3/4/2025 15:00,Hoàn Kiếm,VN,Asia/Ho_Chi_Minh,160,10,62,86.3,152,,30.3,62,0,1003,73,27.8,4.8,2.33,37
2025-03-04T09:00:00,3/4/2025 16:00,Hoàn Kiếm,VN,Asia/Ho_Chi_Minh,163,10,72,90,158,,30,62,0,1002,70,28.1,2.6,2,45
2025-03-04T10:00:00,3/4/2025 17:00,Hoàn Kiếm,VN,Asia/Ho_Chi_Minh,141,10,86,77.3,114,,29.3,62,0.75,1003,74,27.2,1.8,2.33,48
2025-03-04T11:00:00,3/4/2025 18:00,Hoàn Kiếm,VN,Asia/Ho_Chi_Minh,130,10,108,64.7,102,,28.7,62,0.5,1004,78,26.4,0,2.66,50.5
2025-03-04T12:00:00,3/4/2025 19:00,Hoàn Kiếm,VN,Asia/Ho_Chi_Minh,104,10,126,52,74,,28,62,0,1004,83,25.5,0,3,67
2025-03-04T13:00:00,3/4/2025 20:00,Hoàn Kiếm,VN,Asia/Ho_Chi_Minh,108,10,105,49.3,62,,27.3,75,0,1005,86,25.1,0,2.66,46
2025-03-04T14:00:00,3/4/2025 21:00,Hoàn Kiếm,VN,Asia/Ho_Chi_Minh,106,10,86,46.7,58,,26.7,87,0,1005,89,24.6,0,2.33,66
2025-03-04T15:00:00,3/4/2025 22:00,Hoàn Kiếm,VN,Asia/Ho_Chi_Minh,99,10,63,44,47,,26,100,0,1006,93,24.2,0,2,63
2025-03-04T16:00:00,3/4/2025 23:00,Hoàn Kiếm,VN,Asia/Ho_Chi_Minh,106,10,70,43.7,58,,23.3,100,0,1006,94,23.6,0,1.66,65.5
2025-03-04T17:00:00,3/5/2025 0:00,Hoàn Kiếm,VN,Asia/Ho_Chi_Minh,111,10,64.3,43.3,66.3,,20.7,100,0,1006,95,23.1,0,1.33,50.5
2025-03-04T18:00:00,3/5/2025 1:00,Hoàn Kiếm,VN,Asia/Ho_Chi_Minh,118,10,65,43,76,,18,100,0,1006,97,22.5,0,1,46.5
2025-03-04T19:00:00,3/5/2025 2:00,Hoàn Kiếm,VN,Asia/Ho_Chi_Minh,129,10,72,44.3,102,,19.3,100,0,1005,96,22.5,0,0.66,37
2025-03-04T20:00:00,3/5/2025 3:00,Hoàn Kiếm,VN,Asia/Ho_Chi_Minh,127,10,67,45.7,98,,20.7,100,0,1004,95,22.5,0,0.33,38.5
2025-03-04T21:00:00,3/5/2025 4:00,Hoàn Kiếm,VN,Asia/Ho_Chi_Minh,122,10,55,47,92,,22,100,0,1003,95,22.5,0,2.4,37.5
2025-03-04T22:00:00,3/5/2025 5:00,Hoàn Kiếm,VN,Asia/Ho_Chi_Minh,93,10,49,43.3,62,,29.7,100,0,1005,95,22.5,0,0.33,34.5
2025-03-04T23:00:00,3/5/2025 6:00,Hoàn Kiếm,VN,Asia/Ho_Chi_Minh,116,10,63,39.7,85.3,,37.3,100,1.5,1006,96,22.5,0,0.66,37.5
2025-03-05T00:00:00,3/5/2025 7:00,Hoàn Kiếm,VN,Asia/Ho_Chi_Minh,112,10,67,36,82,,45,100,2,1008,97,22.5,0.7,1,39.5
2025-03-05T01:00:00,3/5/2025 8:00,Hoàn Kiếm,VN,Asia/Ho_Chi_Minh,123,10,83,37,96,,54.3,100,1,1008,95,22.8,0.9,1.33,42
2025-03-05T02:00:00,3/5/2025 9:00,Hoàn Kiếm,VN,Asia/Ho_Chi_Minh,102,10,83,38,72,,63.7,100,1,1009,94,23.2,1.4,1.66,46
2025-03-05T03:00:00,3/5/2025 10:00,Hoàn Kiếm,VN,Asia/Ho_Chi_Minh,122,10,68.5,39,68,,73,100,0,1009,92,23.5,2.1,2,45.5
2025-03-05T04:00:00,3/5/2025 11:00,Hoàn Kiếm,VN,Asia/Ho_Chi_Minh,145,10,72.3,45,65,,80.3,100,0,1009,90,24,2.7,2,43.5
2025-03-05T05:00:00,3/5/2025 12:00,Hoàn Kiếm,VN,Asia/Ho_Chi_Minh,104,10,80,51,72,,87.7,100,0,1008,87,24.5,3,2,32
2025-03-05T06:00:00,3/5/2025 13:00,Hoàn Kiếm,VN,Asia/Ho_Chi_Minh,119,10,80,57,64,,95,100,0,1007,84,25,2.8,2,41.17
2025-03-05T07:00:00,3/5/2025 14:00,Hoàn Kiếm,VN,Asia/Ho_Chi_Minh,127,10,77,60.3,66,,97,100,0,1007,84,25,2.3,2.33,40
2025-03-05T08:00:00,3/5/2025 15:00,Hoàn Kiếm,VN,Asia/Ho_Chi_Minh,146,10,94,63.7,92,,99,100,0.25,1006,83,25,1.7,2.66,44
2025-03-05T09:00:00,3/5/2025 16:00,Hoàn Kiếm,VN,Asia/Ho_Chi_Minh,150,10,66,67,112,,101,100,0.5,1006,82,25,1,3,36
2025-03-05T10:00:00,3/5/2025 17:00,Hoàn Kiếm,VN,Asia/Ho_Chi_Minh,150,10,71.3,65,106.7,,97.3,100,0.25,1007,84,24.4,0.7,2.66,43.5
2025-03-05T11:00:00,3/5/2025 18:00,Hoàn Kiếm,VN,Asia/Ho_Chi_Minh,139,10,57,63,96,,93.7,100,0,1007,86,23.8,0,2.33,52
2025-03-05T12:00:00,3/5/2025 19:00,Hoàn Kiếm,VN,Asia/Ho_Chi_Minh,141,10,82,61,96,,90,100,0,1008,89,23.2,0,2,37
2025-03-05T13:00:00,3/5/2025 20:00,Hoàn Kiếm,VN,Asia/Ho_Chi_Minh,156,10,65.5,58,95,,89,100,0,1009,91,22.7,0,1.33,42.5
2025-03-05T14:00:00,3/5/2025 21:00,Hoàn Kiếm,VN,Asia/Ho_Chi_Minh,155,10,72,55,96,,88,100,0,1010,94,22.1,0,0.66,45.5
2025-03-05T15:00:00,3/5/2025 22:00,Hoàn Kiếm,VN,Asia/Ho_Chi_Minh,171,10,70,52,76,,87,100,0,1011,96,21.6,0,4.4,52.5
2025-03-05T16:00:00,3/5/2025 23:00,Hoàn Kiếm,VN,Asia/Ho_Chi_Minh,174,10,69.7,51,98.7,,82.3,100,0,1012,91,20.9,0,1,55.5
2025-03-05T17:00:00,3/6/2025 0:00,Hoàn Kiếm,VN,Asia/Ho_Chi_Minh,168,10,69,50,92,,77.7,100,0,1012,87,20.2,0,2,53.83
2025-03-05T18:00:00,3/6/2025 1:00,Hoàn Kiếm,VN,Asia/Ho_Chi_Minh,180,10,69,49,144,,73,100,0,1013,82,19.5,0,3,50
2025-03-05T19:00:00,3/6/2025 2:00,Hoàn Kiếm,VN,Asia/Ho_Chi_Minh,164,10,58,50.7,138,,65.3,100,0,1013,81,18.8,0,3.33,50.5
2025-03-05T20:00:00,3/6/2025 3:00,Hoàn Kiếm,VN,Asia/Ho_Chi_Minh,150,10,83,52.3,82,,57.7,100,0,1014,80,18.2,0,3.66,60
2025-03-05T21:00:00,3/6/2025 4:00,Hoàn Kiếm,VN,Asia/Ho_Chi_Minh,87,10,82,54,58,,50,100,0,1014,78,17.5,0,4,59.5
2025-03-05T22:00:00,3/6/2025 5:00,Hoàn Kiếm,VN,Asia/Ho_Chi_Minh,139,51,57,54.3,62.5,,49,100,0,1015,77,17.2,0,4,71.5
2025-03-05T23:00:00,3/6/2025 6:00,Hoàn Kiếm,VN,Asia/Ho_Chi_Minh,90,10,86,54.7,49,,48,100,0,1017,76,16.8,0,4,73.67
2025-03-06T00:00:00,3/6/2025 7:00,Hoàn Kiếm,VN,Asia/Ho_Chi_Minh,85,133.1,7,55,35,,47,100,0,1018,75,16.5,0.8,4,69
2025-03-06T01:00:00,3/6/2025 8:00,Hoàn Kiếm,VN,Asia/Ho_Chi_Minh,72,128.4,7,58.3,27,,49.3,100,0,1019,72,16.7,0.9,3.83,78
2025-03-06T02:00:00,3/6/2025 9:00,Hoàn Kiếm,VN,Asia/Ho_Chi_Minh,78,123.7,7,61.7,31.3,,51.7,100,0,1019,68,16.8,1.4,3.66,66
2025-03-06T03:00:00,3/6/2025 10:00,Hoàn Kiếm,VN,Asia/Ho_Chi_Minh,46,119.1,7,65,11,,54,100,0,1020,65,17,2.1,3.5,55.5
2025-03-06T04:00:00,3/6/2025 11:00,Hoàn Kiếm,VN,Asia/Ho_Chi_Minh,102,10,123,67.7,50,,57.7,100,0,1020,62,17.1,2.7,3.33,29
2025-03-06T05:00:00,3/6/2025 12:00,Hoàn Kiếm,VN,Asia/Ho_Chi_Minh,108,10,119,70.3,66,,61.3,100,0,1019,59,17.1,3,3.16,50
2025-03-06T06:00:00,3/6/2025 13:00,Hoàn Kiếm,VN,Asia/Ho_Chi_Minh,102,10,129,73,52,,65,100,0,1019,55,17.2,2.9,3,30.5
2025-03-06T07:00:00,3/6/2025 14:00,Hoàn Kiếm,VN,Asia/Ho_Chi_Minh,99,10,129,74,52,,69,100,0,1019,55,17.3,2.3,2.66,28
2025-03-06T08:00:00,3/6/2025 15:00,Hoàn Kiếm,VN,Asia/Ho_Chi_Minh,87,10,128,75,62,,73,100,0.25,1018,55,17.5,1.6,2.33,22.33
2025-03-06T09:00:00,3/6/2025 16:00,Hoàn Kiếm,VN,Asia/Ho_Chi_Minh,107,123.7,8,76,47.5,,77,100,0,1018,55,17.6,1,2,25
2025-03-06T10:00:00,3/6/2025 17:00,Hoàn Kiếm,VN,Asia/Ho_Chi_Minh,96,10,125,74.3,58,,79.7,100,0,1018,57,17.1,0.7,2,11
2025-03-06T11:00:00,3/6/2025 18:00,Hoàn Kiếm,VN,Asia/Ho_Chi_Minh,108,10,140,72.7,78,,82.3,100,0,1019,59,16.7,0,2,36
2025-03-06T12:00:00,3/6/2025 19:00,Hoàn Kiếm,VN,Asia/Ho_Chi_Minh,108,10,138,71,78,,85,100,0,1020,60,16.2,0,2,38.5
2025-03-06T13:00:00,3/6/2025 20:00,Hoàn Kiếm,VN,Asia/Ho_Chi_Minh,115,10,127,69.7,94,,84.7,100,0,1020,62,16,0,2.66,36
2025-03-06T14:00:00,3/6/2025 21:00,Hoàn Kiếm,VN,Asia/Ho_Chi_Minh,129,10,125.3,68.3,112.7,,84.3,100,0,1021,64,15.8,0,3.33,34.5
2025-03-06T15:00:00,3/6/2025 22:00,Hoàn Kiếm,VN,Asia/Ho_Chi_Minh,139,10,119,67,130,,84,100,0,1021,66,15.6,0,4,29
2025-03-06T16:00:00,3/6/2025 23:00,Hoàn Kiếm,VN,Asia/Ho_Chi_Minh,94,10,103,65.7,52,,81,100,0,1021,64,15.6,0,3.66,38
2025-03-06T17:00:00,3/7/2025 0:00,Hoàn Kiếm,VN,Asia/Ho_Chi_Minh,93,10,112,64.3,50,,78,100,0,1021,61,15.7,0,3.33,33.5
2025-03-06T18:00:00,3/7/2025 1:00,Hoàn Kiếm,VN,Asia/Ho_Chi_Minh,98,10,106,63,62,,75,100,0,1020,59,15.7,0,3,38.5
2025-03-06T19:00:00,3/7/2025 2:00,Hoàn Kiếm,VN,Asia/Ho_Chi_Minh,104,10,106,61.7,46.3,,73,100,0,1020,60,15.5,0,2.66,38.5
2025-03-06T20:00:00,3/7/2025 3:00,Hoàn Kiếm,VN,Asia/Ho_Chi_Minh,88,10,106,60.3,51.3,,71,100,0,1020,61,15.4,0,2.33,41
2025-03-06T21:00:00,3/7/2025 4:00,Hoàn Kiếm,VN,Asia/Ho_Chi_Minh,83,10,106,59,46,,69,100,0,1020,62,15.2,0,2,46.17
2025-03-06T22:00:00,3/7/2025 5:00,Hoàn Kiếm,VN,Asia/Ho_Chi_Minh,81,10,106,60.3,42,,69,100,0,1021,61,15.2,0,2,50
2025-03-06T23:00:00,3/7/2025 6:00,Hoàn Kiếm,VN,Asia/Ho_Chi_Minh,82,10,101,61.7,44,,69,100,0,1021,59,15.1,0,2,32.5
2025-03-07T00:00:00,3/7/2025 7:00,Hoàn Kiếm,VN,Asia/Ho_Chi_Minh,99,10,134,63,78,,69,100,0,1022,58,15.1,0.7,2,32
2025-03-07T01:00:00,3/7/2025 8:00,Hoàn Kiếm,VN,Asia/Ho_Chi_Minh,104,10,153,64,82,,75.3,100,0,1022,58,15.4,0.9,2,34
2025-03-07T02:00:00,3/7/2025 9:00,Hoàn Kiếm,VN,Asia/Ho_Chi_Minh,98,10,140,65,42.5,,81.7,100,0,1022,57,15.7,1.4,2,37
2025-03-07T03:00:00,3/7/2025 10:00,Hoàn Kiếm,VN,Asia/Ho_Chi_Minh,102,10,143,66,78,,88,100,0,1023,57,16,2.2,2,29.67
2025-03-07T04:00:00,3/7/2025 11:00,Hoàn Kiếm,VN,Asia/Ho_Chi_Minh,100,10,154,69,78,,93.7,95,0,1022,54,16.7,2.8,2,27.5
2025-03-07T05:00:00,3/7/2025 12:00,Hoàn Kiếm,VN,Asia/Ho_Chi_Minh,90,10,125,72,49,,99.3,91,0,1021,51,17.5,3.3,2,26.5
2025-03-07T06:00:00,3/7/2025 13:00,Hoàn Kiếm,VN,Asia/Ho_Chi_Minh,86,10,123,75,42,,105,87,0,1020,48,18.2,2.9,2,27
2025-03-07T07:00:00,3/7/2025 14:00,Hoàn Kiếm,VN,Asia/Ho_Chi_Minh,102,10,128.3,77,45,,113,87,0,1019,48,18.4,2.4,1.66,34.5
2025-03-07T08:00:00,3/7/2025 15:00,Hoàn Kiếm,VN,Asia/Ho_Chi_Minh,72,10,128,79,46,,121,87,0,1018,47,18.6,1.9,1.33,37
2025-03-07T09:00:00,3/7/2025 16:00,Hoàn Kiếm,VN,Asia/Ho_Chi_Minh,91,10,139,81,54,,129,87,1,1017,47,18.8,1.2,1,34
2025-03-07T10:00:00,3/7/2025 17:00,Hoàn Kiếm,VN,Asia/Ho_Chi_Minh,93,10,153,75.7,53,,128.3,91,1,1017,48,18.4,0.8,1,36
2025-03-07T11:00:00,3/7/2025 18:00,Hoàn Kiếm,VN,Asia/Ho_Chi_Minh,118,10,172,70.3,90,,127.7,95,0.5,1018,50,18,0.8,1,35.5
2025-03-07T12:00:00,3/7/2025 19:00,Hoàn Kiếm,VN,Asia/Ho_Chi_Minh,126,10,180,65,112,,127,100,0,1018,52,17.6,0,1,30.5
2025-03-07T13:00:00,3/7/2025 20:00,Hoàn Kiếm,VN,Asia/Ho_Chi_Minh,130,10,173,60.7,109.3,,124,100,0.75,1019,54,17.4,0,0.66,28.5
2025-03-07T14:00:00,3/7/2025 21:00,Hoàn Kiếm,VN,Asia/Ho_Chi_Minh,158,10,172,56.3,102,,121,100,0.75,1019,57,17.2,0,0.33,36
2025-03-07T15:00:00,3/7/2025 22:00,Hoàn Kiếm,VN,Asia/Ho_Chi_Minh,138,10,159,52,104,,118,100,0,1020,60,17,0,1.2,22
2025-03-07T16:00:00,3/7/2025 23:00,Hoàn Kiếm,VN,Asia/Ho_Chi_Minh,141,10,149,50,106,,114,100,0.25,1020,60,16.9,0,0.8,31
2025-03-07T17:00:00,3/8/2025 0:00,Hoàn Kiếm,VN,Asia/Ho_Chi_Minh,150,10,139,48,104,,110,100,0.25,1020,60,16.7,0,0,32
2025-03-07T18:00:00,3/8/2025 1:00,Hoàn Kiếm,VN,Asia/Ho_Chi_Minh,173,10,116,46,82,,106,100,0,1020,60,16.6,0,0,42
2025-03-07T19:00:00,3/8/2025 2:00,Hoàn Kiếm,VN,Asia/Ho_Chi_Minh,176,10,116.3,46,90,,106.3,100,0,1019,66,16.3,0,0.66,45
2025-03-07T20:00:00,3/8/2025 3:00,Hoàn Kiếm,VN,Asia/Ho_Chi_Minh,181,10,134,46,112,,106.7,100,0,1019,73,16.1,0,1.33,46.5
2025-03-07T21:00:00,3/8/2025 4:00,Hoàn Kiếm,VN,Asia/Ho_Chi_Minh,183,10,117,46,106,,107,100,0,1018,80,15.8,0,2,61.5
2025-03-07T22:00:00,3/8/2025 5:00,Hoàn Kiếm,VN,Asia/Ho_Chi_Minh,180,10,129,44.3,110,,101.3,91,0,1019,82,15.2,0,1.33,49.5
2025-03-07T23:00:00,3/8/2025 6:00,Hoàn Kiếm,VN,Asia/Ho_Chi_Minh,181,10,69,42.7,118,,95.7,83,0,1019,84,14.6,0,0.66,50.5
2025-03-08T00:00:00,3/8/2025 7:00,Hoàn Kiếm,VN,Asia/Ho_Chi_Minh,153,146.5,14,41,57,,90,75,0,1020,87,14,0.7,1.6,55.5
2025-03-08T01:00:00,3/8/2025 8:00,Hoàn Kiếm,VN,Asia/Ho_Chi_Minh,149,10,82,44.7,124,,97.7,83,0.25,1021,79,14.8,0.9,0.66,73
2025-03-08T02:00:00,3/8/2025 9:00,Hoàn Kiếm,VN,Asia/Ho_Chi_Minh,133,10,98,48.3,96,,105.3,91,0.25,1021,73,15.6,1.5,1.33,75.33
2025-03-08T03:00:00,3/8/2025 10:00,Hoàn Kiếm,VN,Asia/Ho_Chi_Minh,127,10,76,52,90,,113,100,0,1022,67,16.4,2.3,2,79
2025-03-08T04:00:00,3/8/2025 11:00,Hoàn Kiếm,VN,Asia/Ho_Chi_Minh,139,10,76,61.7,110,,117,100,0,1021,65,16.7,2.8,1.66,80
2025-03-08T05:00:00,3/8/2025 12:00,Hoàn Kiếm,VN,Asia/Ho_Chi_Minh,145,10,90,71.3,118,,121,100,0,1020,64,17.1,3.3,1.33,78
2025-03-08T06:00:00,3/8/2025 13:00,Hoàn Kiếm,VN,Asia/Ho_Chi_Minh,100,131.3,11,81,35,,125,100,0,1019,62,17.4,3,1,79
2025-03-08T07:00:00,3/8/2025 14:00,Hoàn Kiếm,VN,Asia/Ho_Chi_Minh,155,10,93,81.7,138,,121.3,100,0.25,1018,62,17.7,2.4,0.66,55
2025-03-08T08:00:00,3/8/2025 15:00,Hoàn Kiếm,VN,Asia/Ho_Chi_Minh,163,10,84,82.3,146,,117.7,100,0.25,1017,62,18.1,1.8,0.33,53.5
2025-03-08T09:00:00,3/8/2025 16:00,Hoàn Kiếm,VN,Asia/Ho_Chi_Minh,158,10,97,83,140,,114,100,0,1017,62,18.4,1.4,0.8,47.5
2025-03-08T10:00:00,3/8/2025 17:00,Hoàn Kiếm,VN,Asia/Ho_Chi_Minh,169,10,94,67,134,,113.3,95,0,1017,64,18,1.2,0.4,45.5
2025-03-08T11:00:00,3/8/2025 18:00,Hoàn Kiếm,VN,Asia/Ho_Chi_Minh,193,10,127,51,144,,112.7,91,0.25,1017,67,17.6,1.4,0.8,50
2025-03-08T12:00:00,3/8/2025 19:00,Hoàn Kiếm,VN,Asia/Ho_Chi_Minh,160,179.2,33,35,63,,112,87,0,1017,71,17.2,0,1.2,52
2025-03-08T13:00:00,3/8/2025 20:00,Hoàn Kiếm,VN,Asia/Ho_Chi_Minh,197,10,126,35.7,134,,99.7,87,0,1018,72,17.1,0,1.2,35
2025-03-08T14:00:00,3/8/2025 21:00,Hoàn Kiếm,VN,Asia/Ho_Chi_Minh,208,10,170,36.3,174,,87.3,87,0,1019,73,16.9,0,1.2,59
2025-03-08T15:00:00,3/8/2025 22:00,Hoàn Kiếm,VN,Asia/Ho_Chi_Minh,224,175.1,30,37,138.8,,75,87,0,1020,75,16.8,0,1.2,65
2025-03-08T16:00:00,3/8/2025 23:00,Hoàn Kiếm,VN,Asia/Ho_Chi_Minh,224,120.1,64.7,39,138.8,,69.3,91,0,1019,78,16.8,0,0.66,61.5
2025-03-08T17:00:00,3/9/2025 0:00,Hoàn Kiếm,VN,Asia/Ho_Chi_Minh,250,65,99.3,41,163.8,,63.7,95,0,1019,81,16.8,0,1.33,70
2025-03-08T18:00:00,3/9/2025 1:00,Hoàn Kiếm,VN,Asia/Ho_Chi_Minh,168,10,134,43,154,,58,100,0,1019,84,16.8,0,2,88
2025-03-08T19:00:00,3/9/2025 2:00,Hoàn Kiếm,VN,Asia/Ho_Chi_Minh,165,10,86,40,150,,60.7,100,0,1019,85,16.6,0,1.33,63
2025-03-08T20:00:00,3/9/2025 3:00,Hoàn Kiếm,VN,Asia/Ho_Chi_Minh,173,10,67,37,160,,63.3,100,0,1018,87,16.4,0,0.66,91
2025-03-08T21:00:00,3/9/2025 4:00,Hoàn Kiếm,VN,Asia/Ho_Chi_Minh,142,10,52,34,120,,66,100,0,1018,89,16.2,0,0.4,99
2025-03-08T22:00:00,3/9/2025 5:00,Hoàn Kiếm,VN,Asia/Ho_Chi_Minh,134,10,59,31.3,112,,68.7,100,0,1019,89,16.3,0,0.8,111
2025-03-08T23:00:00,3/9/2025 6:00,Hoàn Kiếm,VN,Asia/Ho_Chi_Minh,139,10,62.7,28.7,117.3,,71.3,100,0,1019,89,16.3,0,1.2,111
2025-03-09T00:00:00,3/9/2025 7:00,Hoàn Kiếm,VN,Asia/Ho_Chi_Minh,137,10,68,26,116,,74,100,0,1020,90,16.4,0.7,1.6,131
2025-03-09T01:00:00,3/9/2025 8:00,Hoàn Kiếm,VN,Asia/Ho_Chi_Minh,134,10,81,29,112,,88.7,100,0,1020,88,16.8,0.9,1.6,69
2025-03-09T02:00:00,3/9/2025 9:00,Hoàn Kiếm,VN,Asia/Ho_Chi_Minh,148,10,84,32,126,,103.3,100,0,1020,87,17.2,1.4,1.6,67
2025-03-09T03:00:00,3/9/2025 10:00,Hoàn Kiếm,VN,Asia/Ho_Chi_Minh,184,10,86,35,136,,118,100,0,1021,85,17.6,2.2,1.6,73
2025-03-09T04:00:00,3/9/2025 11:00,Hoàn Kiếm,VN,Asia/Ho_Chi_Minh,203,10,82,40.3,168,,122.7,95,0,1020,82,18.3,2.8,0.66,51
2025-03-09T05:00:00,3/9/2025 12:00,Hoàn Kiếm,VN,Asia/Ho_Chi_Minh,230,10,76.7,45.7,216,,127.3,91,0,1020,79,18.9,3.1,1.33,48
2025-03-09T06:00:00,3/9/2025 13:00,Hoàn Kiếm,VN,Asia/Ho_Chi_Minh,253,10,72,51,256,,132,87,0,1019,77,19.6,2.9,2,49.67
2025-03-09T07:00:00,3/9/2025 14:00,Hoàn Kiếm,VN,Asia/Ho_Chi_Minh,254,10,84.5,52,192,,121.3,91,0,1018,73,20.1,2.4,2,49
2025-03-09T08:00:00,3/9/2025 15:00,Hoàn Kiếm,VN,Asia/Ho_Chi_Minh,253,10,87.5,53,185,,110.7,95,0,1018,69,20.7,1.6,2,48
2025-03-09T09:00:00,3/9/2025 16:00,Hoàn Kiếm,VN,Asia/Ho_Chi_Minh,276,10,136,54,314,,100,100,0,1017,66,21.2,1,2,53
2025-03-09T10:00:00,3/9/2025 17:00,Hoàn Kiếm,VN,Asia/Ho_Chi_Minh,181,10,139,48.7,316,,91,100,0,1017,68,20.9,0.9,2,81
2025-03-09T11:00:00,3/9/2025 18:00,Hoàn Kiếm,VN,Asia/Ho_Chi_Minh,195,10,167.3,43.3,344.7,,82,100,0,1018,69,20.7,0.9,2,95
2025-03-09T12:00:00,3/9/2025 19:00,Hoàn Kiếm,VN,Asia/Ho_Chi_Minh,209,10,183,38,360,,73,100,0,1018,71,20.4,0,2,115.67
2025-03-09T13:00:00,3/9/2025 20:00,Hoàn Kiếm,VN,Asia/Ho_Chi_Minh,258,10,185,35.7,256,,76.3,100,0,1019,73,20.3,0,2,133
2025-03-09T14:00:00,3/9/2025 21:00,Hoàn Kiếm,VN,Asia/Ho_Chi_Minh,250,10,200,33.3,264,,79.7,100,0,1020,75,20.1,0,2,134
2025-03-09T15:00:00,3/9/2025 22:00,Hoàn Kiếm,VN,Asia/Ho_Chi_Minh,266,10,188,31,284,,83,100,0,1020,77,20,0,2,133
2025-03-09T16:00:00,3/9/2025 23:00,Hoàn Kiếm,VN,Asia/Ho_Chi_Minh,245,10,166,31,256,,79.7,100,0,1020,81,19.7,0,2,150
2025-03-09T17:00:00,3/10/2025 0:00,Hoàn Kiếm,VN,Asia/Ho_Chi_Minh,253,10,182,31,264,,76.3,100,0,1020,84,19.5,0,2,178
2025-03-09T18:00:00,3/10/2025 1:00,Hoàn Kiếm,VN,Asia/Ho_Chi_Minh,203,10,122,31,200,,73,100,0,1019,88,19.2,0,2,181.33
2025-03-09T19:00:00,3/10/2025 2:00,Hoàn Kiếm,VN,Asia/Ho_Chi_Minh,160,10,72,26,142,,71.7,100,0,1019,89,19.1,0,1.33,197
2025-03-09T20:00:00,3/10/2025 3:00,Hoàn Kiếm,VN,Asia/Ho_Chi_Minh,176,10,76,21,164,,70.3,100,0,1018,90,18.9,0,0.66,137
2025-03-09T21:00:00,3/10/2025 4:00,Hoàn Kiếm,VN,Asia/Ho_Chi_Minh,189,10,79,16,182,,69,100,0,1018,91,18.8,0,0.8,131
2025-03-09T22:00:00,3/10/2025 5:00,Hoàn Kiếm,VN,Asia/Ho_Chi_Minh,189,10,80,18,182,,65.7,87,0,1018,90,18.8,0,0.66,143
2025-03-09T23:00:00,3/10/2025 6:00,Hoàn Kiếm,VN,Asia/Ho_Chi_Minh,195,10,82,20,186,,62.3,75,0,1019,89,18.7,0,1.33,127
2025-03-10T00:00:00,3/10/2025 7:00,Hoàn Kiếm,VN,Asia/Ho_Chi_Minh,189,10,82,22,182,,59,62,0,1019,88,18.7,0.7,2,133
2025-03-10T01:00:00,3/10/2025 8:00,Hoàn Kiếm,VN,Asia/Ho_Chi_Minh,258,10,62,45,274,,70,66,0,1020,90,18.6,0.9,1.66,95
2025-03-10T02:00:00,3/10/2025 9:00,Hoàn Kiếm,VN,Asia/Ho_Chi_Minh,258,10,62,68,274,,81,70,0,1020,92,18.5,1.5,1.33,63
2025-03-10T03:00:00,3/10/2025 10:00,Hoàn Kiếm,VN,Asia/Ho_Chi_Minh,229,10,102,91,234,,92,75,0,1021,94,18.4,2.2,1,75
2025-03-10T04:00:00,3/10/2025 11:00,Hoàn Kiếm,VN,Asia/Ho_Chi_Minh,239,10,110.7,95,234.7,,85.7,83,0,1020,90,19,2.8,0.66,85
2025-03-10T05:00:00,3/10/2025 12:00,Hoàn Kiếm,VN,Asia/Ho_Chi_Minh,229,10,98,99,232,,79.3,91,0,1019,86,19.7,3.1,0.33,85
2025-03-10T06:00:00,3/10/2025 13:00,Hoàn Kiếm,VN,Asia/Ho_Chi_Minh,257,10,128,103,236,,73,100,0,1018,82,20.3,2.9,0.8,89
2025-03-10T07:00:00,3/10/2025 14:00,Hoàn Kiếm,VN,Asia/Ho_Chi_Minh,252,10,145,106,224,,68.3,100,0,1017,83,20.9,2.4,0.66,85
2025-03-10T08:00:00,3/10/2025 15:00,Hoàn Kiếm,VN,Asia/Ho_Chi_Minh,205,10,148,109,176,,63.7,100,0.5,1016,84,21.5,1.6,1.33,137
2025-03-10T09:00:00,3/10/2025 16:00,Hoàn Kiếm,VN,Asia/Ho_Chi_Minh,205,10,161,112,198,,59,100,0.5,1015,84,22.1,1,2,137
2025-03-10T10:00:00,3/10/2025 17:00,Hoàn Kiếm,VN,Asia/Ho_Chi_Minh,196,10,159.7,96,186,,58,100,0.75,1015,83,21.8,0.8,2,115
2025-03-10T11:00:00,3/10/2025 18:00,Hoàn Kiếm,VN,Asia/Ho_Chi_Minh,203,10,183,80,198,,57,100,1,1015,82,21.5,0.9,2,122
2025-03-10T12:00:00,3/10/2025 19:00,Hoàn Kiếm,VN,Asia/Ho_Chi_Minh,176,10,157,64,162,,56,100,0.5,1015,81,21.2,0,2,115
2025-03-10T13:00:00,3/10/2025 20:00,Hoàn Kiếm,VN,Asia/Ho_Chi_Minh,184,10,136,68.3,176,,56,100,0.5,1016,83,21,0,2.33,136
2025-03-10T14:00:00,3/10/2025 21:00,Hoàn Kiếm,VN,Asia/Ho_Chi_Minh,165,10,84,72.7,150,,56,100,0.25,1016,85,20.9,0,2.66,132
2025-03-10T15:00:00,3/10/2025 22:00,Hoàn Kiếm,VN,Asia/Ho_Chi_Minh,150,148.2,19,77,55,,56,100,0,1017,87,20.7,0,3,97
2025-03-10T16:00:00,3/10/2025 23:00,Hoàn Kiếm,VN,Asia/Ho_Chi_Minh,184,10,81,72,174,,51,100,0,1016,87,20.5,0,2.66,97
2025-03-10T17:00:00,3/11/2025 0:00,Hoàn Kiếm,VN,Asia/Ho_Chi_Minh,221,10,75,67,224,,46,100,0,1016,88,20.2,0,2.33,89.67
2025-03-10T18:00:00,3/11/2025 1:00,Hoàn Kiếm,VN,Asia/Ho_Chi_Minh,181,10,74,62,170,,41,100,0,1015,88,20,0,2,95
2025-03-10T19:00:00,3/11/2025 2:00,Hoàn Kiếm,VN,Asia/Ho_Chi_Minh,148,10,76,56.7,128,,34,100,0,1015,89,19.8,0,1.66,75
2025-03-10T20:00:00,3/11/2025 3:00,Hoàn Kiếm,VN,Asia/Ho_Chi_Minh,142,10,69,51.3,122,,27,100,0,1014,90,19.7,0,1.33,81
2025-03-10T21:00:00,3/11/2025 4:00,Hoàn Kiếm,VN,Asia/Ho_Chi_Minh,176,161.1,15,46,76,,20,100,0,1013,91,19.5,0,1,67
2025-03-10T22:00:00,3/11/2025 5:00,Hoàn Kiếm,VN,Asia/Ho_Chi_Minh,155,10,62,44.7,138,,24.7,100,0,1014,91,19.5,0,1.33,54
2025-03-10T23:00:00,3/11/2025 6:00,Hoàn Kiếm,VN,Asia/Ho_Chi_Minh,169,10,44.5,43.3,123,,29.3,100,0,1014,91,19.5,0,1.66,81
2025-03-11T00:00:00,3/11/2025 7:00,Hoàn Kiếm,VN,Asia/Ho_Chi_Minh,192,10,95,42,186,,34,100,0,1015,92,19.5,0.7,2,109
2025-03-11T01:00:00,3/11/2025 8:00,Hoàn Kiếm,VN,Asia/Ho_Chi_Minh,189,10,101,55,182,,45,100,0,1015,89,20.1,0.9,2,79
2025-03-11T02:00:00,3/11/2025 9:00,Hoàn Kiếm,VN,Asia/Ho_Chi_Minh,179,10,96,68,172,,56,100,0,1015,86,20.6,1.5,2,53
2025-03-11T03:00:00,3/11/2025 10:00,Hoàn Kiếm,VN,Asia/Ho_Chi_Minh,137,110.9,19,81,51,,67,100,0,1016,84,21.2,2.2,2,51
2025-03-11T04:00:00,3/11/2025 11:00,Hoàn Kiếm,VN,Asia/Ho_Chi_Minh,185,10,87,82.3,182,,65.3,100,0,1015,79,22.3,2.8,2,75
2025-03-11T05:00:00,3/11/2025 12:00,Hoàn Kiếm,VN,Asia/Ho_Chi_Minh,184,10,92,83.7,172,,63.7,100,0,1014,75,23.4,3.1,2,59
2025-03-11T06:00:00,3/11/2025 13:00,Hoàn Kiếm,VN,Asia/Ho_Chi_Minh,157,10,87,85,140,,62,100,0,1012,71,24.5,3,2,70
2025-03-11T07:00:00,3/11/2025 14:00,Hoàn Kiếm,VN,Asia/Ho_Chi_Minh,160,10,90,86.7,142,,54,100,0,1012,72,24.6,2.4,2.33,87
2025-03-11T08:00:00,3/11/2025 15:00,Hoàn Kiếm,VN,Asia/Ho_Chi_Minh,168,10,89,88.3,154.7,,46,100,0.25,1011,73,24.6,1.6,2.66,85
2025-03-11T09:00:00,3/11/2025 16:00,Hoàn Kiếm,VN,Asia/Ho_Chi_Minh,173,10,90,90,162,,38,100,0.5,1010,74,24.7,1.1,3,77
2025-03-11T10:00:00,3/11/2025 17:00,Hoàn Kiếm,VN,Asia/Ho_Chi_Minh,175,10,163,83.3,148,,38.3,95,0.5,1010,77,24.4,0.8,3,49
2025-03-11T11:00:00,3/11/2025 18:00,Hoàn Kiếm,VN,Asia/Ho_Chi_Minh,145,10,163,76.7,148,,38.7,91,0.5,1010,81,24,1.2,3,82
2025-03-11T12:00:00,3/11/2025 19:00,Hoàn Kiếm,VN,Asia/Ho_Chi_Minh,115,10,128,70,88,,39,87,0.5,1011,85,23.7,0,3,81
2025-03-11T13:00:00,3/11/2025 20:00,Hoàn Kiếm,VN,Asia/Ho_Chi_Minh,115,10,90,67.7,86,,43.7,91,0.5,1011,86,23,0,3,61
2025-03-11T14:00:00,3/11/2025 21:00,Hoàn Kiếm,VN,Asia/Ho_Chi_Minh,123,10,85,65.3,96,,48.3,95,0,1012,87,22.2,0,3,63
2025-03-11T15:00:00,3/11/2025 22:00,Hoàn Kiếm,VN,Asia/Ho_Chi_Minh,91,116.1,20,63,33,,53,100,0,1013,88,21.5,0,3,69
2025-03-11T16:00:00,3/11/2025 23:00,Hoàn Kiếm,VN,Asia/Ho_Chi_Minh,115,10,76,60.3,86,,51.7,100,0,1012,89,21.3,0,2.66,73
2025-03-11T17:00:00,3/12/2025 0:00,Hoàn Kiếm,VN,Asia/Ho_Chi_Minh,121,10,75,57.7,94,,50.3,100,0,1012,90,21.2,0,2.33,74
2025-03-11T18:00:00,3/12/2025 1:00,Hoàn Kiếm,VN,Asia/Ho_Chi_Minh,129,10,55,55,104,,49,100,0,1011,90,21,0,2,52
2025-03-11T19:00:00,3/12/2025 2:00,Hoàn Kiếm,VN,Asia/Ho_Chi_Minh,123,10,75,52,98,,48.3,100,0,1011,90,20.9,0,2,41
2025-03-11T20:00:00,3/12/2025 3:00,Hoàn Kiếm,VN,Asia/Ho_Chi_Minh,134,10,63.7,49,110.7,,47.7,100,0,1010,90,20.7,0,2,41
2025-03-11T21:00:00,3/12/2025 4:00,Hoàn Kiếm,VN,Asia/Ho_Chi_Minh,137,10,68,46,114,,47,100,0,1010,90,20.6,0,2,44
2025-03-11T22:00:00,3/12/2025 5:00,Hoàn Kiếm,VN,Asia/Ho_Chi_Minh,129,10,53,46.3,104,,47.3,100,0,1010,91,20.6,0,2,31
2025-03-11T23:00:00,3/12/2025 6:00,Hoàn Kiếm,VN,Asia/Ho_Chi_Minh,102,10,48,46.7,70,,47.7,100,0,1011,92,20.7,0,2,41
2025-03-12T00:00:00,3/12/2025 7:00,Hoàn Kiếm,VN,Asia/Ho_Chi_Minh,91,10,48,47,62,,48,100,0,1012,94,20.7,0.7,2,43
2025-03-12T01:00:00,3/12/2025 8:00,Hoàn Kiếm,VN,Asia/Ho_Chi_Minh,92,10,57,47,48,,50.3,100,0,1012,93,21.2,0.9,2,46
2025-03-12T02:00:00,3/12/2025 9:00,Hoàn Kiếm,VN,Asia/Ho_Chi_Minh,98,10,58.7,47,64.7,,52.7,100,0,1012,92,21.7,1.5,2,44
2025-03-12T03:00:00,3/12/2025 10:00,Hoàn Kiếm,VN,Asia/Ho_Chi_Minh,100,10,64,47,66,,55,100,0,1013,91,22.2,2.2,2,48
2025-03-12T04:00:00,3/12/2025 11:00,Hoàn Kiếm,VN,Asia/Ho_Chi_Minh,102,10,71,50.3,68,,50,95,0,1012,87,23,2.9,2.33,49
2025-03-12T05:00:00,3/12/2025 12:00,Hoàn Kiếm,VN,Asia/Ho_Chi_Minh,95,10,69,53.7,53,,45,91,0,1011,84,23.8,3.2,2.66,46
2025-03-12T06:00:00,3/12/2025 13:00,Hoàn Kiếm,VN,Asia/Ho_Chi_Minh,108,10,102,57,64,,40,87,0,1010,80,24.6,3,3,36
2025-03-12T07:00:00,3/12/2025 14:00,Hoàn Kiếm,VN,Asia/Ho_Chi_Minh,107,10,111,56,54,,37,91,0,1009,82,24.6,2.4,2.66,31
2025-03-12T08:00:00,3/12/2025 15:00,Hoàn Kiếm,VN,Asia/Ho_Chi_Minh,102,10,128,55,70,,34,95,0,1008,83,24.7,1.6,2.33,31.5
2025-03-12T09:00:00,3/12/2025 16:00,Hoàn Kiếm,VN,Asia/Ho_Chi_Minh,137,71.2,14,54,61.3,,31,100,0,1007,84,24.7,1,2,34
2025-03-12T10:00:00,3/12/2025 17:00,Hoàn Kiếm,VN,Asia/Ho_Chi_Minh,118,10,113,36.9,78,,35.7,100,0,1008,86,24,0.7,2,35.5
2025-03-12T11:00:00,3/12/2025 18:00,Hoàn Kiếm,VN,Asia/Ho_Chi_Minh,115,10,114,19.7,74,,40.3,100,0,1008,89,23.3,0.7,2,36
2025-03-12T12:00:00,3/12/2025 19:00,Hoàn Kiếm,VN,Asia/Ho_Chi_Minh,111,10,208.5,2.6,74,,45,100,0,1008,91,22.6,0,2,33
2025-03-12T13:00:00,3/12/2025 20:00,Hoàn Kiếm,VN,Asia/Ho_Chi_Minh,104,10,78.5,19.7,57.5,,48.7,100,0,1009,91,22.4,0,2.33,38.5
2025-03-12T14:00:00,3/12/2025 21:00,Hoàn Kiếm,VN,Asia/Ho_Chi_Minh,90,74.1,83.5,36.9,43.3,,52.3,100,0,1010,92,22.3,0,2.66,38
2025-03-12T15:00:00,3/12/2025 22:00,Hoàn Kiếm,VN,Asia/Ho_Chi_Minh,80,106.2,21,54,28,,56,100,0,1010,92,22.1,0,3,36
2025-03-12T16:00:00,3/12/2025 23:00,Hoàn Kiếm,VN,Asia/Ho_Chi_Minh,59,10,58,53.7,35,,54.3,100,0,1010,92,22.1,0,2.33,49
2025-03-12T17:00:00,3/13/2025 0:00,Hoàn Kiếm,VN,Asia/Ho_Chi_Minh,69,10,54,53.3,44,,52.7,100,0,1010,93,22,0,1.66,42
2025-03-12T18:00:00,3/13/2025 1:00,Hoàn Kiếm,VN,Asia/Ho_Chi_Minh,87,10,54,53,58,,51,100,0,1010,94,22,0,1,41
2025-03-12T19:00:00,3/13/2025 2:00,Hoàn Kiếm,VN,Asia/Ho_Chi_Minh,93,10,42,50.3,64,,49,100,0,1010,94,22,0,1,39.5
2025-03-12T20:00:00,3/13/2025 3:00,Hoàn Kiếm,VN,Asia/Ho_Chi_Minh,94,10,50,47.7,58,,47,100,0,1010,94,22.1,0,1,37
2025-03-12T21:00:00,3/13/2025 4:00,Hoàn Kiếm,VN,Asia/Ho_Chi_Minh,98,10,48,45,58,,45,100,0,1009,95,22.1,0,1,30.5
2025-03-12T22:00:00,3/13/2025 5:00,Hoàn Kiếm,VN,Asia/Ho_Chi_Minh,91,10,49,43.3,46,,45.3,100,0,1010,95,22.1,0,0.66,26
2025-03-12T23:00:00,3/13/2025 6:00,Hoàn Kiếm,VN,Asia/Ho_Chi_Minh,110,10,47,41.7,60,,45.7,100,0,1010,95,22.2,0,0.33,16
2025-03-13T00:00:00,3/13/2025 7:00,Hoàn Kiếm,VN,Asia/Ho_Chi_Minh,110,10,47,40,39,,46,100,0,1011,95,22.2,0.7,2.8,21
2025-03-13T01:00:00,3/13/2025 8:00,Hoàn Kiếm,VN,Asia/Ho_Chi_Minh,131,10,45,39.7,106,,45,100,0,1011,94,22.7,0.9,2.8,29
2025-03-13T02:00:00,3/13/2025 9:00,Hoàn Kiếm,VN,Asia/Ho_Chi_Minh,121,10,45.7,39.3,53.8,,44,100,0,1012,94,23.1,1.5,2.8,32
2025-03-13T03:00:00,3/13/2025 10:00,Hoàn Kiếm,VN,Asia/Ho_Chi_Minh,110,10,45,39,64,,43,100,0,1012,93,23.6,2.2,2.8,32.33
2025-03-13T04:00:00,3/13/2025 11:00,Hoàn Kiếm,VN,Asia/Ho_Chi_Minh,100,10,50,42.3,53,,38,100,0,1011,94,23.6,2.9,0.66,34
2025-03-13T05:00:00,3/13/2025 12:00,Hoàn Kiếm,VN,Asia/Ho_Chi_Minh,95,10,57,45.7,43,,33,100,0,1011,94,23.5,3.2,1.33,31
2025-03-13T06:00:00,3/13/2025 13:00,Hoàn Kiếm,VN,Asia/Ho_Chi_Minh,82,10,67,49,37,,28,100,0,1010,95,23.5,3,2,39
2025-03-13T07:00:00,3/13/2025 14:00,Hoàn Kiếm,VN,Asia/Ho_Chi_Minh,65,10,76,51.3,40,,25,100,0,1009,94,23.5,2.4,2.66,39
2025-03-13T08:00:00,3/13/2025 15:00,Hoàn Kiếm,VN,Asia/Ho_Chi_Minh,91,10,87.7,53.7,38.8,,22,100,0,1008,93,23.5,1.7,3.33,47
2025-03-13T09:00:00,3/13/2025 16:00,Hoàn Kiếm,VN,Asia/Ho_Chi_Minh,87,10,98,56,58,,19,100,0,1008,92,23.5,1,4,43
2025-03-13T10:00:00,3/13/2025 17:00,Hoàn Kiếm,VN,Asia/Ho_Chi_Minh,102,10,92,57.3,70,,25.3,100,0,1008,94,23.2,0.9,3,39
2025-03-13T11:00:00,3/13/2025 18:00,Hoàn Kiếm,VN,Asia/Ho_Chi_Minh,95,10,92,58.7,64,,31.7,100,0,1008,95,22.9,0.7,2,35.5
2025-03-13T12:00:00,3/13/2025 19:00,Hoàn Kiếm,VN,Asia/Ho_Chi_Minh,85,10,67.5,60,40.5,,38,100,0,1009,96,22.6,0,1,33
2025-03-13T13:00:00,3/13/2025 20:00,Hoàn Kiếm,VN,Asia/Ho_Chi_Minh,89,10,67.3,58,49.7,,41,100,0.5,1009,96,22.6,0,1,27
2025-03-13T14:00:00,3/13/2025 21:00,Hoàn Kiếm,VN,Asia/Ho_Chi_Minh,67,10,79,56,42,,44,100,1,1010,96,22.6,0,1,19
2025-03-13T15:00:00,3/13/2025 22:00,Hoàn Kiếm,VN,Asia/Ho_Chi_Minh,98,10,67,54,68,,47,100,1,1010,96,22.6,0,1,31
2025-03-13T16:00:00,3/13/2025 23:00,Hoàn Kiếm,VN,Asia/Ho_Chi_Minh,187,10,182,2.6,94,,46.3,100,1,1010,96,22.6,0,0.66,29
2025-03-13T17:00:00,3/14/2025 0:00,Hoàn Kiếm,VN,Asia/Ho_Chi_Minh,260,10,175,648.6,88,,45.7,100,0.5,1010,96,22.6,0,0.33,36
2025-03-13T18:00:00,3/14/2025 1:00,Hoàn Kiếm,VN,Asia/Ho_Chi_Minh,134,10,52,43,110,,45,100,0.5,1010,96,22.6,0,2.8,33
2025-03-13T19:00:00,3/14/2025 2:00,Hoàn Kiếm,VN,Asia/Ho_Chi_Minh,131,10,294,2.6,58.8,,44,100,0,1009,96,22.6,0,2.8,28
2025-03-13T20:00:00,3/14/2025 3:00,Hoàn Kiếm,VN,Asia/Ho_Chi_Minh,139,10,45,39,134,,43,100,0,1009,96,22.6,0,2.8,30
2025-03-13T21:00:00,3/14/2025 4:00,Hoàn Kiếm,VN,Asia/Ho_Chi_Minh,126,10,52,37,79,,42,100,0,1009,96,22.6,0,2.8,20
2025-03-13T22:00:00,3/14/2025 5:00,Hoàn Kiếm,VN,Asia/Ho_Chi_Minh,126,10,52,36.7,75,,40,100,0,1009,95,22.6,0,0.33,34
2025-03-13T23:00:00,3/14/2025 6:00,Hoàn Kiếm,VN,Asia/Ho_Chi_Minh,118,10,47,36.3,84,,38,100,0,1010,95,22.7,0,0.66,83
2025-03-14T00:00:00,3/14/2025 7:00,Hoàn Kiếm,VN,Asia/Ho_Chi_Minh,129,68.9,16,36,57.5,,36,100,0,1010,94,22.7,0.7,1,83
2025-03-14T01:00:00,3/14/2025 8:00,Hoàn Kiếm,VN,Asia/Ho_Chi_Minh,110,10,60,38.3,80,,34,100,0,1011,92,23.3,0.9,1.66,48
2025-03-14T02:00:00,3/14/2025 9:00,Hoàn Kiếm,VN,Asia/Ho_Chi_Minh,118,10,62,40.7,84,,32,100,0.75,1012,90,24,1.5,2.33,47
2025-03-14T03:00:00,3/14/2025 10:00,Hoàn Kiếm,VN,Asia/Ho_Chi_Minh,129,10,64,43,100,,30,100,1,1012,89,24.6,2.3,3,50
2025-03-14T04:00:00,3/14/2025 11:00,Hoàn Kiếm,VN,Asia/Ho_Chi_Minh,127,10,86,49.3,88,,28.7,87,0.75,1011,85,25.7,2.9,3,45
2025-03-14T05:00:00,3/14/2025 12:00,Hoàn Kiếm,VN,Asia/Ho_Chi_Minh,130,10,103,55.7,86,,27.3,75,0.25,1010,81,26.9,3.2,3,45
2025-03-14T06:00:00,3/14/2025 13:00,Hoàn Kiếm,VN,Asia/Ho_Chi_Minh,89,65.9,10,62,31,,26,62,0,1009,77,28,3,3,42
2025-03-14T07:00:00,3/14/2025 14:00,Hoàn Kiếm,VN,Asia/Ho_Chi_Minh,130,10,112,64.7,94,,26,58,0,1009,77,28,2.6,3,46
2025-03-14T08:00:00,3/14/2025 15:00,Hoàn Kiếm,VN,Asia/Ho_Chi_Minh,112,10,100,67.3,82,,26,54,0,1008,77,28,2.1,3,39
2025-03-14T09:00:00,3/14/2025 16:00,Hoàn Kiếm,VN,Asia/Ho_Chi_Minh,141,10,133,70,116,,26,50,0,1007,76,28,2.7,3,42
2025-03-14T10:00:00,3/14/2025 17:00,Hoàn Kiếm,VN,Asia/Ho_Chi_Minh,125,10,97,62.3,78,,29.3,66,0,1008,79,27.4,1.8,3,46
2025-03-14T11:00:00,3/14/2025 18:00,Hoàn Kiếm,VN,Asia/Ho_Chi_Minh,122,10,78,54.7,68,,32.7,83,0,1008,83,26.8,1.5,3,45.5
2025-03-14T12:00:00,3/14/2025 19:00,Hoàn Kiếm,VN,Asia/Ho_Chi_Minh,102,81.7,19,47,36,,36,100,0,1009,86,26.2,0,3,46.5
2025-03-14T13:00:00,3/14/2025 20:00,Hoàn Kiếm,VN,Asia/Ho_Chi_Minh,115,10,57,44.3,56,,33.7,100,0,1009,88,25.7,0,3,30
2025-03-14T14:00:00,3/14/2025 21:00,Hoàn Kiếm,VN,Asia/Ho_Chi_Minh,108,10,45,41.7,56,,31.3,100,0,1010,90,25.1,0,3,46.5
2025-03-14T15:00:00,3/14/2025 22:00,Hoàn Kiếm,VN,Asia/Ho_Chi_Minh,102,10,45,39,54,,29,100,0,1010,93,24.6,0,3,40
2025-03-14T16:00:00,3/14/2025 23:00,Hoàn Kiếm,VN,Asia/Ho_Chi_Minh,102,10,57,38.7,58,,27,100,0,1010,93,24.4,0,2.33,50.5
2025-03-14T17:00:00,3/15/2025 0:00,Hoàn Kiếm,VN,Asia/Ho_Chi_Minh,91,10,55,38.3,60,,25,100,0,1010,94,24.2,0,1.66,44.5
2025-03-14T18:00:00,3/15/2025 1:00,Hoàn Kiếm,VN,Asia/Ho_Chi_Minh,107,66.5,15,38,47.5,,23,100,0,1010,95,24,0,1,43.5
2025-03-14T19:00:00,3/15/2025 2:00,Hoàn Kiếm,VN,Asia/Ho_Chi_Minh,92,10,43,36,52,,23.7,100,0,1010,95,23.7,0,1.33,36
2025-03-14T20:00:00,3/15/2025 3:00,Hoàn Kiếm,VN,Asia/Ho_Chi_Minh,99,10,59,34,66,,24.3,100,0,1010,96,23.5,0,1.66,41
2025-03-14T21:00:00,3/15/2025 4:00,Hoàn Kiếm,VN,Asia/Ho_Chi_Minh,116,10,64,32,92,,25,100,0,1010,96,23.2,0,2,38.5
2025-03-14T22:00:00,3/15/2025 5:00,Hoàn Kiếm,VN,Asia/Ho_Chi_Minh,116,10,63,27.7,88,,30.3,100,0,1010,95,23.3,0,1.33,36
2025-03-14T23:00:00,3/15/2025 6:00,Hoàn Kiếm,VN,Asia/Ho_Chi_Minh,116,10,64,23.3,86.7,,35.7,100,0,1011,94,23.5,0,0.66,36
2025-03-15T00:00:00,3/15/2025 7:00,Hoàn Kiếm,VN,Asia/Ho_Chi_Minh,115,10,64,19,84,,41,100,0,1012,93,23.6,0.9,2.4,31
2025-03-15T01:00:00,3/15/2025 8:00,Hoàn Kiếm,VN,Asia/Ho_Chi_Minh,119,10,69,25,90,,49.7,100,0,1012,92,23.9,0.9,0.33,38
2025-03-15T02:00:00,3/15/2025 9:00,Hoàn Kiếm,VN,Asia/Ho_Chi_Minh,129,10,74,31,94,,58.3,100,0,1013,91,24.2,1.5,0.66,31.5
2025-03-15T03:00:00,3/15/2025 10:00,Hoàn Kiếm,VN,Asia/Ho_Chi_Minh,107,10,86,37,56,,67,100,0,1013,90,24.5,2.3,1,34.5
2025-03-15T04:00:00,3/15/2025 11:00,Hoàn Kiếm,VN,Asia/Ho_Chi_Minh,93,10,99,45.3,53,,76,100,0,1012,85,25.5,2.9,1.66,41.5
2025-03-15T05:00:00,3/15/2025 12:00,Hoàn Kiếm,VN,Asia/Ho_Chi_Minh,103,10,104,53.7,61.3,,85,100,0,1011,81,26.5,3.2,2.33,41.5
2025-03-15T06:00:00,3/15/2025 13:00,Hoàn Kiếm,VN,Asia/Ho_Chi_Minh,100,10,113,62,64,,94,100,0,1011,77,27.5,3,3,41.17
2025-03-15T07:00:00,3/15/2025 14:00,Hoàn Kiếm,VN,Asia/Ho_Chi_Minh,115,10,105,63.7,66,,95,100,0,1010,80,27.2,2.4,2.66,41
2025-03-15T08:00:00,3/15/2025 15:00,Hoàn Kiếm,VN,Asia/Ho_Chi_Minh,127,10,116,65.3,88,,96,100,0,1010,83,26.8,1.7,2.33,42.5
2025-03-15T09:00:00,3/15/2025 16:00,Hoàn Kiếm,VN,Asia/Ho_Chi_Minh,121,10,112,67,74,,97,100,0.75,1009,86,26.5,1,2,46
2025-03-15T10:00:00,3/15/2025 17:00,Hoàn Kiếm,VN,Asia/Ho_Chi_Minh,142,10,106.7,65.3,63.8,,96.3,100,0.5,1010,87,26.2,0.7,1.33,38
2025-03-15T11:00:00,3/15/2025 18:00,Hoàn Kiếm,VN,Asia/Ho_Chi_Minh,121,10,101.3,63.7,71.3,,95.7,100,0.75,1011,88,25.8,0.8,0.66,32
2025-03-15T12:00:00,3/15/2025 19:00,Hoàn Kiếm,VN,Asia/Ho_Chi_Minh,122,10,96,62,70,,95,100,1.5,1011,89,25.5,0,4,36.33
2025-03-15T13:00:00,3/15/2025 20:00,Hoàn Kiếm,VN,Asia/Ho_Chi_Minh,100,10,88,65,66,,90,100,0,1013,84,24.2,0,1.33,35.5
2025-03-15T14:00:00,3/15/2025 21:00,Hoàn Kiếm,VN,Asia/Ho_Chi_Minh,90,10,95,68,60,,85,100,0,1014,80,23,0,2.66,41
2025-03-15T15:00:00,3/15/2025 22:00,Hoàn Kiếm,VN,Asia/Ho_Chi_Minh,67,10,90,71,25,,80,100,0,1015,75,21.7,0,4,45.5
2025-03-15T16:00:00,3/15/2025 23:00,Hoàn Kiếm,VN,Asia/Ho_Chi_Minh,68,10,85,69.7,26.3,,71.7,100,0,1016,73,21.3,0,3.66,43
2025-03-15T17:00:00,3/16/2025 0:00,Hoàn Kiếm,VN,Asia/Ho_Chi_Minh,66,10,76,68.3,26,,63.3,100,0,1016,70,21,0,3.33,51
2025-03-15T18:00:00,3/16/2025 1:00,Hoàn Kiếm,VN,Asia/Ho_Chi_Minh,68,10,75,67,29,,55,100,0,1016,68,20.6,0,3,43.33
2025-03-15T19:00:00,3/16/2025 2:00,Hoàn Kiếm,VN,Asia/Ho_Chi_Minh,65,10,57,68,30,,52.7,100,0,1016,70,20.4,0,2.66,43.5
2025-03-15T20:00:00,3/16/2025 3:00,Hoàn Kiếm,VN,Asia/Ho_Chi_Minh,66,10,45,69,29,,50.3,100,0.25,1016,72,20.2,0,2.33,35
2025-03-15T21:00:00,3/16/2025 4:00,Hoàn Kiếm,VN,Asia/Ho_Chi_Minh,64,10,65,70,26,,48,100,0.5,1016,75,20,0,2,30.5
2025-03-15T22:00:00,3/16/2025 5:00,Hoàn Kiếm,VN,Asia/Ho_Chi_Minh,64,10,76.3,69.7,26.7,,49,100,0.25,1018,70,19.8,0,2,20
2025-03-15T23:00:00,3/16/2025 6:00,Hoàn Kiếm,VN,Asia/Ho_Chi_Minh,60,10,95,69.3,23,,50,100,0.25,1019,66,19.7,0,2,20.17
2025-03-16T00:00:00,3/16/2025 7:00,Hoàn Kiếm,VN,Asia/Ho_Chi_Minh,63,10,99,69,28,,51,100,0,1020,62,19.5,0.7,2,19.5
2025-03-16T01:00:00,3/16/2025 8:00,Hoàn Kiếm,VN,Asia/Ho_Chi_Minh,68,10,108,68.3,39,,56,95,0,1020,62,19.7,0.9,2.66,20.5
2025-03-16T02:00:00,3/16/2025 9:00,Hoàn Kiếm,VN,Asia/Ho_Chi_Minh,76,10,129,67.7,53,,61,91,0,1021,62,19.8,1.5,3.33,19
2025-03-16T03:00:00,3/16/2025 10:00,Hoàn Kiếm,VN,Asia/Ho_Chi_Minh,76,10,126,67,48,,66,87,0,1021,62,20,2.4,4,19.5
2025-03-16T04:00:00,3/16/2025 11:00,Hoàn Kiếm,VN,Asia/Ho_Chi_Minh,70,10,123,71.3,42.3,,75,91,0,1020,58,20.5,3.4,3.66,18.5
2025-03-16T05:00:00,3/16/2025 12:00,Hoàn Kiếm,VN,Asia/Ho_Chi_Minh,72,10,114,75.7,44,,84,95,0,1020,55,21,5,3.33,18.33
2025-03-16T06:00:00,3/16/2025 13:00,Hoàn Kiếm,VN,Asia/Ho_Chi_Minh,59,10,117,80,31,,93,100,0,1019,51,21.5,4.8,3,16.5
2025-03-16T07:00:00,3/16/2025 14:00,Hoàn Kiếm,VN,Asia/Ho_Chi_Minh,54,10,120,86,33,,96.7,100,0,1018,51,21.2,4,2.66,18
2025-03-16T08:00:00,3/16/2025 15:00,Hoàn Kiếm,VN,Asia/Ho_Chi_Minh,61,10,115,92,28,,100.3,100,0,1017,51,20.8,2.9,2.33,20.5
2025-03-16T09:00:00,3/16/2025 16:00,Hoàn Kiếm,VN,Asia/Ho_Chi_Minh,91,95.1,7,98,38.8,,104,100,0,1016,51,20.5,2.1,2,24
2025-03-16T10:00:00,3/16/2025 17:00,Hoàn Kiếm,VN,Asia/Ho_Chi_Minh,56,10,116,85,36,,107,100,0,1016,53,20.1,1.8,2,24
2025-03-16T11:00:00,3/16/2025 18:00,Hoàn Kiếm,VN,Asia/Ho_Chi_Minh,87,10,121,72,44,,110,100,0,1017,55,19.6,1.8,2,21.33
2025-03-16T12:00:00,3/16/2025 19:00,Hoàn Kiếm,VN,Asia/Ho_Chi_Minh,95,10,126,59,48,,113,100,0,1017,57,19.2,0,2,22
2025-03-16T13:00:00,3/16/2025 20:00,Hoàn Kiếm,VN,Asia/Ho_Chi_Minh,103,10,134,52.3,62,,106,100,0,1018,58,19,0,2.33,16
2025-03-16T14:00:00,3/16/2025 21:00,Hoàn Kiếm,VN,Asia/Ho_Chi_Minh,104,10,134,45.7,62,,99,100,0,1018,59,18.9,0,2.66,14
2025-03-16T15:00:00,3/16/2025 22:00,Hoàn Kiếm,VN,Asia/Ho_Chi_Minh,98,10,117,39,64,,92,100,0,1019,60,18.7,0,3,17
2025-03-16T16:00:00,3/16/2025 23:00,Hoàn Kiếm,VN,Asia/Ho_Chi_Minh,179,10,115.7,37.3,96.3,,88,100,0,1019,66,18.4,0,3,31
2025-03-16T17:00:00,3/17/2025 0:00,Hoàn Kiếm,VN,Asia/Ho_Chi_Minh,121,10,120,35.7,66,,84,100,0,1019,73,18,0,3,15
2025-03-16T18:00:00,3/17/2025 1:00,Hoàn Kiếm,VN,Asia/Ho_Chi_Minh,87,10,113,34,34,,80,100,0,1019,81,17.7,0,3,29
2025-03-16T19:00:00,3/17/2025 2:00,Hoàn Kiếm,VN,Asia/Ho_Chi_Minh,90,10,136,42,40,,75.3,100,0,1019,81,17.6,0,2.33,33
2025-03-16T20:00:00,3/17/2025 3:00,Hoàn Kiếm,VN,Asia/Ho_Chi_Minh,91,10,119,50,42,,70.7,100,0,1019,81,17.6,0,1.66,36.5
2025-03-16T21:00:00,3/17/2025 4:00,Hoàn Kiếm,VN,Asia/Ho_Chi_Minh,74,10,116,58,47,,66,100,0,1019,82,17.5,0,1,37
2025-03-16T22:00:00,3/17/2025 5:00,Hoàn Kiếm,VN,Asia/Ho_Chi_Minh,129,10,129.7,61,57.5,,70,91,0,1019,82,17.5,0,0.66,34
2025-03-16T23:00:00,3/17/2025 6:00,Hoàn Kiếm,VN,Asia/Ho_Chi_Minh,99,10,159,64,48,,74,83,0,1020,83,17.5,0,0.33,77
2025-03-17T00:00:00,3/17/2025 7:00,Hoàn Kiếm,VN,Asia/Ho_Chi_Minh,107,10,157,67,48,,78,75,0,1020,84,17.5,0.7,1.6,43
2025-03-17T01:00:00,3/17/2025 8:00,Hoàn Kiếm,VN,Asia/Ho_Chi_Minh,108,10,126,70.3,62,,89.3,83,0,1021,73,17.8,1,2,29
2025-03-17T02:00:00,3/17/2025 9:00,Hoàn Kiếm,VN,Asia/Ho_Chi_Minh,111,10,126,73.7,62,,100.7,91,0,1021,64,18.2,1.6,2,30.5
2025-03-17T03:00:00,3/17/2025 10:00,Hoàn Kiếm,VN,Asia/Ho_Chi_Minh,118,110.9,11,77,45,,112,100,0,1022,55,18.5,2.8,2,31
2025-03-17T04:00:00,3/17/2025 11:00,Hoàn Kiếm,VN,Asia/Ho_Chi_Minh,108,10,126,86.7,62,,112.3,100,0,1021,55,18.7,3,2.4,23
2025-03-17T05:00:00,3/17/2025 12:00,Hoàn Kiếm,VN,Asia/Ho_Chi_Minh,137,108.2,8.3,96.3,61.3,,112.7,100,0,1020,55,19,3.6,2,46
2025-03-17T06:00:00,3/17/2025 13:00,Hoàn Kiếm,VN,Asia/Ho_Chi_Minh,131,106.8,7,106,58.8,,113,100,0,1019,55,19.2,3.8,2,34.5
2025-03-17T07:00:00,3/17/2025 14:00,Hoàn Kiếm,VN,Asia/Ho_Chi_Minh,129,107.2,7.3,111.3,57.5,,112.7,100,0,1018,53,19.2,3.4,1.6,38
2025-03-17T08:00:00,3/17/2025 15:00,Hoàn Kiếm,VN,Asia/Ho_Chi_Minh,142,107.6,7.7,116.7,63.8,,112.3,100,0,1018,51,19.2,2.2,1.6,38.5
2025-03-17T09:00:00,3/17/2025 16:00,Hoàn Kiếm,VN,Asia/Ho_Chi_Minh,145,108,8,122,57,,112,100,0.5,1017,50,19.2,1.2,1.6,39.5
2025-03-17T10:00:00,3/17/2025 17:00,Hoàn Kiếm,VN,Asia/Ho_Chi_Minh,148,122.2,12.7,104.3,66.3,,111.3,100,1,1017,54,18.9,1.2,1.2,42
2025-03-17T11:00:00,3/17/2025 18:00,Hoàn Kiếm,VN,Asia/Ho_Chi_Minh,155,136.4,17.3,86.7,73.8,,110.7,100,1,1018,58,18.5,1.1,1.2,38.5
2025-03-17T12:00:00,3/17/2025 19:00,Hoàn Kiếm,VN,Asia/Ho_Chi_Minh,163,150.6,22,69,81.3,,110,100,0.75,1018,63,18.2,0,1.2,49
2025-03-17T13:00:00,3/17/2025 20:00,Hoàn Kiếm,VN,Asia/Ho_Chi_Minh,205,157.4,22,64,121.3,,103.3,100,0.25,1019,65,18,0,0.33,47
2025-03-17T14:00:00,3/17/2025 21:00,Hoàn Kiếm,VN,Asia/Ho_Chi_Minh,211,164.2,22,59,126.3,,96.7,100,0,1020,67,17.9,0,0.66,46
2025-03-17T15:00:00,3/17/2025 22:00,Hoàn Kiếm,VN,Asia/Ho_Chi_Minh,224,171,22,54,115,,90,100,0,1021,69,17.7,0,1,51
2025-03-17T16:00:00,3/17/2025 23:00,Hoàn Kiếm,VN,Asia/Ho_Chi_Minh,211,154.8,18.3,60.7,126.3,,92.3,100,0,1021,70,17.5,0,0.66,52
2025-03-17T17:00:00,3/18/2025 0:00,Hoàn Kiếm,VN,Asia/Ho_Chi_Minh,152,10,96,67.3,72,,94.7,100,0,1021,72,17.2,0,0.33,53
2025-03-17T18:00:00,3/18/2025 1:00,Hoàn Kiếm,VN,Asia/Ho_Chi_Minh,197,122.6,11,74,113.8,,97,100,0,1022,74,17,0,1.6,59
2025-03-17T19:00:00,3/18/2025 2:00,Hoàn Kiếm,VN,Asia/Ho_Chi_Minh,205,115.9,10.3,75.3,121.3,,93.3,100,0,1022,69,17.1,0,0.66,65
2025-03-17T20:00:00,3/18/2025 3:00,Hoàn Kiếm,VN,Asia/Ho_Chi_Minh,203,109.3,9.7,76.7,118.8,,89.7,100,0.25,1022,65,17.1,0,1.33,97
2025-03-17T21:00:00,3/18/2025 4:00,Hoàn Kiếm,VN,Asia/Ho_Chi_Minh,123,102.7,9,78,50,,86,100,0.5,1022,61,17.2,0,2,101
2025-03-17T22:00:00,3/18/2025 5:00,Hoàn Kiếm,VN,Asia/Ho_Chi_Minh,163,10,25,76.7,82,,80.7,100,0.25,1022,60,17,0,1.66,111
2025-03-17T23:00:00,3/18/2025 6:00,Hoàn Kiếm,VN,Asia/Ho_Chi_Minh,155,94.9,8.3,75.3,73.8,,75.3,100,0.25,1023,58,16.9,0,1.33,101
2025-03-18T00:00:00,3/18/2025 7:00,Hoàn Kiếm,VN,Asia/Ho_Chi_Minh,155,91,8,74,73.8,,70,100,0,1024,57,16.7,0.7,1,57
2025-03-18T01:00:00,3/18/2025 8:00,Hoàn Kiếm,VN,Asia/Ho_Chi_Minh,157,89.3,8.3,75.3,76.3,,77,100,0,1024,56,17.2,1,1.66,91
2025-03-18T02:00:00,3/18/2025 9:00,Hoàn Kiếm,VN,Asia/Ho_Chi_Minh,150,87.5,8.7,76.7,69.6,,84,100,0,1024,55,17.7,1.6,2.33,97
2025-03-18T03:00:00,3/18/2025 10:00,Hoàn Kiếm,VN,Asia/Ho_Chi_Minh,150,85.8,9,78,67.5,,91,100,0,1025,53,18.2,2.3,3,95
2025-03-18T04:00:00,3/18/2025 11:00,Hoàn Kiếm,VN,Asia/Ho_Chi_Minh,129,85.4,7.7,86.3,57.5,,87.3,95,0,1024,52,18.8,3.1,2.66,44
2025-03-18T05:00:00,3/18/2025 12:00,Hoàn Kiếm,VN,Asia/Ho_Chi_Minh,123,85,6.3,94.7,55,,83.7,91,0,1023,51,19.4,3.3,2.33,65
2025-03-18T06:00:00,3/18/2025 13:00,Hoàn Kiếm,VN,Asia/Ho_Chi_Minh,123,84.6,5,103,55,,80,87,0,1022,50,20,3.5,2,59
2025-03-18T07:00:00,3/18/2025 14:00,Hoàn Kiếm,VN,Asia/Ho_Chi_Minh,115,86.6,5,106.3,51.3,,75,91,0,1022,51,19.8,2.7,2,59
2025-03-18T08:00:00,3/18/2025 15:00,Hoàn Kiếm,VN,Asia/Ho_Chi_Minh,118,10,83,109.7,47,,70,95,0,1021,53,19.7,2,2,61
2025-03-18T09:00:00,3/18/2025 16:00,Hoàn Kiếm,VN,Asia/Ho_Chi_Minh,52,90.5,5,113,10,,65,100,0,1020,54,19.5,1.5,2,55.67
2025-03-18T10:00:00,3/18/2025 17:00,Hoàn Kiếm,VN,Asia/Ho_Chi_Minh,118,63.6,35.3,103.3,52.5,,66.3,100,0.25,1021,57,19.2,1,2,54
2025-03-18T11:00:00,3/18/2025 18:00,Hoàn Kiếm,VN,Asia/Ho_Chi_Minh,110,36.8,65.7,93.7,48.8,,67.7,100,0,1021,61,18.8,0.9,2,46
2025-03-18T12:00:00,3/18/2025 19:00,Hoàn Kiếm,VN,Asia/Ho_Chi_Minh,112,10,96,84,46,,69,100,1.25,1022,65,18.5,0,2,44
2025-03-18T13:00:00,3/18/2025 20:00,Hoàn Kiếm,VN,Asia/Ho_Chi_Minh,173,40.9,67.3,80.7,91.3,,69.3,100,0,1023,68,18.3,0,2,44
2025-03-18T14:00:00,3/18/2025 21:00,Hoàn Kiếm,VN,Asia/Ho_Chi_Minh,173,71.8,38.7,77.3,91.3,,69.7,100,0,1024,70,18.2,0,2,41
2025-03-18T15:00:00,3/18/2025 22:00,Hoàn Kiếm,VN,Asia/Ho_Chi_Minh,87,102.7,10,74,32,,70,100,0,1025,73,18,0,2,42
2025-03-18T16:00:00,3/18/2025 23:00,Hoàn Kiếm,VN,Asia/Ho_Chi_Minh,153,108,11.3,65.7,68.8,,62.7,100,0,1025,72,17.8,0,2,9
2025-03-18T17:00:00,3/19/2025 0:00,Hoàn Kiếm,VN,Asia/Ho_Chi_Minh,137,113.2,12.7,57.3,61.3,,55.3,100,0,1025,72,17.7,0,2,42
2025-03-18T18:00:00,3/19/2025 1:00,Hoàn Kiếm,VN,Asia/Ho_Chi_Minh,112,118.5,14,49,50,,48,100,0,1025,72,17.5,0,2,39
2025-03-18T19:00:00,3/19/2025 2:00,Hoàn Kiếm,VN,Asia/Ho_Chi_Minh,98,10,75,47.7,37,,44.3,100,0,1025,75,17.2,0,1.66,40
2025-03-18T20:00:00,3/19/2025 3:00,Hoàn Kiếm,VN,Asia/Ho_Chi_Minh,107,115.7,13.3,46.3,47.5,,40.7,100,0,1025,78,16.9,0,1.33,73
2025-03-18T21:00:00,3/19/2025 4:00,Hoàn Kiếm,VN,Asia/Ho_Chi_Minh,104,114.4,13,45,46.3,,37,100,0,1025,81,16.6,0,1,73
2025-03-18T22:00:00,3/19/2025 5:00,Hoàn Kiếm,VN,Asia/Ho_Chi_Minh,171,108.2,11.7,52.7,88.8,,42.7,100,1,1025,81,16.6,0,0.66,29
2025-03-18T23:00:00,3/19/2025 6:00,Hoàn Kiếm,VN,Asia/Ho_Chi_Minh,179,101.9,10.3,60.3,96.3,,48.3,100,0.5,1025,81,16.5,0,0.33,55
2025-03-19T00:00:00,3/19/2025 7:00,Hoàn Kiếm,VN,Asia/Ho_Chi_Minh,176,95.7,9,68,93.8,,54,100,0,1026,80,16.5,1.3,2.8,49
2025-03-19T01:00:00,3/19/2025 8:00,Hoàn Kiếm,VN,Asia/Ho_Chi_Minh,176,92.2,8,76.3,93.8,,65,100,0,1026,70,17.7,1.3,0.66,40
2025-03-19T02:00:00,3/19/2025 9:00,Hoàn Kiếm,VN,Asia/Ho_Chi_Minh,157,88.7,7,84.7,76.3,,76,100,0,1026,61,18.8,1.9,1.33,34
2025-03-19T03:00:00,3/19/2025 10:00,Hoàn Kiếm,VN,Asia/Ho_Chi_Minh,150,85.2,6,93,67.5,,87,100,0,1027,53,20,3,2,38
2025-03-19T04:00:00,3/19/2025 11:00,Hoàn Kiếm,VN,Asia/Ho_Chi_Minh,100,10,317,0.6,43.8,,84.7,100,0,1026,48,20.8,3.7,2.33,37
2025-03-19T05:00:00,3/19/2025 12:00,Hoàn Kiếm,VN,Asia/Ho_Chi_Minh,95,82.5,4,115.7,41.3,,82.3,100,0,1025,44,21.7,3.5,2.66,71
2025-03-19T06:00:00,3/19/2025 13:00,Hoàn Kiếm,VN,Asia/Ho_Chi_Minh,98,81.1,3,127,42.5,,80,100,0,1024,40,22.5,3.3,3,77
2025-03-19T07:00:00,3/19/2025 14:00,Hoàn Kiếm,VN,Asia/Ho_Chi_Minh,98,82.3,3.3,130.3,42.5,,82.7,100,0,1023,40,22.4,2.7,2.66,75
2025-03-19T08:00:00,3/19/2025 15:00,Hoàn Kiếm,VN,Asia/Ho_Chi_Minh,103,83.5,3.7,133.7,45.8,,85.3,100,0,1023,41,22.3,2.1,2.33,75
2025-03-19T09:00:00,3/19/2025 16:00,Hoàn Kiếm,VN,Asia/Ho_Chi_Minh,107,84.6,4,137,47.5,,88,100,0,1022,41,22.2,1.4,2,61
2025-03-19T10:00:00,3/19/2025 17:00,Hoàn Kiếm,VN,Asia/Ho_Chi_Minh,115,110.9,9.3,117,51.3,,87.7,100,0,1022,44,21.5,1.4,2,54
2025-03-19T11:00:00,3/19/2025 18:00,Hoàn Kiếm,VN,Asia/Ho_Chi_Minh,115,137.1,14.7,97,51.3,,87.3,100,0,1022,48,20.9,1,2,35
2025-03-19T12:00:00,3/19/2025 19:00,Hoàn Kiếm,VN,Asia/Ho_Chi_Minh,123,163.4,20,77,55,,87,100,0,1023,51,20.2,0,2,33
2025-03-19T13:00:00,3/19/2025 20:00,Hoàn Kiếm,VN,Asia/Ho_Chi_Minh,123,160.3,18.7,70,55,,78.7,91,0,1023,52,19.8,0,2,34
2025-03-19T14:00:00,3/19/2025 21:00,Hoàn Kiếm,VN,Asia/Ho_Chi_Minh,136,157.2,17.3,63,60.8,,70.3,83,0,1024,53,19.4,0,2,34
2025-03-19T15:00:00,3/19/2025 22:00,Hoàn Kiếm,VN,Asia/Ho_Chi_Minh,142,154.1,16,56,63.8,,62,75,0,1024,55,19,0,2,36.67
2025-03-19T16:00:00,3/19/2025 23:00,Hoàn Kiếm,VN,Asia/Ho_Chi_Minh,134,148.2,15.3,51,60,,53.7,83,0,1024,58,18.8,0,2,38
2025-03-19T17:00:00,3/20/2025 0:00,Hoàn Kiếm,VN,Asia/Ho_Chi_Minh,134,142.4,14.7,46,60,,45.3,91,0,1024,61,18.7,0,2,41
2025-03-19T18:00:00,3/20/2025 1:00,Hoàn Kiếm,VN,Asia/Ho_Chi_Minh,131,136.6,14,41,58.8,,37,100,0,1025,64,18.5,0,2,41
2025-03-19T19:00:00,3/20/2025 2:00,Hoàn Kiếm,VN,Asia/Ho_Chi_Minh,134,137.9,14.3,36.7,60,,35,100,0,1024,65,18.3,0,1.33,44
2025-03-19T20:00:00,3/20/2025 3:00,Hoàn Kiếm,VN,Asia/Ho_Chi_Minh,142,139.3,14.7,32.3,63.8,,33,100,0,1024,66,18.2,0,0.66,44
2025-03-19T21:00:00,3/20/2025 4:00,Hoàn Kiếm,VN,Asia/Ho_Chi_Minh,148,140.6,15,28,66.3,,31,100,0,1024,67,18,0,2,48.67
2025-03-19T22:00:00,3/20/2025 5:00,Hoàn Kiếm,VN,Asia/Ho_Chi_Minh,153,148.2,15,30.3,68.8,,34.3,100,0,1024,67,17.8,0,2.4,51
2025-03-19T23:00:00,3/20/2025 6:00,Hoàn Kiếm,VN,Asia/Ho_Chi_Minh,171,155.8,15,32.7,88.8,,37.7,100,0,1024,68,17.7,0,2.4,48
2025-03-20T00:00:00,3/20/2025 7:00,Hoàn Kiếm,VN,Asia/Ho_Chi_Minh,203,163.4,15,35,118.8,,41,100,0,1025,69,17.5,1.9,2.8,48
2025-03-20T01:00:00,3/20/2025 8:00,Hoàn Kiếm,VN,Asia/Ho_Chi_Minh,242,146.9,12.3,63,156.3,,63.3,79,0,1025,63,19.1,2.2,2.8,47
2025-03-20T02:00:00,3/20/2025 9:00,Hoàn Kiếm,VN,Asia/Ho_Chi_Minh,247,130.3,9.7,91,160.4,,85.7,58,0,1025,58,20.6,3.7,3.2,48
2025-03-20T03:00:00,3/20/2025 10:00,Hoàn Kiếm,VN,Asia/Ho_Chi_Minh,269,113.8,7,119,181.3,,108,37,0,1026,53,22.2,6.5,2.4,51
2025-03-20T04:00:00,3/20/2025 11:00,Hoàn Kiếm,VN,Asia/Ho_Chi_Minh,216,110.5,6,132.3,131.3,,103.3,43,0,1024,46,23,9.2,0.66,53
2025-03-20T05:00:00,3/20/2025 12:00,Hoàn Kiếm,VN,Asia/Ho_Chi_Minh,126,107.2,5,145.7,56.3,,98.7,50,0,1023,41,23.8,10.7,1.33,55
2025-03-20T06:00:00,3/20/2025 13:00,Hoàn Kiếm,VN,Asia/Ho_Chi_Minh,126,103.9,4,159,56.3,,94,56,0,1022,36,24.6,10,2,71
2025-03-20T07:00:00,3/20/2025 14:00,Hoàn Kiếm,VN,Asia/Ho_Chi_Minh,123,106.6,4.7,164,55,,93.3,62,0,1021,36,24.6,8,1.33,95
2025-03-20T08:00:00,3/20/2025 15:00,Hoàn Kiếm,VN,Asia/Ho_Chi_Minh,119,109.3,5.3,169,52.9,,92.7,68,0,1020,36,24.6,4.5,0.66,125
2025-03-20T09:00:00,3/20/2025 16:00,Hoàn Kiếm,VN,Asia/Ho_Chi_Minh,115,112.1,6,174,51.3,,92,75,0,1019,36,24.6,3.4,0.8,128.33
2025-03-20T10:00:00,3/20/2025 17:00,Hoàn Kiếm,VN,Asia/Ho_Chi_Minh,107,144.5,12,153,47.5,,92,62,0,1019,41,23.1,2.1,0.33,145
2025-03-20T11:00:00,3/20/2025 18:00,Hoàn Kiếm,VN,Asia/Ho_Chi_Minh,110,177,18,132,48.8,,92,50,0,1019,47,21.7,1.8,0.66,105
2025-03-20T12:00:00,3/20/2025 19:00,Hoàn Kiếm,VN,Asia/Ho_Chi_Minh,152,209.5,24,111,71.3,,92,37,0,1019,53,20.2,0,1,45
2025-03-20T13:00:00,3/20/2025 20:00,Hoàn Kiếm,VN,Asia/Ho_Chi_Minh,221,143,23.7,75.4,136.3,,68,50,0,1020,55,20.2,0,1.33,45
2025-03-20T14:00:00,3/20/2025 21:00,Hoàn Kiếm,VN,Asia/Ho_Chi_Minh,316,76.5,23.3,39.9,321.1,,44,62,0,1021,58,20.1,0,1.66,44
2025-03-20T15:00:00,3/20/2025 22:00,Hoàn Kiếm,VN,Asia/Ho_Chi_Minh,446,10,23,4.3,446,,20,75,0,1022,61,20.1,0,2,42.33
2025-03-20T16:00:00,3/20/2025 23:00,Hoàn Kiếm,VN,Asia/Ho_Chi_Minh,457,10,24,2.7,457,,4,58,0,1022,63,19.1,0,1.33,41
2025-03-20T17:00:00,3/21/2025 0:00,Hoàn Kiếm,VN,Asia/Ho_Chi_Minh,261,180,25,48.1,173.8,,64.7,41,0,1022,65,18.2,0,0.66,38
2025-03-20T18:00:00,3/21/2025 1:00,Hoàn Kiếm,VN,Asia/Ho_Chi_Minh,248,265,26,70,161.3,,87,25,0,1023,67,17.2,0,1.6,39
2025-03-20T19:00:00,3/21/2025 2:00,Hoàn Kiếm,VN,Asia/Ho_Chi_Minh,229,180,44.3,62,143.8,,84,24,0,1022,72,16.2,0,0.33,57
2025-03-20T20:00:00,3/21/2025 3:00,Hoàn Kiếm,VN,Asia/Ho_Chi_Minh,253,95,62.7,54,148.4,,81,29,0,1022,78,15.2,0,0.66,109
2025-03-20T21:00:00,3/21/2025 4:00,Hoàn Kiếm,VN,Asia/Ho_Chi_Minh,256,10,81,46,142,,78,28,0,1021,83,14.2,0,1,316.33
2025-03-20T22:00:00,3/21/2025 5:00,Hoàn Kiếm,VN,Asia/Ho_Chi_Minh,276,118.1,61.7,43.3,187.5,,74.7,34,0,1022,87,14.3,0,1,446
2025-03-20T23:00:00,3/21/2025 6:00,Hoàn Kiếm,VN,Asia/Ho_Chi_Minh,162,10,106,40.7,176,,71.3,25,0.5,1022,90,14.5,0,1,457
2025-03-21T00:00:00,3/21/2025 7:00,Hoàn Kiếm,VN,Asia/Ho_Chi_Minh,199,334.4,23,38,248.8,,68,10,0.5,1023,94,14.6,2,1,139
2025-03-21T01:00:00,3/21/2025 8:00,Hoàn Kiếm,VN,Asia/Ho_Chi_Minh,206,272.9,21,66.3,257.5,,97.3,5,0,1023,76,17.2,3.1,1,129
2025-03-21T02:00:00,3/21/2025 9:00,Hoàn Kiếm,VN,Asia/Ho_Chi_Minh,187,211.5,19,94.7,233.8,,126.7,7,0,1023,62,19.9,4.9,1,115
2025-03-21T03:00:00,3/21/2025 10:00,Hoàn Kiếm,VN,Asia/Ho_Chi_Minh,181,150,17,123,226.3,,156,4,0,1024,51,22.5,7.5,1,133
2025-03-21T04:00:00,3/21/2025 11:00,Hoàn Kiếm,VN,Asia/Ho_Chi_Minh,159,145.3,14.7,139.3,198.8,,140,5,0,1023,45,23.6,9.5,1.33,135
2025-03-21T05:00:00,3/21/2025 12:00,Hoàn Kiếm,VN,Asia/Ho_Chi_Minh,269,140.6,12.3,155.7,181.3,,124,32,0,1021,39,24.6,8.4,1.66,150
2025-03-21T06:00:00,3/21/2025 13:00,Hoàn Kiếm,VN,Asia/Ho_Chi_Minh,266,136,10,172,178.8,,108,28,0,1020,35,25.7,8.1,2,162
2025-03-21T07:00:00,3/21/2025 14:00,Hoàn Kiếm,VN,Asia/Ho_Chi_Minh,254,138.7,10.3,176,167.1,,101,26,0,1019,34,25.9,6.6,2.33,199
2025-03-21T08:00:00,3/21/2025 15:00,Hoàn Kiếm,VN,Asia/Ho_Chi_Minh,235,141.4,10.7,180,148.8,,94,57,0,1018,34,26,3.3,2.66,206
2025-03-21T09:00:00,3/21/2025 16:00,Hoàn Kiếm,VN,Asia/Ho_Chi_Minh,229,144.1,11,184,143.8,,87,86,0,1018,34,26.2,1.4,3,187
2025-03-21T10:00:00,3/21/2025 17:00,Hoàn Kiếm,VN,Asia/Ho_Chi_Minh,224,168.7,16.3,157.3,138.8,,86.3,4,0,1018,38,25.2,2.2,2.66,181
2025-03-21T11:00:00,3/21/2025 18:00,Hoàn Kiếm,VN,Asia/Ho_Chi_Minh,219,193.2,21.7,130.7,133.8,,85.7,2,0,1018,42,24.2,2,2.33,159
2025-03-21T12:00:00,3/21/2025 19:00,Hoàn Kiếm,VN,Asia/Ho_Chi_Minh,221,217.7,27,104,136.3,,85,0,0,1018,47,23.2,0,2,145
2025-03-21T13:00:00,3/21/2025 20:00,Hoàn Kiếm,VN,Asia/Ho_Chi_Minh,216,226.2,27,90.7,124.5,,83.3,0,0,1018,49,22.2,0,2,143
2025-03-21T14:00:00,3/21/2025 21:00,Hoàn Kiếm,VN,Asia/Ho_Chi_Minh,211,234.8,27,77.3,112.8,,81.7,2,0,1019,52,21.2,0,2,133.67
2025-03-21T15:00:00,3/21/2025 22:00,Hoàn Kiếm,VN,Asia/Ho_Chi_Minh,205,243.4,27,64,101,,80,3,0,1020,54,20.2,0,2,119
2025-03-21T16:00:00,3/21/2025 23:00,Hoàn Kiếm,VN,Asia/Ho_Chi_Minh,219,246.7,26,59.3,120.3,,74.7,3,0,1019,55,19.7,0,1.66,115
2025-03-21T17:00:00,3/22/2025 0:00,Hoàn Kiếm,VN,Asia/Ho_Chi_Minh,232,250,25,54.7,139.5,,69.3,44,0,1019,56,19.1,0,1.33,111
2025-03-21T18:00:00,3/22/2025 1:00,Hoàn Kiếm,VN,Asia/Ho_Chi_Minh,245,253.3,24,50,158.8,,64,52,0,1019,58,18.6,0,1,107
2025-03-21T19:00:00,3/22/2025 2:00,Hoàn Kiếm,VN,Asia/Ho_Chi_Minh,255,259.1,24,47,168.3,,62,73,0,1019,62,18.1,0,1.33,109
2025-03-21T20:00:00,3/22/2025 3:00,Hoàn Kiếm,VN,Asia/Ho_Chi_Minh,240,265,24,44,153.8,,60,51,0,1018,67,17.7,0,1.66,105
2025-03-21T21:00:00,3/22/2025 4:00,Hoàn Kiếm,VN,Asia/Ho_Chi_Minh,276,270.8,24,41,187.5,,58,75,0,1018,72,17.2,0,2,101
2025-03-21T22:00:00,3/22/2025 5:00,Hoàn Kiếm,VN,Asia/Ho_Chi_Minh,163,282.5,23.7,41,203.8,,60.7,82,0,1019,76,17.2,0,1.33,97
2025-03-21T23:00:00,3/22/2025 6:00,Hoàn Kiếm,VN,Asia/Ho_Chi_Minh,164,294.1,23.3,41,205,,63.3,23,0,1019,80,17.1,0,0.66,107
2025-03-22T00:00:00,3/22/2025 7:00,Hoàn Kiếm,VN,Asia/Ho_Chi_Minh,180,305.8,23,41,225,,66,11,0,1020,84,17.1,2,0.8,117
2025-03-22T01:00:00,3/22/2025 8:00,Hoàn Kiếm,VN,Asia/Ho_Chi_Minh,170,539.9,38.3,32.7,226,,54.7,12,0,1020,65,19.3,2.9,1,127
2025-03-22T02:00:00,3/22/2025 9:00,Hoàn Kiếm,VN,Asia/Ho_Chi_Minh,176,773.9,53.7,24.5,220,,43.3,0,0,1021,50,21.5,5.2,2,134.67
2025-03-22T03:00:00,3/22/2025 10:00,Hoàn Kiếm,VN,Asia/Ho_Chi_Minh,152,1008,69,16.2,228,,32,0,0,1021,39,23.7,7.8,3,123
2025-03-22T04:00:00,3/22/2025 11:00,Hoàn Kiếm,VN,Asia/Ho_Chi_Minh,253,605,69,34.6,208,,32,0,0,1020,41,24.3,9.9,3,150
2025-03-22T05:00:00,3/22/2025 12:00,Hoàn Kiếm,VN,Asia/Ho_Chi_Minh,211,429.4,27,138.1,130.7,,68.7,1,0,1019,42,24.9,10.7,3,163
2025-03-22T06:00:00,3/22/2025 13:00,Hoàn Kiếm,VN,Asia/Ho_Chi_Minh,177,140.1,6,199,82,,87,1,0,1018,43,25.5,10,3,164
2025-03-22T07:00:00,3/22/2025 14:00,Hoàn Kiếm,VN,Asia/Ho_Chi_Minh,175,140.6,6.7,201,84.3,,84,0,0,1017,45,25.8,8.1,3,180
2025-03-22T08:00:00,3/22/2025 15:00,Hoàn Kiếm,VN,Asia/Ho_Chi_Minh,168,141.2,7.3,203,86.3,,81,0,0.75,1016,47,26.1,5.5,3,170.67
2025-03-22T09:00:00,3/22/2025 16:00,Hoàn Kiếm,VN,Asia/Ho_Chi_Minh,171,141.8,8,205,88.8,,78,0,0.75,1015,49,26.4,3.4,3,176
2025-03-22T10:00:00,3/22/2025 17:00,Hoàn Kiếm,VN,Asia/Ho_Chi_Minh,192,194.1,13,187.3,108.8,,80.3,0,0.25,1016,54,25.5,2.3,2.66,152
2025-03-22T11:00:00,3/22/2025 18:00,Hoàn Kiếm,VN,Asia/Ho_Chi_Minh,195,246.5,18,169.7,111.3,,82.7,0,1.25,1016,59,24.5,2,2.33,133
2025-03-22T12:00:00,3/22/2025 19:00,Hoàn Kiếm,VN,Asia/Ho_Chi_Minh,211,298.8,23,152,103,,85,1,1.25,1016,65,23.6,0,2,101.33
2025-03-22T13:00:00,3/22/2025 20:00,Hoàn Kiếm,VN,Asia/Ho_Chi_Minh,211,313.2,23,132.7,103.3,,84.3,1,0.5,1017,70,22.8,0,2.66,76
2025-03-22T14:00:00,3/22/2025 21:00,Hoàn Kiếm,VN,Asia/Ho_Chi_Minh,211,327.6,23,113.3,103.7,,83.7,5,0,1017,76,22.1,0,3.33,74.33
2025-03-22T15:00:00,3/22/2025 22:00,Hoàn Kiếm,VN,Asia/Ho_Chi_Minh,212,342,23,94,104,,83,3,1,1018,83,21.3,0,4,69
2025-03-22T16:00:00,3/22/2025 23:00,Hoàn Kiếm,VN,Asia/Ho_Chi_Minh,219,352.7,23.3,83.7,118.9,,78,3,0.5,1017,86,20.7,0,3.33,71
2025-03-22T17:00:00,3/23/2025 0:00,Hoàn Kiếm,VN,Asia/Ho_Chi_Minh,227,363.4,23.7,73.3,133.8,,73,2,0,1017,90,20.1,0,2.66,87
2025-03-22T18:00:00,3/23/2025 1:00,Hoàn Kiếm,VN,Asia/Ho_Chi_Minh,235,374.1,24,63,148.8,,68,1,0,1017,93,19.5,0,2,89
2025-03-22T19:00:00,3/23/2025 2:00,Hoàn Kiếm,VN,Asia/Ho_Chi_Minh,237,400.9,24.7,56.3,151.3,,64.3,0,0,1017,94,19.2,0,2,101
2025-03-22T20:00:00,3/23/2025 3:00,Hoàn Kiếm,VN,Asia/Ho_Chi_Minh,242,427.8,25.3,49.7,156.3,,60.7,0,0,1016,94,18.9,0,2,101.33
2025-03-22T21:00:00,3/23/2025 4:00,Hoàn Kiếm,VN,Asia/Ho_Chi_Minh,242,454.6,26,43,156.3,,57,0,0.5,1016,94,18.6,0,2,101.67
2025-03-22T22:00:00,3/23/2025 5:00,Hoàn Kiếm,VN,Asia/Ho_Chi_Minh,242,469.6,27,47,145.8,,62.3,18,0,1016,93,18.8,0,2,102
2025-03-22T23:00:00,3/23/2025 6:00,Hoàn Kiếm,VN,Asia/Ho_Chi_Minh,241,484.6,28,51,135.4,,67.7,35,0,1017,92,18.9,0,2,107.67
2025-03-23T00:00:00,3/23/2025 7:00,Hoàn Kiếm,VN,Asia/Ho_Chi_Minh,240,499.6,29,55,125,,73,100,0,1018,92,19.1,1.9,2,113.33
2025-03-23T01:00:00,3/23/2025 8:00,Hoàn Kiếm,VN,Asia/Ho_Chi_Minh,233,390.6,24.3,86,127.9,,75.3,75,0,1018,86,19.9,3,2,119
2025-03-23T02:00:00,3/23/2025 9:00,Hoàn Kiếm,VN,Asia/Ho_Chi_Minh,226,281.7,19.7,117,130.8,,77.7,50,0,1018,80,20.8,5.2,2,121
2025-03-23T03:00:00,3/23/2025 10:00,Hoàn Kiếm,VN,Asia/Ho_Chi_Minh,219,172.7,15,148,133.8,,80,25,0,1019,75,21.6,7.7,2,125
2025-03-23T04:00:00,3/23/2025 11:00,Hoàn Kiếm,VN,Asia/Ho_Chi_Minh,213,164.2,12,160,128.8,,73.7,6,0,1017,71,22.9,9.5,2.33,125
2025-03-23T05:00:00,3/23/2025 12:00,Hoàn Kiếm,VN,Asia/Ho_Chi_Minh,213,155.6,9,172,128.8,,67.3,9,0,1016,68,24.1,10.2,2.66,124.33
2025-03-23T06:00:00,3/23/2025 13:00,Hoàn Kiếm,VN,Asia/Ho_Chi_Minh,134,147.1,6,184,52,,61,4,0,1015,65,25.4,9.9,3,123.67
2025-03-23T07:00:00,3/23/2025 14:00,Hoàn Kiếm,VN,Asia/Ho_Chi_Minh,135,154.8,6.7,190.3,52,,60.7,1,0,1014,61,25.9,8,3,123
2025-03-23T08:00:00,3/23/2025 15:00,Hoàn Kiếm,VN,Asia/Ho_Chi_Minh,136,162.6,7.3,196.7,52,,60.3,0,0,1013,57,26.5,5.6,3,117.67
2025-03-23T09:00:00,3/23/2025 16:00,Hoàn Kiếm,VN,Asia/Ho_Chi_Minh,137,170.4,8,203,52,,60,25,0,1012,54,27,2.8,3,112.33
2025-03-23T10:00:00,3/23/2025 17:00,Hoàn Kiếm,VN,Asia/Ho_Chi_Minh,149,183.1,12,179,56.3,,61.3,0,0,1012,59,26.1,2.3,3.33,107
2025-03-23T11:00:00,3/23/2025 18:00,Hoàn Kiếm,VN,Asia/Ho_Chi_Minh,154,195.7,16,155,60.7,,62.7,2,0,1013,65,25.1,2,3.66,103
2025-03-23T12:00:00,3/23/2025 19:00,Hoàn Kiếm,VN,Asia/Ho_Chi_Minh,160,208.3,20,131,65,,64,5,0.5,1013,71,24.2,0,4,103
2025-03-23T13:00:00,3/23/2025 20:00,Hoàn Kiếm,VN,Asia/Ho_Chi_Minh,157,219,21.7,112,63,,66,6,0.5,1014,74,23.3,0,3.33,48
2025-03-23T14:00:00,3/23/2025 21:00,Hoàn Kiếm,VN,Asia/Ho_Chi_Minh,155,229.7,23.3,93,61,,68,6,1,1014,76,22.5,0,2.66,48.33
2025-03-23T15:00:00,3/23/2025 22:00,Hoàn Kiếm,VN,Asia/Ho_Chi_Minh,152,240.4,25,74,59,,70,6,0.25,1015,79,21.6,0,2,48.67
2025-03-23T16:00:00,3/23/2025 23:00,Hoàn Kiếm,VN,Asia/Ho_Chi_Minh,162,274.1,26.7,64.7,66.7,,68.7,6,0,1015,82,21.2,0,1.33,49
2025-03-23T17:00:00,3/24/2025 0:00,Hoàn Kiếm,VN,Asia/Ho_Chi_Minh,173,307.8,28.3,55.3,74.3,,67.3,5,0,1015,85,20.7,0,0.66,53.67
2025-03-23T18:00:00,3/24/2025 1:00,Hoàn Kiếm,VN,Asia/Ho_Chi_Minh,183,341.4,30,46,82,,66,5,0,1015,89,20.3,0,1.6,58.33
2025-03-23T19:00:00,3/24/2025 2:00,Hoàn Kiếm,VN,Asia/Ho_Chi_Minh,198,372.9,31.3,39,102.6,,62,1,1.5,1014,88,19.9,0,0.33,63
2025-03-23T20:00:00,3/24/2025 3:00,Hoàn Kiếm,VN,Asia/Ho_Chi_Minh,214,404.4,32.7,32,123.2,,58,1,1.25,1014,87,19.6,0,0.66,61
2025-03-23T21:00:00,3/24/2025 4:00,Hoàn Kiếm,VN,Asia/Ho_Chi_Minh,229,435.9,34,25,143.8,,54,9,1.5,1014,87,19.2,0,1,59
2025-03-23T22:00:00,3/24/2025 5:00,Hoàn Kiếm,VN,Asia/Ho_Chi_Minh,240,473.7,33,25,153.8,,56,19,1,1014,89,19.3,0,0.66,57
2025-03-23T23:00:00,3/24/2025 6:00,Hoàn Kiếm,VN,Asia/Ho_Chi_Minh,261,511.4,32,25,173.8,,58,44,1.5,1014,91,19.5,0,0.33,64.67
2025-03-24T00:00:00,3/24/2025 7:00,Hoàn Kiếm,VN,Asia/Ho_Chi_Minh,274,549.2,31,25,154,,60,77,1.5,1014,93,19.6,1,0.4,72.33
2025-03-24T01:00:00,3/24/2025 8:00,Hoàn Kiếm,VN,Asia/Ho_Chi_Minh,245,425.6,26.3,53.7,131.7,,93.3,95,1,1015,85,21.2,1.1,0.33,80
2025-03-24T02:00:00,3/24/2025 9:00,Hoàn Kiếm,VN,Asia/Ho_Chi_Minh,215,302.1,21.7,82.3,109.3,,126.7,86,0.5,1015,78,22.8,2.2,0.66,91.67
2025-03-24T03:00:00,3/24/2025 10:00,Hoàn Kiếm,VN,Asia/Ho_Chi_Minh,185,178.6,17,111,87,,160,25,0.5,1015,71,24.4,4.1,1,103.33
2025-03-24T04:00:00,3/24/2025 11:00,Hoàn Kiếm,VN,Asia/Ho_Chi_Minh,181,177.2,14,136.3,83.7,,155.7,70,0.5,1014,65,25.5,5.2,1,115
2025-03-24T05:00:00,3/24/2025 12:00,Hoàn Kiếm,VN,Asia/Ho_Chi_Minh,176,175.9,11,161.7,80.3,,151.3,8,0.25,1013,60,26.5,10.3,1,123
2025-03-24T06:00:00,3/24/2025 13:00,Hoàn Kiếm,VN,Asia/Ho_Chi_Minh,172,174.5,8,187,77,,147,2,0,1011,55,27.6,10,1,139
2025-03-24T07:00:00,3/24/2025 14:00,Hoàn Kiếm,VN,Asia/Ho_Chi_Minh,177,179.2,8.3,196,80.7,,144.3,2,0,1010,54,28.1,8,1.66,149
2025-03-24T08:00:00,3/24/2025 15:00,Hoàn Kiếm,VN,Asia/Ho_Chi_Minh,182,183.8,8.7,205,84.3,,141.7,15,0,1009,53,28.5,5,2.33,126.67
2025-03-24T09:00:00,3/24/2025 16:00,Hoàn Kiếm,VN,Asia/Ho_Chi_Minh,187,188.5,9,214,88,,139,15,0,1008,52,29,3.1,3,104.33
2025-03-24T10:00:00,3/24/2025 17:00,Hoàn Kiếm,VN,Asia/Ho_Chi_Minh,194,129,26.3,190,95.3,,135.7,11,0.75,1008,57,28,2.1,3,82
2025-03-24T11:00:00,3/24/2025 18:00,Hoàn Kiếm,VN,Asia/Ho_Chi_Minh,201,69.5,43.7,166,102.7,,132.3,15,1,1008,63,27,1.8,3,78.67
2025-03-24T12:00:00,3/24/2025 19:00,Hoàn Kiếm,VN,Asia/Ho_Chi_Minh,208,10,61,142,110,,129,18,1,1009,69,26,0,3,75.33
2025-03-24T13:00:00,3/24/2025 20:00,Hoàn Kiếm,VN,Asia/Ho_Chi_Minh,237,10,62,121.7,130,,108,9,0,1009,73,25,0,3,72
2025-03-24T14:00:00,3/24/2025 21:00,Hoàn Kiếm,VN,Asia/Ho_Chi_Minh,167,114.2,33,101.3,73.3,,87,3,0.25,1010,78,24,0,3,75.67
2025-03-24T15:00:00,3/24/2025 22:00,Hoàn Kiếm,VN,Asia/Ho_Chi_Minh,148,166.3,19,81,55,,66,1,1,1010,83,23,0,3,79.33
2025-03-24T16:00:00,3/24/2025 23:00,Hoàn Kiếm,VN,Asia/Ho_Chi_Minh,139,168.9,19.7,72.3,52.3,,61.3,0,2,1010,85,22.5,0,2.66,83
2025-03-24T17:00:00,3/25/2025 0:00,Hoàn Kiếm,VN,Asia/Ho_Chi_Minh,131,171.4,20.3,63.7,49.7,,56.7,0,0,1009,88,22.1,0,2.33,88.33
2025-03-24T18:00:00,3/25/2025 1:00,Hoàn Kiếm,VN,Asia/Ho_Chi_Minh,123,173.9,21,55,47,,52,0,0,1009,90,21.6,0,2,93.67
2025-03-24T19:00:00,3/25/2025 2:00,Hoàn Kiếm,VN,Asia/Ho_Chi_Minh,130,180.9,21.7,51,49.3,,49,0,0,1008,90,21.3,0,1.66,99
2025-03-24T20:00:00,3/25/2025 3:00,Hoàn Kiếm,VN,Asia/Ho_Chi_Minh,136,187.9,22.3,47,51.7,,46,1,0,1008,90,20.9,0,1.33,121
2025-03-24T21:00:00,3/25/2025 4:00,Hoàn Kiếm,VN,Asia/Ho_Chi_Minh,142,194.9,23,43,54,,43,100,0.25,1007,90,20.6,0,1,68.33
2025-03-24T22:00:00,3/25/2025 5:00,Hoàn Kiếm,VN,Asia/Ho_Chi_Minh,154,183.6,21.7,46.7,61,,45.3,75,0.75,1008,92,20.6,0,0.66,53
2025-03-24T23:00:00,3/25/2025 6:00,Hoàn Kiếm,VN,Asia/Ho_Chi_Minh,164,172.4,20.3,50.3,68,,47.7,50,1.25,1008,93,20.5,0,0.33,50
2025-03-25T00:00:00,3/25/2025 7:00,Hoàn Kiếm,VN,Asia/Ho_Chi_Minh,173,161.1,19,54,75,,50,25,1.5,1009,95,20.5,0.7,1.6,47
2025-03-25T01:00:00,3/25/2025 8:00,Hoàn Kiếm,VN,Asia/Ho_Chi_Minh,163,147.7,16.7,67.3,81.3,,49,50,1.25,1009,91,21.2,1,0.33,44
2025-03-25T02:00:00,3/25/2025 9:00,Hoàn Kiếm,VN,Asia/Ho_Chi_Minh,168,134.2,14.3,80.7,86.3,,48,75,1,1009,88,21.9,1.7,0.66,46.33
2025-03-25T03:00:00,3/25/2025 10:00,Hoàn Kiếm,VN,Asia/Ho_Chi_Minh,200,120.8,12,94,116.3,,47,100,0.5,1010,84,22.6,2.5,1,48.67
2025-03-25T04:00:00,3/25/2025 11:00,Hoàn Kiếm,VN,Asia/Ho_Chi_Minh,211,122.9,10,116.3,126.3,,54,98,0,1009,79,23.6,3.3,1.33,51
2025-03-25T05:00:00,3/25/2025 12:00,Hoàn Kiếm,VN,Asia/Ho_Chi_Minh,207,125.1,8,138.7,122.9,,61,94,0,1007,75,24.7,3.9,1.66,58.33
2025-03-25T06:00:00,3/25/2025 13:00,Hoàn Kiếm,VN,Asia/Ho_Chi_Minh,211,127.2,6,161,126.3,,68,96,0,1006,70,25.7,3.5,2,65.67
2025-03-25T07:00:00,3/25/2025 14:00,Hoàn Kiếm,VN,Asia/Ho_Chi_Minh,216,126.4,6.7,164,131.3,,70.3,27,0.25,1005,69,26.3,6.6,2,73
2025-03-25T08:00:00,3/25/2025 15:00,Hoàn Kiếm,VN,Asia/Ho_Chi_Minh,228,125.7,7.3,167,142.9,,72.7,30,0.75,1004,68,26.8,4.4,2,65
2025-03-25T09:00:00,3/25/2025 16:00,Hoàn Kiếm,VN,Asia/Ho_Chi_Minh,237,124.9,8,170,151.3,,75,31,1,1004,68,27.4,2.7,2,69
2025-03-25T10:00:00,3/25/2025 17:00,Hoàn Kiếm,VN,Asia/Ho_Chi_Minh,240,10,146,146,130,,70.3,26,1.5,1004,70,26.8,1.9,1.66,93
2025-03-25T11:00:00,3/25/2025 18:00,Hoàn Kiếm,VN,Asia/Ho_Chi_Minh,180,129.2,15.3,122,89.8,,65.7,24,1.5,1004,73,26.3,1.7,1.33,101
2025-03-25T12:00:00,3/25/2025 19:00,Hoàn Kiếm,VN,Asia/Ho_Chi_Minh,152,131.3,19,98,59,,61,8,1.75,1004,75,25.7,0,1,98.33
2025-03-25T13:00:00,3/25/2025 20:00,Hoàn Kiếm,VN,Asia/Ho_Chi_Minh,138,132.9,20,85.7,52,,58.3,5,0.5,1005,77,24.9,0,1.33,101
2025-03-25T14:00:00,3/25/2025 21:00,Hoàn Kiếm,VN,Asia/Ho_Chi_Minh,117,134.4,21,73.3,45,,55.7,6,0,1006,79,24.1,0,1.66,105
2025-03-25T15:00:00,3/25/2025 22:00,Hoàn Kiếm,VN,Asia/Ho_Chi_Minh,98,136,22,61,38,,53,100,0,1007,81,23.3,0,2,114.33
2025-03-25T16:00:00,3/25/2025 23:00,Hoàn Kiếm,VN,Asia/Ho_Chi_Minh,100,140.3,22.3,56.7,39.3,,52.3,100,0,1007,85,22.9,0,2,121
2025-03-25T17:00:00,3/26/2025 0:00,Hoàn Kiếm,VN,Asia/Ho_Chi_Minh,103,144.5,22.7,52.3,40.7,,51.7,100,0,1006,88,22.4,0,2,123
2025-03-25T18:00:00,3/26/2025 1:00,Hoàn Kiếm,VN,Asia/Ho_Chi_Minh,107,148.8,23,48,42,,51,100,0,1006,92,22,0,2,78.33
2025-03-25T19:00:00,3/26/2025 2:00,Hoàn Kiếm,VN,Asia/Ho_Chi_Minh,107,143.6,22.7,48.3,42.3,,52.7,100,0,1005,92,21.8,0,2.33,57
2025-03-25T20:00:00,3/26/2025 3:00,Hoàn Kiếm,VN,Asia/Ho_Chi_Minh,107,138.3,22.3,48.7,42.7,,54.3,100,0,1005,93,21.6,0,2.66,49.33
2025-03-25T21:00:00,3/26/2025 4:00,Hoàn Kiếm,VN,Asia/Ho_Chi_Minh,107,133.1,22,49,43,,56,100,0,1004,94,21.4,0,3,41.67
2025-03-25T22:00:00,3/26/2025 5:00,Hoàn Kiếm,VN,Asia/Ho_Chi_Minh,121,125.1,20,52.3,50.8,,51.7,100,0,1005,93,21.5,0,2.33,34
2025-03-25T23:00:00,3/26/2025 6:00,Hoàn Kiếm,VN,Asia/Ho_Chi_Minh,126,117.1,18,55.7,56.3,,47.3,100,0,1005,92,21.7,0.7,1.66,35.33
2025-03-26T00:00:00,3/26/2025 7:00,Hoàn Kiếm,VN,Asia/Ho_Chi_Minh,148,109.1,16,59,66.3,,43,100,0,1006,92,21.8,0.7,1,36.67
2025-03-26T01:00:00,3/26/2025 8:00,Hoàn Kiếm,VN,Asia/Ho_Chi_Minh,152,102.3,14,71.3,71.3,,42.3,100,0,1006,90,22.1,1,1.33,38
2025-03-26T02:00:00,3/26/2025 9:00,Hoàn Kiếm,VN,Asia/Ho_Chi_Minh,171,95.5,12,83.7,88.8,,41.7,100,0,1007,88,22.5,1.7,1.66,38
2025-03-26T03:00:00,3/26/2025 10:00,Hoàn Kiếm,VN,Asia/Ho_Chi_Minh,171,88.7,10,96,88.8,,41,100,0,1007,86,22.8,2.5,2,38
2025-03-26T04:00:00,3/26/2025 11:00,Hoàn Kiếm,VN,Asia/Ho_Chi_Minh,180,88.9,8.3,110.3,97.1,,41.3,95,0,1006,84,23.5,3.3,2.33,38
2025-03-26T05:00:00,3/26/2025 12:00,Hoàn Kiếm,VN,Asia/Ho_Chi_Minh,189,89.1,6.7,124.7,106.3,,41.7,91,0,1005,82,24.3,4.6,2.66,43
2025-03-26T06:00:00,3/26/2025 13:00,Hoàn Kiếm,VN,Asia/Ho_Chi_Minh,197,89.3,5,139,113.8,,42,87,0,1004,80,25,8.2,3,45
2025-03-26T07:00:00,3/26/2025 14:00,Hoàn Kiếm,VN,Asia/Ho_Chi_Minh,203,91.4,6,136.3,118.8,,41,91,0,1003,79,25.1,7.5,2.66,53
2025-03-26T08:00:00,3/26/2025 15:00,Hoàn Kiếm,VN,Asia/Ho_Chi_Minh,195,93.6,7,133.7,111.3,,40,95,0,1002,78,25.1,4.6,2.33,57
2025-03-26T09:00:00,3/26/2025 16:00,Hoàn Kiếm,VN,Asia/Ho_Chi_Minh,195,95.7,8,131,111.3,,39,100,0,1001,78,25.2,2.9,2,71
2025-03-26T10:00:00,3/26/2025 17:00,Hoàn Kiếm,VN,Asia/Ho_Chi_Minh,174,94.9,11,113,88.8,,39,100,0,1002,79,24.9,2,2.33,71
2025-03-26T11:00:00,3/26/2025 18:00,Hoàn Kiếm,VN,Asia/Ho_Chi_Minh,173,94.2,14,95,91.3,,39,100,0,1002,80,24.6,1.8,2.66,77.67
2025-03-26T12:00:00,3/26/2025 19:00,Hoàn Kiếm,VN,Asia/Ho_Chi_Minh,118,93.4,17,77,44,,39,100,0,1002,81,24.3,0,3,85
2025-03-26T13:00:00,3/26/2025 20:00,Hoàn Kiếm,VN,Asia/Ho_Chi_Minh,108,94.3,17.3,72.3,40.7,,41.7,100,0,1002,83,24,0,3,91
2025-03-26T14:00:00,3/26/2025 21:00,Hoàn Kiếm,VN,Asia/Ho_Chi_Minh,99,95.3,17.7,67.7,37.3,,44.3,100,0,1003,85,23.7,0,3,95
2025-03-26T15:00:00,3/26/2025 22:00,Hoàn Kiếm,VN,Asia/Ho_Chi_Minh,91,96.3,18,63,34,,47,100,0,1004,87,23.4,0,3,89
2025-03-26T16:00:00,3/26/2025 23:00,Hoàn Kiếm,VN,Asia/Ho_Chi_Minh,92,97.3,18.3,60.7,35,,47,100,0,1003,89,23.1,0,3,89
2025-03-26T17:00:00,3/27/2025 0:00,Hoàn Kiếm,VN,Asia/Ho_Chi_Minh,94,98.2,18.7,58.3,36,,47,100,0,1003,91,22.8,0,3,73.33
2025-03-26T18:00:00,3/27/2025 1:00,Hoàn Kiếm,VN,Asia/Ho_Chi_Minh,95,99.2,19,56,37,,47,100,0,1003,93,22.5,0,3,73
2025-03-26T19:00:00,3/27/2025 2:00,Hoàn Kiếm,VN,Asia/Ho_Chi_Minh,95,97.9,18.3,56,36.3,,45.3,100,0,1002,92,22.5,0,2.33,42
2025-03-26T20:00:00,3/27/2025 3:00,Hoàn Kiếm,VN,Asia/Ho_Chi_Minh,160,96.5,17.7,56,78.8,,43.7,100,1.75,1002,92,22.6,0,1.66,38.33
2025-03-26T21:00:00,3/27/2025 4:00,Hoàn Kiếm,VN,Asia/Ho_Chi_Minh,93,95.1,17,56,35,,42,100,2,1002,91,22.6,0,1,34.67
2025-03-26T22:00:00,3/27/2025 5:00,Hoàn Kiếm,VN,Asia/Ho_Chi_Minh,110,94.9,16.3,57,45.4,,41.3,91,2,1002,93,22.5,0,0.66,31
2025-03-26T23:00:00,3/27/2025 6:00,Hoàn Kiếm,VN,Asia/Ho_Chi_Minh,150,94.7,15.7,58,67.5,,40.7,83,2,1003,95,22.3,0.6,0.33,31.67
2025-03-27T00:00:00,3/27/2025 7:00,Hoàn Kiếm,VN,Asia/Ho_Chi_Minh,148,94.5,15,59,66.3,,40,75,0.75,1003,96,22.2,0.7,2.4,32.33
2025-03-27T01:00:00,3/27/2025 8:00,Hoàn Kiếm,VN,Asia/Ho_Chi_Minh,142,97.1,13.7,71.7,63.8,,36.3,75,0,1003,96,22.6,1,1,33
2025-03-27T02:00:00,3/27/2025 9:00,Hoàn Kiếm,VN,Asia/Ho_Chi_Minh,142,99.6,12.3,84.3,63.8,,32.7,75,0,1004,96,23,1.8,2,32.67
2025-03-27T03:00:00,3/27/2025 10:00,Hoàn Kiếm,VN,Asia/Ho_Chi_Minh,142,102.1,11,97,63.8,,29,75,0,1004,96,23.4,2.7,3,63
2025-03-27T04:00:00,3/27/2025 11:00,Hoàn Kiếm,VN,Asia/Ho_Chi_Minh,149,112.1,9,126.3,67.1,,31.3,83,0,1003,92,24.1,5.6,3,32
2025-03-27T05:00:00,3/27/2025 12:00,Hoàn Kiếm,VN,Asia/Ho_Chi_Minh,142,122,7,155.7,63.8,,33.7,91,0,1002,88,24.7,10.8,3,39
2025-03-27T06:00:00,3/27/2025 13:00,Hoàn Kiếm,VN,Asia/Ho_Chi_Minh,155,131.9,5,185,73.8,,36,100,0,1001,85,25.4,9.7,3,54
2025-03-27T07:00:00,3/27/2025 14:00,Hoàn Kiếm,VN,Asia/Ho_Chi_Minh,153,137.5,6,183.7,68.8,,40,100,0,1000,85,25.5,7.3,3,53
2025-03-27T08:00:00,3/27/2025 15:00,Hoàn Kiếm,VN,Asia/Ho_Chi_Minh,153,143.2,7,182.3,68.8,,44,100,0,999,85,25.6,5.3,3,51
2025-03-27T09:00:00,3/27/2025 16:00,Hoàn Kiếm,VN,Asia/Ho_Chi_Minh,155,148.8,8,181,73.8,,48,100,0,999,85,25.7,3.4,3,51
2025-03-27T10:00:00,3/27/2025 17:00,Hoàn Kiếm,VN,Asia/Ho_Chi_Minh,160,157.2,12,159,78.8,,49,100,0,999,86,25.3,2,2.66,51
2025-03-27T11:00:00,3/27/2025 18:00,Hoàn Kiếm,VN,Asia/Ho_Chi_Minh,160,165.5,16,137,78.8,,50,100,0,1000,87,24.9,2,2.33,53.67
2025-03-27T12:00:00,3/27/2025 19:00,Hoàn Kiếm,VN,Asia/Ho_Chi_Minh,171,173.9,20,115,88.8,,51,100,0,1000,88,24.5,0,2,51
2025-03-27T13:00:00,3/27/2025 20:00,Hoàn Kiếm,VN,Asia/Ho_Chi_Minh,173,178.6,20.3,101.3,91.3,,52,100,0,1001,89,24.4,0,1.33,59
2025-03-27T14:00:00,3/27/2025 21:00,Hoàn Kiếm,VN,Asia/Ho_Chi_Minh,168,183.3,20.7,87.7,86.3,,53,100,0,1002,90,24.4,0,0.66,55
2025-03-27T15:00:00,3/27/2025 22:00,Hoàn Kiếm,VN,Asia/Ho_Chi_Minh,163,187.9,21,74,81.3,,54,100,0,1002,91,24.3,0,2.8,55
2025-03-27T16:00:00,3/27/2025 23:00,Hoàn Kiếm,VN,Asia/Ho_Chi_Minh,161,180.3,19.7,71,79.6,,50,100,0,1003,92,24.1,0,0.66,59
2025-03-27T17:00:00,3/28/2025 0:00,Hoàn Kiếm,VN,Asia/Ho_Chi_Minh,157,172.7,18.3,68,76.3,,46,100,0,1003,93,23.8,0,1.33,63
2025-03-27T18:00:00,3/28/2025 1:00,Hoàn Kiếm,VN,Asia/Ho_Chi_Minh,157,165.2,17,65,76.3,,42,100,0,1003,94,23.6,0,2,63
2025-03-27T19:00:00,3/28/2025 2:00,Hoàn Kiếm,VN,Asia/Ho_Chi_Minh,150,158,16.7,63,67.5,,39.7,29,0,1003,92,24,0,1.2,71
2025-03-27T20:00:00,3/28/2025 3:00,Hoàn Kiếm,VN,Asia/Ho_Chi_Minh,155,150.8,16.3,61,73.8,,37.3,51,0,1003,90,24.4,0,1.6,73
2025-03-27T21:00:00,3/28/2025 4:00,Hoàn Kiếm,VN,Asia/Ho_Chi_Minh,160,143.6,16,59,78.8,,35,57,0,1004,89,24.9,0,1.2,69
2025-03-27T22:00:00,3/28/2025 5:00,Hoàn Kiếm,VN,Asia/Ho_Chi_Minh,165,153.7,17,55,83.8,,38.7,100,0,1004,87,25.3,0,2,65
2025-03-27T23:00:00,3/28/2025 6:00,Hoàn Kiếm,VN,Asia/Ho_Chi_Minh,168,163.8,18,51,86.3,,42.3,100,0,1004,85,25.7,0.6,2.4,63.67
2025-03-28T00:00:00,3/28/2025 7:00,Hoàn Kiếm,VN,Asia/Ho_Chi_Minh,176,173.9,19,47,93.8,,46,100,0,1004,83,26.1,0.7,2.4,61
2025-03-28T01:00:00,3/28/2025 8:00,Hoàn Kiếm,VN,Asia/Ho_Chi_Minh,168,159.5,17.3,64,86.3,,47,100,0,1004,82,26.5,1,2,61
2025-03-28T02:00:00,3/28/2025 9:00,Hoàn Kiếm,VN,Asia/Ho_Chi_Minh,163,145.1,15.7,81,81.3,,48,100,0,1005,80,26.9,1.7,1.6,54
2025-03-28T03:00:00,3/28/2025 10:00,Hoàn Kiếm,VN,Asia/Ho_Chi_Minh,165,130.7,14,98,83.8,,49,100,0,1005,78,27.4,2.5,1.2,59
2025-03-28T04:00:00,3/28/2025 11:00,Hoàn Kiếm,VN,Asia/Ho_Chi_Minh,168,132.3,12.7,109.3,86.3,,46.3,100,0,1005,77,27.8,3.2,1.2,63
2025-03-28T05:00:00,3/28/2025 12:00,Hoàn Kiếm,VN,Asia/Ho_Chi_Minh,165,133.8,11.3,120.7,83.8,,43.7,100,0,1005,75,28.2,3.4,0.8,67
2025-03-28T06:00:00,3/28/2025 13:00,Hoàn Kiếm,VN,Asia/Ho_Chi_Minh,155,135.4,10,132,63,,41,87,0,1006,74,28.6,3.2,2,69
2025-03-28T07:00:00,3/28/2025 14:00,Hoàn Kiếm,VN,Asia/Ho_Chi_Minh,159,10,10,15.7,62,,8,87,0,1005,74,28.5,2.7,2,75
2025-03-28T08:00:00,3/28/2025 15:00,Hoàn Kiếm,VN,Asia/Ho_Chi_Minh,165,10,10,12.9,80,,7,87,0,1004,74,28.5,1.8,2,69
2025-03-28T09:00:00,3/28/2025 16:00,Hoàn Kiếm,VN,Asia/Ho_Chi_Minh,148,10,10,10.3,80,,9,87,0,1004,74,28.4,1.4,2,65
2025-03-28T10:00:00,3/28/2025 17:00,Hoàn Kiếm,VN,Asia/Ho_Chi_Minh,144,49.5,14,30.8,70.7,,23.3,66,0,1004,77,27.7,1.6,2,67
2025-03-28T11:00:00,3/28/2025 18:00,Hoàn Kiếm,VN,Asia/Ho_Chi_Minh,140,88.9,18,51.4,61.3,,37.7,45,0,1005,81,26.9,1.7,2,69
2025-03-28T12:00:00,3/28/2025 19:00,Hoàn Kiếm,VN,Asia/Ho_Chi_Minh,137,128.4,22,72,52,,52,25,0,1005,84,26.2,0,2,67
2025-03-28T13:00:00,3/28/2025 20:00,Hoàn Kiếm,VN,Asia/Ho_Chi_Minh,171,10,19.7,7.6,72,,6,50,0.333333343,1006,86,25.7,0,2,59
2025-03-28T14:00:00,3/28/2025 21:00,Hoàn Kiếm,VN,Asia/Ho_Chi_Minh,171,10,17.3,7.1,100,,4,75,0,1007,89,25.1,0,2,62
2025-03-28T15:00:00,3/28/2025 22:00,Hoàn Kiếm,VN,Asia/Ho_Chi_Minh,200,10,15,3,108,,5,100,0,1009,91,24.6,0,2,67
2025-03-28T16:00:00,3/28/2025 23:00,Hoàn Kiếm,VN,Asia/Ho_Chi_Minh,228,10,13.3,6.9,114,,4,100,0,1009,91,24.5,0,1.66,53
2025-03-28T17:00:00,3/29/2025 0:00,Hoàn Kiếm,VN,Asia/Ho_Chi_Minh,229,10,11.7,2.5,120,,6.3,100,0,1009,91,24.5,0,1.33,51.67
2025-03-28T18:00:00,3/29/2025 1:00,Hoàn Kiếm,VN,Asia/Ho_Chi_Minh,244,10,10,2.3,126,,7,100,0,1009,91,24.4,0,1,50.33
2025-03-28T19:00:00,3/29/2025 2:00,Hoàn Kiếm,VN,Asia/Ho_Chi_Minh,262,10,9,3.2,140,,1,100,0,1009,93,24.1,0,1.33,49
2025-03-28T20:00:00,3/29/2025 3:00,Hoàn Kiếm,VN,Asia/Ho_Chi_Minh,246,10,8,5.9,128,,1,100,0,1009,94,23.9,0,1.66,71
2025-03-28T21:00:00,3/29/2025 4:00,Hoàn Kiếm,VN,Asia/Ho_Chi_Minh,217,10,7,4.3,106,,1,100,0,1009,96,23.6,0,2,71
2025-03-28T22:00:00,3/29/2025 5:00,Hoàn Kiếm,VN,Asia/Ho_Chi_Minh,172,10,7,9.4,72,,1,91,0,1010,92,21.7,0,2.66,93
2025-03-28T23:00:00,3/29/2025 6:00,Hoàn Kiếm,VN,Asia/Ho_Chi_Minh,169,58.2,7,48.8,77.8,,31.7,83,0,1011,89,19.9,0.6,3.33,114
2025-03-29T00:00:00,3/29/2025 7:00,Hoàn Kiếm,VN,Asia/Ho_Chi_Minh,142,82.3,7,71,63.8,,47,75,0,1013,85,18,0.7,4,115
2025-03-29T01:00:00,3/29/2025 8:00,Hoàn Kiếm,VN,Asia/Ho_Chi_Minh,134,84.6,7.3,71.3,60,,50.3,83,0,1014,82,18.2,1,3.66,126
2025-03-29T02:00:00,3/29/2025 9:00,Hoàn Kiếm,VN,Asia/Ho_Chi_Minh,126,87,7.7,71.7,56.3,,53.7,91,0,1015,78,18.5,1.7,3.33,140
2025-03-29T03:00:00,3/29/2025 10:00,Hoàn Kiếm,VN,Asia/Ho_Chi_Minh,118,89.3,8,72,52.5,,57,100,0,1016,75,18.7,2.5,3,128
2025-03-29T04:00:00,3/29/2025 11:00,Hoàn Kiếm,VN,Asia/Ho_Chi_Minh,112,62.9,7.7,50.8,50,,38.3,100,0,1016,75,18.4,3.2,3,106
2025-03-29T05:00:00,3/29/2025 12:00,Hoàn Kiếm,VN,Asia/Ho_Chi_Minh,100,36.4,7.3,29.7,45.5,,19.7,100,0,1015,75,18.1,3.5,3,72
2025-03-29T06:00:00,3/29/2025 13:00,Hoàn Kiếm,VN,Asia/Ho_Chi_Minh,93,10,7,8.5,42,,1,100,0,1015,74,17.8,3.2,3,69.33
2025-03-29T07:00:00,3/29/2025 14:00,Hoàn Kiếm,VN,Asia/Ho_Chi_Minh,104,40.7,7.7,32.4,46.3,,25.3,100,0,1015,75,17.6,2.6,2.66,51
2025-03-29T08:00:00,3/29/2025 15:00,Hoàn Kiếm,VN,Asia/Ho_Chi_Minh,100,71.4,8.3,56.2,43.8,,49.7,100,0,1014,75,17.4,1.8,2.33,48
2025-03-29T09:00:00,3/29/2025 16:00,Hoàn Kiếm,VN,Asia/Ho_Chi_Minh,89,102.1,9,80,37.5,,74,100,0,1014,75,17.2,1.1,2,45
2025-03-29T10:00:00,3/29/2025 17:00,Hoàn Kiếm,VN,Asia/Ho_Chi_Minh,87,103.9,9.3,76.7,36.3,,72.7,100,0,1015,76,16.8,0.7,2.33,42
2025-03-29T11:00:00,3/29/2025 18:00,Hoàn Kiếm,VN,Asia/Ho_Chi_Minh,85,105.6,9.7,73.3,35,,71.3,100,0,1015,77,16.5,0.6,2.66,40
2025-03-29T12:00:00,3/29/2025 19:00,Hoàn Kiếm,VN,Asia/Ho_Chi_Minh,82,107.4,10,70,33.8,,70,100,0,1016,78,16.1,0,3,35.33
2025-03-29T13:00:00,3/29/2025 20:00,Hoàn Kiếm,VN,Asia/Ho_Chi_Minh,82,74.9,10,48.1,33.8,,47,91,0,1017,81,15.6,0,3,32
2025-03-29T14:00:00,3/29/2025 21:00,Hoàn Kiếm,VN,Asia/Ho_Chi_Minh,82,42.5,10,26.1,33.8,,24,83,0,1018,85,15.2,0,3,37
2025-03-29T15:00:00,3/29/2025 22:00,Hoàn Kiếm,VN,Asia/Ho_Chi_Minh,95,10,10,4.2,33,,1,75,0,1019,88,14.7,0,3,35
2025-03-29T16:00:00,3/29/2025 23:00,Hoàn Kiếm,VN,Asia/Ho_Chi_Minh,84,10,9.3,5,27.7,,1,75,0,1019,87,14.5,0,3,30
2025-03-29T17:00:00,3/30/2025 0:00,Hoàn Kiếm,VN,Asia/Ho_Chi_Minh,95,10,8.7,4.2,33,,1,75,0.5,1019,86,14.2,0,3,29
2025-03-29T18:00:00,3/30/2025 1:00,Hoàn Kiếm,VN,Asia/Ho_Chi_Minh,61,10,8,6.7,17,,1,75,0.25,1020,84,14,0,3,28
2025-03-29T19:00:00,3/30/2025 2:00,Hoàn Kiếm,VN,Asia/Ho_Chi_Minh,61,10,10.3,6.7,17,,1,83,0,1019,85,13.9,0,3,27
2025-03-29T20:00:00,3/30/2025 3:00,Hoàn Kiếm,VN,Asia/Ho_Chi_Minh,72,10,12.7,43.6,27.5,,34.3,91,0.5,1019,86,13.9,0,3,27
2025-03-29T21:00:00,3/30/2025 4:00,Hoàn Kiếm,VN,Asia/Ho_Chi_Minh,74,10,15,62,27,,51,100,0.25,1019,87,13.8,0,3,27
2025-03-29T22:00:00,3/30/2025 5:00,Hoàn Kiếm,VN,Asia/Ho_Chi_Minh,69,35.7,13,63.7,24.7,,50,100,0,1020,82,13.9,0,3,33
2025-03-29T23:00:00,3/30/2025 6:00,Hoàn Kiếm,VN,Asia/Ho_Chi_Minh,67,61.3,11,65.3,25,,49,100,0,1021,78,14.1,0.6,3,27.67
2025-03-30T00:00:00,3/30/2025 7:00,Hoàn Kiếm,VN,Asia/Ho_Chi_Minh,59,87,9,67,20,,48,100,0,1021,74,14.2,0.7,3,33
2025-03-30T01:00:00,3/30/2025 8:00,Hoàn Kiếm,VN,Asia/Ho_Chi_Minh,56,87,8.7,69,18.8,,53.7,100,0,1022,71,14.6,1.1,3.33,17
2025-03-30T02:00:00,3/30/2025 9:00,Hoàn Kiếm,VN,Asia/Ho_Chi_Minh,59,87,8.3,71,20,,59.3,100,0,1023,69,15,1.7,3.66,17
2025-03-30T03:00:00,3/30/2025 10:00,Hoàn Kiếm,VN,Asia/Ho_Chi_Minh,59,87,8,73,17,,65,100,0,1023,67,15.4,2.5,4,22
2025-03-30T04:00:00,3/30/2025 11:00,Hoàn Kiếm,VN,Asia/Ho_Chi_Minh,63,87.7,7.7,78.3,22.5,,69.3,100,0,1022,65,16,3.2,3.66,23
2025-03-30T05:00:00,3/30/2025 12:00,Hoàn Kiếm,VN,Asia/Ho_Chi_Minh,67,88.5,7.3,83.7,25,,73.7,100,0,1021,62,16.5,3.5,3.33,20.67
2025-03-30T06:00:00,3/30/2025 13:00,Hoàn Kiếm,VN,Asia/Ho_Chi_Minh,72,89.3,7,89,27.5,,78,100,0,1020,60,17.1,3.2,3,20
2025-03-30T07:00:00,3/30/2025 14:00,Hoàn Kiếm,VN,Asia/Ho_Chi_Minh,76,302,77,10.8,46,,32,100,0,1020,59,17.1,2.6,3,16
2025-03-30T08:00:00,3/30/2025 15:00,Hoàn Kiếm,VN,Asia/Ho_Chi_Minh,80,302,69,9.7,46,,32,100,0,1019,59,17.1,1.8,3,15
2025-03-30T09:00:00,3/30/2025 16:00,Hoàn Kiếm,VN,Asia/Ho_Chi_Minh,61,96.9,8,92,18,,94,100,0,1018,58,17.1,1.1,3,16
2025-03-30T10:00:00,3/30/2025 17:00,Hoàn Kiếm,VN,Asia/Ho_Chi_Minh,78,102.5,10,85.7,31.3,,97.3,75,0,1018,59,16.9,0.7,2.66,16
2025-03-30T11:00:00,3/30/2025 18:00,Hoàn Kiếm,VN,Asia/Ho_Chi_Minh,87,108.2,12,79.3,36.3,,100.7,50,0,1018,59,16.6,0.6,2.33,18
2025-03-30T12:00:00,3/30/2025 19:00,Hoàn Kiếm,VN,Asia/Ho_Chi_Minh,93,113.8,14,73,40,,104,25,0,1018,59,16.4,0,2,20
2025-03-30T13:00:00,3/30/2025 20:00,Hoàn Kiếm,VN,Asia/Ho_Chi_Minh,98,117.9,14.7,68.7,42.5,,104.3,50,0,1019,59,16.3,0,2.33,22
2025-03-30T14:00:00,3/30/2025 21:00,Hoàn Kiếm,VN,Asia/Ho_Chi_Minh,104,122,15.3,64.3,46.3,,104.7,75,0,1020,58,16.3,0,2.66,24
2025-03-30T15:00:00,3/30/2025 22:00,Hoàn Kiếm,VN,Asia/Ho_Chi_Minh,95,126.1,16,60,33,,105,100,0,1021,58,16.2,0,3,26
2025-03-30T16:00:00,3/30/2025 23:00,Hoàn Kiếm,VN,Asia/Ho_Chi_Minh,104,118.7,14.3,61,46.3,,100.7,100,0,1021,58,16,0,2.66,17
2025-03-30T17:00:00,3/31/2025 0:00,Hoàn Kiếm,VN,Asia/Ho_Chi_Minh,63,10,12.7,4.2,46,,2,100,0,1020,58,15.8,0,2.33,25
2025-03-30T18:00:00,3/31/2025 1:00,Hoàn Kiếm,VN,Asia/Ho_Chi_Minh,78,103.9,11,63,31.3,,92,100,0,1020,58,15.6,0,2,29
2025-03-30T19:00:00,3/31/2025 2:00,Hoàn Kiếm,VN,Asia/Ho_Chi_Minh,85,102.9,10.7,62.7,35,,85.7,100,0,1020,59,15.4,0,2,32
2025-03-30T20:00:00,3/31/2025 3:00,Hoàn Kiếm,VN,Asia/Ho_Chi_Minh,76,101.9,10.3,62.3,30,,79.3,100,0,1020,59,15.1,0,2,34
2025-03-30T21:00:00,3/31/2025 4:00,Hoàn Kiếm,VN,Asia/Ho_Chi_Minh,78,101,10,62,26,,73,100,0,1020,60,14.9,0,2,37
2025-03-30T22:00:00,3/31/2025 5:00,Hoàn Kiếm,VN,Asia/Ho_Chi_Minh,76,101,10,62.3,30,,72.3,100,0,1020,62,14.8,0,2.33,33
2025-03-30T23:00:00,3/31/2025 6:00,Hoàn Kiếm,VN,Asia/Ho_Chi_Minh,78,101,10,62.7,31.3,,71.7,100,0,1021,64,14.6,0.6,2.66,37
2025-03-31T00:00:00,3/31/2025 7:00,Hoàn Kiếm,VN,Asia/Ho_Chi_Minh,80,101,10,63,32.5,,71,100,0,1021,66,14.5,0.7,3,18
2025-03-31T01:00:00,3/31/2025 8:00,Hoàn Kiếm,VN,Asia/Ho_Chi_Minh,87,102.1,9.7,64.7,36.3,,75.7,100,0,1021,63,15.2,1.1,3,25
2025-03-31T02:00:00,3/31/2025 9:00,Hoàn Kiếm,VN,Asia/Ho_Chi_Minh,85,103.3,9.3,66.3,35,,80.3,100,0,1022,61,15.8,1.9,3,28
2025-03-31T03:00:00,3/31/2025 10:00,Hoàn Kiếm,VN,Asia/Ho_Chi_Minh,87,104.5,9,68,36.3,,85,100,0,1022,58,16.5,3,3,24
2025-03-31T04:00:00,3/31/2025 11:00,Hoàn Kiếm,VN,Asia/Ho_Chi_Minh,80,105,8.7,75,32.5,,92,95,0,1020,56,17.2,4.6,2,25
2025-03-31T05:00:00,3/31/2025 12:00,Hoàn Kiếm,VN,Asia/Ho_Chi_Minh,80,105.6,8.3,82,32.5,,99,91,0,1019,54,17.9,5,1,24
2025-03-31T06:00:00,3/31/2025 13:00,Hoàn Kiếm,VN,Asia/Ho_Chi_Minh,85,106.2,8,89,35,,106,87,0,1018,52,18.6,5,2,25
2025-03-31T07:00:00,3/31/2025 14:00,Hoàn Kiếm,VN,Asia/Ho_Chi_Minh,89,302,69,16.2,50,,32,91,0,1017,54,18.6,4.2,1,26
2025-03-31T08:00:00,3/31/2025 15:00,Hoàn Kiếm,VN,Asia/Ho_Chi_Minh,90,236.7,54,39.8,46.3,,56.7,95,0,1016,55,18.6,2.9,2,29
2025-03-31T09:00:00,3/31/2025 16:00,Hoàn Kiếm,VN,Asia/Ho_Chi_Minh,93,302,77,15.1,52,,32,100,0.25,1015,56,18.6,2,3,28
2025-03-31T10:00:00,3/31/2025 17:00,Hoàn Kiếm,VN,Asia/Ho_Chi_Minh,139,252.3,57.3,33.4,62.5,,65.3,100,0,1016,59,18.2,1.3,2.33,29
2025-03-31T11:00:00,3/31/2025 18:00,Hoàn Kiếm,VN,Asia/Ho_Chi_Minh,148,202.6,37.7,51.7,66.3,,98.7,100,0.5,1016,63,17.8,1.2,1.66,26
2025-03-31T12:00:00,3/31/2025 19:00,Hoàn Kiếm,VN,Asia/Ho_Chi_Minh,153,152.9,18,70,68.8,,132,100,0.25,1017,66,17.4,0,1,26
2025-03-31T13:00:00,3/31/2025 20:00,Hoàn Kiếm,VN,Asia/Ho_Chi_Minh,156,156.2,18,66,74.6,,125,100,0,1018,68,17.4,0,0.66,28
2025-03-31T14:00:00,3/31/2025 21:00,Hoàn Kiếm,VN,Asia/Ho_Chi_Minh,168,159.5,18,62,86.3,,118,100,0,1019,70,17.3,0,0.33,30
2025-03-31T15:00:00,3/31/2025 22:00,Hoàn Kiếm,VN,Asia/Ho_Chi_Minh,168,162.8,18,58,86.3,,111,100,0,1020,71,17.3,0,2,30.67
2025-03-31T16:00:00,3/31/2025 23:00,Hoàn Kiếm,VN,Asia/Ho_Chi_Minh,145,10,17,5.4,100,,1,100,0,1020,66,17.3,0,1,32
2025-03-31T17:00:00,4/1/2025 0:00,Hoàn Kiếm,VN,Asia/Ho_Chi_Minh,134,146.5,16,58.7,60,,99.7,100,0,1020,61,17.2,0,2,50
2025-03-31T18:00:00,4/1/2025 1:00,Hoàn Kiếm,VN,Asia/Ho_Chi_Minh,121,138.3,15,59,53.8,,94,100,0,1020,56,17.2,0,3,53
2025-03-31T19:00:00,4/1/2025 2:00,Hoàn Kiếm,VN,Asia/Ho_Chi_Minh,121,133.4,14,59.3,53.8,,88,100,0,1020,58,17,0,2,55
2025-03-31T20:00:00,4/1/2025 3:00,Hoàn Kiếm,VN,Asia/Ho_Chi_Minh,119,128.6,13,59.7,52.9,,82,100,0,1020,60,16.7,0,1,59.67
2025-03-31T21:00:00,4/1/2025 4:00,Hoàn Kiếm,VN,Asia/Ho_Chi_Minh,118,123.7,12,60,52.5,,76,100,0,1019,61,16.5,0,2,69
2025-03-31T22:00:00,4/1/2025 5:00,Hoàn Kiếm,VN,Asia/Ho_Chi_Minh,126,125.3,12,59.7,56.3,,74,100,0,1020,63,16.4,0,0.33,69
2025-03-31T23:00:00,4/1/2025 6:00,Hoàn Kiếm,VN,Asia/Ho_Chi_Minh,129,126.8,12,59.3,57.5,,72,100,0,1020,65,16.4,0.7,0.66,52
2025-04-01T00:00:00,4/1/2025 7:00,Hoàn Kiếm,VN,Asia/Ho_Chi_Minh,134,128.4,12,59,60,,70,100,0,1021,67,16.3,0.8,1,48
2025-04-01T01:00:00,4/1/2025 8:00,Hoàn Kiếm,VN,Asia/Ho_Chi_Minh,151,123.7,10.7,67,67.9,,81,95,0,1021,65,17.3,1.4,1.33,43
2025-04-01T02:00:00,4/1/2025 9:00,Hoàn Kiếm,VN,Asia/Ho_Chi_Minh,134,119.1,9.3,75,60,,92,91,0,1021,63,18.2,2.3,1.66,43
2025-04-01T03:00:00,4/1/2025 10:00,Hoàn Kiếm,VN,Asia/Ho_Chi_Minh,165,114.4,8,83,83.8,,103,87,0,1021,62,19.2,4.3,2,42.33
2025-04-01T04:00:00,4/1/2025 11:00,Hoàn Kiếm,VN,Asia/Ho_Chi_Minh,163,110.5,6.7,99,81.3,,104.3,83,0,1020,56,20.3,5.4,2,42
2025-04-01T05:00:00,4/1/2025 12:00,Hoàn Kiếm,VN,Asia/Ho_Chi_Minh,153,106.6,5.3,115,68.8,,105.7,79,0,1019,51,21.3,6.5,2,45
2025-04-01T06:00:00,4/1/2025 13:00,Hoàn Kiếm,VN,Asia/Ho_Chi_Minh,150,102.7,4,131,67.5,,107,75,0,1017,47,22.4,8.3,2,46
2025-04-01T07:00:00,4/1/2025 14:00,Hoàn Kiếm,VN,Asia/Ho_Chi_Minh,153,105.2,4.7,136.3,72.1,,106,75,0,1016,46,22.6,6.1,1.66,48
2025-04-01T08:00:00,4/1/2025 15:00,Hoàn Kiếm,VN,Asia/Ho_Chi_Minh,150,107.8,5.3,141.7,67.5,,105,75,0,1015,46,22.8,4.2,1.33,54.33
2025-04-01T09:00:00,4/1/2025 16:00,Hoàn Kiếm,VN,Asia/Ho_Chi_Minh,163,110.3,6,147,81.3,,104,75,0,1014,45,23,3.2,1,48
2025-04-01T10:00:00,4/1/2025 17:00,Hoàn Kiếm,VN,Asia/Ho_Chi_Minh,160,76.9,14.7,100.4,78.8,,70.7,83,0,1015,47,22.5,2.3,0.66,67
2025-04-01T11:00:00,4/1/2025 18:00,Hoàn Kiếm,VN,Asia/Ho_Chi_Minh,148,43.4,23.3,53.8,66.3,,37.3,91,0,1015,49,22,2,0.33,65
2025-04-01T12:00:00,4/1/2025 19:00,Hoàn Kiếm,VN,Asia/Ho_Chi_Minh,148,10,32,7.2,96,,4,100,0,1015,51,21.5,0,1.6,55
2025-04-01T13:00:00,4/1/2025 20:00,Hoàn Kiếm,VN,Asia/Ho_Chi_Minh,157,10,35.3,6.1,130.7,,5.7,95,0,1016,54,21.2,0,1.6,54
2025-04-01T14:00:00,4/1/2025 21:00,Hoàn Kiếm,VN,Asia/Ho_Chi_Minh,157,10,38.7,5,76.3,,7.3,91,0,1016,58,20.8,0,2,57.67
2025-04-01T15:00:00,4/1/2025 22:00,Hoàn Kiếm,VN,Asia/Ho_Chi_Minh,176,10,42,3.9,200,,9,87,0,1017,61,20.5,0,1.2,54
2025-04-01T16:00:00,4/1/2025 23:00,Hoàn Kiếm,VN,Asia/Ho_Chi_Minh,200,10,38.7,4.5,240,,7,91,0,1017,65,20.2,0,1.2,65
2025-04-01T17:00:00,4/2/2025 0:00,Hoàn Kiếm,VN,Asia/Ho_Chi_Minh,216,10,35.3,4.5,244,,9,95,0,1017,69,19.8,0,1.6,63
2025-04-01T18:00:00,4/2/2025 1:00,Hoàn Kiếm,VN,Asia/Ho_Chi_Minh,221,10,32,4,234,,1,100,0,1017,73,19.5,0,1.6,53
2025-04-01T19:00:00,4/2/2025 2:00,Hoàn Kiếm,VN,Asia/Ho_Chi_Minh,218,10,32,4.8,222.7,,1,100,0,1017,74,19.3,0,0.66,53
2025-04-01T20:00:00,4/2/2025 3:00,Hoàn Kiếm,VN,Asia/Ho_Chi_Minh,219,10,32,7.1,208,,1,100,0,1017,74,19,0,1.33,60.33
2025-04-01T21:00:00,4/2/2025 4:00,Hoàn Kiếm,VN,Asia/Ho_Chi_Minh,211,10,32,6.5,200,,1,100,0,1017,75,18.8,0,2,61
2025-04-01T22:00:00,4/2/2025 5:00,Hoàn Kiếm,VN,Asia/Ho_Chi_Minh,203,98.9,30.7,13.3,118.8,,25.3,100,0,1018,77,18.8,0,1.33,75
2025-04-01T23:00:00,4/2/2025 6:00,Hoàn Kiếm,VN,Asia/Ho_Chi_Minh,200,187.8,29.3,20.2,116.3,,49.7,100,0,1019,78,18.8,0.7,0.66,93
2025-04-02T00:00:00,4/2/2025 7:00,Hoàn Kiếm,VN,Asia/Ho_Chi_Minh,151,276.6,28,27,157,,74,100,0,1020,80,18.8,0.8,1.2,105
2025-04-02T01:00:00,4/2/2025 8:00,Hoàn Kiếm,VN,Asia/Ho_Chi_Minh,200,242,25.3,46.7,116.3,,100.3,100,0,1020,76,19.6,1.1,0.66,109
2025-04-02T02:00:00,4/2/2025 9:00,Hoàn Kiếm,VN,Asia/Ho_Chi_Minh,211,207.4,22.7,66.3,126.3,,126.7,100,0,1020,73,20.4,1.8,1.33,106.33
2025-04-02T03:00:00,4/2/2025 10:00,Hoàn Kiếm,VN,Asia/Ho_Chi_Minh,216,172.7,20,86,131.3,,153,100,0,1021,69,21.2,2.6,2,107
2025-04-02T04:00:00,4/2/2025 11:00,Hoàn Kiếm,VN,Asia/Ho_Chi_Minh,202,157.2,16,107.3,114.5,,151,91,0,1020,65,22.2,3.5,2,101
2025-04-02T05:00:00,4/2/2025 12:00,Hoàn Kiếm,VN,Asia/Ho_Chi_Minh,188,141.6,12,128.7,97.8,,149,83,0,1019,60,23.2,3.8,2,95
2025-04-02T06:00:00,4/2/2025 13:00,Hoàn Kiếm,VN,Asia/Ho_Chi_Minh,175,126.1,8,150,81,,147,75,0,1018,56,24.2,3.6,2,93
2025-04-02T07:00:00,4/2/2025 14:00,Hoàn Kiếm,VN,Asia/Ho_Chi_Minh,181,87.4,7.7,104.4,104,,99.3,66,0,1017,50,24.5,3.3,2,151
2025-04-02T08:00:00,4/2/2025 15:00,Hoàn Kiếm,VN,Asia/Ho_Chi_Minh,197,10,7.3,15.8,154,,3,58,0,1016,46,24.9,3.2,2,93
2025-04-02T09:00:00,4/2/2025 16:00,Hoàn Kiếm,VN,Asia/Ho_Chi_Minh,195,10,7,13.3,150,,4,50,0,1015,41,25.2,1.8,2,101
2025-04-02T10:00:00,4/2/2025 17:00,Hoàn Kiếm,VN,Asia/Ho_Chi_Minh,173,10,15.3,16.6,138,,2,41,0,1015,45,24.1,1.7,1.33,105
2025-04-02T11:00:00,4/2/2025 18:00,Hoàn Kiếm,VN,Asia/Ho_Chi_Minh,179,186.2,23.7,74.4,109.2,,96.7,33,0,1015,49,22.9,1.9,0.66,94.67
2025-04-02T12:00:00,4/2/2025 19:00,Hoàn Kiếm,VN,Asia/Ho_Chi_Minh,171,274.3,32,105,88.8,,143,25,0,1015,53,21.8,0,1.2,84.33
2025-04-02T13:00:00,4/2/2025 20:00,Hoàn Kiếm,VN,Asia/Ho_Chi_Minh,176,186.2,30.7,71.2,93.8,,96.7,50,0,1016,59,21.4,0,0.66,74
2025-04-02T14:00:00,4/2/2025 21:00,Hoàn Kiếm,VN,Asia/Ho_Chi_Minh,340,10,29.3,4.6,456,,2,75,0,1016,65,21.1,0,1.33,79
2025-04-02T15:00:00,4/2/2025 22:00,Hoàn Kiếm,VN,Asia/Ho_Chi_Minh,299,10,28,3.7,423,,4,100,0,1017,72,20.7,0,2,91
2025-04-02T16:00:00,4/2/2025 23:00,Hoàn Kiếm,VN,Asia/Ho_Chi_Minh,223,10,25.7,4.6,370,,3,100,0,1017,71,20.5,0,2,89
2025-04-02T17:00:00,4/3/2025 0:00,Hoàn Kiếm,VN,Asia/Ho_Chi_Minh,176,10,23.3,6.4,305,,3.3,100,0,1017,71,20.3,0,2,73
2025-04-02T18:00:00,4/3/2025 1:00,Hoàn Kiếm,VN,Asia/Ho_Chi_Minh,273,10,21,7.8,246,,3,100,0,1017,70,20.1,0,2,77
2025-04-02T19:00:00,4/3/2025 2:00,Hoàn Kiếm,VN,Asia/Ho_Chi_Minh,255,79.6,22.3,17.5,200.3,,18.3,100,0,1017,71,20,0,1.66,71
2025-04-02T20:00:00,4/3/2025 3:00,Hoàn Kiếm,VN,Asia/Ho_Chi_Minh,238,149.2,23.7,27.3,154.7,,33.7,100,0,1017,73,19.8,0,1.33,75
2025-04-02T21:00:00,4/3/2025 4:00,Hoàn Kiếm,VN,Asia/Ho_Chi_Minh,220,218.9,25,37,109,,49,100,0,1017,74,19.7,0,1,139
2025-04-02T22:00:00,4/3/2025 5:00,Hoàn Kiếm,VN,Asia/Ho_Chi_Minh,243,252.1,26.3,34,127.3,,53,100,0,1017,74,19.7,0,0.66,159
2025-04-02T23:00:00,4/3/2025 6:00,Hoàn Kiếm,VN,Asia/Ho_Chi_Minh,267,285.4,27.7,31,145.7,,57,100,0,1018,75,19.6,1.9,0.33,163
2025-04-03T00:00:00,4/3/2025 7:00,Hoàn Kiếm,VN,Asia/Ho_Chi_Minh,161,318.6,29,28,164,,61,100,0,1019,75,19.6,2.1,0.8,151.67
2025-04-03T01:00:00,4/3/2025 8:00,Hoàn Kiếm,VN,Asia/Ho_Chi_Minh,184,264.4,24.3,62.7,101.3,,73.7,14,0,1019,66,20.8,3.2,1,148
2025-04-03T02:00:00,4/3/2025 9:00,Hoàn Kiếm,VN,Asia/Ho_Chi_Minh,233,210.1,19.7,97.3,123.3,,86.3,17,0,1019,59,22,5.1,2,134.67
2025-04-03T03:00:00,4/3/2025 10:00,Hoàn Kiếm,VN,Asia/Ho_Chi_Minh,204,155.8,15,132,103,,99,9,0,1020,52,23.2,7.9,3,121.33
2025-04-03T04:00:00,4/3/2025 11:00,Hoàn Kiếm,VN,Asia/Ho_Chi_Minh,193,152.3,12,148.7,94,,83,4,0,1019,52,23.9,10.3,3,108
2025-04-03T05:00:00,4/3/2025 12:00,Hoàn Kiếm,VN,Asia/Ho_Chi_Minh,182,148.8,9,165.3,85,,67,7,0,1017,51,24.6,10.8,3,125.67
2025-04-03T06:00:00,4/3/2025 13:00,Hoàn Kiếm,VN,Asia/Ho_Chi_Minh,171,145.3,6,182,76,,51,8,0,1016,51,25.3,10,3,143.33
2025-04-03T07:00:00,4/3/2025 14:00,Hoàn Kiếm,VN,Asia/Ho_Chi_Minh,148,142,6.3,179.7,66.3,,47.3,16,0,1015,51,25.6,7.5,3,161
2025-04-03T08:00:00,4/3/2025 15:00,Hoàn Kiếm,VN,Asia/Ho_Chi_Minh,154,138.7,6.7,177.3,68.7,,43.7,5,0,1014,50,26,5.5,3,81
2025-04-03T09:00:00,4/3/2025 16:00,Hoàn Kiếm,VN,Asia/Ho_Chi_Minh,145,135.4,7,175,65,,40,4,0,1013,50,26.3,3.4,3,117.67
2025-04-03T10:00:00,4/3/2025 17:00,Hoàn Kiếm,VN,Asia/Ho_Chi_Minh,145,144.1,11.3,157.3,65,,48.3,3,0,1013,52,25.3,2.3,2.66,96
2025-04-03T11:00:00,4/3/2025 18:00,Hoàn Kiếm,VN,Asia/Ho_Chi_Minh,145,152.9,15.7,139.7,65,,56.7,6,0,1013,55,24.4,2,2.33,87.67
2025-04-03T12:00:00,4/3/2025 19:00,Hoàn Kiếm,VN,Asia/Ho_Chi_Minh,145,161.7,20,122,65,,65,8,0,1013,57,23.4,0,2,79.33
2025-04-03T13:00:00,4/3/2025 20:00,Hoàn Kiếm,VN,Asia/Ho_Chi_Minh,155,175.7,21.7,109,73.8,,68,1,0,1014,61,22.7,0,2.33,71
2025-04-03T14:00:00,4/3/2025 21:00,Hoàn Kiếm,VN,Asia/Ho_Chi_Minh,155,189.7,23.3,96,73.8,,71,0,0,1014,66,22,0,2.66,53
2025-04-03T15:00:00,4/3/2025 22:00,Hoàn Kiếm,VN,Asia/Ho_Chi_Minh,145,203.7,25,83,65,,74,0,0,1015,70,21.3,0,3,58.33
2025-04-03T16:00:00,4/3/2025 23:00,Hoàn Kiếm,VN,Asia/Ho_Chi_Minh,147,217.7,25.3,77.3,65.8,,71,0,0,1014,75,20.6,0,3,52
2025-04-03T17:00:00,4/4/2025 0:00,Hoàn Kiếm,VN,Asia/Ho_Chi_Minh,148,10,25.7,4.1,132,,1,0,0,1014,79,20,0,3,52
2025-04-03T18:00:00,4/4/2025 1:00,Hoàn Kiếm,VN,Asia/Ho_Chi_Minh,150,245.7,26,66,67.5,,65,0,0,1014,84,19.3,0,3,52
2025-04-03T19:00:00,4/4/2025 2:00,Hoàn Kiếm,VN,Asia/Ho_Chi_Minh,152,249.6,25.3,64.7,71.3,,62,6,0,1014,86,19,0,2.66,52
2025-04-03T20:00:00,4/4/2025 3:00,Hoàn Kiếm,VN,Asia/Ho_Chi_Minh,152,253.5,24.7,63.3,71.3,,59,0,0,1013,87,18.7,0,2.33,59
2025-04-03T21:00:00,4/4/2025 4:00,Hoàn Kiếm,VN,Asia/Ho_Chi_Minh,163,257.4,24,62,81.3,,56,0,0,1013,89,18.4,0,2,59
2025-04-03T22:00:00,4/4/2025 5:00,Hoàn Kiếm,VN,Asia/Ho_Chi_Minh,188,174.9,22.7,42.3,94.8,,37.7,12,0,1013,89,18.6,0,1.66,52
2025-04-03T23:00:00,4/4/2025 6:00,Hoàn Kiếm,VN,Asia/Ho_Chi_Minh,163,92.5,21.3,22.5,81.3,,19.3,79,0,1014,89,18.8,0.9,1.33,52.67
2025-04-04T00:00:00,4/4/2025 7:00,Hoàn Kiếm,VN,Asia/Ho_Chi_Minh,239,10,20,2.8,122,,1,100,0,1014,89,19,0.8,1,53
2025-04-04T01:00:00,4/4/2025 8:00,Hoàn Kiếm,VN,Asia/Ho_Chi_Minh,142,10,51,42.5,66,,17,91,0,1014,84,20.3,1.3,1.33,54
2025-04-04T02:00:00,4/4/2025 9:00,Hoàn Kiếm,VN,Asia/Ho_Chi_Minh,185,95.9,16,82.3,84.7,,33,83,0,1014,79,21.6,2.3,1.66,57
2025-04-04T03:00:00,4/4/2025 10:00,Hoàn Kiếm,VN,Asia/Ho_Chi_Minh,159,138.9,14,122,66,,49,75,0,1015,75,22.9,3.1,2,57
2025-04-04T04:00:00,4/4/2025 11:00,Hoàn Kiếm,VN,Asia/Ho_Chi_Minh,161,148.8,13.3,128,71.9,,50,75,0,1014,68,23.9,3.9,1.66,65
2025-04-04T05:00:00,4/4/2025 12:00,Hoàn Kiếm,VN,Asia/Ho_Chi_Minh,163,158.7,12.7,134,77.8,,51,75,0,1012,62,24.8,3.8,1.33,84
2025-04-04T06:00:00,4/4/2025 13:00,Hoàn Kiếm,VN,Asia/Ho_Chi_Minh,165,168.7,12,140,83.8,,52,75,0,1011,57,25.8,3.4,1,65
2025-04-04T07:00:00,4/4/2025 14:00,Hoàn Kiếm,VN,Asia/Ho_Chi_Minh,239,10,11.3,20.3,122,,2,75,0,1010,58,25.7,2.6,1,122
2025-04-04T08:00:00,4/4/2025 15:00,Hoàn Kiếm,VN,Asia/Ho_Chi_Minh,239,10,10.7,14.6,122,,1,75,0,1009,59,25.7,1.8,1,51
2025-04-04T09:00:00,4/4/2025 16:00,Hoàn Kiếm,VN,Asia/Ho_Chi_Minh,246,10,10,20.3,128,,3,75,0,1008,61,25.6,1.3,1,82
2025-04-04T10:00:00,4/4/2025 17:00,Hoàn Kiếm,VN,Asia/Ho_Chi_Minh,213,54.7,12.3,44.9,103.7,,14.3,58,0,1009,66,24.8,1.6,1.33,62
2025-04-04T11:00:00,4/4/2025 18:00,Hoàn Kiếm,VN,Asia/Ho_Chi_Minh,115,99.4,14.7,69.4,51.3,,25.7,41,0,1009,71,24,1.6,1.66,63.67
2025-04-04T12:00:00,4/4/2025 19:00,Hoàn Kiếm,VN,Asia/Ho_Chi_Minh,148,144.1,17,94,55,,37,25,0,1009,76,23.2,0,2,65.33
2025-04-04T13:00:00,4/4/2025 20:00,Hoàn Kiếm,VN,Asia/Ho_Chi_Minh,153,143.4,17.7,88.7,57.3,,41.3,45,0,1010,79,22.9,0,2,67
2025-04-04T14:00:00,4/4/2025 21:00,Hoàn Kiếm,VN,Asia/Ho_Chi_Minh,152,142.6,18.3,83.3,59.7,,45.7,66,0,1011,81,22.7,0,2,122
2025-04-04T15:00:00,4/4/2025 22:00,Hoàn Kiếm,VN,Asia/Ho_Chi_Minh,155,141.8,19,78,62,,50,87,0,1012,84,22.4,0,2,122
2025-04-04T16:00:00,4/4/2025 23:00,Hoàn Kiếm,VN,Asia/Ho_Chi_Minh,157,147.8,19.7,73,64,,48.7,91,0,1012,86,22,0,2,128
2025-04-04T17:00:00,4/5/2025 0:00,Hoàn Kiếm,VN,Asia/Ho_Chi_Minh,159,153.9,20.3,68,66,,47.3,95,0,1012,88,21.5,0,2,103
2025-04-04T18:00:00,4/5/2025 1:00,Hoàn Kiếm,VN,Asia/Ho_Chi_Minh,161,159.9,21,63,68,,46,100,0,1012,90,21.1,0,2,41
2025-04-04T19:00:00,4/5/2025 2:00,Hoàn Kiếm,VN,Asia/Ho_Chi_Minh,161,160.5,20,63.3,68,,44,100,0,1012,90,20.9,0,1.33,53
2025-04-04T20:00:00,4/5/2025 3:00,Hoàn Kiếm,VN,Asia/Ho_Chi_Minh,161,161.1,19,63.7,68,,42,100,0,1012,90,20.8,0,0.66,55
2025-04-04T21:00:00,4/5/2025 4:00,Hoàn Kiếm,VN,Asia/Ho_Chi_Minh,161,161.7,18,64,68,,40,100,0,1012,91,20.6,0,2.4,57
2025-04-04T22:00:00,4/5/2025 5:00,Hoàn Kiếm,VN,Asia/Ho_Chi_Minh,158,176.2,19.7,58,69.1,,45.3,100,0,1013,91,20.6,0,2,59
2025-04-04T23:00:00,4/5/2025 6:00,Hoàn Kiếm,VN,Asia/Ho_Chi_Minh,188,10,21.3,8.2,84,,5,100,0,1013,91,20.6,0.6,1.6,60.67
2025-04-05T00:00:00,4/5/2025 7:00,Hoàn Kiếm,VN,Asia/Ho_Chi_Minh,152,205.4,23,46,71.3,,56,100,0,1014,92,20.6,0.7,1.2,62.33
2025-04-05T01:00:00,4/5/2025 8:00,Hoàn Kiếm,VN,Asia/Ho_Chi_Minh,150,197.8,22.3,56,67.5,,66.7,100,0,1014,93,20.8,1.1,0.66,64
2025-04-05T02:00:00,4/5/2025 9:00,Hoàn Kiếm,VN,Asia/Ho_Chi_Minh,153,190.3,21.7,66,68.8,,77.3,100,0,1015,94,20.9,1.8,1.33,64
2025-04-05T03:00:00,4/5/2025 10:00,Hoàn Kiếm,VN,Asia/Ho_Chi_Minh,150,182.7,21,76,67.5,,88,100,0,1015,95,21.1,2.6,2,64
2025-04-05T04:00:00,4/5/2025 11:00,Hoàn Kiếm,VN,Asia/Ho_Chi_Minh,152,188.5,21.7,83.7,71.3,,105.3,100,0,1014,92,21.6,3.3,2,64
2025-04-05T05:00:00,4/5/2025 12:00,Hoàn Kiếm,VN,Asia/Ho_Chi_Minh,152,194.3,22.3,91.3,71.3,,122.7,100,0,1014,90,22.2,3.6,2,61.67
2025-04-05T06:00:00,4/5/2025 13:00,Hoàn Kiếm,VN,Asia/Ho_Chi_Minh,155,200.2,23,99,73.8,,140,100,0,1013,87,22.7,3.3,2,84
2025-04-05T07:00:00,4/5/2025 14:00,Hoàn Kiếm,VN,Asia/Ho_Chi_Minh,153,210.1,24.3,104,72.1,,141,100,0,1012,88,22.5,2.6,1.33,57
2025-04-05T08:00:00,4/5/2025 15:00,Hoàn Kiếm,VN,Asia/Ho_Chi_Minh,153,220,25.7,109,68.8,,142,100,0,1012,88,22.2,1.8,0.66,54
2025-04-05T09:00:00,4/5/2025 16:00,Hoàn Kiếm,VN,Asia/Ho_Chi_Minh,153,229.9,27,114,68.8,,143,100,0,1011,88,22,1.1,2,55
2025-04-05T10:00:00,4/5/2025 17:00,Hoàn Kiếm,VN,Asia/Ho_Chi_Minh,171,253.9,30.7,97.7,88.8,,136.7,100,0,1011,88,22,0.7,1.2,54
2025-04-05T11:00:00,4/5/2025 18:00,Hoàn Kiếm,VN,Asia/Ho_Chi_Minh,160,10,34.3,6.4,274,,6,100,0,1012,88,22,0.6,0.8,57
2025-04-05T12:00:00,4/5/2025 19:00,Hoàn Kiếm,VN,Asia/Ho_Chi_Minh,187,301.7,38,65,103.8,,124,100,0,1012,88,22,0,0.8,57
2025-04-05T13:00:00,4/5/2025 20:00,Hoàn Kiếm,VN,Asia/Ho_Chi_Minh,192,334.4,43.7,52,108.8,,128,100,0,1013,89,21.9,0,0.33,59
2025-04-05T14:00:00,4/5/2025 21:00,Hoàn Kiếm,VN,Asia/Ho_Chi_Minh,203,367.1,49.3,39,118.8,,132,100,0,1013,89,21.8,0,0.66,57.67
2025-04-05T15:00:00,4/5/2025 22:00,Hoàn Kiếm,VN,Asia/Ho_Chi_Minh,203,399.8,55,26,118.8,,136,100,0.25,1014,90,21.7,0,1,55
2025-04-05T16:00:00,4/5/2025 23:00,Hoàn Kiếm,VN,Asia/Ho_Chi_Minh,197,408.9,57.3,20,113.8,,133,100,0.75,1014,91,21.6,0,0.66,55
2025-04-05T17:00:00,4/6/2025 0:00,Hoàn Kiếm,VN,Asia/Ho_Chi_Minh,200,418.1,59.7,14,116.3,,130,100,0.25,1014,92,21.6,0,0.33,71
2025-04-05T18:00:00,4/6/2025 1:00,Hoàn Kiếm,VN,Asia/Ho_Chi_Minh,203,427.2,62,8,118.8,,127,100,0.25,1014,93,21.5,0,0.4,13
2025-04-05T19:00:00,4/6/2025 2:00,Hoàn Kiếm,VN,Asia/Ho_Chi_Minh,196,439.1,63.7,5.3,112.1,,128.7,100,0,1013,93,21.2,0,0.33,83
2025-04-05T20:00:00,4/6/2025 3:00,Hoàn Kiếm,VN,Asia/Ho_Chi_Minh,203,450.9,65.3,2.7,118.8,,130.3,100,0,1013,93,20.9,0,0.66,87
2025-04-05T21:00:00,4/6/2025 4:00,Hoàn Kiếm,VN,Asia/Ho_Chi_Minh,181,462.8,67,0,98.8,,132,100,0,1013,94,20.6,0,1,95
2025-04-05T22:00:00,4/6/2025 5:00,Hoàn Kiếm,VN,Asia/Ho_Chi_Minh,203,508.1,67,3,118.8,,142,100,0,1013,94,20.6,0,0.66,95
2025-04-05T23:00:00,4/6/2025 6:00,Hoàn Kiếm,VN,Asia/Ho_Chi_Minh,199,553.4,67,6,115.4,,152,100,0,1014,94,20.7,0.6,0.33,91
2025-04-06T00:00:00,4/6/2025 7:00,Hoàn Kiếm,VN,Asia/Ho_Chi_Minh,208,598.8,67,9,123.8,,162,100,0,1014,94,20.7,0.7,0.4,93
2025-04-06T01:00:00,4/6/2025 8:00,Hoàn Kiếm,VN,Asia/Ho_Chi_Minh,211,478.9,55,33.3,126.3,,154.3,100,0,1014,90,21.5,1.4,0.66,95
2025-04-06T02:00:00,4/6/2025 9:00,Hoàn Kiếm,VN,Asia/Ho_Chi_Minh,240,359.1,43,57.7,153.8,,146.7,100,0,1015,87,22.2,2.3,1.33,89.67
2025-04-06T03:00:00,4/6/2025 10:00,Hoàn Kiếm,VN,Asia/Ho_Chi_Minh,258,239.3,31,82,171.3,,139,100,0,1015,84,23,3,2,95
2025-04-06T04:00:00,4/6/2025 11:00,Hoàn Kiếm,VN,Asia/Ho_Chi_Minh,248,229.4,27.3,94.3,161.3,,123.7,100,0,1015,81,23.5,3.8,2,79
2025-04-06T05:00:00,4/6/2025 12:00,Hoàn Kiếm,VN,Asia/Ho_Chi_Minh,258,219.4,23.7,106.7,171.3,,108.3,100,0,1014,78,24.1,3.6,2,95
2025-04-06T06:00:00,4/6/2025 13:00,Hoàn Kiếm,VN,Asia/Ho_Chi_Minh,258,209.5,20,119,171.3,,93,100,0,1013,76,24.6,3.5,2,92.33
2025-04-06T07:00:00,4/6/2025 14:00,Hoàn Kiếm,VN,Asia/Ho_Chi_Minh,237,204.6,18.3,128.3,151.3,,81,100,0,1013,78,24.1,2.7,2.33,99
2025-04-06T08:00:00,4/6/2025 15:00,Hoàn Kiếm,VN,Asia/Ho_Chi_Minh,195,199.8,16.7,137.7,101.1,,69,100,0,1012,81,23.5,1.8,2.66,101
2025-04-06T09:00:00,4/6/2025 16:00,Hoàn Kiếm,VN,Asia/Ho_Chi_Minh,163,194.9,15,147,66,,57,100,0,1012,84,23,1.1,3,123
2025-04-06T10:00:00,4/6/2025 17:00,Hoàn Kiếm,VN,Asia/Ho_Chi_Minh,167,204.5,19,126,69.3,,59,100,0,1012,86,22.8,0.9,2.33,137
2025-04-06T11:00:00,4/6/2025 18:00,Hoàn Kiếm,VN,Asia/Ho_Chi_Minh,172,214,23,105,72.7,,61,100,0,1012,87,22.7,0.9,1.66,129
2025-04-06T12:00:00,4/6/2025 19:00,Hoàn Kiếm,VN,Asia/Ho_Chi_Minh,176,223.5,27,84,76,,63,100,0,1013,89,22.5,0,1,137
2025-04-06T13:00:00,4/6/2025 20:00,Hoàn Kiếm,VN,Asia/Ho_Chi_Minh,172,215.3,26.3,79.3,72.3,,67.7,100,0,1013,89,22.3,0,0.66,137
2025-04-06T14:00:00,4/6/2025 21:00,Hoàn Kiếm,VN,Asia/Ho_Chi_Minh,167,207.2,25.7,74.7,68.7,,72.3,100,0,1014,90,22.2,0,0.33,121
2025-04-06T15:00:00,4/6/2025 22:00,Hoàn Kiếm,VN,Asia/Ho_Chi_Minh,163,199,25,70,65,,77,100,0,1015,90,22,0,1.6,89
2025-04-06T16:00:00,4/6/2025 23:00,Hoàn Kiếm,VN,Asia/Ho_Chi_Minh,162,190.8,23.3,70.3,65,,71.3,100,0,1014,90,21.8,0,1,65
2025-04-06T17:00:00,4/7/2025 0:00,Hoàn Kiếm,VN,Asia/Ho_Chi_Minh,162,182.7,21.7,70.7,65,,65.7,100,0,1014,90,21.7,0,2,68.33
2025-04-06T18:00:00,4/7/2025 1:00,Hoàn Kiếm,VN,Asia/Ho_Chi_Minh,161,174.5,20,71,65,,60,100,0,1014,90,21.5,0,3,71.67
2025-04-06T19:00:00,4/7/2025 2:00,Hoàn Kiếm,VN,Asia/Ho_Chi_Minh,165,175.5,19.7,70,67.7,,59.3,100,0,1014,91,21.1,0,3,75
2025-04-06T20:00:00,4/7/2025 3:00,Hoàn Kiếm,VN,Asia/Ho_Chi_Minh,169,176.4,19.3,69,70.3,,58.7,100,0,1014,93,20.6,0,3,71.67
2025-04-06T21:00:00,4/7/2025 4:00,Hoàn Kiếm,VN,Asia/Ho_Chi_Minh,173,177.4,19,68,73,,58,100,0,1014,94,20.2,0,3,68.33
2025-04-06T22:00:00,4/7/2025 5:00,Hoàn Kiếm,VN,Asia/Ho_Chi_Minh,173,186,19.7,66.7,79.1,,61.7,100,0,1014,93,20.2,0,2.33,65
2025-04-06T23:00:00,4/7/2025 6:00,Hoàn Kiếm,VN,Asia/Ho_Chi_Minh,163,194.5,20.3,65.3,81.3,,65.3,100,0.25,1015,93,20.2,0.6,1.66,64.67
2025-04-07T00:00:00,4/7/2025 7:00,Hoàn Kiếm,VN,Asia/Ho_Chi_Minh,173,203.1,21,64,91.3,,69,100,0.25,1015,92,20.2,0.7,1,64.33
2025-04-07T01:00:00,4/7/2025 8:00,Hoàn Kiếm,VN,Asia/Ho_Chi_Minh,181,188.7,20.3,74,98.8,,71.7,100,0,1015,93,20.4,1.1,1.33,64
2025-04-07T02:00:00,4/7/2025 9:00,Hoàn Kiếm,VN,Asia/Ho_Chi_Minh,192,174.3,19.7,84,108.8,,74.3,100,0,1016,95,20.5,1.8,1.66,67
2025-04-07T03:00:00,4/7/2025 10:00,Hoàn Kiếm,VN,Asia/Ho_Chi_Minh,164,159.9,19,94,67,,77,100,0,1017,96,20.7,2.7,2,70
2025-04-07T04:00:00,4/7/2025 11:00,Hoàn Kiếm,VN,Asia/Ho_Chi_Minh,195,166.9,19,101,111.3,,72.7,100,0,1016,92,21.5,3.4,2,73
2025-04-07T05:00:00,4/7/2025 12:00,Hoàn Kiếm,VN,Asia/Ho_Chi_Minh,197,173.9,19,108,113.8,,68.3,100,0,1015,89,22.4,3.6,2,73
2025-04-07T06:00:00,4/7/2025 13:00,Hoàn Kiếm,VN,Asia/Ho_Chi_Minh,197,180.9,19,115,113.8,,64,100,0,1014,85,23.2,3.4,2,65
2025-04-07T07:00:00,4/7/2025 14:00,Hoàn Kiếm,VN,Asia/Ho_Chi_Minh,203,179.6,18,119.7,118.8,,61.7,100,0,1013,83,23.6,2.6,2,73
2025-04-07T08:00:00,4/7/2025 15:00,Hoàn Kiếm,VN,Asia/Ho_Chi_Minh,219,178.2,17,124.3,133.8,,59.3,100,0,1013,80,24.1,1.8,2,79
2025-04-07T09:00:00,4/7/2025 16:00,Hoàn Kiếm,VN,Asia/Ho_Chi_Minh,227,176.8,16,129,141.3,,57,100,0,1012,78,24.5,1.1,2,87
2025-04-07T10:00:00,4/7/2025 17:00,Hoàn Kiếm,VN,Asia/Ho_Chi_Minh,234,194.3,21.7,109.3,147.9,,61,87,0,1012,80,24.1,0.7,2,66
2025-04-07T11:00:00,4/7/2025 18:00,Hoàn Kiếm,VN,Asia/Ho_Chi_Minh,232,211.8,27.3,89.7,146.3,,65,75,0,1013,82,23.6,0.7,2,89
2025-04-07T12:00:00,4/7/2025 19:00,Hoàn Kiếm,VN,Asia/Ho_Chi_Minh,248,229.4,33,70,161.3,,69,62,0,1014,85,23.2,0,2,91
2025-04-07T13:00:00,4/7/2025 20:00,Hoàn Kiếm,VN,Asia/Ho_Chi_Minh,195,10,80,69,102,,74.7,75,0,1014,86,22.9,0,2,91
2025-04-07T14:00:00,4/7/2025 21:00,Hoàn Kiếm,VN,Asia/Ho_Chi_Minh,216,214.6,29.7,68,131.3,,80.3,87,0,1015,88,22.5,0,2,95
2025-04-07T15:00:00,4/7/2025 22:00,Hoàn Kiếm,VN,Asia/Ho_Chi_Minh,203,207.2,28,67,118.8,,86,100,0.25,1016,89,22.2,0,2,107
2025-04-07T16:00:00,4/7/2025 23:00,Hoàn Kiếm,VN,Asia/Ho_Chi_Minh,196,212.6,27.3,63.3,112.1,,83.3,100,0.5,1015,89,22,0,2,113
2025-04-07T17:00:00,4/8/2025 0:00,Hoàn Kiếm,VN,Asia/Ho_Chi_Minh,200,218.1,26.7,59.7,116.3,,80.7,100,0,1015,89,21.7,0,2,118.33
2025-04-07T18:00:00,4/8/2025 1:00,Hoàn Kiếm,VN,Asia/Ho_Chi_Minh,181,223.5,26,56,98.8,,78,100,0,1014,88,21.5,0,2,117
2025-04-07T19:00:00,4/8/2025 2:00,Hoàn Kiếm,VN,Asia/Ho_Chi_Minh,179,230.1,26,53,96.3,,76.7,100,0,1014,90,21.2,0,2.33,129
2025-04-07T20:00:00,4/8/2025 3:00,Hoàn Kiếm,VN,Asia/Ho_Chi_Minh,205,236.7,26,50,104.3,,75.3,100,0,1013,91,20.9,0,2.66,89
2025-04-07T21:00:00,4/8/2025 4:00,Hoàn Kiếm,VN,Asia/Ho_Chi_Minh,217,243.4,26,47,107,,74,100,0,1013,92,20.6,0,3,105
2025-04-07T22:00:00,4/8/2025 5:00,Hoàn Kiếm,VN,Asia/Ho_Chi_Minh,219,235.8,25.3,51.3,108.7,,75.7,100,0,1013,92,20.7,0,2.66,95
2025-04-07T23:00:00,4/8/2025 6:00,Hoàn Kiếm,VN,Asia/Ho_Chi_Minh,222,228.2,24.7,55.7,110.3,,77.3,100,0,1014,93,20.9,0.7,2.33,89.67
2025-04-08T00:00:00,4/8/2025 7:00,Hoàn Kiếm,VN,Asia/Ho_Chi_Minh,224,220.6,24,60,112,,79,100,0,1015,93,21,0.7,2,93
2025-04-08T01:00:00,4/8/2025 8:00,Hoàn Kiếm,VN,Asia/Ho_Chi_Minh,213,203.1,23.3,72,104,,80.7,91,0,1015,89,22,1.1,1.66,79
2025-04-08T02:00:00,4/8/2025 9:00,Hoàn Kiếm,VN,Asia/Ho_Chi_Minh,203,185.6,22.7,84,96,,82.3,83,0,1015,85,23,1.8,1.33,77
2025-04-08T03:00:00,4/8/2025 10:00,Hoàn Kiếm,VN,Asia/Ho_Chi_Minh,192,168.1,22,96,88,,84,75,0,1016,81,24,2.7,1,97
2025-04-08T04:00:00,4/8/2025 11:00,Hoàn Kiếm,VN,Asia/Ho_Chi_Minh,188,159.9,20.7,96.3,85.3,,70,79,0,1015,78,25,3.3,1,106
2025-04-08T05:00:00,4/8/2025 12:00,Hoàn Kiếm,VN,Asia/Ho_Chi_Minh,185,151.7,19.3,96.7,82.7,,56,83,0,1014,75,26,3.6,1,107.67
2025-04-08T06:00:00,4/8/2025 13:00,Hoàn Kiếm,VN,Asia/Ho_Chi_Minh,181,143.6,18,97,80,,42,87,0,1013,72,27,3.3,1,109.33
2025-04-08T07:00:00,4/8/2025 14:00,Hoàn Kiếm,VN,Asia/Ho_Chi_Minh,176,146.9,18.3,96,76.3,,43.7,83,0,1014,75,26,2.6,1,111
2025-04-08T08:00:00,4/8/2025 15:00,Hoàn Kiếm,VN,Asia/Ho_Chi_Minh,172,150.2,18.7,95,72.7,,45.3,79,0,1015,78,25,1.8,1,103
2025-04-08T09:00:00,4/8/2025 16:00,Hoàn Kiếm,VN,Asia/Ho_Chi_Minh,167,153.5,19,94,69,,47,75,0,1016,81,24,1.6,1,95
2025-04-08T10:00:00,4/8/2025 17:00,Hoàn Kiếm,VN,Asia/Ho_Chi_Minh,158,148.4,21.3,82.3,62.7,,47,83,0,1014,81,24.5,2.2,1.33,87
2025-04-08T11:00:00,4/8/2025 18:00,Hoàn Kiếm,VN,Asia/Ho_Chi_Minh,154,143.4,23.7,70.7,56.3,,47,91,0,1013,82,25,1.8,1.66,84.33
2025-04-08T12:00:00,4/8/2025 19:00,Hoàn Kiếm,VN,Asia/Ho_Chi_Minh,137,138.3,26,59,50,,47,100,0,1012,82,25.5,0,2,81.67
2025-04-08T13:00:00,4/8/2025 20:00,Hoàn Kiếm,VN,Asia/Ho_Chi_Minh,134,145.3,26.3,55.3,49,,51.3,87,0,1012,85,24.8,0,2.33,79
2025-04-08T14:00:00,4/8/2025 21:00,Hoàn Kiếm,VN,Asia/Ho_Chi_Minh,131,152.3,26.7,51.7,48,,55.7,75,0,1013,87,24.2,0,2.66,75.33
2025-04-08T15:00:00,4/8/2025 22:00,Hoàn Kiếm,VN,Asia/Ho_Chi_Minh,129,159.3,27,48,47,,60,62,0,1013,90,23.5,0,3,71.67
2025-04-08T16:00:00,4/8/2025 23:00,Hoàn Kiếm,VN,Asia/Ho_Chi_Minh,153,163.8,27,45,61.8,,56.3,75,0,1013,91,23.4,0,2.66,68
2025-04-08T17:00:00,4/9/2025 0:00,Hoàn Kiếm,VN,Asia/Ho_Chi_Minh,161,168.3,27,42,76.5,,52.7,87,0,1012,92,23.3,0,2.33,61.67
2025-04-08T18:00:00,4/9/2025 1:00,Hoàn Kiếm,VN,Asia/Ho_Chi_Minh,173,172.7,27,39,91.3,,49,100,0,1012,93,23.2,0,2,55.33
2025-04-08T19:00:00,4/9/2025 2:00,Hoàn Kiếm,VN,Asia/Ho_Chi_Minh,168,172.2,25.7,37.3,86.3,,42.7,100,0,1011,93,23,0,1.66,49
2025-04-08T20:00:00,4/9/2025 3:00,Hoàn Kiếm,VN,Asia/Ho_Chi_Minh,163,171.6,24.3,35.7,81.3,,36.3,100,0,1010,93,22.9,0,1.33,48
2025-04-08T21:00:00,4/9/2025 4:00,Hoàn Kiếm,VN,Asia/Ho_Chi_Minh,193,171,23,34,89,,30,100,0,1010,93,22.7,0,1,47
2025-04-08T22:00:00,4/9/2025 5:00,Hoàn Kiếm,VN,Asia/Ho_Chi_Minh,160,164,21.7,38.3,78.8,,28.7,100,0,1010,93,22.8,0,1.33,46
2025-04-08T23:00:00,4/9/2025 6:00,Hoàn Kiếm,VN,Asia/Ho_Chi_Minh,145,157,20.3,42.7,65,,27.3,100,0,1011,93,22.9,0.6,1.66,55
2025-04-09T00:00:00,4/9/2025 7:00,Hoàn Kiếm,VN,Asia/Ho_Chi_Minh,187,150,19,47,85,,26,100,0,1011,92,23,0.7,2,64
2025-04-09T01:00:00,4/9/2025 8:00,Hoàn Kiếm,VN,Asia/Ho_Chi_Minh,139,143,16.7,58.7,62.5,,27.7,100,0,1012,89,23.7,1.1,2.66,73
2025-04-09T02:00:00,4/9/2025 9:00,Hoàn Kiếm,VN,Asia/Ho_Chi_Minh,158,136,14.3,70.3,70.8,,29.3,100,0,1012,85,24.5,1.8,3.33,69
2025-04-09T03:00:00,4/9/2025 10:00,Hoàn Kiếm,VN,Asia/Ho_Chi_Minh,142,129,12,82,63.8,,31,100,0,1012,82,25.2,2.7,4,65
2025-04-09T04:00:00,4/9/2025 11:00,Hoàn Kiếm,VN,Asia/Ho_Chi_Minh,145,128,10.3,89.7,65,,32.3,100,0,1011,80,25.9,3.4,3.66,88
2025-04-09T05:00:00,4/9/2025 12:00,Hoàn Kiếm,VN,Asia/Ho_Chi_Minh,160,127,8.7,97.3,78.8,,33.7,100,0,1010,78,26.5,3.6,3.33,63
2025-04-09T06:00:00,4/9/2025 13:00,Hoàn Kiếm,VN,Asia/Ho_Chi_Minh,168,126.1,7,105,86.3,,35,100,0,1009,76,27.2,3.3,3,52
2025-04-09T07:00:00,4/9/2025 14:00,Hoàn Kiếm,VN,Asia/Ho_Chi_Minh,171,125.3,7,106.7,88.8,,32.7,100,0,1008,75,27.2,2.6,3,83
2025-04-09T08:00:00,4/9/2025 15:00,Hoàn Kiếm,VN,Asia/Ho_Chi_Minh,166,124.5,7,108.3,84.6,,30.3,100,0,1007,74,27.2,1.8,3,50
2025-04-09T09:00:00,4/9/2025 16:00,Hoàn Kiếm,VN,Asia/Ho_Chi_Minh,165,123.7,7,110,83.8,,28,100,0,1006,73,27.2,1.3,3,61.67
2025-04-09T10:00:00,4/9/2025 17:00,Hoàn Kiếm,VN,Asia/Ho_Chi_Minh,165,127.2,10.7,97,83.8,,32.3,100,0,1006,75,26.9,1,3,51
2025-04-09T11:00:00,4/9/2025 18:00,Hoàn Kiếm,VN,Asia/Ho_Chi_Minh,165,130.7,14.3,84,83.8,,36.7,100,0,1007,77,26.5,0.8,3,52
2025-04-09T12:00:00,4/9/2025 19:00,Hoàn Kiếm,VN,Asia/Ho_Chi_Minh,150,134.2,18,71,67.5,,41,100,0,1007,80,26.2,0,3,63
2025-04-09T13:00:00,4/9/2025 20:00,Hoàn Kiếm,VN,Asia/Ho_Chi_Minh,142,133.6,17.7,67.7,60.7,,36.7,100,0,1007,82,25.7,0,2.66,69
2025-04-09T14:00:00,4/9/2025 21:00,Hoàn Kiếm,VN,Asia/Ho_Chi_Minh,134,133.1,17.3,64.3,53.8,,32.3,100,0,1008,85,25.2,0,2.33,71
2025-04-09T15:00:00,4/9/2025 22:00,Hoàn Kiếm,VN,Asia/Ho_Chi_Minh,126,132.5,17,61,47,,28,100,0,1009,88,24.7,0,2,67.67
2025-04-09T16:00:00,4/9/2025 23:00,Hoàn Kiếm,VN,Asia/Ho_Chi_Minh,153,131.3,16.3,58,68.8,,24.3,100,0,1008,90,24.3,0,2,67
2025-04-09T17:00:00,4/10/2025 0:00,Hoàn Kiếm,VN,Asia/Ho_Chi_Minh,150,130.1,15.7,55,67.5,,20.7,100,0,1008,92,23.9,0,2,67
2025-04-09T18:00:00,4/10/2025 1:00,Hoàn Kiếm,VN,Asia/Ho_Chi_Minh,145,129,15,52,65,,17,100,0,1007,94,23.5,0,2,67
2025-04-09T19:00:00,4/10/2025 2:00,Hoàn Kiếm,VN,Asia/Ho_Chi_Minh,165,10,15.3,10.6,100,,1,100,0,1007,95,23.4,0,1.66,54
2025-04-09T20:00:00,4/10/2025 3:00,Hoàn Kiếm,VN,Asia/Ho_Chi_Minh,175,49.7,15.7,18.6,84.3,,6.3,100,0,1007,96,23.3,0,1.33,51
2025-04-09T21:00:00,4/10/2025 4:00,Hoàn Kiếm,VN,Asia/Ho_Chi_Minh,189,10,16,1.9,94,,1,100,0,1006,97,23.2,0,1,48
2025-04-09T22:00:00,4/10/2025 5:00,Hoàn Kiếm,VN,Asia/Ho_Chi_Minh,155,10,17,1.6,78,,1,100,0.5,1007,96,23.2,0,1.33,45
2025-04-09T23:00:00,4/10/2025 6:00,Hoàn Kiếm,VN,Asia/Ho_Chi_Minh,139,95.2,18,33.3,62.5,,24.3,100,0,1007,95,23.2,0.6,1.66,55
2025-04-10T00:00:00,4/10/2025 7:00,Hoàn Kiếm,VN,Asia/Ho_Chi_Minh,139,137.7,19,49,62.5,,36,100,0,1007,94,23.2,0.7,2,54
2025-04-10T01:00:00,4/10/2025 8:00,Hoàn Kiếm,VN,Asia/Ho_Chi_Minh,146,137.9,18.7,55.3,65.4,,37,100,0,1007,94,23.5,1.1,2,52
2025-04-10T02:00:00,4/10/2025 9:00,Hoàn Kiếm,VN,Asia/Ho_Chi_Minh,152,138.1,18.3,61.7,71.3,,38,100,0,1008,94,23.7,1.9,2,67
2025-04-10T03:00:00,4/10/2025 10:00,Hoàn Kiếm,VN,Asia/Ho_Chi_Minh,152,138.3,18,68,71.3,,39,100,0,1008,94,24,2.7,2,74
2025-04-10T04:00:00,4/10/2025 11:00,Hoàn Kiếm,VN,Asia/Ho_Chi_Minh,171,136.8,16.7,82,88.8,,37.7,100,0,1007,89,25,3.4,2,85
2025-04-10T05:00:00,4/10/2025 12:00,Hoàn Kiếm,VN,Asia/Ho_Chi_Minh,171,135.2,15.3,96,88.8,,36.3,100,0,1006,85,26,3.7,2,59
2025-04-10T06:00:00,4/10/2025 13:00,Hoàn Kiếm,VN,Asia/Ho_Chi_Minh,165,133.6,14,110,83.8,,35,100,0,1005,81,27,3.3,2,50
2025-04-10T07:00:00,4/10/2025 14:00,Hoàn Kiếm,VN,Asia/Ho_Chi_Minh,159,126.4,14,105.7,77.5,,34,100,0,1004,80,27,2.9,2.33,50
2025-04-10T08:00:00,4/10/2025 15:00,Hoàn Kiếm,VN,Asia/Ho_Chi_Minh,145,119.2,14,101.3,65,,33,100,0,1004,79,27,2,2.66,52.33
2025-04-10T09:00:00,4/10/2025 16:00,Hoàn Kiếm,VN,Asia/Ho_Chi_Minh,145,112.1,14,97,65,,32,100,0,1003,78,27,1.4,3,57
2025-04-10T10:00:00,4/10/2025 17:00,Hoàn Kiếm,VN,Asia/Ho_Chi_Minh,129,112.1,15.7,89.7,57.5,,31.3,100,0,1003,82,26.2,0.8,3.33,57
2025-04-10T11:00:00,4/10/2025 18:00,Hoàn Kiếm,VN,Asia/Ho_Chi_Minh,134,112.1,17.3,82.3,60,,30.7,100,0,1004,85,25.3,1.2,3.66,71
2025-04-10T12:00:00,4/10/2025 19:00,Hoàn Kiếm,VN,Asia/Ho_Chi_Minh,137,112.1,19,75,61.3,,30,100,0,1004,89,24.5,0,4,71
2025-04-10T13:00:00,4/10/2025 20:00,Hoàn Kiếm,VN,Asia/Ho_Chi_Minh,139,115.4,18.3,72.7,62.1,,31.7,100,0,1005,90,24.2,0,3.33,67
2025-04-10T14:00:00,4/10/2025 21:00,Hoàn Kiếm,VN,Asia/Ho_Chi_Minh,142,118.7,17.7,70.3,63.8,,33.3,100,0,1005,92,24,0,2.66,62
2025-04-10T15:00:00,4/10/2025 22:00,Hoàn Kiếm,VN,Asia/Ho_Chi_Minh,142,122,17,68,63.8,,35,100,0,1006,93,23.7,0,2,52
2025-04-10T16:00:00,4/10/2025 23:00,Hoàn Kiếm,VN,Asia/Ho_Chi_Minh,139,121.8,16.3,66.3,62.5,,32.3,100,0,1005,93,23.6,0,1.66,52
2025-04-10T17:00:00,4/11/2025 0:00,Hoàn Kiếm,VN,Asia/Ho_Chi_Minh,142,121.6,15.7,64.7,63.8,,29.7,100,0,1005,93,23.6,0,1.33,46
2025-04-10T18:00:00,4/11/2025 1:00,Hoàn Kiếm,VN,Asia/Ho_Chi_Minh,142,121.4,15,63,63.8,,27,100,0,1004,93,23.5,0,1,48
2025-04-10T19:00:00,4/11/2025 2:00,Hoàn Kiếm,VN,Asia/Ho_Chi_Minh,157,84.3,15,45,69.2,,18.3,100,0,1004,94,23.4,0,1.33,49
2025-04-10T20:00:00,4/11/2025 3:00,Hoàn Kiếm,VN,Asia/Ho_Chi_Minh,142,47.1,15,27,63.8,,9.7,100,0,1003,94,23.3,0,1.66,49.67
2025-04-10T21:00:00,4/11/2025 4:00,Hoàn Kiếm,VN,Asia/Ho_Chi_Minh,183,10,15,9,80,,1,100,0,1003,95,23.2,0,2,51
2025-04-10T22:00:00,4/11/2025 5:00,Hoàn Kiếm,VN,Asia/Ho_Chi_Minh,176,47.7,15.3,27.6,76,,13,100,0,1004,94,23.4,0,1.66,51
2025-04-10T23:00:00,4/11/2025 6:00,Hoàn Kiếm,VN,Asia/Ho_Chi_Minh,170,85.4,15.7,46.3,72,,25,100,0,1005,94,23.5,0.6,1.33,50
2025-04-11T00:00:00,4/11/2025 7:00,Hoàn Kiếm,VN,Asia/Ho_Chi_Minh,164,123.1,16,65,68,,37,100,0,1006,93,23.7,0.7,1,51
2025-04-11T01:00:00,4/11/2025 8:00,Hoàn Kiếm,VN,Asia/Ho_Chi_Minh,157,138.3,15.3,84.3,66.6,,37.3,100,0,1006,92,24.3,1.1,1.33,51
2025-04-11T02:00:00,4/11/2025 9:00,Hoàn Kiếm,VN,Asia/Ho_Chi_Minh,148,153.5,14.7,103.7,66.3,,37.7,100,0,1006,91,25,1.9,1.66,60.67
2025-04-11T03:00:00,4/11/2025 10:00,Hoàn Kiếm,VN,Asia/Ho_Chi_Minh,142,168.7,14,123,63.8,,38,100,0,1006,89,25.6,2.8,2,51
2025-04-11T04:00:00,4/11/2025 11:00,Hoàn Kiếm,VN,Asia/Ho_Chi_Minh,139,174.5,11,155.3,62.5,,38,91,0,1005,85,26.3,3.5,2,80
2025-04-11T05:00:00,4/11/2025 12:00,Hoàn Kiếm,VN,Asia/Ho_Chi_Minh,139,180.3,8,187.7,62.5,,38,83,0,1004,82,27,3.8,2,75.33
2025-04-11T06:00:00,4/11/2025 13:00,Hoàn Kiếm,VN,Asia/Ho_Chi_Minh,137,186.2,5,220,61.3,,38,75,0,1003,78,27.7,4.8,2,70.67
2025-04-11T07:00:00,4/11/2025 14:00,Hoàn Kiếm,VN,Asia/Ho_Chi_Minh,148,188.9,6,217.7,66.3,,39.7,83,0,1003,79,27.6,3.1,2.33,66
2025-04-11T08:00:00,4/11/2025 15:00,Hoàn Kiếm,VN,Asia/Ho_Chi_Minh,137,191.6,7,215.3,61.3,,41.3,91,0,1002,80,27.6,3.1,2.66,61
2025-04-11T09:00:00,4/11/2025 16:00,Hoàn Kiếm,VN,Asia/Ho_Chi_Minh,157,194.3,8,213,76.3,,43,100,0,1002,80,27.5,1.5,3,53
2025-04-11T10:00:00,4/11/2025 17:00,Hoàn Kiếm,VN,Asia/Ho_Chi_Minh,163,132.9,62,193.3,81.3,,48.7,100,0,1002,82,27.2,0.9,2,51
2025-04-11T11:00:00,4/11/2025 18:00,Hoàn Kiếm,VN,Asia/Ho_Chi_Minh,184,71.4,116,173.7,94.8,,54.3,100,0,1003,84,26.8,1.2,1,50
2025-04-11T12:00:00,4/11/2025 19:00,Hoàn Kiếm,VN,Asia/Ho_Chi_Minh,197,10,170,154,104,,60,100,0,1003,86,26.5,0,2.4,50
2025-04-11T13:00:00,4/11/2025 20:00,Hoàn Kiếm,VN,Asia/Ho_Chi_Minh,194,81,119.7,141.7,103.9,,59,100,0,1004,87,26,0,0.66,49
2025-04-11T14:00:00,4/11/2025 21:00,Hoàn Kiếm,VN,Asia/Ho_Chi_Minh,176,152,69.3,129.3,93.8,,58,100,0,1005,89,25.5,0,1.33,53
2025-04-11T15:00:00,4/11/2025 22:00,Hoàn Kiếm,VN,Asia/Ho_Chi_Minh,187,222.9,19,117,103.8,,57,100,0,1005,90,25,0,2,49
2025-04-11T16:00:00,4/11/2025 23:00,Hoàn Kiếm,VN,Asia/Ho_Chi_Minh,184,213.2,18.3,112.7,101.3,,53,100,0,1005,91,24.8,0,1.33,61
2025-04-11T17:00:00,4/12/2025 0:00,Hoàn Kiếm,VN,Asia/Ho_Chi_Minh,166,203.5,17.7,108.3,75.9,,49,100,0,1004,93,24.7,0,0.66,65
2025-04-11T18:00:00,4/12/2025 1:00,Hoàn Kiếm,VN,Asia/Ho_Chi_Minh,156,193.8,17,104,62,,45,100,0,1004,94,24.5,0,2.4,81
2025-04-11T19:00:00,4/12/2025 2:00,Hoàn Kiếm,VN,Asia/Ho_Chi_Minh,169,186.4,17.7,98.7,78.4,,46.7,100,0,1004,94,24.4,0,2,91
2025-04-11T20:00:00,4/12/2025 3:00,Hoàn Kiếm,VN,Asia/Ho_Chi_Minh,182,179,18.3,93.3,94.8,,48.3,100,0,1003,94,24.3,0,1.2,88.33
2025-04-11T21:00:00,4/12/2025 4:00,Hoàn Kiếm,VN,Asia/Ho_Chi_Minh,195,171.6,19,88,111.3,,50,100,0,1003,94,24.2,0,1.2,75
2025-04-11T22:00:00,4/12/2025 5:00,Hoàn Kiếm,VN,Asia/Ho_Chi_Minh,200,173.5,19.7,81.7,116.3,,52,100,0,1004,94,24.3,0,0.4,83
2025-04-11T23:00:00,4/12/2025 6:00,Hoàn Kiếm,VN,Asia/Ho_Chi_Minh,184,175.5,20.3,75.3,101.3,,54,100,0,1005,94,24.5,0.6,1.6,81
2025-04-12T00:00:00,4/12/2025 7:00,Hoàn Kiếm,VN,Asia/Ho_Chi_Minh,171,177.4,21,69,75,,56,100,0,1005,94,24.6,0.7,2,67.67
2025-04-12T01:00:00,4/12/2025 8:00,Hoàn Kiếm,VN,Asia/Ho_Chi_Minh,184,176.1,18.7,100.7,101.3,,73.7,100,0,1006,90,25.6,1.2,0.66,60
2025-04-12T02:00:00,4/12/2025 9:00,Hoàn Kiếm,VN,Asia/Ho_Chi_Minh,187,174.7,16.3,132.3,103.8,,91.3,100,0,1007,87,26.5,1.9,1.33,69.67
2025-04-12T03:00:00,4/12/2025 10:00,Hoàn Kiếm,VN,Asia/Ho_Chi_Minh,192,173.3,14,164,108.8,,109,100,0,1007,83,27.5,2.7,2,79.33
2025-04-12T04:00:00,4/12/2025 11:00,Hoàn Kiếm,VN,Asia/Ho_Chi_Minh,197,184.8,11.3,179.7,113.8,,100.7,87,0,1007,80,28.2,4,2,89
2025-04-12T05:00:00,4/12/2025 12:00,Hoàn Kiếm,VN,Asia/Ho_Chi_Minh,197,196.3,8.7,195.3,113.8,,92.3,75,0,1007,77,28.8,3.9,2,93
2025-04-12T06:00:00,4/12/2025 13:00,Hoàn Kiếm,VN,Asia/Ho_Chi_Minh,181,207.8,6,211,80,,84,62,0,1006,74,29.5,5.4,2,81
2025-04-12T07:00:00,4/12/2025 14:00,Hoàn Kiếm,VN,Asia/Ho_Chi_Minh,184,141.8,27,181.7,101.3,,74.7,75,0,1006,73,29.7,4.6,2,71
2025-04-12T08:00:00,4/12/2025 15:00,Hoàn Kiếm,VN,Asia/Ho_Chi_Minh,203,75.9,48,152.3,118.8,,65.3,87,0,1005,72,29.8,2.5,2,81
2025-04-12T09:00:00,4/12/2025 16:00,Hoàn Kiếm,VN,Asia/Ho_Chi_Minh,216,10,69,123,118,,56,100,0,1005,71,30,1.1,2,83
2025-04-12T10:00:00,4/12/2025 17:00,Hoàn Kiếm,VN,Asia/Ho_Chi_Minh,211,31.8,48.3,115,126.3,,54.7,100,0,1006,64,29.7,0.7,2,87
2025-04-12T11:00:00,4/12/2025 18:00,Hoàn Kiếm,VN,Asia/Ho_Chi_Minh,212,53.5,27.7,107,123.5,,53.3,100,0.5,1008,57,29.3,0.6,2,91
2025-04-12T12:00:00,4/12/2025 19:00,Hoàn Kiếm,VN,Asia/Ho_Chi_Minh,211,75.3,7,99,126.3,,52,100,1.75,1009,51,29,0,2,91
2025-04-12T13:00:00,4/12/2025 20:00,Hoàn Kiếm,VN,Asia/Ho_Chi_Minh,165,83.9,303,68.9,83.8,,45.3,100,1.5,1011,57,27.4,0,2,79
2025-04-12T14:00:00,4/12/2025 21:00,Hoàn Kiếm,VN,Asia/Ho_Chi_Minh,115,202,108,8.6,92,,32,100,1.75,1014,64,25.8,0,2,81
2025-04-12T15:00:00,4/12/2025 22:00,Hoàn Kiếm,VN,Asia/Ho_Chi_Minh,100,101,108,8.6,76,,32,100,0.25,1016,71,24.2,0,2,95
2025-04-12T16:00:00,4/12/2025 23:00,Hoàn Kiếm,VN,Asia/Ho_Chi_Minh,89,92,292,33.4,37.5,,37.7,100,0,1016,77,23.1,0,2.66,105
2025-04-12T17:00:00,4/13/2025 0:00,Hoàn Kiếm,VN,Asia/Ho_Chi_Minh,97,83.1,230,58.2,52.8,,43.3,100,0.5,1016,82,22.1,0,3.33,101
2025-04-12T18:00:00,4/13/2025 1:00,Hoàn Kiếm,VN,Asia/Ho_Chi_Minh,95,74.1,291,83,41.3,,49,100,0.5,1016,88,21,0,4,102.33
2025-04-12T19:00:00,4/13/2025 2:00,Hoàn Kiếm,VN,Asia/Ho_Chi_Minh,72,78.6,285,79,27.5,,47.7,100,0.25,1016,85,20.9,0,3.66,101
2025-04-12T20:00:00,4/13/2025 3:00,Hoàn Kiếm,VN,Asia/Ho_Chi_Minh,85,83.1,281,75,35,,46.3,100,0,1016,82,20.8,0,3.33,67
2025-04-12T21:00:00,4/13/2025 4:00,Hoàn Kiếm,VN,Asia/Ho_Chi_Minh,74,87.5,10,71,28.8,,45,100,0.5,1016,79,20.7,0,3,41
2025-04-12T22:00:00,4/13/2025 5:00,Hoàn Kiếm,VN,Asia/Ho_Chi_Minh,74,87.9,10,70.3,28.8,,45.7,100,0.25,1017,80,20.6,0,2.66,35
2025-04-12T23:00:00,4/13/2025 6:00,Hoàn Kiếm,VN,Asia/Ho_Chi_Minh,75,88.3,10,69.7,29.6,,46.3,100,0,1017,82,20.6,0.7,2.33,30
2025-04-13T00:00:00,4/13/2025 7:00,Hoàn Kiếm,VN,Asia/Ho_Chi_Minh,76,88.7,10,69,30,,47,100,0,1018,83,20.5,0.9,2,33.67
2025-04-13T01:00:00,4/13/2025 8:00,Hoàn Kiếm,VN,Asia/Ho_Chi_Minh,76,10,8.3,12,39,,1,91,0,1018,77,21.5,1.4,2,33
2025-04-13T02:00:00,4/13/2025 9:00,Hoàn Kiếm,VN,Asia/Ho_Chi_Minh,79,75.9,6.7,87,46,,62.3,83,0,1019,70,22.5,2.6,2,22
2025-04-13T03:00:00,4/13/2025 10:00,Hoàn Kiếm,VN,Asia/Ho_Chi_Minh,80,69.4,5,96,54,,70,75,0,1019,64,23.5,5.8,2,28
2025-04-13T04:00:00,4/13/2025 11:00,Hoàn Kiếm,VN,Asia/Ho_Chi_Minh,96,49.6,12.7,107.3,70.7,,69.7,75,0,1018,59,24.2,7.9,2.33,23
2025-04-13T05:00:00,4/13/2025 12:00,Hoàn Kiếm,VN,Asia/Ho_Chi_Minh,131,10,42,118.7,98,,69.3,75,0,1017,54,25,9.1,2.66,23
2025-04-13T06:00:00,4/13/2025 13:00,Hoàn Kiếm,VN,Asia/Ho_Chi_Minh,134,10,28,130,104,,69,75,0,1016,50,25.7,8.3,3,23.67
2025-04-13T07:00:00,4/13/2025 14:00,Hoàn Kiếm,VN,Asia/Ho_Chi_Minh,153,101,108,18.4,158,,32,70,0,1015,47,26,6.4,2.66,24
2025-04-13T08:00:00,4/13/2025 15:00,Hoàn Kiếm,VN,Asia/Ho_Chi_Minh,195,101,108,18.4,192,,32,66,0,1014,44,26.2,3.7,2.33,24
2025-04-13T09:00:00,4/13/2025 16:00,Hoàn Kiếm,VN,Asia/Ho_Chi_Minh,227,101,108,16.2,226,,32,62,0,1013,41,26.5,2,2,25.33
2025-04-13T10:00:00,4/13/2025 17:00,Hoàn Kiếm,VN,Asia/Ho_Chi_Minh,234,168,108,14.8,234,,32,66,0,1013,44,25.5,1.1,1.33,26
2025-04-13T11:00:00,4/13/2025 18:00,Hoàn Kiếm,VN,Asia/Ho_Chi_Minh,242,101,108,15.1,244,,32,70,0,1013,47,24.6,0.7,0.66,33.33
2025-04-13T12:00:00,4/13/2025 19:00,Hoàn Kiếm,VN,Asia/Ho_Chi_Minh,248,302,108,11.9,250,,32,75,0,1013,50,23.6,0,3.6,47
2025-04-13T13:00:00,4/13/2025 20:00,Hoàn Kiếm,VN,Asia/Ho_Chi_Minh,253,403,108,9.7,252,,32,79,0,1014,53,23.1,0,2.8,48
2025-04-13T14:00:00,4/13/2025 21:00,Hoàn Kiếm,VN,Asia/Ho_Chi_Minh,258,302,108,7.6,254,,32,83,0,1014,56,22.7,0,1.6,55
2025-04-13T15:00:00,4/13/2025 22:00,Hoàn Kiếm,VN,Asia/Ho_Chi_Minh,256,302,108,6.5,248,,32,87,0,1015,60,22.2,0,1.2,89
2025-04-13T16:00:00,4/13/2025 23:00,Hoàn Kiếm,VN,Asia/Ho_Chi_Minh,242,302,108,5.4,234.7,,32,91,0,1015,62,22,0,0.33,113
2025-04-13T17:00:00,4/14/2025 0:00,Hoàn Kiếm,VN,Asia/Ho_Chi_Minh,237,302,108,5.4,230,,32,95,0,1014,65,21.9,0,0.66,118.33
2025-04-13T18:00:00,4/14/2025 1:00,Hoàn Kiếm,VN,Asia/Ho_Chi_Minh,216,302,108,3.2,208,,32,100,0.25,1014,67,21.7,0,1,125
2025-04-13T19:00:00,4/14/2025 2:00,Hoàn Kiếm,VN,Asia/Ho_Chi_Minh,229,202,108,3.2,220,,32,95,0.5,1014,71,21.3,0,0.66,129
2025-04-13T20:00:00,4/14/2025 3:00,Hoàn Kiếm,VN,Asia/Ho_Chi_Minh,237,202,108,3.2,232,,32,91,0.5,1013,74,20.9,0,0.33,133
2025-04-13T21:00:00,4/14/2025 4:00,Hoàn Kiếm,VN,Asia/Ho_Chi_Minh,240,202,108,9.7,236,,32,87,0.25,1013,78,20.5,0,1.2,137
2025-04-13T22:00:00,4/14/2025 5:00,Hoàn Kiếm,VN,Asia/Ho_Chi_Minh,233,302.7,108,7.2,231.3,,32,87,0,1013,77,20.7,0,1.6,135
2025-04-13T23:00:00,4/14/2025 6:00,Hoàn Kiếm,VN,Asia/Ho_Chi_Minh,232,302,108,6.5,232,,32,87,0,1014,76,21,0.7,1.6,125
2025-04-14T00:00:00,4/14/2025 7:00,Hoàn Kiếm,VN,Asia/Ho_Chi_Minh,219,504,108,2.2,222,,32,87,0,1014,75,21.2,0.7,1.2,121
2025-04-14T01:00:00,4/14/2025 8:00,Hoàn Kiếm,VN,Asia/Ho_Chi_Minh,219,504,108,2.2,218,,32,87,0,1015,69,22.1,1.2,0.66,105
2025-04-14T02:00:00,4/14/2025 9:00,Hoàn Kiếm,VN,Asia/Ho_Chi_Minh,219,403,108,5.4,216,,32,87,0,1016,65,23.1,1.9,1.33,115
2025-04-14T03:00:00,4/14/2025 10:00,Hoàn Kiếm,VN,Asia/Ho_Chi_Minh,156,193.2,31,73,84,,177,87,0,1016,60,24,2.8,2,121
2025-04-14T04:00:00,4/14/2025 11:00,Hoàn Kiếm,VN,Asia/Ho_Chi_Minh,195,302,108,10.8,194,,32,87,0,1016,53,25.3,3.6,1.83,123
2025-04-14T05:00:00,4/14/2025 12:00,Hoàn Kiếm,VN,Asia/Ho_Chi_Minh,153,163.6,21.7,110.3,77.3,,159.7,87,0,1015,47,26.7,3.7,1.66,117.67
2025-04-14T06:00:00,4/14/2025 13:00,Hoàn Kiếm,VN,Asia/Ho_Chi_Minh,152,148.8,17,129,74,,151,87,0,1014,42,28,3.4,1.5,117
2025-04-14T07:00:00,4/14/2025 14:00,Hoàn Kiếm,VN,Asia/Ho_Chi_Minh,149,151.2,17.3,129.7,69.3,,143.7,91,0,1013,41,28.1,3.1,1.33,107
2025-04-14T08:00:00,4/14/2025 15:00,Hoàn Kiếm,VN,Asia/Ho_Chi_Minh,150,202,108,19.5,142,,32,95,0,1012,41,28.1,2.1,1.16,107
2025-04-14T09:00:00,4/14/2025 16:00,Hoàn Kiếm,VN,Asia/Ho_Chi_Minh,131,155.8,18,131,60,,129,100,0.25,1012,41,28.2,1.1,1,107
2025-04-14T10:00:00,4/14/2025 17:00,Hoàn Kiếm,VN,Asia/Ho_Chi_Minh,148,202,108,19.5,142,,32,87,0,1011,46,27.1,0.7,0.66,60
2025-04-14T11:00:00,4/14/2025 18:00,Hoàn Kiếm,VN,Asia/Ho_Chi_Minh,157,806,108,5.4,156,,32,75,0,1011,51,26.1,0.6,0.33,89
2025-04-14T12:00:00,4/14/2025 19:00,Hoàn Kiếm,VN,Asia/Ho_Chi_Minh,173,706,108,4.3,174,,32,62,0,1011,56,25,0,2,58
2025-04-14T13:00:00,4/14/2025 20:00,Hoàn Kiếm,VN,Asia/Ho_Chi_Minh,192,706,108,3.2,192,,32,89,0,1012,62,23.9,0,2,57
2025-04-14T14:00:00,4/14/2025 21:00,Hoàn Kiếm,VN,Asia/Ho_Chi_Minh,271,10,74.7,2.5,404,,5,75,0,1012,69,22.7,0,2,53.67
2025-04-14T15:00:00,4/14/2025 22:00,Hoàn Kiếm,VN,Asia/Ho_Chi_Minh,161,387.5,58,45,177,,160,87,0,1013,77,21.6,0,2,54
2025-04-14T16:00:00,4/14/2025 23:00,Hoàn Kiếm,VN,Asia/Ho_Chi_Minh,271,10,59.7,6.7,404,,5,96,0,1013,80,21.1,0,2,47
2025-04-14T17:00:00,4/15/2025 0:00,Hoàn Kiếm,VN,Asia/Ho_Chi_Minh,261,605,108,3.2,250,,32,100,0,1013,83,20.7,0,1.6,53
2025-04-14T18:00:00,4/15/2025 1:00,Hoàn Kiếm,VN,Asia/Ho_Chi_Minh,259,10,63,4.3,395,,1,100,0,1012,87,20.2,0,0.8,61
2025-04-14T19:00:00,4/15/2025 2:00,Hoàn Kiếm,VN,Asia/Ho_Chi_Minh,231,10,61,6.1,376,,1,99,0,1012,88,20.3,0,0.66,73
2025-04-14T20:00:00,4/15/2025 3:00,Hoàn Kiếm,VN,Asia/Ho_Chi_Minh,231,10,59,2.9,376,,1,99,0,1012,89,20.4,0,1.33,87
2025-04-14T21:00:00,4/15/2025 4:00,Hoàn Kiếm,VN,Asia/Ho_Chi_Minh,233,423.1,57,25,251,,156,99,0,1012,91,20.5,0,2,16
2025-04-14T22:00:00,4/15/2025 5:00,Hoàn Kiếm,VN,Asia/Ho_Chi_Minh,256,504,108,2.2,254,,32,98,0,1012,90,20.6,0,2,161
2025-04-14T23:00:00,4/15/2025 6:00,Hoàn Kiếm,VN,Asia/Ho_Chi_Minh,258,403,47.7,2.2,256,,32,100,0,1012,89,20.6,0.6,2,23
2025-04-15T00:00:00,4/15/2025 7:00,Hoàn Kiếm,VN,Asia/Ho_Chi_Minh,258,403,43,2.2,254,,32,100,0,1013,89,20.7,0.7,2,139
2025-04-15T01:00:00,4/15/2025 8:00,Hoàn Kiếm,VN,Asia/Ho_Chi_Minh,261,504,35,3.2,252,,32,97,0,1013,78,22.7,1.3,2.33,31
2025-04-15T02:00:00,4/15/2025 9:00,Hoàn Kiếm,VN,Asia/Ho_Chi_Minh,260,403,27,3.6,250,,32,97,0,1013,69,24.6,2,2.66,36
2025-04-15T03:00:00,4/15/2025 10:00,Hoàn Kiếm,VN,Asia/Ho_Chi_Minh,261,403,19,4.3,248,,32,99,0,1013,61,26.6,2.8,3,32
2025-04-15T04:00:00,4/15/2025 11:00,Hoàn Kiếm,VN,Asia/Ho_Chi_Minh,229,202,15.3,16.2,210,,32,95,0,1012,53,28.3,3.8,2.66,233
2025-04-15T05:00:00,4/15/2025 12:00,Hoàn Kiếm,VN,Asia/Ho_Chi_Minh,195,101,11.7,21.6,174,,32,94,0,1011,46,30,4.1,2.33,135
2025-04-15T06:00:00,4/15/2025 13:00,Hoàn Kiếm,VN,Asia/Ho_Chi_Minh,184,101,8,24.9,154,,32,95,0,1010,40,31.7,3.7,2,137
2025-04-15T07:00:00,4/15/2025 14:00,Hoàn Kiếm,VN,Asia/Ho_Chi_Minh,171,202,8.7,23.8,148,,32,96,0,1010,34,32.1,2.9,2,137
2025-04-15T08:00:00,4/15/2025 15:00,Hoàn Kiếm,VN,Asia/Ho_Chi_Minh,172,235,9.3,22,147.3,,32,90,0,1009,29,32.6,2.2,2,139
2025-04-15T09:00:00,4/15/2025 16:00,Hoàn Kiếm,VN,Asia/Ho_Chi_Minh,165,302,10,20.5,144,,32,12,0,1008,25,33,3.3,2,138.33
2025-04-15T10:00:00,4/15/2025 17:00,Hoàn Kiếm,VN,Asia/Ho_Chi_Minh,163,302,16.7,21.6,146,,32,1,0,1008,30,31.5,2.3,2,139
2025-04-15T11:00:00,4/15/2025 18:00,Hoàn Kiếm,VN,Asia/Ho_Chi_Minh,171,706,23.3,10.8,150,,32,72,0.5,1008,35,30.1,1,2,115
2025-04-15T12:00:00,4/15/2025 19:00,Hoàn Kiếm,VN,Asia/Ho_Chi_Minh,179,706,30,16.2,154,,32,81,0.5,1008,42,28.6,0,2,89
2025-04-15T13:00:00,4/15/2025 20:00,Hoàn Kiếm,VN,Asia/Ho_Chi_Minh,189,605,29.7,21.6,166,,32,64,0.5,1009,47,27.2,0,2,81
2025-04-15T14:00:00,4/15/2025 21:00,Hoàn Kiếm,VN,Asia/Ho_Chi_Minh,207,436.7,29.3,16.9,188.7,,32,37,0.5,1010,53,25.9,0,2,71
2025-04-15T15:00:00,4/15/2025 22:00,Hoàn Kiếm,VN,Asia/Ho_Chi_Minh,221,302,29,17.3,206,,32,73,0.75,1011,60,24.5,0,2,71.67
2025-04-15T16:00:00,4/15/2025 23:00,Hoàn Kiếm,VN,Asia/Ho_Chi_Minh,224,202,29.3,17.3,216,,32,80,0.25,1010,65,23.7,0,2.33,67
2025-04-15T17:00:00,4/16/2025 0:00,Hoàn Kiếm,VN,Asia/Ho_Chi_Minh,224,202,29.7,11.9,222,,32,85,0.25,1010,71,23,0,2.66,65
2025-04-15T18:00:00,4/16/2025 1:00,Hoàn Kiếm,VN,Asia/Ho_Chi_Minh,229,202,30,10.8,230,,32,87,0,1010,78,22.2,0,3,71
2025-04-15T19:00:00,4/16/2025 2:00,Hoàn Kiếm,VN,Asia/Ho_Chi_Minh,231,220.8,29,26.9,196.3,,52,79,0,1009,76,22.1,0,2.66,77
2025-04-15T20:00:00,4/16/2025 3:00,Hoàn Kiếm,VN,Asia/Ho_Chi_Minh,229,202,28,8.6,236,,32,92,0,1009,75,22.1,0,2.33,85
2025-04-15T21:00:00,4/16/2025 4:00,Hoàn Kiếm,VN,Asia/Ho_Chi_Minh,233,258.5,27,59,129,,92,94,0,1009,73,22,0,2,98.33
2025-04-15T22:00:00,4/16/2025 5:00,Hoàn Kiếm,VN,Asia/Ho_Chi_Minh,239,257.8,25.7,63,134,,93,93,0,1009,77,22,0,1.33,109
2025-04-15T23:00:00,4/16/2025 6:00,Hoàn Kiếm,VN,Asia/Ho_Chi_Minh,246,257,24.3,67,139,,94,90,0,1009,80,22,0.8,0.66,111
2025-04-16T00:00:00,4/16/2025 7:00,Hoàn Kiếm,VN,Asia/Ho_Chi_Minh,252,256.2,23,71,144,,95,97,0,1009,84,22,0.8,0.8,111
2025-04-16T01:00:00,4/16/2025 8:00,Hoàn Kiếm,VN,Asia/Ho_Chi_Minh,229,806,20,3.2,242,,32,92,0,1009,71,23.8,1.4,0.66,115
2025-04-16T02:00:00,4/16/2025 9:00,Hoàn Kiếm,VN,Asia/Ho_Chi_Minh,239,286.7,17,33,213.3,,53,86,0,1009,60,25.7,2.5,1.33,116
2025-04-16T03:00:00,4/16/2025 10:00,Hoàn Kiếm,VN,Asia/Ho_Chi_Minh,232,302,14,14.1,248,,32,62,0,1010,51,27.5,3.1,2,115
2025-04-16T04:00:00,4/16/2025 11:00,Hoàn Kiếm,VN,Asia/Ho_Chi_Minh,235,302,11,14.1,248,,32,66,0.5,1009,45,28.5,3.7,2.33,118
2025-04-16T05:00:00,4/16/2025 12:00,Hoàn Kiếm,VN,Asia/Ho_Chi_Minh,237,302,8,15.1,248,,32,70,1.25,1008,40,29.5,3.7,2.66,122.67
2025-04-16T06:00:00,4/16/2025 13:00,Hoàn Kiếm,VN,Asia/Ho_Chi_Minh,240,202,5,22.7,246,,32,75,0.5,1007,36,30.5,3.7,3,127.33
2025-04-16T07:00:00,4/16/2025 14:00,Hoàn Kiếm,VN,Asia/Ho_Chi_Minh,237,235.3,5.3,17.3,236,,32,66,0,1006,37,30.7,3.2,2.66,132
2025-04-16T08:00:00,4/16/2025 15:00,Hoàn Kiếm,VN,Asia/Ho_Chi_Minh,242,302,5.7,21.6,240,,32,58,0,1005,39,31,2,2.33,115
2025-04-16T09:00:00,4/16/2025 16:00,Hoàn Kiếm,VN,Asia/Ho_Chi_Minh,232,302,6,6.5,216,,32,50,0,1004,40,31.2,1.2,2,122
2025-04-16T10:00:00,4/16/2025 17:00,Hoàn Kiếm,VN,Asia/Ho_Chi_Minh,224,302,9.3,7.6,204,,32,41,0,1005,43,29.5,0.9,2,117
2025-04-16T11:00:00,4/16/2025 18:00,Hoàn Kiếm,VN,Asia/Ho_Chi_Minh,219,403,12.7,11.9,196,,32,33,0,1005,46,27.7,1.6,2,119
2025-04-16T12:00:00,4/16/2025 19:00,Hoàn Kiếm,VN,Asia/Ho_Chi_Minh,211,403,16,13,192,,32,25,0,1005,50,26,0,2,121
2025-04-16T13:00:00,4/16/2025 20:00,Hoàn Kiếm,VN,Asia/Ho_Chi_Minh,205,336,16.3,13,192.7,,32,25,0,1006,58,25.2,0,2,123
2025-04-16T14:00:00,4/16/2025 21:00,Hoàn Kiếm,VN,Asia/Ho_Chi_Minh,200,202,16.7,15.1,194,,32,25,0,1007,68,24.4,0,2,121
2025-04-16T15:00:00,4/16/2025 22:00,Hoàn Kiếm,VN,Asia/Ho_Chi_Minh,195,202,17,13,194,,32,25,0,1007,79,23.6,0,2,125
2025-04-16T16:00:00,4/16/2025 23:00,Hoàn Kiếm,VN,Asia/Ho_Chi_Minh,189,202,17.3,14.1,190,,32,25,0,1007,82,23.5,0,2,117
2025-04-16T17:00:00,4/17/2025 0:00,Hoàn Kiếm,VN,Asia/Ho_Chi_Minh,184,101,17.7,11.9,186,,32,25,0,1006,86,23.3,0,2,111
2025-04-16T18:00:00,4/17/2025 1:00,Hoàn Kiếm,VN,Asia/Ho_Chi_Minh,134,115.6,18,74,51,,45,25,0,1006,90,23.2,0,2,107
2025-04-16T19:00:00,4/17/2025 2:00,Hoàn Kiếm,VN,Asia/Ho_Chi_Minh,179,101,18,10.8,170,,32,35,0,1006,90,23.1,0,2,101
2025-04-16T20:00:00,4/17/2025 3:00,Hoàn Kiếm,VN,Asia/Ho_Chi_Minh,173,101,18,9.7,168,,32,45,0,1006,91,23.1,0,2,97
2025-04-16T21:00:00,4/17/2025 4:00,Hoàn Kiếm,VN,Asia/Ho_Chi_Minh,203,10,18,8.9,206,,1,56,0,1006,91,23,0,2,93
2025-04-16T22:00:00,4/17/2025 5:00,Hoàn Kiếm,VN,Asia/Ho_Chi_Minh,184,10,18,7.6,204,,2,66,0,1006,91,23.2,0,1.33,89
2025-04-16T23:00:00,4/17/2025 6:00,Hoàn Kiếm,VN,Asia/Ho_Chi_Minh,157,202,18,7.6,156,,32,77,0,1006,91,23.4,0.7,0.66,85
2025-04-17T00:00:00,4/17/2025 7:00,Hoàn Kiếm,VN,Asia/Ho_Chi_Minh,160,119.6,18,64,66,,42,87,0,1007,91,23.6,0.8,0.4,81
2025-04-17T01:00:00,4/17/2025 8:00,Hoàn Kiếm,VN,Asia/Ho_Chi_Minh,152,504,16.7,5.4,154,,32,79,0,1007,85,24.7,1.2,0.66,48
2025-04-17T02:00:00,4/17/2025 9:00,Hoàn Kiếm,VN,Asia/Ho_Chi_Minh,160,806,15.3,6.5,168,,32,70,0,1007,80,25.9,1.9,1.33,77
2025-04-17T03:00:00,4/17/2025 10:00,Hoàn Kiếm,VN,Asia/Ho_Chi_Minh,173,403,14,7.6,180,,32,62,0,1007,75,27,3.2,2,73
2025-04-17T04:00:00,4/17/2025 11:00,Hoàn Kiếm,VN,Asia/Ho_Chi_Minh,176,504,12,7.6,182,,32,66,0,1006,74,27.7,4.1,2.33,95
2025-04-17T05:00:00,4/17/2025 12:00,Hoàn Kiếm,VN,Asia/Ho_Chi_Minh,171,504,10,8.6,178,,32,70,0,1006,72,28.5,5.1,2.66,81
2025-04-17T06:00:00,4/17/2025 13:00,Hoàn Kiếm,VN,Asia/Ho_Chi_Minh,159,110.3,8,143,65,,31,75,0,1005,71,29.2,6.9,3,61
2025-04-17T07:00:00,4/17/2025 14:00,Hoàn Kiếm,VN,Asia/Ho_Chi_Minh,165,403,9,8.6,172,,32,79,0,1004,71,29.1,5.8,3.33,63
2025-04-17T08:00:00,4/17/2025 15:00,Hoàn Kiếm,VN,Asia/Ho_Chi_Minh,165,202,10,8.6,168,,32,83,0,1003,71,29.1,5.3,3.66,57
2025-04-17T09:00:00,4/17/2025 16:00,Hoàn Kiếm,VN,Asia/Ho_Chi_Minh,165,302,11,8.6,166,,32,87,0,1002,72,29,2.7,4,63
2025-04-17T10:00:00,4/17/2025 17:00,Hoàn Kiếm,VN,Asia/Ho_Chi_Minh,163,403,14.7,7.6,164,,32,91,0,1003,77,27.8,0.8,3.66,73
2025-04-17T11:00:00,4/17/2025 18:00,Hoàn Kiếm,VN,Asia/Ho_Chi_Minh,160,403,18.3,7.6,162,,32,95,0,1003,83,26.7,1.8,3.33,75
2025-04-17T12:00:00,4/17/2025 19:00,Hoàn Kiếm,VN,Asia/Ho_Chi_Minh,145,151.7,22,97,53,,49,100,0,1003,89,25.5,0,3,71
2025-04-17T13:00:00,4/17/2025 20:00,Hoàn Kiếm,VN,Asia/Ho_Chi_Minh,157,302,114,6.5,156,,32,100,0,1004,90,25.2,0,3,62
2025-04-17T14:00:00,4/17/2025 21:00,Hoàn Kiếm,VN,Asia/Ho_Chi_Minh,168,10,206,8.3,176,,4,100,0,1004,91,24.8,0,3,67
2025-04-17T15:00:00,4/17/2025 22:00,Hoàn Kiếm,VN,Asia/Ho_Chi_Minh,165,145.9,298,78,83.8,,52,100,0,1005,92,24.5,0,3,67
2025-04-17T16:00:00,4/17/2025 23:00,Hoàn Kiếm,VN,Asia/Ho_Chi_Minh,156,144.3,205.3,77,71.8,,50,100,0,1005,92,24.5,0,2.66,67
2025-04-17T17:00:00,4/18/2025 0:00,Hoàn Kiếm,VN,Asia/Ho_Chi_Minh,146,142.8,112.7,76,59.9,,48,100,0,1004,93,24.6,0,2.33,65
2025-04-17T18:00:00,4/18/2025 1:00,Hoàn Kiếm,VN,Asia/Ho_Chi_Minh,126,141.2,20,75,48,,46,100,0,1004,93,24.6,0,2,63
2025-04-17T19:00:00,4/18/2025 2:00,Hoàn Kiếm,VN,Asia/Ho_Chi_Minh,123,138.1,20,72.7,55,,45,100,0,1004,93,24.6,0,2,52
2025-04-17T20:00:00,4/18/2025 3:00,Hoàn Kiếm,VN,Asia/Ho_Chi_Minh,129,135,20,70.3,57.5,,44,100,0,1004,93,24.7,0,2,61
2025-04-17T21:00:00,4/18/2025 4:00,Hoàn Kiếm,VN,Asia/Ho_Chi_Minh,153,131.9,20,68,68.8,,43,100,0,1004,93,24.7,0,2,69
2025-04-17T22:00:00,4/18/2025 5:00,Hoàn Kiếm,VN,Asia/Ho_Chi_Minh,168,202,20.7,8.6,166,,32,100,0,1004,93,24.8,0,2,67
2025-04-17T23:00:00,4/18/2025 6:00,Hoàn Kiếm,VN,Asia/Ho_Chi_Minh,174,447.3,21.3,27,141.6,,35.7,100,0,1005,93,24.9,0.6,2,59.67
2025-04-18T00:00:00,4/18/2025 7:00,Hoàn Kiếm,VN,Asia/Ho_Chi_Minh,187,605,22,6.5,178,,32,100,0,1005,93,25,0.8,2,52.33
2025-04-18T01:00:00,4/18/2025 8:00,Hoàn Kiếm,VN,Asia/Ho_Chi_Minh,187,907,20,6.5,184,,32,100,0,1006,90,25.5,1.2,2.33,45
2025-04-18T02:00:00,4/18/2025 9:00,Hoàn Kiếm,VN,Asia/Ho_Chi_Minh,179,605,18,6.5,182,,32,100,0.25,1006,87,26,1.9,2.66,44
2025-04-18T03:00:00,4/18/2025 10:00,Hoàn Kiếm,VN,Asia/Ho_Chi_Minh,176,504,16,6.5,182,,32,100,0.25,1007,84,26.5,2.9,3,46
2025-04-18T04:00:00,4/18/2025 11:00,Hoàn Kiếm,VN,Asia/Ho_Chi_Minh,167,436.7,12.7,7.6,169.3,,32,79,0,1006,80,27.7,5.9,2.66,55
2025-04-18T05:00:00,4/18/2025 12:00,Hoàn Kiếm,VN,Asia/Ho_Chi_Minh,168,504,9.3,7.6,172,,32,58,0,1005,76,29,8.4,2.33,69
2025-04-18T06:00:00,4/18/2025 13:00,Hoàn Kiếm,VN,Asia/Ho_Chi_Minh,153,302,6,9.7,144,,32,37,0,1004,72,30.2,8.1,2,73.67
2025-04-18T07:00:00,4/18/2025 14:00,Hoàn Kiếm,VN,Asia/Ho_Chi_Minh,154,252.7,7,80.8,114.7,,45.3,41,0,1003,70,30.8,6,2.33,83
2025-04-18T08:00:00,4/18/2025 15:00,Hoàn Kiếm,VN,Asia/Ho_Chi_Minh,150,203.4,8,151.9,85.3,,58.7,45,0,1002,68,31.4,2.8,2.66,83
2025-04-18T09:00:00,4/18/2025 16:00,Hoàn Kiếm,VN,Asia/Ho_Chi_Minh,151,154.1,9,223,56,,72,50,0,1001,66,32,2.4,3,77
2025-04-18T10:00:00,4/18/2025 17:00,Hoàn Kiếm,VN,Asia/Ho_Chi_Minh,156,170.8,100.7,194,65.3,,74.7,66,0,1001,72,30.6,1.7,3,75
2025-04-18T11:00:00,4/18/2025 18:00,Hoàn Kiếm,VN,Asia/Ho_Chi_Minh,161,187.5,192.3,165,74.5,,77.3,83,0.25,1002,78,29.1,1.2,3,68.33
2025-04-18T12:00:00,4/18/2025 19:00,Hoàn Kiếm,VN,Asia/Ho_Chi_Minh,165,204.3,284,136,83.8,,80,100,0,1002,85,27.7,0,3,69
2025-04-18T13:00:00,4/18/2025 20:00,Hoàn Kiếm,VN,Asia/Ho_Chi_Minh,178,10,196,3.1,178,,1,79,0,1003,88,27,0,2.33,55
2025-04-18T14:00:00,4/18/2025 21:00,Hoàn Kiếm,VN,Asia/Ho_Chi_Minh,256,10,108,9.1,174,,3,58,0,1004,91,26.4,0,1.66,55.33
2025-04-18T15:00:00,4/18/2025 22:00,Hoàn Kiếm,VN,Asia/Ho_Chi_Minh,150,160.5,20,86,55,,54,37,0.25,1005,94,25.7,0,1,55.67
2025-04-18T16:00:00,4/18/2025 23:00,Hoàn Kiếm,VN,Asia/Ho_Chi_Minh,148,149.2,18,89.7,57.9,,49,37,1.75,1004,94,25.6,0,0.66,56
2025-04-18T17:00:00,4/19/2025 0:00,Hoàn Kiếm,VN,Asia/Ho_Chi_Minh,145,137.9,16,93.3,60.8,,44,37,0.75,1004,94,25.6,0,0.33,59.67
2025-04-18T18:00:00,4/19/2025 1:00,Hoàn Kiếm,VN,Asia/Ho_Chi_Minh,142,126.6,14,97,63.8,,39,37,0,1004,93,25.5,0,3.6,63.33
2025-04-18T19:00:00,4/19/2025 2:00,Hoàn Kiếm,VN,Asia/Ho_Chi_Minh,150,128.6,14.7,92.7,67.5,,40.7,50,0,1003,93,25.5,0,2.8,67
2025-04-18T20:00:00,4/19/2025 3:00,Hoàn Kiếm,VN,Asia/Ho_Chi_Minh,163,130.5,15.3,88.3,81.3,,42.3,62,0,1003,94,25.6,0,2.4,178
2025-04-18T21:00:00,4/19/2025 4:00,Hoàn Kiếm,VN,Asia/Ho_Chi_Minh,165,132.5,16,84,83.8,,44,75,0,1003,94,25.6,0,2,135
2025-04-18T22:00:00,4/19/2025 5:00,Hoàn Kiếm,VN,Asia/Ho_Chi_Minh,162,136.8,16.7,82.3,80.4,,48,75,0,1004,93,25.7,0,0.66,54
2025-04-18T23:00:00,4/19/2025 6:00,Hoàn Kiếm,VN,Asia/Ho_Chi_Minh,165,141,17.3,80.7,83.8,,52,75,0,1004,93,25.9,1.2,1.33,53
2025-04-19T00:00:00,4/19/2025 7:00,Hoàn Kiếm,VN,Asia/Ho_Chi_Minh,155,145.3,18,79,73.8,,56,75,0.25,1005,92,26,0.9,2,52
2025-04-19T01:00:00,4/19/2025 8:00,Hoàn Kiếm,VN,Asia/Ho_Chi_Minh,148,140.6,14.7,107.7,66.3,,59,79,0,1006,89,27.1,1.3,2,51
2025-04-19T02:00:00,4/19/2025 9:00,Hoàn Kiếm,VN,Asia/Ho_Chi_Minh,157,136,11.3,136.3,76.3,,62,83,0,1006,85,28.1,2.1,2,54
2025-04-19T03:00:00,4/19/2025 10:00,Hoàn Kiếm,VN,Asia/Ho_Chi_Minh,173,131.3,8,165,91.3,,65,87,0,1007,82,29.2,3.1,2,65
2025-04-19T04:00:00,4/19/2025 11:00,Hoàn Kiếm,VN,Asia/Ho_Chi_Minh,179,128.4,7,181,96.3,,64,91,0,1006,74,30.6,3.5,2.33,67
2025-04-19T05:00:00,4/19/2025 12:00,Hoàn Kiếm,VN,Asia/Ho_Chi_Minh,179,125.5,6,197,96.3,,63,95,0,1005,67,32.1,3.9,2.66,64.33
2025-04-19T06:00:00,4/19/2025 13:00,Hoàn Kiếm,VN,Asia/Ho_Chi_Minh,189,122.6,5,213,106.3,,62,100,2.75,1005,60,33.5,4.2,3,67
2025-04-19T07:00:00,4/19/2025 14:00,Hoàn Kiếm,VN,Asia/Ho_Chi_Minh,192,125.7,5.7,215.7,108.8,,64.3,95,1.5,1003,60,33.8,3.4,3,59
2025-04-19T08:00:00,4/19/2025 15:00,Hoàn Kiếm,VN,Asia/Ho_Chi_Minh,171,128.8,6.3,218.3,88.8,,66.7,91,0,1002,59,34.2,3.5,3,53
2025-04-19T09:00:00,4/19/2025 16:00,Hoàn Kiếm,VN,Asia/Ho_Chi_Minh,145,131.9,7,221,65,,69,87,0,1001,58,34.5,2.1,3,61
2025-04-19T10:00:00,4/19/2025 17:00,Hoàn Kiếm,VN,Asia/Ho_Chi_Minh,158,91.3,10.7,151,79.3,,46.7,83,0,1002,65,32.9,1.8,3,73
2025-04-19T11:00:00,4/19/2025 18:00,Hoàn Kiếm,VN,Asia/Ho_Chi_Minh,142,302,14.3,8.6,108,,32,79,0,1002,72,31.3,1.6,3,77
2025-04-19T12:00:00,4/19/2025 19:00,Hoàn Kiếm,VN,Asia/Ho_Chi_Minh,184,10,18,11.1,108,,2,75,0,1003,80,29.7,0,3,77
2025-04-19T13:00:00,4/19/2025 20:00,Hoàn Kiếm,VN,Asia/Ho_Chi_Minh,228,10,18.3,4.8,114,,1,79,0,1004,82,28.8,0,2.66,85
2025-04-19T14:00:00,4/19/2025 21:00,Hoàn Kiếm,VN,Asia/Ho_Chi_Minh,192,10,18.7,9,122,,1,83,0,1005,84,27.9,0,2.33,87
2025-04-19T15:00:00,4/19/2025 22:00,Hoàn Kiếm,VN,Asia/Ho_Chi_Minh,131,140.1,19,82,48,,53,87,0,1005,86,27,0,2,71
2025-04-19T16:00:00,4/19/2025 23:00,Hoàn Kiếm,VN,Asia/Ho_Chi_Minh,131,136.6,19,80.3,58.8,,50.7,91,0,1005,87,26.8,0,2.33,52
2025-04-19T17:00:00,4/20/2025 0:00,Hoàn Kiếm,VN,Asia/Ho_Chi_Minh,129,133.1,19,78.7,57.5,,48.3,95,1.25,1004,89,26.7,0,2.66,61.67
2025-04-19T18:00:00,4/20/2025 1:00,Hoàn Kiếm,VN,Asia/Ho_Chi_Minh,129,129.6,19,77,57.5,,46,100,2,1003,90,26.5,0,3,51
2025-04-19T19:00:00,4/20/2025 2:00,Hoàn Kiếm,VN,Asia/Ho_Chi_Minh,129,125.9,18.3,80.3,57.5,,46,91,1.25,1003,91,26.2,0,2.66,81
2025-04-19T20:00:00,4/20/2025 3:00,Hoàn Kiếm,VN,Asia/Ho_Chi_Minh,129,122.2,17.7,83.7,57.5,,46,83,0.75,1004,92,25.8,0,2.33,114
2025-04-19T21:00:00,4/20/2025 4:00,Hoàn Kiếm,VN,Asia/Ho_Chi_Minh,104,118.5,17,87,39,,46,75,0,1004,93,25.5,0,2,87
2025-04-19T22:00:00,4/20/2025 5:00,Hoàn Kiếm,VN,Asia/Ho_Chi_Minh,109,118.5,17.3,90.3,40.7,,49,75,0,1005,92,25.7,0,1.66,47
2025-04-19T23:00:00,4/20/2025 6:00,Hoàn Kiếm,VN,Asia/Ho_Chi_Minh,113,118.5,17.7,93.7,42.3,,52,75,0,1006,92,26,1.6,1.33,47
2025-04-20T00:00:00,4/20/2025 7:00,Hoàn Kiếm,VN,Asia/Ho_Chi_Minh,118,118.5,18,97,44,,55,75,0,1006,91,26.2,2,1,46
2025-04-20T01:00:00,4/20/2025 8:00,Hoàn Kiếm,VN,Asia/Ho_Chi_Minh,115,118.7,280,118,51.3,,56.7,62,0,1007,84,27.7,2.7,1.66,46
2025-04-20T02:00:00,4/20/2025 9:00,Hoàn Kiếm,VN,Asia/Ho_Chi_Minh,111,118.9,204,139,46.3,,58.3,50,0,1007,77,29.2,3.3,2.33,46
2025-04-20T03:00:00,4/20/2025 10:00,Hoàn Kiếm,VN,Asia/Ho_Chi_Minh,107,119.1,297,160,47.5,,60,37,0,1008,71,30.7,7.3,3,46
2025-04-20T04:00:00,4/20/2025 11:00,Hoàn Kiếm,VN,Asia/Ho_Chi_Minh,102,302,199.3,7.6,82,,32,33,0,1007,65,32,10,2.66,37
2025-04-20T05:00:00,4/20/2025 12:00,Hoàn Kiếm,VN,Asia/Ho_Chi_Minh,126,113.2,101.7,186,56.3,,59.3,29,0,1006,60,33.3,10.3,2.33,38.67
2025-04-20T06:00:00,4/20/2025 13:00,Hoàn Kiếm,VN,Asia/Ho_Chi_Minh,123,110.3,4,199,55,,59,25,0,1005,55,34.6,9.2,2,40.33
2025-04-20T07:00:00,4/20/2025 14:00,Hoàn Kiếm,VN,Asia/Ho_Chi_Minh,123,108.2,4.7,192,55,,56.7,22,0,1005,58,34.1,7.3,2.33,42
2025-04-20T08:00:00,4/20/2025 15:00,Hoàn Kiếm,VN,Asia/Ho_Chi_Minh,116,106,5.3,185,51.7,,54.3,20,0,1004,62,33.7,3.9,2.66,41
2025-04-20T09:00:00,4/20/2025 16:00,Hoàn Kiếm,VN,Asia/Ho_Chi_Minh,112,103.9,6,178,50,,52,18,0,1003,65,33.2,1.7,3,39.33
2025-04-20T10:00:00,4/20/2025 17:00,Hoàn Kiếm,VN,Asia/Ho_Chi_Minh,126,202,9.7,10.8,84,,32,16,0,1004,70,31.7,1.9,2.66,38
2025-04-20T11:00:00,4/20/2025 18:00,Hoàn Kiếm,VN,Asia/Ho_Chi_Minh,115,202,13.3,11.9,82,,32,14,0,1004,76,30.2,1.6,2.33,36
2025-04-20T12:00:00,4/20/2025 19:00,Hoàn Kiếm,VN,Asia/Ho_Chi_Minh,168,10,17,9.6,84,,1,12,0,1005,82,28.7,0,2,45
2025-04-20T13:00:00,4/20/2025 20:00,Hoàn Kiếm,VN,Asia/Ho_Chi_Minh,193,10,17.7,4.2,88,,1,37,0,1006,84,28,0,2,44
2025-04-20T14:00:00,4/20/2025 21:00,Hoàn Kiếm,VN,Asia/Ho_Chi_Minh,194,10,18.3,9.6,93.3,,1,62,0,1007,87,27.4,0,2,44
2025-04-20T15:00:00,4/20/2025 22:00,Hoàn Kiếm,VN,Asia/Ho_Chi_Minh,207,10,19,9.6,98,,1,87,0,1008,90,26.7,0,2,41.33
2025-04-20T16:00:00,4/20/2025 23:00,Hoàn Kiếm,VN,Asia/Ho_Chi_Minh,133,202,18.7,20.5,98,,700,83,0,1007,91,26.5,0,2,40
2025-04-20T17:00:00,4/21/2025 0:00,Hoàn Kiếm,VN,Asia/Ho_Chi_Minh,131,101,18.3,21.6,90,,689,79,0,1007,92,26.4,0,2,45
2025-04-20T18:00:00,4/21/2025 1:00,Hoàn Kiếm,VN,Asia/Ho_Chi_Minh,145,101,18,23.8,104,,663,75,0,1007,93,26.2,0,2,41
2025-04-20T19:00:00,4/21/2025 2:00,Hoàn Kiếm,VN,Asia/Ho_Chi_Minh,127,101,18,24.9,84,,668,62,0,1007,93,26,0,2,69
2025-04-20T20:00:00,4/21/2025 3:00,Hoàn Kiếm,VN,Asia/Ho_Chi_Minh,154,168.3,18,24.5,106.7,,666.3,50,0,1007,93,25.8,0,2,88
2025-04-20T21:00:00,4/21/2025 4:00,Hoàn Kiếm,VN,Asia/Ho_Chi_Minh,152,202,18,24.9,108,,668,37,0,1007,94,25.6,0,2,88.33
2025-04-20T22:00:00,4/21/2025 5:00,Hoàn Kiếm,VN,Asia/Ho_Chi_Minh,142,101,16.7,22.7,100,,689,58,0,1007,93,25.9,0,2.33,98
2025-04-20T23:00:00,4/21/2025 6:00,Hoàn Kiếm,VN,Asia/Ho_Chi_Minh,118,74,15.3,13,52.5,,227.3,79,0,1008,93,26.2,0.7,2.66,47
2025-04-21T00:00:00,4/21/2025 7:00,Hoàn Kiếm,VN,Asia/Ho_Chi_Minh,126,10,14,7.1,78,,7,100,0,1009,92,26.5,1.3,3,45
2025-04-21T01:00:00,4/21/2025 8:00,Hoàn Kiếm,VN,Asia/Ho_Chi_Minh,123,34.1,11.7,37.8,55,,18,100,0,1009,90,26.9,2.6,3,52
2025-04-21T02:00:00,4/21/2025 9:00,Hoàn Kiếm,VN,Asia/Ho_Chi_Minh,128,58.2,9.3,68.4,64.3,,29,100,0,1009,87,27.3,3.6,3,42
2025-04-21T03:00:00,4/21/2025 10:00,Hoàn Kiếm,VN,Asia/Ho_Chi_Minh,129,82.3,7,99,57.5,,40,100,0,1010,85,27.7,6.3,3,55.33
2025-04-21T04:00:00,4/21/2025 11:00,Hoàn Kiếm,VN,Asia/Ho_Chi_Minh,137,84.4,5.7,120,61.3,,38.7,95,0,1009,82,28.5,6.6,3.33,57
2025-04-21T05:00:00,4/21/2025 12:00,Hoàn Kiếm,VN,Asia/Ho_Chi_Minh,137,86.6,4.3,141,61.3,,37.3,91,0,1008,80,29.3,10.5,3.66,51
2025-04-21T06:00:00,4/21/2025 13:00,Hoàn Kiếm,VN,Asia/Ho_Chi_Minh,137,88.7,3,162,61.3,,36,87,0,1007,77,30.1,9.8,4,42
2025-04-21T07:00:00,4/21/2025 14:00,Hoàn Kiếm,VN,Asia/Ho_Chi_Minh,126,89.7,4,159.3,56.3,,39.7,91,0,1007,81,28.1,6.8,3.66,45
2025-04-21T08:00:00,4/21/2025 15:00,Hoàn Kiếm,VN,Asia/Ho_Chi_Minh,130,90.7,5,156.7,57.9,,43.3,95,0,1008,85,26.2,3.8,3.33,44
2025-04-21T09:00:00,4/21/2025 16:00,Hoàn Kiếm,VN,Asia/Ho_Chi_Minh,126,91.6,6,154,56.3,,47,100,0,1008,89,24.2,2.5,3,45.67
2025-04-21T10:00:00,4/21/2025 17:00,Hoàn Kiếm,VN,Asia/Ho_Chi_Minh,208,10,10,8.9,100,,9,75,0,1007,91,24.4,2,2.66,46
2025-04-21T11:00:00,4/21/2025 18:00,Hoàn Kiếm,VN,Asia/Ho_Chi_Minh,177,10,14,1.6,76,,8,50,0,1007,93,24.5,1.7,2.33,49
2025-04-21T12:00:00,4/21/2025 19:00,Hoàn Kiếm,VN,Asia/Ho_Chi_Minh,204,10,18,7,96,,10,25,0,1007,95,24.7,0,2,49
2025-04-21T13:00:00,4/21/2025 20:00,Hoàn Kiếm,VN,Asia/Ho_Chi_Minh,214,174.7,19.3,10.5,122.7,,236.3,50,0,1007,95,25,0,2,49
2025-04-21T14:00:00,4/21/2025 21:00,Hoàn Kiếm,VN,Asia/Ho_Chi_Minh,205,605,20.7,21.6,156,,679,75,0,1007,95,25.3,0,2,45
2025-04-21T15:00:00,4/21/2025 22:00,Hoàn Kiếm,VN,Asia/Ho_Chi_Minh,235,504,22,17.3,176,,689,100,0,1008,95,25.6,0,2,46.33
2025-04-21T16:00:00,4/21/2025 23:00,Hoàn Kiếm,VN,Asia/Ho_Chi_Minh,261,403,21.7,13,186,,700,100,0,1007,95,25.5,0,2,45
2025-04-21T17:00:00,4/22/2025 0:00,Hoàn Kiếm,VN,Asia/Ho_Chi_Minh,152,302,21.3,13,192,,700,100,0,1007,95,25.3,0,2,99
2025-04-21T18:00:00,4/22/2025 1:00,Hoàn Kiếm,VN,Asia/Ho_Chi_Minh,224,10,21,6.3,134,,11,100,0,1007,95,25.2,0,2,76
2025-04-21T19:00:00,4/22/2025 2:00,Hoàn Kiếm,VN,Asia/Ho_Chi_Minh,194,35.1,20,20.8,107.3,,22,95,0,1007,95,25.1,0,2,96
2025-04-21T20:00:00,4/22/2025 3:00,Hoàn Kiếm,VN,Asia/Ho_Chi_Minh,155,101,19,20.5,112,,673,91,0,1006,95,25.1,0,2,103.67
2025-04-21T21:00:00,4/22/2025 4:00,Hoàn Kiếm,VN,Asia/Ho_Chi_Minh,121,85.2,18,50,53.8,,44,87,0,1006,95,25,0,2,97
2025-04-21T22:00:00,4/22/2025 5:00,Hoàn Kiếm,VN,Asia/Ho_Chi_Minh,192,202,17.3,18.4,130,,694,91,0,1007,95,25.2,0,2,119
2025-04-21T23:00:00,4/22/2025 6:00,Hoàn Kiếm,VN,Asia/Ho_Chi_Minh,157,202,16.7,18.4,114,,700,95,0,1008,94,25.3,1.2,2,139
2025-04-22T00:00:00,4/22/2025 7:00,Hoàn Kiếm,VN,Asia/Ho_Chi_Minh,137,403,16,17.3,104,,710,100,0,1008,94,25.5,0.8,2,152
2025-04-22T01:00:00,4/22/2025 8:00,Hoàn Kiếm,VN,Asia/Ho_Chi_Minh,146,369.3,13.3,20.5,114,,701.3,100,0,1008,90,26.3,1.4,1.33,111
2025-04-22T02:00:00,4/22/2025 9:00,Hoàn Kiếm,VN,Asia/Ho_Chi_Minh,137,504,10.7,18.4,114,,700,100,0,1009,87,27.2,2.7,0.66,88.33
2025-04-22T03:00:00,4/22/2025 10:00,Hoàn Kiếm,VN,Asia/Ho_Chi_Minh,155,302,8,27,134,,684,100,0,1009,83,28,6.5,0.8,59
2025-04-22T04:00:00,4/22/2025 11:00,Hoàn Kiếm,VN,Asia/Ho_Chi_Minh,150,202,36.7,27,134,,689,95,0,1008,80,29,9.1,1,43
2025-04-22T05:00:00,4/22/2025 12:00,Hoàn Kiếm,VN,Asia/Ho_Chi_Minh,157,10,126,161,76,,278,91,0,1007,77,30,9.2,2,87
2025-04-22T06:00:00,4/22/2025 13:00,Hoàn Kiếm,VN,Asia/Ho_Chi_Minh,157,10,94,228,74,,75,87,0,1006,74,31,7.1,3,61
2025-04-22T07:00:00,4/22/2025 14:00,Hoàn Kiếm,VN,Asia/Ho_Chi_Minh,155,10,88.7,222,72.7,,73.7,87,0,1005,74,30.9,5.1,3,49
2025-04-22T08:00:00,4/22/2025 15:00,Hoàn Kiếm,VN,Asia/Ho_Chi_Minh,155,10,86,216,74,,72.3,87,0,1005,74,30.8,3.1,3,52.33
2025-04-22T09:00:00,4/22/2025 16:00,Hoàn Kiếm,VN,Asia/Ho_Chi_Minh,153,10,78,210,70,,71,87,0,1004,73,30.7,2.3,3,49
2025-04-22T10:00:00,4/22/2025 17:00,Hoàn Kiếm,VN,Asia/Ho_Chi_Minh,150,141,58.7,171.1,67.5,,273.7,91,0,1004,77,29.8,1.1,2.66,59
2025-04-22T11:00:00,4/22/2025 18:00,Hoàn Kiếm,VN,Asia/Ho_Chi_Minh,157,302,39.3,173.6,134,,679,95,0,1004,80,28.9,0.8,2.33,54
2025-04-22T12:00:00,4/22/2025 19:00,Hoàn Kiếm,VN,Asia/Ho_Chi_Minh,192,403,20,93.4,154,,679,100,0,1004,83,28,0,2,61
2025-04-22T13:00:00,4/22/2025 20:00,Hoàn Kiếm,VN,Asia/Ho_Chi_Minh,182,336,21.3,73.1,144.7,,689.3,100,0,1005,86,27.6,0,2.66,61
2025-04-22T14:00:00,4/22/2025 21:00,Hoàn Kiếm,VN,Asia/Ho_Chi_Minh,189,302,22.7,50.8,148,,684,100,0,1005,89,27.1,0,3.33,59
2025-04-22T15:00:00,4/22/2025 22:00,Hoàn Kiếm,VN,Asia/Ho_Chi_Minh,163,202,24,32.4,126,,710,100,0,1006,93,26.7,0,4,59
2025-04-22T16:00:00,4/22/2025 23:00,Hoàn Kiếm,VN,Asia/Ho_Chi_Minh,192,10,23.3,7,162,,7,55,0,1005,92,26.5,0,3.33,55
2025-04-22T17:00:00,4/23/2025 0:00,Hoàn Kiếm,VN,Asia/Ho_Chi_Minh,145,10,22.7,1.4,132,,6,7,0,1005,91,26.2,0,2.66,54
2025-04-22T18:00:00,4/23/2025 1:00,Hoàn Kiếm,VN,Asia/Ho_Chi_Minh,137,126.1,22,68,50,,55,24,0,1005,90,26,0,2,61
2025-04-22T19:00:00,4/23/2025 2:00,Hoàn Kiếm,VN,Asia/Ho_Chi_Minh,142,123.1,21.3,68.3,63.8,,53.7,50,0,1005,90,25.8,0,1.33,87
2025-04-22T20:00:00,4/23/2025 3:00,Hoàn Kiếm,VN,Asia/Ho_Chi_Minh,145,120.2,20.7,68.7,65,,52.3,43,0,1004,89,25.7,0,0.66,79.67
2025-04-22T21:00:00,4/23/2025 4:00,Hoàn Kiếm,VN,Asia/Ho_Chi_Minh,163,117.3,20,69,81.3,,51,50,0,1004,89,25.5,0,2,85
2025-04-22T22:00:00,4/23/2025 5:00,Hoàn Kiếm,VN,Asia/Ho_Chi_Minh,168,10,20,5.5,106,,4,42,0,1005,91,25.5,0,1.2,65
2025-04-22T23:00:00,4/23/2025 6:00,Hoàn Kiếm,VN,Asia/Ho_Chi_Minh,179,10,20,1.1,104,,3,85,0,1005,93,25.5,0.8,1.2,87
2025-04-23T00:00:00,4/23/2025 7:00,Hoàn Kiếm,VN,Asia/Ho_Chi_Minh,163,10,20,6.1,106,,2,87,0,1006,94,25.5,0.9,0.8,52
2025-04-23T01:00:00,4/23/2025 8:00,Hoàn Kiếm,VN,Asia/Ho_Chi_Minh,165,55.9,17,65.7,99.4,,33.3,91,0,1006,90,26.5,1.6,0.4,49
2025-04-23T02:00:00,4/23/2025 9:00,Hoàn Kiếm,VN,Asia/Ho_Chi_Minh,165,101.8,14,125.4,83.8,,64.7,95,0,1007,86,27.5,4,0.8,51
2025-04-23T03:00:00,4/23/2025 10:00,Hoàn Kiếm,VN,Asia/Ho_Chi_Minh,168,147.7,11,185,86.3,,96,100,0,1007,82,28.5,6.4,0.8,52
2025-04-23T04:00:00,4/23/2025 11:00,Hoàn Kiếm,VN,Asia/Ho_Chi_Minh,176,10,133,148.7,90,,304.3,79,0,1006,76,30.1,8.3,0.66,65
2025-04-23T05:00:00,4/23/2025 12:00,Hoàn Kiếm,VN,Asia/Ho_Chi_Minh,200,302,7,70.4,158,,689,58,0,1005,70,31.6,8.7,1.33,69
2025-04-23T06:00:00,4/23/2025 13:00,Hoàn Kiếm,VN,Asia/Ho_Chi_Minh,189,202,5,76,148,,721,37,0,1004,65,33.2,7.4,2,77
2025-04-23T07:00:00,4/23/2025 14:00,Hoàn Kiếm,VN,Asia/Ho_Chi_Minh,175,202,6.7,73.9,138.7,,721,33,0,1003,67,33,5.5,2.33,65
2025-04-23T08:00:00,4/23/2025 15:00,Hoàn Kiếm,VN,Asia/Ho_Chi_Minh,155,202,8.3,77.2,124,,721,29,0,1002,69,32.8,3.9,2.66,66.33
2025-04-23T09:00:00,4/23/2025 16:00,Hoàn Kiếm,VN,Asia/Ho_Chi_Minh,145,202,10,69.6,120,,721,25,0,1001,71,32.6,2.3,3,67
2025-04-23T10:00:00,4/23/2025 17:00,Hoàn Kiếm,VN,Asia/Ho_Chi_Minh,142,179.6,14,73.7,97.3,,497,29,0,1002,75,31.3,1.6,2.66,69
2025-04-23T11:00:00,4/23/2025 18:00,Hoàn Kiếm,VN,Asia/Ho_Chi_Minh,212,10,18,8.5,102,,3,33,0,1002,78,30,0.9,2.33,75
2025-04-23T12:00:00,4/23/2025 19:00,Hoàn Kiếm,VN,Asia/Ho_Chi_Minh,137,134.8,22,82,52,,49,37,0,1003,82,28.7,0,2,93
2025-04-23T13:00:00,4/23/2025 20:00,Hoàn Kiếm,VN,Asia/Ho_Chi_Minh,220,10,23,9.1,108,,1,41,0,1004,86,28,0,2,85
2025-04-23T14:00:00,4/23/2025 21:00,Hoàn Kiếm,VN,Asia/Ho_Chi_Minh,155,10,24,7.1,106,,2,45,0,1004,89,27.4,0,2,74
2025-04-23T15:00:00,4/23/2025 22:00,Hoàn Kiếm,VN,Asia/Ho_Chi_Minh,134,141.8,25,58,60,,62,50,0,1005,93,26.7,0,2,59
2025-04-23T16:00:00,4/23/2025 23:00,Hoàn Kiếm,VN,Asia/Ho_Chi_Minh,131,139.1,24.3,56,58.8,,58.3,50,0,1005,92,26.6,0,2.33,52
2025-04-23T17:00:00,4/24/2025 0:00,Hoàn Kiếm,VN,Asia/Ho_Chi_Minh,129,136.4,23.7,54,57.5,,54.7,50,0,1005,92,26.6,0,2.66,51
2025-04-23T18:00:00,4/24/2025 1:00,Hoàn Kiếm,VN,Asia/Ho_Chi_Minh,142,133.6,23,52,54,,51,50,0,1004,92,26.5,0,3,102
2025-04-23T19:00:00,4/24/2025 2:00,Hoàn Kiếm,VN,Asia/Ho_Chi_Minh,148,10,22.3,10.4,92,,2,66,0,1004,92,26.4,0,2.66,49
2025-04-23T20:00:00,4/24/2025 3:00,Hoàn Kiếm,VN,Asia/Ho_Chi_Minh,134,129.4,21.7,53.3,60,,47.7,83,0,1004,92,26.2,0,2.33,108
2025-04-23T21:00:00,4/24/2025 4:00,Hoàn Kiếm,VN,Asia/Ho_Chi_Minh,134,127.2,21,54,60,,46,100,0,1004,93,26.1,0,2,59
2025-04-23T22:00:00,4/24/2025 5:00,Hoàn Kiếm,VN,Asia/Ho_Chi_Minh,118,264.9,25.4,55.7,52.5,,47,100,0,1005,92,26.3,0,1.33,48
2025-04-23T23:00:00,4/24/2025 6:00,Hoàn Kiếm,VN,Asia/Ho_Chi_Minh,89,402.6,29.9,57.3,38.7,,48,100,0,1006,91,26.4,0.6,0.66,47
2025-04-24T00:00:00,4/24/2025 7:00,Hoàn Kiếm,VN,Asia/Ho_Chi_Minh,69,540.3,34.3,59,28,,49,100,0,1006,90,26.6,0.8,2.4,46
2025-04-24T01:00:00,4/24/2025 8:00,Hoàn Kiếm,VN,Asia/Ho_Chi_Minh,89,393.5,28.2,72.7,38.7,,51.3,100,0,1007,89,27,1.2,0.66,51
2025-04-24T02:00:00,4/24/2025 9:00,Hoàn Kiếm,VN,Asia/Ho_Chi_Minh,126,246.6,22.1,86.3,56.3,,53.7,100,0,1007,87,27.3,2,1.33,53
2025-04-24T03:00:00,4/24/2025 10:00,Hoàn Kiếm,VN,Asia/Ho_Chi_Minh,134,99.8,16,100,60,,56,100,0,1007,86,27.7,2.8,2,48
2025-04-24T04:00:00,4/24/2025 11:00,Hoàn Kiếm,VN,Asia/Ho_Chi_Minh,137,105.2,13,130.7,61.3,,54,95,0,1007,82,28.7,3.5,2,48
2025-04-24T05:00:00,4/24/2025 12:00,Hoàn Kiếm,VN,Asia/Ho_Chi_Minh,137,110.7,10,161.3,61.3,,52,91,0,1006,79,29.7,3.7,2,42
2025-04-24T06:00:00,4/24/2025 13:00,Hoàn Kiếm,VN,Asia/Ho_Chi_Minh,156,116.1,7,192,63,,50,87,0,1005,76,30.7,3.6,2,30
2025-04-24T07:00:00,4/24/2025 14:00,Hoàn Kiếm,VN,Asia/Ho_Chi_Minh,134,118.1,7.7,192,60,,48.7,87,0,1004,75,30.6,3,2,21
2025-04-24T08:00:00,4/24/2025 15:00,Hoàn Kiếm,VN,Asia/Ho_Chi_Minh,148,10,88,192,68,,47.3,87,0,1004,75,30.6,3.1,2,30
2025-04-24T09:00:00,4/24/2025 16:00,Hoàn Kiếm,VN,Asia/Ho_Chi_Minh,131,122,9,192,58.8,,46,87,0,1003,75,30.5,2.9,2,45
2025-04-24T10:00:00,4/24/2025 17:00,Hoàn Kiếm,VN,Asia/Ho_Chi_Minh,129,123.9,284,159.7,57.5,,50.7,91,0,1003,78,29.7,1.7,2.33,48
2025-04-24T11:00:00,4/24/2025 18:00,Hoàn Kiếm,VN,Asia/Ho_Chi_Minh,134,125.9,15.7,127.3,60,,55.3,95,0,1003,82,28.8,1.4,2.66,49
2025-04-24T12:00:00,4/24/2025 19:00,Hoàn Kiếm,VN,Asia/Ho_Chi_Minh,168,127.8,19,95,70,,60,100,0,1004,86,28,0,3,49
2025-04-24T13:00:00,4/24/2025 20:00,Hoàn Kiếm,VN,Asia/Ho_Chi_Minh,190,88.5,16.7,64.3,86,,40.3,87,0,1005,87,27.7,0,2.66,60
2025-04-24T14:00:00,4/24/2025 21:00,Hoàn Kiếm,VN,Asia/Ho_Chi_Minh,211,49.3,14.3,33.6,102,,20.7,75,2,1006,88,27.5,0,2.33,48
2025-04-24T15:00:00,4/24/2025 22:00,Hoàn Kiếm,VN,Asia/Ho_Chi_Minh,233,10,12,2.9,118,,1,62,4.25,1007,88,27.2,0,2,53
2025-04-24T16:00:00,4/24/2025 23:00,Hoàn Kiếm,VN,Asia/Ho_Chi_Minh,239,10,13,6.6,122,,2,75,7.25,1007,89,26.3,0,2,47
2025-04-24T17:00:00,4/25/2025 0:00,Hoàn Kiếm,VN,Asia/Ho_Chi_Minh,164,90.5,14,41.6,72.7,,37,87,5,1007,90,25.5,0,2,46
2025-04-24T18:00:00,4/25/2025 1:00,Hoàn Kiếm,VN,Asia/Ho_Chi_Minh,112,130.7,15,61,50,,55,100,2,1007,91,24.6,0,2,48
2025-04-24T19:00:00,4/25/2025 2:00,Hoàn Kiếm,VN,Asia/Ho_Chi_Minh,115,127,13.3,66.3,51.3,,51.3,87,0.75,1007,89,24.6,0,2,69
2025-04-24T20:00:00,4/25/2025 3:00,Hoàn Kiếm,VN,Asia/Ho_Chi_Minh,115,123.3,11.7,71.7,51.3,,47.7,75,3,1008,88,24.6,0,2,85.33
2025-04-24T21:00:00,4/25/2025 4:00,Hoàn Kiếm,VN,Asia/Ho_Chi_Minh,104,119.6,10,77,46.3,,44,62,0.75,1008,87,24.6,0,2,101.67
2025-04-24T22:00:00,4/25/2025 5:00,Hoàn Kiếm,VN,Asia/Ho_Chi_Minh,65,120.4,10.3,76.7,23.8,,48,66,3.5,1009,90,24.1,0,1.33,118
2025-04-24T23:00:00,4/25/2025 6:00,Hoàn Kiếm,VN,Asia/Ho_Chi_Minh,87,121.2,10.7,76.3,36.3,,52,70,4.75,1010,93,23.5,0.6,0.66,122
2025-04-25T00:00:00,4/25/2025 7:00,Hoàn Kiếm,VN,Asia/Ho_Chi_Minh,78,122,11,76,31.3,,56,75,1.5,1012,97,23,0.8,2,66
2025-04-25T01:00:00,4/25/2025 8:00,Hoàn Kiếm,VN,Asia/Ho_Chi_Minh,78,10,9.7,6.2,25,,1,79,1.5,1012,90,23.9,1.2,0.66,40
2025-04-25T02:00:00,4/25/2025 9:00,Hoàn Kiếm,VN,Asia/Ho_Chi_Minh,85,10,8.3,6.2,28,,1,83,0.25,1012,83,24.7,2,1.33,41
2025-04-25T03:00:00,4/25/2025 10:00,Hoàn Kiếm,VN,Asia/Ho_Chi_Minh,91,109.7,7,101,38.8,,78,87,0,1012,78,25.6,3,2,41
2025-04-25T04:00:00,4/25/2025 11:00,Hoàn Kiếm,VN,Asia/Ho_Chi_Minh,133,302,6.3,25.9,66,,700,87,0,1011,74,26.5,5.1,2,37
2025-04-25T05:00:00,4/25/2025 12:00,Hoàn Kiếm,VN,Asia/Ho_Chi_Minh,94,237.9,5.7,58.9,59.6,,496,87,0,1010,70,27.3,5.6,2,19
2025-04-25T06:00:00,4/25/2025 13:00,Hoàn Kiếm,VN,Asia/Ho_Chi_Minh,134,302,5,37.8,70,,705,87,0,1009,67,28.2,4.1,2,29
2025-04-25T07:00:00,4/25/2025 14:00,Hoàn Kiếm,VN,Asia/Ho_Chi_Minh,137,302,6,53,64,,721,91,0,1009,68,28.1,2.7,2,25
2025-04-25T08:00:00,4/25/2025 15:00,Hoàn Kiếm,VN,Asia/Ho_Chi_Minh,115,181.2,7,130.6,51.3,,301.7,95,0,1008,70,28.1,1.9,2,25
2025-04-25T09:00:00,4/25/2025 16:00,Hoàn Kiếm,VN,Asia/Ho_Chi_Minh,115,120.8,8,177,51.3,,100,100,0,1007,72,28,1.1,2,28
2025-04-25T10:00:00,4/25/2025 17:00,Hoàn Kiếm,VN,Asia/Ho_Chi_Minh,129,139.1,14,154.7,57.5,,101.3,95,0,1007,74,27.6,1.3,2,31
2025-04-25T11:00:00,4/25/2025 18:00,Hoàn Kiếm,VN,Asia/Ho_Chi_Minh,130,157.4,20,132.3,57.9,,102.7,91,0,1008,77,27.1,0.9,2,28
2025-04-25T12:00:00,4/25/2025 19:00,Hoàn Kiếm,VN,Asia/Ho_Chi_Minh,137,175.7,26,110,61.3,,104,87,0,1008,80,26.7,0,2,29.67
2025-04-25T13:00:00,4/25/2025 20:00,Hoàn Kiếm,VN,Asia/Ho_Chi_Minh,152,10,59.3,2.2,84,,1,91,0,1009,82,26.6,0,2.33,29
2025-04-25T14:00:00,4/25/2025 21:00,Hoàn Kiếm,VN,Asia/Ho_Chi_Minh,163,65.2,92.7,97.3,81.3,,78,95,0,1009,84,26.6,0,2.66,29
2025-04-25T15:00:00,4/25/2025 22:00,Hoàn Kiếm,VN,Asia/Ho_Chi_Minh,115,10,126,91,48,,65,100,0,1010,86,26.5,0,3,41
2025-04-25T16:00:00,4/25/2025 23:00,Hoàn Kiếm,VN,Asia/Ho_Chi_Minh,121,10,90.7,64.5,69.3,,44,100,0,1010,88,25.9,0,3,41
2025-04-25T17:00:00,4/26/2025 0:00,Hoàn Kiếm,VN,Asia/Ho_Chi_Minh,200,504,55.3,34.6,154,,716,100,0,1010,89,25.3,0,3,46
2025-04-25T18:00:00,4/26/2025 1:00,Hoàn Kiếm,VN,Asia/Ho_Chi_Minh,131,10,20,11.4,112,,2,100,0,1010,91,24.7,0,3,46.33
2025-04-25T19:00:00,4/26/2025 2:00,Hoàn Kiếm,VN,Asia/Ho_Chi_Minh,133,74,21.7,19.1,112,,236.3,100,0,1009,91,24.7,0,2.33,49
2025-04-25T20:00:00,4/26/2025 3:00,Hoàn Kiếm,VN,Asia/Ho_Chi_Minh,192,403,23.3,34.6,158,,700,100,0,1009,90,24.7,0,1.66,57
2025-04-25T21:00:00,4/26/2025 4:00,Hoàn Kiếm,VN,Asia/Ho_Chi_Minh,137,202,25,34.6,112,,705,100,0,1009,89,24.7,0,1,65
2025-04-25T22:00:00,4/26/2025 5:00,Hoàn Kiếm,VN,Asia/Ho_Chi_Minh,139,182.9,23,48.4,96.3,,488,100,0,1010,91,24.7,0,1,41
2025-04-25T23:00:00,4/26/2025 6:00,Hoàn Kiếm,VN,Asia/Ho_Chi_Minh,142,163.8,21,62.2,80.7,,271,100,0,1010,92,24.7,0.6,1,43
2025-04-26T00:00:00,4/26/2025 7:00,Hoàn Kiếm,VN,Asia/Ho_Chi_Minh,145,144.7,19,76,65,,54,100,0,1011,93,24.7,0.8,1,93
2025-04-26T01:00:00,4/26/2025 8:00,Hoàn Kiếm,VN,Asia/Ho_Chi_Minh,131,197.2,17,63.6,58.8,,269.3,100,0,1011,90,25.3,1.2,2,47
2025-04-26T02:00:00,4/26/2025 9:00,Hoàn Kiếm,VN,Asia/Ho_Chi_Minh,137,403,15,30.3,118,,700,100,0,1012,88,25.9,2,3,47.67
2025-04-26T03:00:00,4/26/2025 10:00,Hoàn Kiếm,VN,Asia/Ho_Chi_Minh,133,302,13,38.9,104,,700,100,0,1012,85,26.5,2.9,4,87
2025-04-26T04:00:00,4/26/2025 11:00,Hoàn Kiếm,VN,Asia/Ho_Chi_Minh,130,240.8,11.3,72.9,86,,478.3,100,0,1011,85,26.5,3.5,3.33,49
2025-04-26T05:00:00,4/26/2025 12:00,Hoàn Kiếm,VN,Asia/Ho_Chi_Minh,118,179.6,9.7,107,52.5,,256.7,100,0,1010,85,26.6,3.7,2.66,50
2025-04-26T06:00:00,4/26/2025 13:00,Hoàn Kiếm,VN,Asia/Ho_Chi_Minh,137,118.5,8,141,50,,35,100,0,1010,85,26.6,3.4,2,51
2025-04-26T07:00:00,4/26/2025 14:00,Hoàn Kiếm,VN,Asia/Ho_Chi_Minh,133,117.7,8,141,48.7,,34,91,0,1009,83,27.1,2.7,2.33,52
2025-04-26T08:00:00,4/26/2025 15:00,Hoàn Kiếm,VN,Asia/Ho_Chi_Minh,110,116.9,8,141,48.8,,33,83,0,1008,81,27.7,2.2,2.66,47
2025-04-26T09:00:00,4/26/2025 16:00,Hoàn Kiếm,VN,Asia/Ho_Chi_Minh,126,116.1,8,141,46,,32,75,0,1007,79,28.2,2.2,3,49
2025-04-26T10:00:00,4/26/2025 17:00,Hoàn Kiếm,VN,Asia/Ho_Chi_Minh,123,211.8,12.3,106.3,55,,254.7,83,0,1007,82,27.6,1.4,2.66,45
2025-04-26T11:00:00,4/26/2025 18:00,Hoàn Kiếm,VN,Asia/Ho_Chi_Minh,126,307.4,16.7,71.5,56.3,,477.3,91,0,1007,85,27.1,1.2,2.33,46.33
2025-04-26T12:00:00,4/26/2025 19:00,Hoàn Kiếm,VN,Asia/Ho_Chi_Minh,134,403,21,36.8,104,,700,100,0,1008,89,26.5,0,2,42
2025-04-26T13:00:00,4/26/2025 20:00,Hoàn Kiếm,VN,Asia/Ho_Chi_Minh,157,504,21,34.6,118,,705,100,0,1009,90,26.2,0,2,49
2025-04-26T14:00:00,4/26/2025 21:00,Hoàn Kiếm,VN,Asia/Ho_Chi_Minh,142,302,21,34.6,106,,716,100,0,1009,92,25.9,0,2,47.67
2025-04-26T15:00:00,4/26/2025 22:00,Hoàn Kiếm,VN,Asia/Ho_Chi_Minh,148,131.9,21,71,54,,56,100,0,1010,94,25.6,0,2,39
2025-04-26T16:00:00,4/26/2025 23:00,Hoàn Kiếm,VN,Asia/Ho_Chi_Minh,155,403,20.3,32.4,116,,716,100,0,1010,93,25.6,0,2.33,45
2025-04-26T17:00:00,4/27/2025 0:00,Hoàn Kiếm,VN,Asia/Ho_Chi_Minh,137,202,19.7,27,92,,721,100,0,1009,93,25.7,0,2.66,44
2025-04-26T18:00:00,4/27/2025 1:00,Hoàn Kiếm,VN,Asia/Ho_Chi_Minh,145,122.6,19,67,54,,43,100,0,1009,93,25.7,0,3,45
2025-04-26T19:00:00,4/27/2025 2:00,Hoàn Kiếm,VN,Asia/Ho_Chi_Minh,155,403,19,25.9,110,,694,100,0,1009,93,25.7,0,2.33,48
2025-04-26T20:00:00,4/27/2025 3:00,Hoàn Kiếm,VN,Asia/Ho_Chi_Minh,145,202,19,29.2,102,,705,100,0,1009,94,25.6,0,1.66,61
2025-04-26T21:00:00,4/27/2025 4:00,Hoàn Kiếm,VN,Asia/Ho_Chi_Minh,160,115,19,54,64,,38,100,0,1009,95,25.6,0,1,51
2025-04-26T22:00:00,4/27/2025 5:00,Hoàn Kiếm,VN,Asia/Ho_Chi_Minh,224,302,18,27,152,,721,100,0,1010,96,25.5,0,0.66,53
2025-04-26T23:00:00,4/27/2025 6:00,Hoàn Kiếm,VN,Asia/Ho_Chi_Minh,181,302,17,27,122,,721,100,0,1010,97,25.3,1.2,0.33,59
2025-04-27T00:00:00,4/27/2025 7:00,Hoàn Kiếm,VN,Asia/Ho_Chi_Minh,137,302,16,24.9,94,,721,100,0,1010,98,25.2,1,3.2,45
2025-04-27T01:00:00,4/27/2025 8:00,Hoàn Kiếm,VN,Asia/Ho_Chi_Minh,131,229.7,13.3,48.6,58.8,,493.3,100,0,1011,95,26,1.3,0.33,52
2025-04-27T02:00:00,4/27/2025 9:00,Hoàn Kiếm,VN,Asia/Ho_Chi_Minh,134,157.5,10.7,72.3,60,,265.7,100,0,1011,91,26.7,2.1,0.66,59
2025-04-27T03:00:00,4/27/2025 10:00,Hoàn Kiếm,VN,Asia/Ho_Chi_Minh,95,85.2,8,96,34,,38,100,0,1011,88,27.5,3,1,52
2025-04-27T04:00:00,4/27/2025 11:00,Hoàn Kiếm,VN,Asia/Ho_Chi_Minh,137,84.2,6.7,107,61.3,,36,87,0,1010,83,28.5,3.7,1.33,63
2025-04-27T05:00:00,4/27/2025 12:00,Hoàn Kiếm,VN,Asia/Ho_Chi_Minh,131,83.3,5.3,118,58.8,,34,75,0,1009,78,29.6,3.7,1.66,111
2025-04-27T06:00:00,4/27/2025 13:00,Hoàn Kiếm,VN,Asia/Ho_Chi_Minh,123,82.3,4,129,44,,32,62,0,1008,74,30.6,3.4,2,79
2025-04-27T07:00:00,4/27/2025 14:00,Hoàn Kiếm,VN,Asia/Ho_Chi_Minh,121,81.3,5,125,43.3,,32,75,0,1007,76,30.3,2.7,2.33,49
2025-04-27T08:00:00,4/27/2025 15:00,Hoàn Kiếm,VN,Asia/Ho_Chi_Minh,120,80.3,6,121,42.7,,32,87,0,1007,77,29.9,2.3,2.66,47
2025-04-27T09:00:00,4/27/2025 16:00,Hoàn Kiếm,VN,Asia/Ho_Chi_Minh,118,79.4,7,117,42,,32,100,0,1006,78,29.6,2.4,3,48
2025-04-27T10:00:00,4/27/2025 17:00,Hoàn Kiếm,VN,Asia/Ho_Chi_Minh,121,82.3,11,95.3,53.8,,36,100,0,1006,81,29,1.4,2.33,33
2025-04-27T11:00:00,4/27/2025 18:00,Hoàn Kiếm,VN,Asia/Ho_Chi_Minh,118,85.2,15,73.7,52.5,,40,100,0,1007,85,28.3,1,1.66,49
2025-04-27T12:00:00,4/27/2025 19:00,Hoàn Kiếm,VN,Asia/Ho_Chi_Minh,118,88.1,19,52,52.5,,44,100,0,1007,88,27.7,0,1,47
2025-04-27T13:00:00,4/27/2025 20:00,Hoàn Kiếm,VN,Asia/Ho_Chi_Minh,112,86.8,20.3,46.7,50,,46,100,0,1008,89,27.4,0,1,44
2025-04-27T14:00:00,4/27/2025 21:00,Hoàn Kiếm,VN,Asia/Ho_Chi_Minh,102,85.4,21.7,41.3,45,,48,100,0,1008,90,27,0,1,43.33
2025-04-27T15:00:00,4/27/2025 22:00,Hoàn Kiếm,VN,Asia/Ho_Chi_Minh,91,84,23,36,34,,50,100,0,1009,92,26.7,0,1,42.67
2025-04-27T16:00:00,4/27/2025 23:00,Hoàn Kiếm,VN,Asia/Ho_Chi_Minh,95,80,22.3,34.7,41.3,,48,100,0,1009,92,26.6,0,1,42
2025-04-27T17:00:00,4/28/2025 0:00,Hoàn Kiếm,VN,Asia/Ho_Chi_Minh,100,75.9,21.7,33.3,43.8,,46,100,0,1009,93,26.6,0,1,43
2025-04-27T18:00:00,4/28/2025 1:00,Hoàn Kiếm,VN,Asia/Ho_Chi_Minh,112,71.8,21,32,50,,44,100,0,1009,93,26.5,0,1,42
2025-04-27T19:00:00,4/28/2025 2:00,Hoàn Kiếm,VN,Asia/Ho_Chi_Minh,115,71,20,35,51.3,,41,100,0,1009,93,26.3,0,0.66,42
2025-04-27T20:00:00,4/28/2025 3:00,Hoàn Kiếm,VN,Asia/Ho_Chi_Minh,114,70.2,19,38,50.8,,38,100,0,1009,94,26.2,0,0.33,40
2025-04-27T21:00:00,4/28/2025 4:00,Hoàn Kiếm,VN,Asia/Ho_Chi_Minh,115,69.4,18,41,51.3,,35,100,0,1009,94,26,0,2.4,36
2025-04-27T22:00:00,4/28/2025 5:00,Hoàn Kiếm,VN,Asia/Ho_Chi_Minh,118,80.1,17.3,45.3,52.5,,38,91,0,1010,94,26.1,0,2.8,31
2025-04-27T23:00:00,4/28/2025 6:00,Hoàn Kiếm,VN,Asia/Ho_Chi_Minh,123,90.8,16.7,49.7,55,,41,83,0,1010,94,26.1,0.7,2.8,33
2025-04-28T00:00:00,4/28/2025 7:00,Hoàn Kiếm,VN,Asia/Ho_Chi_Minh,131,101.5,16,54,58.8,,44,75,0,1011,94,26.2,0.9,3.2,35
2025-04-28T01:00:00,4/28/2025 8:00,Hoàn Kiếm,VN,Asia/Ho_Chi_Minh,139,235.7,13.3,38.5,62.5,,40,70,0,1011,93,25.3,1.3,1,40
2025-04-28T02:00:00,4/28/2025 9:00,Hoàn Kiếm,VN,Asia/Ho_Chi_Minh,121,369.8,10.7,23,84.9,,36,66,0.5,1012,92,24.4,2,2,41
2025-04-28T03:00:00,4/28/2025 10:00,Hoàn Kiếm,VN,Asia/Ho_Chi_Minh,115,504,8,7.6,98,,32,62,1.25,1012,91,23.5,2.9,3,40.67
2025-04-28T04:00:00,4/28/2025 11:00,Hoàn Kiếm,VN,Asia/Ho_Chi_Minh,87,101,7,8.6,72,,32,70,0.75,1012,84,24.8,3.5,3,41
2025-04-28T05:00:00,4/28/2025 12:00,Hoàn Kiếm,VN,Asia/Ho_Chi_Minh,74,243.9,6,99.9,28.8,,66.7,79,0,1011,78,26.2,3.7,3,42
2025-04-28T06:00:00,4/28/2025 13:00,Hoàn Kiếm,VN,Asia/Ho_Chi_Minh,82,113.8,5,146,32.5,,84,87,0,1011,73,27.5,3.4,3,44
2025-04-28T07:00:00,4/28/2025 14:00,Hoàn Kiếm,VN,Asia/Ho_Chi_Minh,89,116.5,6.7,146.3,37.5,,84,91,0,1010,79,26.2,2.7,2.66,47
2025-04-28T08:00:00,4/28/2025 15:00,Hoàn Kiếm,VN,Asia/Ho_Chi_Minh,90,119.2,8.3,146.7,38.3,,84,95,0.5,1010,86,24.8,1.9,2.33,50
2025-04-28T09:00:00,4/28/2025 16:00,Hoàn Kiếm,VN,Asia/Ho_Chi_Minh,95,122,10,147,41.3,,84,100,0.25,1009,93,23.5,1.1,2,43
2025-04-28T10:00:00,4/28/2025 17:00,Hoàn Kiếm,VN,Asia/Ho_Chi_Minh,136,706,17.7,25.9,96,,716,95,0,1009,93,23.8,0.8,1.66,41
2025-04-28T11:00:00,4/28/2025 18:00,Hoàn Kiếm,VN,Asia/Ho_Chi_Minh,136,605,25.3,19.5,112,,716,91,0,1010,93,24.2,0.6,1.33,29
2025-04-28T12:00:00,4/28/2025 19:00,Hoàn Kiếm,VN,Asia/Ho_Chi_Minh,126,220.6,33,71,56.3,,110,87,0,1010,93,24.5,0,1,23
2025-04-28T13:00:00,4/28/2025 20:00,Hoàn Kiếm,VN,Asia/Ho_Chi_Minh,135,415.7,37.3,48.8,79.5,,312,91,0,1011,92,24.5,0,0.66,26
2025-04-28T14:00:00,4/28/2025 21:00,Hoàn Kiếm,VN,Asia/Ho_Chi_Minh,142,610.9,41.7,26.5,63.8,,514,95,0,1011,91,24.6,0,0.33,30
2025-04-28T15:00:00,4/28/2025 22:00,Hoàn Kiếm,VN,Asia/Ho_Chi_Minh,153,806,46,4.3,126,,716,100,0,1012,91,24.6,0,1.2,30.67
2025-04-28T16:00:00,4/28/2025 23:00,Hoàn Kiếm,VN,Asia/Ho_Chi_Minh,168,806,46,4.3,136,,716,95,0,1012,91,24.6,0,0.8,33
2025-04-28T17:00:00,4/29/2025 0:00,Hoàn Kiếm,VN,Asia/Ho_Chi_Minh,200,504,46,10.8,156,,716,91,0,1012,91,24.5,0,1.2,40
2025-04-28T18:00:00,4/29/2025 1:00,Hoàn Kiếm,VN,Asia/Ho_Chi_Minh,219,504,46,4.3,162,,716,87,0,1011,91,24.5,0,0.8,45
2025-04-28T19:00:00,4/29/2025 2:00,Hoàn Kiếm,VN,Asia/Ho_Chi_Minh,192,403,48.3,2.2,146,,716,91,0,1011,91,24.4,0,0.8,45
2025-04-28T20:00:00,4/29/2025 3:00,Hoàn Kiếm,VN,Asia/Ho_Chi_Minh,185,369.3,50.7,2.9,147.3,,716,95,0,1011,92,24.3,0,0.8,48.33
2025-04-28T21:00:00,4/29/2025 4:00,Hoàn Kiếm,VN,Asia/Ho_Chi_Minh,168,302,53,2.2,140,,716,100,0,1010,93,24.2,0,0.8,51
2025-04-28T22:00:00,4/29/2025 5:00,Hoàn Kiếm,VN,Asia/Ho_Chi_Minh,168,403,47.7,2.2,144,,716,100,0,1011,92,24.3,0,0.8,55
2025-04-28T23:00:00,4/29/2025 6:00,Hoàn Kiếm,VN,Asia/Ho_Chi_Minh,171,605,42.3,2.2,144,,716,100,0,1011,91,24.4,0.6,1.2,69
2025-04-29T00:00:00,4/29/2025 7:00,Hoàn Kiếm,VN,Asia/Ho_Chi_Minh,216,706,37,3.2,174,,716,100,0,1012,90,24.5,0.8,1.2,93
2025-04-29T01:00:00,4/29/2025 8:00,Hoàn Kiếm,VN,Asia/Ho_Chi_Minh,219,672.3,31.7,8.6,177.3,,716,100,0,1012,88,25,1.3,0.66,107
2025-04-29T02:00:00,4/29/2025 9:00,Hoàn Kiếm,VN,Asia/Ho_Chi_Minh,221,806,26.3,3.2,186,,716,100,0,1013,85,25.6,2,1.33,87
2025-04-29T03:00:00,4/29/2025 10:00,Hoàn Kiếm,VN,Asia/Ho_Chi_Minh,224,605,21,19.5,184,,716,100,0,1013,83,26.1,2.9,2,81.67
2025-04-29T04:00:00,4/29/2025 11:00,Hoàn Kiếm,VN,Asia/Ho_Chi_Minh,237,706,18,23.8,204,,716,100,0,1013,84,25.8,4.9,1.66,69
2025-04-29T05:00:00,4/29/2025 12:00,Hoàn Kiếm,VN,Asia/Ho_Chi_Minh,208,504,15,32.4,180,,716,100,0,1012,85,25.5,5.3,1.33,69
2025-04-29T06:00:00,4/29/2025 13:00,Hoàn Kiếm,VN,Asia/Ho_Chi_Minh,152,403,12,35.7,132,,716,100,0,1012,86,25.2,6.6,1,71
2025-04-29T07:00:00,4/29/2025 14:00,Hoàn Kiếm,VN,Asia/Ho_Chi_Minh,176,369.3,12.7,40,140.7,,716,79,0,1010,79,26.5,4.1,1,105
2025-04-29T08:00:00,4/29/2025 15:00,Hoàn Kiếm,VN,Asia/Ho_Chi_Minh,157,403,13.3,31.4,132,,716,58,0,1009,73,27.7,2.7,1,107
2025-04-29T09:00:00,4/29/2025 16:00,Hoàn Kiếm,VN,Asia/Ho_Chi_Minh,224,302,14,48.6,158,,716,37,0,1008,68,29,1.5,1,109
2025-04-29T10:00:00,4/29/2025 17:00,Hoàn Kiếm,VN,Asia/Ho_Chi_Minh,195,605,17.7,45.4,146,,716,50,0,1009,70,28.6,0.8,1.33,111
2025-04-29T11:00:00,4/29/2025 18:00,Hoàn Kiếm,VN,Asia/Ho_Chi_Minh,213,504,21.3,40,160,,716,62,0,1009,73,28.1,0.8,1.66,121
2025-04-29T12:00:00,4/29/2025 19:00,Hoàn Kiếm,VN,Asia/Ho_Chi_Minh,203,203.7,25,98,96,,85,75,0,1009,76,27.7,0,2,99
2025-04-29T13:00:00,4/29/2025 20:00,Hoàn Kiếm,VN,Asia/Ho_Chi_Minh,256,605,28,25.9,188,,716,83,0,1010,79,27.3,0,2,57
2025-04-29T14:00:00,4/29/2025 21:00,Hoàn Kiếm,VN,Asia/Ho_Chi_Minh,250,403,31,36.8,184,,716,91,0,1011,83,26.9,0,2,75
2025-04-29T15:00:00,4/29/2025 22:00,Hoàn Kiếm,VN,Asia/Ho_Chi_Minh,208,403,34,35.7,152,,716,100,0,1011,87,26.5,0,2,61
2025-04-29T16:00:00,4/29/2025 23:00,Hoàn Kiếm,VN,Asia/Ho_Chi_Minh,171,348.6,36.3,30.5,88.8,,502,100,0,1011,90,26.2,0,2,111
2025-04-29T17:00:00,4/30/2025 0:00,Hoàn Kiếm,VN,Asia/Ho_Chi_Minh,148,294.2,38.7,25.2,66.3,,288,100,0.25,1011,93,25.8,0,2,89
2025-04-29T18:00:00,4/30/2025 1:00,Hoàn Kiếm,VN,Asia/Ho_Chi_Minh,142,239.9,41,20,63.8,,74,100,0.5,1011,95,25.5,0,2,103
2025-04-29T19:00:00,4/30/2025 2:00,Hoàn Kiếm,VN,Asia/Ho_Chi_Minh,142,222.7,38.3,18.7,63.8,,63.3,100,0.5,1010,96,25.4,0,1.33,95
2025-04-29T20:00:00,4/30/2025 3:00,Hoàn Kiếm,VN,Asia/Ho_Chi_Minh,137,205.6,35.7,17.3,61.3,,52.7,100,0.5,1010,96,25.3,0,0.66,135
2025-04-29T21:00:00,4/30/2025 4:00,Hoàn Kiếm,VN,Asia/Ho_Chi_Minh,142,188.5,33,16,63.8,,42,100,1.25,1010,96,25.2,0,1.6,131
2025-04-29T22:00:00,4/30/2025 5:00,Hoàn Kiếm,VN,Asia/Ho_Chi_Minh,145,167.5,28.7,27,65,,44.3,95,1,1010,96,25.3,0,1.6,99
2025-04-29T23:00:00,4/30/2025 6:00,Hoàn Kiếm,VN,Asia/Ho_Chi_Minh,150,146.5,24.3,38,67.5,,46.7,91,0.5,1011,96,25.4,0.7,1.6,71
2025-04-30T00:00:00,4/30/2025 7:00,Hoàn Kiếm,VN,Asia/Ho_Chi_Minh,160,125.5,20,49,78.8,,49,87,0,1011,95,25.5,1.5,2,53
2025-04-30T01:00:00,4/30/2025 8:00,Hoàn Kiếm,VN,Asia/Ho_Chi_Minh,154,115.4,18,63.3,72.9,,50.3,87,0,1011,92,26.2,2.1,0.66,51
2025-04-30T02:00:00,4/30/2025 9:00,Hoàn Kiếm,VN,Asia/Ho_Chi_Minh,148,105.2,16,77.7,66.3,,51.7,87,0,1012,89,26.9,2.3,1.33,51
2025-04-30T03:00:00,4/30/2025 10:00,Hoàn Kiếm,VN,Asia/Ho_Chi_Minh,137,95.1,14,92,61.3,,53,87,0,1012,85,27.6,3.3,2,49
2025-04-30T04:00:00,4/30/2025 11:00,Hoàn Kiếm,VN,Asia/Ho_Chi_Minh,148,97.5,11.3,109,66.3,,47.7,87,0,1011,79,28.4,3.5,2,51
2025-04-30T05:00:00,4/30/2025 12:00,Hoàn Kiếm,VN,Asia/Ho_Chi_Minh,139,99.8,8.7,126,62.5,,42.3,87,0,1011,74,29.2,4,2,52
2025-04-30T06:00:00,4/30/2025 13:00,Hoàn Kiếm,VN,Asia/Ho_Chi_Minh,134,102.1,6,143,48,,37,87,0.25,1010,69,30,3.7,2,54
2025-04-30T07:00:00,4/30/2025 14:00,Hoàn Kiếm,VN,Asia/Ho_Chi_Minh,131,102.9,7,132,50.8,,33.7,79,0,1009,68,30.5,3.6,2,63
2025-04-30T08:00:00,4/30/2025 15:00,Hoàn Kiếm,VN,Asia/Ho_Chi_Minh,129,103.7,8,121,53.5,,30.3,70,0,1008,67,31,3.6,2,58.33
2025-04-30T09:00:00,4/30/2025 16:00,Hoàn Kiếm,VN,Asia/Ho_Chi_Minh,126,104.5,9,110,56.3,,27,62,0,1007,66,31.5,2.4,2,53
2025-04-30T10:00:00,4/30/2025 17:00,Hoàn Kiếm,VN,Asia/Ho_Chi_Minh,134,129.6,14,101,60,,40.3,75,0,1008,70,30.5,1.1,1.66,49
2025-04-30T11:00:00,4/30/2025 18:00,Hoàn Kiếm,VN,Asia/Ho_Chi_Minh,145,154.7,19,92,65,,53.7,87,0.25,1008,75,29.6,0.8,1.33,53
2025-04-30T12:00:00,4/30/2025 19:00,Hoàn Kiếm,VN,Asia/Ho_Chi_Minh,192,179.7,24,83,88,,67,100,1,1009,80,28.6,0,1,50
2025-04-30T13:00:00,4/30/2025 20:00,Hoàn Kiếm,VN,Asia/Ho_Chi_Minh,157,504,27,50.8,116,,716,100,1.75,1009,82,28.2,0,1,48
2025-04-30T14:00:00,4/30/2025 21:00,Hoàn Kiếm,VN,Asia/Ho_Chi_Minh,187,605,30,41.1,132,,716,100,3.75,1009,84,27.8,0,1,47
2025-04-30T15:00:00,4/30/2025 22:00,Hoàn Kiếm,VN,Asia/Ho_Chi_Minh,181,706,33,30.3,124,,716,100,5.25,1010,87,27.4,0,1,46
2025-04-30T16:00:00,4/30/2025 23:00,Hoàn Kiếm,VN,Asia/Ho_Chi_Minh,193,549.8,35,31.2,118.7,,502,100,4.5,1010,89,26.9,0,1,45
2025-04-30T17:00:00,5/1/2025 0:00,Hoàn Kiếm,VN,Asia/Ho_Chi_Minh,157,393.7,37,32.1,76.3,,288,100,0.5,1011,91,26.5,0,1,48
2025-04-30T17:00:00,5/1/2025 0:00,Hoàn Kiếm,VN,Asia/Ho_Chi_Minh,157,230.7,37,36.7,76.3,,73.7,100,0.5,1011,91,26.5,0,1,52
2025-04-30T18:00:00,5/1/2025 1:00,Hoàn Kiếm,VN,Asia/Ho_Chi_Minh,217,237.5,39,33,108,,74,100,0,1011,94,26.1,0,1,87
2025-04-30T19:00:00,5/1/2025 2:00,Hoàn Kiếm,VN,Asia/Ho_Chi_Minh,160,231.1,37.3,32,78.8,,71.3,100,0,1011,94,25.9,0,0.66,61
2025-04-30T20:00:00,5/1/2025 3:00,Hoàn Kiếm,VN,Asia/Ho_Chi_Minh,197,224.7,35.7,31,92,,68.7,100,0,1011,94,25.7,0,0.33,83
2025-04-30T21:00:00,5/1/2025 4:00,Hoàn Kiếm,VN,Asia/Ho_Chi_Minh,187,218.3,34,30,84,,66,100,0.25,1011,95,25.5,0,1.6,79
2025-04-30T22:00:00,5/1/2025 5:00,Hoàn Kiếm,VN,Asia/Ho_Chi_Minh,174,201.5,29,39.3,74.3,,66,95,2,1012,95,24.5,0,0.16,88
2025-04-30T23:00:00,5/1/2025 6:00,Hoàn Kiếm,VN,Asia/Ho_Chi_Minh,139,302,24,19.5,92,,716,91,4.75,1013,96,23.6,0.6,0.33,61
2025-05-01T00:00:00,5/1/2025 7:00,Hoàn Kiếm,VN,Asia/Ho_Chi_Minh,153,168.1,19,58,55,,66,87,5.25,1014,96,22.6,0.8,0.5,61
2025-05-01T01:00:00,5/1/2025 8:00,Hoàn Kiếm,VN,Asia/Ho_Chi_Minh,124,157.6,15.3,77.3,46.3,,75.7,91,2.75,1015,96,22.9,1.3,0.66,106
2025-05-01T02:00:00,5/1/2025 9:00,Hoàn Kiếm,VN,Asia/Ho_Chi_Minh,78,147.1,11.7,96.7,31.3,,85.3,95,1.5,1015,96,23.2,2,0.83,63
2025-05-01T03:00:00,5/1/2025 10:00,Hoàn Kiếm,VN,Asia/Ho_Chi_Minh,74,136.6,8,116,28.8,,95,100,1.25,1016,95,23.5,2.9,1,90.67
2025-05-01T04:00:00,5/1/2025 11:00,Hoàn Kiếm,VN,Asia/Ho_Chi_Minh,78,133.8,7.7,123.3,31.3,,99,79,0.75,1015,88,24.8,3.6,1,83
2025-05-01T05:00:00,5/1/2025 12:00,Hoàn Kiếm,VN,Asia/Ho_Chi_Minh,95,131.1,7.3,130.7,41.3,,103,58,0,1014,81,26.2,4.5,1,73.67
2025-05-01T06:00:00,5/1/2025 13:00,Hoàn Kiếm,VN,Asia/Ho_Chi_Minh,100,128.4,7,138,36,,107,37,0,1013,74,27.5,3.7,1,50
2025-05-01T07:00:00,5/1/2025 14:00,Hoàn Kiếm,VN,Asia/Ho_Chi_Minh,93,10,8,109.3,40,,310,50,0,1012,70,28,3.3,1.33,55
2025-05-01T08:00:00,5/1/2025 15:00,Hoàn Kiếm,VN,Asia/Ho_Chi_Minh,98,177.5,9,80.6,28.8,,513,62,0,1011,67,28.5,2.7,1.66,44.33
2025-05-01T09:00:00,5/1/2025 16:00,Hoàn Kiếm,VN,Asia/Ho_Chi_Minh,136,202,10,51.9,46,,716,75,0,1010,63,29,1.4,2,25
2025-05-01T10:00:00,5/1/2025 17:00,Hoàn Kiếm,VN,Asia/Ho_Chi_Minh,98,210.5,16,65.6,22.5,,516,79,0,1010,69,28.2,1.1,1.66,23
2025-05-01T11:00:00,5/1/2025 18:00,Hoàn Kiếm,VN,Asia/Ho_Chi_Minh,74,219.1,22,79.3,36.2,,316,83,0,1011,74,27.4,1.1,1.33,25
2025-05-01T12:00:00,5/1/2025 19:00,Hoàn Kiếm,VN,Asia/Ho_Chi_Minh,78,227.6,28,93,31.3,,116,87,0,1011,80,26.6,0,1,33
2025-05-01T13:00:00,5/1/2025 20:00,Hoàn Kiếm,VN,Asia/Ho_Chi_Minh,76,10,32,12,24,,1,75,0,1012,83,26.2,0,0.66,35
2025-05-01T14:00:00,5/1/2025 21:00,Hoàn Kiếm,VN,Asia/Ho_Chi_Minh,145,10,36,3.5,52,,2,62,0,1012,86,25.9,0,0.33,32
2025-05-01T15:00:00,5/1/2025 22:00,Hoàn Kiếm,VN,Asia/Ho_Chi_Minh,164,10,40,2.9,66,,3,50,0,1013,89,25.5,0,1.6,23
2025-05-01T16:00:00,5/1/2025 23:00,Hoàn Kiếm,VN,Asia/Ho_Chi_Minh,165,10,42.3,3.8,74,,1,45,0,1012,90,25.2,0,1.2,19
2025-05-01T17:00:00,5/2/2025 0:00,Hoàn Kiếm,VN,Asia/Ho_Chi_Minh,165,10,44.7,3.5,71.3,,1.7,41,0,1011,92,24.8,0,0.8,18
2025-05-01T18:00:00,5/2/2025 1:00,Hoàn Kiếm,VN,Asia/Ho_Chi_Minh,165,10,47,3.8,74,,1,37,0,1011,94,24.5,0,1.2,23
2025-05-01T19:00:00,5/2/2025 2:00,Hoàn Kiếm,VN,Asia/Ho_Chi_Minh,164,10,50,2.7,66,,7,33,0,1010,93,24.1,0,1.2,25
2025-05-01T20:00:00,5/2/2025 3:00,Hoàn Kiếm,VN,Asia/Ho_Chi_Minh,152,10,53,3.4,68,,5,29,0,1010,93,23.6,0,0.4,24
2025-05-01T21:00:00,5/2/2025 4:00,Hoàn Kiếm,VN,Asia/Ho_Chi_Minh,139,10,56,2.2,64,,8,25,0,1010,93,23.2,0,0.4,52
2025-05-01T22:00:00,5/2/2025 5:00,Hoàn Kiếm,VN,Asia/Ho_Chi_Minh,142,403,49.7,2.2,108,,716,25,0,1010,94,23.5,0,0.4,66
2025-05-01T23:00:00,5/2/2025 6:00,Hoàn Kiếm,VN,Asia/Ho_Chi_Minh,141,264,43.3,38.7,63.8,,98.7,25,0,1011,94,23.7,0.7,0.4,67
2025-05-02T00:00:00,5/2/2025 7:00,Hoàn Kiếm,VN,Asia/Ho_Chi_Minh,142,391,37,57,63.8,,144,25,0,1011,95,24,1.5,0,66.67
2025-05-02T01:00:00,5/2/2025 8:00,Hoàn Kiếm,VN,Asia/Ho_Chi_Minh,189,605,29,25.9,144,,716,25,0,1011,85,25.9,3.8,0.4,67
2025-05-02T02:00:00,5/2/2025 9:00,Hoàn Kiếm,VN,Asia/Ho_Chi_Minh,195,504,21,25.9,152,,716,25,0,1011,76,27.8,6.1,0,66
2025-05-02T03:00:00,5/2/2025 10:00,Hoàn Kiếm,VN,Asia/Ho_Chi_Minh,205,504,13,85,158,,716,25,0,1011,68,29.7,8.4,0.4,57
2025-05-02T04:00:00,5/2/2025 11:00,Hoàn Kiếm,VN,Asia/Ho_Chi_Minh,192,403,10.3,110.3,142,,716,25,0,1010,63,30.5,10,0.66,50
2025-05-02T05:00:00,5/2/2025 12:00,Hoàn Kiếm,VN,Asia/Ho_Chi_Minh,180,436.7,7.7,103,135.3,,716,25,0,1009,58,31.2,8.9,1.33,51
2025-05-02T06:00:00,5/2/2025 13:00,Hoàn Kiếm,VN,Asia/Ho_Chi_Minh,168,403,5,111.9,124,,716,25,0,1009,53,32,7.9,2,50.67
2025-05-02T07:00:00,5/2/2025 14:00,Hoàn Kiếm,VN,Asia/Ho_Chi_Minh,145,202,6,113.6,106,,716,29,0,1008,52,32.2,6.1,2,51
2025-05-02T08:00:00,5/2/2025 15:00,Hoàn Kiếm,VN,Asia/Ho_Chi_Minh,136,302,7,113.6,94,,716,33,0,1007,51,32.4,5.4,2,85
2025-05-02T09:00:00,5/2/2025 16:00,Hoàn Kiếm,VN,Asia/Ho_Chi_Minh,136,202,8,106.9,92,,716,37,0,1006,50,32.6,3.4,2,89
2025-05-02T10:00:00,5/2/2025 17:00,Hoàn Kiếm,VN,Asia/Ho_Chi_Minh,136,302,11.3,91.8,88,,716,21,0,1006,58,31.4,2,2.66,97
2025-05-02T11:00:00,5/2/2025 18:00,Hoàn Kiếm,VN,Asia/Ho_Chi_Minh,136,268.7,14.7,92.3,93.3,,716,44,0,1006,66,30.2,1.4,3.33,87
2025-05-02T12:00:00,5/2/2025 19:00,Hoàn Kiếm,VN,Asia/Ho_Chi_Minh,136,302,18,85,94,,716,35,0,1006,76,29,0,4,78.33
2025-05-02T13:00:00,5/2/2025 20:00,Hoàn Kiếm,VN,Asia/Ho_Chi_Minh,136,302,19,63.2,100,,716,29,0,1007,79,28.2,0,3.33,69
2025-05-02T14:00:00,5/2/2025 21:00,Hoàn Kiếm,VN,Asia/Ho_Chi_Minh,185,10,20,11.7,82,,6,36,0,1008,81,27.4,0,2.66,52
2025-05-02T15:00:00,5/2/2025 22:00,Hoàn Kiếm,VN,Asia/Ho_Chi_Minh,179,183.3,21,92,78,,85,59,0,1008,84,26.6,0,2,48
2025-05-02T16:00:00,5/2/2025 23:00,Hoàn Kiếm,VN,Asia/Ho_Chi_Minh,179,256.5,22,71.1,94,,295.3,70,0,1008,86,26.3,0,2,47
2025-05-02T17:00:00,5/3/2025 0:00,Hoàn Kiếm,VN,Asia/Ho_Chi_Minh,179,329.8,23,50.1,110,,505.7,52,0,1007,88,25.9,0,2,44
2025-05-02T18:00:00,5/3/2025 1:00,Hoàn Kiếm,VN,Asia/Ho_Chi_Minh,179,403,24,29.2,126,,716,37,0,1007,90,25.6,0,2,46.33
2025-05-02T19:00:00,5/3/2025 2:00,Hoàn Kiếm,VN,Asia/Ho_Chi_Minh,179,403,24,29.2,126,,716,41,0,1007,91,25.5,0,2,46
2025-05-02T20:00:00,5/3/2025 3:00,Hoàn Kiếm,VN,Asia/Ho_Chi_Minh,163,302,24,25.9,110,,716,45,0,1006,93,25.3,0,2,47
2025-05-02T21:00:00,5/3/2025 4:00,Hoàn Kiếm,VN,Asia/Ho_Chi_Minh,163,202,24,23.8,108,,716,50,0,1006,94,25.2,0,2,82
2025-05-02T22:00:00,5/3/2025 5:00,Hoàn Kiếm,VN,Asia/Ho_Chi_Minh,137,172.8,23,31.2,61.3,,501.7,62,0,1006,94,25.3,0,2,77
2025-05-02T23:00:00,5/3/2025 6:00,Hoàn Kiếm,VN,Asia/Ho_Chi_Minh,137,143.6,22,38.6,61.3,,287.3,75,0,1007,94,25.5,0.7,2,77
2025-05-03T00:00:00,5/3/2025 7:00,Hoàn Kiếm,VN,Asia/Ho_Chi_Minh,112,114.4,21,46,42,,73,87,0,1008,94,25.6,0.9,2,77
2025-05-03T01:00:00,5/3/2025 8:00,Hoàn Kiếm,VN,Asia/Ho_Chi_Minh,137,110.3,17.7,58.3,61.3,,68,91,0,1008,87,26.9,1.3,1.66,77
2025-05-03T02:00:00,5/3/2025 9:00,Hoàn Kiếm,VN,Asia/Ho_Chi_Minh,137,106.2,14.3,70.7,61.3,,63,95,0,1008,81,28.2,2.2,1.33,77
2025-05-03T03:00:00,5/3/2025 10:00,Hoàn Kiếm,VN,Asia/Ho_Chi_Minh,137,102.1,11,83,61.3,,58,100,0,1008,75,29.5,2.9,1,65
2025-05-03T04:00:00,5/3/2025 11:00,Hoàn Kiếm,VN,Asia/Ho_Chi_Minh,137,100.8,8.7,107,61.3,,53.3,91,0.75,1008,73,30.2,3.5,1.33,65
2025-05-03T05:00:00,5/3/2025 12:00,Hoàn Kiếm,VN,Asia/Ho_Chi_Minh,137,99.4,6.3,131,61.3,,48.7,83,0,1007,71,30.9,3.8,1.66,49
2025-05-03T06:00:00,5/3/2025 13:00,Hoàn Kiếm,VN,Asia/Ho_Chi_Minh,137,98,4,155,61.3,,44,75,0,1006,69,31.6,3.9,2,49
2025-05-03T07:00:00,5/3/2025 14:00,Hoàn Kiếm,VN,Asia/Ho_Chi_Minh,137,97.5,6,140,61.3,,44,70,0,1005,69,31.7,4.1,2.33,40
2025-05-03T08:00:00,5/3/2025 15:00,Hoàn Kiếm,VN,Asia/Ho_Chi_Minh,131,10,8,125,58.8,,44,66,0,1004,68,31.9,2.2,2.66,49
2025-05-03T09:00:00,5/3/2025 16:00,Hoàn Kiếm,VN,Asia/Ho_Chi_Minh,121,96.3,10,110,53.8,,44,62,0,1004,68,32,1.2,3,49
2025-05-03T10:00:00,5/3/2025 17:00,Hoàn Kiếm,VN,Asia/Ho_Chi_Minh,107,101.2,13,93,47.5,,44.3,50,0,1004,72,30.8,0.9,3,49
2025-05-03T11:00:00,5/3/2025 18:00,Hoàn Kiếm,VN,Asia/Ho_Chi_Minh,130,106,16,76,51.3,,44.7,37,0,1004,75,29.7,0.8,3,49
2025-05-03T12:00:00,5/3/2025 19:00,Hoàn Kiếm,VN,Asia/Ho_Chi_Minh,134,110.9,19,59,50,,45,25,0,1004,79,28.5,0,3,49
2025-05-03T13:00:00,5/3/2025 20:00,Hoàn Kiếm,VN,Asia/Ho_Chi_Minh,130,114.2,20.3,52.7,48,,48,25,0,1005,83,28.1,0,2.66,49
2025-05-03T14:00:00,5/3/2025 21:00,Hoàn Kiếm,VN,Asia/Ho_Chi_Minh,125,117.5,21.7,46.3,46,,51,25,0,1005,86,27.6,0,2.33,49
2025-05-03T15:00:00,5/3/2025 22:00,Hoàn Kiếm,VN,Asia/Ho_Chi_Minh,121,120.8,23,40,44,,54,25,0,1006,90,27.2,0,2,47
2025-05-03T16:00:00,5/3/2025 23:00,Hoàn Kiếm,VN,Asia/Ho_Chi_Minh,113,118.1,22.3,43.7,42,,52,50,0,1006,91,27.1,0,2.33,43
2025-05-03T17:00:00,5/4/2025 0:00,Hoàn Kiếm,VN,Asia/Ho_Chi_Minh,106,115.4,21.7,47.3,40,,50,75,0,1005,91,27.1,0,2.66,38
2025-05-03T18:00:00,5/4/2025 1:00,Hoàn Kiếm,VN,Asia/Ho_Chi_Minh,100,112.6,21,51,38,,48,100,0,1005,91,27,0,3,46.33
2025-05-03T19:00:00,5/4/2025 2:00,Hoàn Kiếm,VN,Asia/Ho_Chi_Minh,104,109.7,19.7,52.7,46.3,,45.3,100,0,1005,91,26.9,0,2.33,48
2025-05-03T20:00:00,5/4/2025 3:00,Hoàn Kiếm,VN,Asia/Ho_Chi_Minh,107,106.8,18.3,54.3,47.5,,42.7,100,0,1004,91,26.8,0,1.66,46.33
2025-05-03T21:00:00,5/4/2025 4:00,Hoàn Kiếm,VN,Asia/Ho_Chi_Minh,107,103.9,17,56,47.5,,40,100,0,1004,92,26.7,0,1,44.67
2025-05-03T22:00:00,5/4/2025 5:00,Hoàn Kiếm,VN,Asia/Ho_Chi_Minh,121,103.7,17.3,53.7,53.8,,42,100,0,1005,92,26.8,0,1.66,43
2025-05-03T23:00:00,5/4/2025 6:00,Hoàn Kiếm,VN,Asia/Ho_Chi_Minh,116,103.5,17.7,51.3,51.7,,44,100,0,1005,92,26.9,0.7,2.33,40.33
2025-05-04T00:00:00,5/4/2025 7:00,Hoàn Kiếm,VN,Asia/Ho_Chi_Minh,121,103.3,18,49,53.8,,46,100,0,1005,92,27,0.8,3,37.67
2025-05-04T01:00:00,5/4/2025 8:00,Hoàn Kiếm,VN,Asia/Ho_Chi_Minh,115,104.3,14.7,73.3,51.3,,42.7,91,0,1006,87,27.9,1.4,2.33,35
2025-05-04T02:00:00,5/4/2025 9:00,Hoàn Kiếm,VN,Asia/Ho_Chi_Minh,115,105.2,11.3,97.7,51.3,,39.3,83,0,1006,83,28.8,2.6,1.66,37
2025-05-04T03:00:00,5/4/2025 10:00,Hoàn Kiếm,VN,Asia/Ho_Chi_Minh,115,106.2,8,122,51.3,,36,75,0,1006,79,29.7,3.4,1,38
2025-05-04T04:00:00,5/4/2025 11:00,Hoàn Kiếm,VN,Asia/Ho_Chi_Minh,118,110.3,6.7,146,52.5,,38.3,79,0,1005,75,30.7,7,1.33,38
2025-05-04T05:00:00,5/4/2025 12:00,Hoàn Kiếm,VN,Asia/Ho_Chi_Minh,118,114.4,5.3,170,52.5,,40.7,83,0,1004,71,31.6,9.3,1.66,43
2025-05-04T06:00:00,5/4/2025 13:00,Hoàn Kiếm,VN,Asia/Ho_Chi_Minh,148,118.5,4,194,53,,43,87,0,1003,68,32.6,9.7,2,41.33
2025-05-04T07:00:00,5/4/2025 14:00,Hoàn Kiếm,VN,Asia/Ho_Chi_Minh,121,121.4,5,190.3,53.8,,46.3,83,0,1003,71,30.6,6,2.33,43
2025-05-04T08:00:00,5/4/2025 15:00,Hoàn Kiếm,VN,Asia/Ho_Chi_Minh,123,124.3,6,186.7,55,,49.7,79,1,1002,74,28.6,5,2.66,41
2025-05-04T09:00:00,5/4/2025 16:00,Hoàn Kiếm,VN,Asia/Ho_Chi_Minh,121,127.2,7,183,53.8,,53,75,1,1002,77,26.6,3.1,3,41
2025-05-04T10:00:00,5/4/2025 17:00,Hoàn Kiếm,VN,Asia/Ho_Chi_Minh,118,10,43,160.3,50,,55.7,66,4.25,1002,79,26.8,1.9,3,41
2025-05-04T11:00:00,5/4/2025 18:00,Hoàn Kiếm,VN,Asia/Ho_Chi_Minh,135,135,14.3,137.7,52.6,,58.3,58,3.75,1002,81,27,1.7,3,42
2025-05-04T12:00:00,5/4/2025 19:00,Hoàn Kiếm,VN,Asia/Ho_Chi_Minh,142,138.9,18,115,52,,61,50,1,1002,83,27.2,0,3,42
2025-05-04T13:00:00,5/4/2025 20:00,Hoàn Kiếm,VN,Asia/Ho_Chi_Minh,142,193.3,17.7,85.3,74,,57.3,45,0,1003,86,27,0,3,53
2025-05-04T14:00:00,5/4/2025 21:00,Hoàn Kiếm,VN,Asia/Ho_Chi_Minh,142,247.6,17.3,55.6,96,,53.7,41,0,1004,89,26.8,0,3,43
2025-05-04T15:00:00,5/4/2025 22:00,Hoàn Kiếm,VN,Asia/Ho_Chi_Minh,142,302,17,25.9,118,,50,37,0,1004,92,26.6,0,3,44
2025-05-04T16:00:00,5/4/2025 23:00,Hoàn Kiếm,VN,Asia/Ho_Chi_Minh,131,302,16.7,33.5,102,,48.7,33,0,1004,93,26.6,0,2.66,43
2025-05-04T17:00:00,5/5/2025 0:00,Hoàn Kiếm,VN,Asia/Ho_Chi_Minh,135,302,16.3,31,107.3,,47.3,29,0,1004,94,26.6,0,2.33,42
2025-05-04T18:00:00,5/5/2025 1:00,Hoàn Kiếm,VN,Asia/Ho_Chi_Minh,131,302,16,33.5,102,,46,25,0,1004,94,26.6,0,2,48.33
2025-05-04T19:00:00,5/5/2025 2:00,Hoàn Kiếm,VN,Asia/Ho_Chi_Minh,137,242,17,46.7,61.3,,46.3,20,0,1004,95,26.5,0,1.66,51
2025-05-04T20:00:00,5/5/2025 3:00,Hoàn Kiếm,VN,Asia/Ho_Chi_Minh,142,182,18,59.8,63.8,,46.7,16,0,1004,95,26.3,0,1.33,51
2025-05-04T21:00:00,5/5/2025 4:00,Hoàn Kiếm,VN,Asia/Ho_Chi_Minh,142,122,19,73,63.8,,47,12,0,1003,95,26.2,0,1,51
2025-05-04T22:00:00,5/5/2025 5:00,Hoàn Kiếm,VN,Asia/Ho_Chi_Minh,139,125.3,18.7,78.3,62.5,,50.7,29,0,1004,94,26.5,0,1.33,51
2025-05-04T23:00:00,5/5/2025 6:00,Hoàn Kiếm,VN,Asia/Ho_Chi_Minh,124,128.6,18.3,83.7,50.6,,54.3,45,0,1004,93,26.8,1.9,1.66,47
2025-05-05T00:00:00,5/5/2025 7:00,Hoàn Kiếm,VN,Asia/Ho_Chi_Minh,115,131.9,18,89,44,,58,62,0,1005,92,27.1,1.4,2,48.33
2025-05-05T01:00:00,5/5/2025 8:00,Hoàn Kiếm,VN,Asia/Ho_Chi_Minh,123,135.8,14.3,125,55,,62.3,62,0,1005,86,28.6,2.6,2,47
2025-05-05T02:00:00,5/5/2025 9:00,Hoàn Kiếm,VN,Asia/Ho_Chi_Minh,123,139.7,10.7,161,55,,66.7,62,0,1005,81,30,5.2,2,49
2025-05-05T03:00:00,5/5/2025 10:00,Hoàn Kiếm,VN,Asia/Ho_Chi_Minh,131,143.6,7,197,58.8,,71,62,0,1005,76,31.5,8.8,2,51
2025-05-05T04:00:00,5/5/2025 11:00,Hoàn Kiếm,VN,Asia/Ho_Chi_Minh,134,142.4,6.3,206.3,60,,68.7,66,0,1004,71,32.3,10.8,2.33,51
2025-05-05T05:00:00,5/5/2025 12:00,Hoàn Kiếm,VN,Asia/Ho_Chi_Minh,131,141.2,5.7,215.7,58.8,,66.3,70,0,1003,66,33.2,10.8,2.66,50
2025-05-05T06:00:00,5/5/2025 13:00,Hoàn Kiếm,VN,Asia/Ho_Chi_Minh,119,140.1,5,225,40,,64,75,0,1003,62,34,7.7,3,44.33
2025-05-05T07:00:00,5/5/2025 14:00,Hoàn Kiếm,VN,Asia/Ho_Chi_Minh,126,144.5,5.7,225.3,56.3,,65,75,0,1002,63,34.1,6.1,2.83,41
2025-05-05T08:00:00,5/5/2025 15:00,Hoàn Kiếm,VN,Asia/Ho_Chi_Minh,120,149,6.3,225.7,42,,66,75,0,1001,64,34.1,4.8,2.66,44
2025-05-05T09:00:00,5/5/2025 16:00,Hoàn Kiếm,VN,Asia/Ho_Chi_Minh,120,153.5,7,226,43,,67,75,0,1001,65,34.2,3.1,2.5,44
2025-05-05T10:00:00,5/5/2025 17:00,Hoàn Kiếm,VN,Asia/Ho_Chi_Minh,132,161.3,10.7,194.7,48.3,,65.3,75,0,1001,69,33,1.9,2.33,47
2025-05-05T11:00:00,5/5/2025 18:00,Hoàn Kiếm,VN,Asia/Ho_Chi_Minh,147,169,14.3,163.3,53.7,,63.7,75,0.5,1001,73,31.9,1.5,2.16,48
2025-05-05T12:00:00,5/5/2025 19:00,Hoàn Kiếm,VN,Asia/Ho_Chi_Minh,153,176.8,18,132,59,,62,75,1,1001,77,30.7,0,2,47
2025-05-05T13:00:00,5/5/2025 20:00,Hoàn Kiếm,VN,Asia/Ho_Chi_Minh,126,302,18.3,53,100,,58,83,2,1002,76,29.8,0,1.33,39
2025-05-05T14:00:00,5/5/2025 21:00,Hoàn Kiếm,VN,Asia/Ho_Chi_Minh,126,302,18.7,21.6,104,,54,91,2.75,1004,76,28.9,0,0.66,45
2025-05-05T15:00:00,5/5/2025 22:00,Hoàn Kiếm,VN,Asia/Ho_Chi_Minh,171,202,19,45.4,150,,50,100,3.75,1005,75,28,0,4,41
2025-05-05T16:00:00,5/5/2025 23:00,Hoàn Kiếm,VN,Asia/Ho_Chi_Minh,134,202,18.3,45.4,114,,46.7,100,2.5,1005,80,28,0,0.33,42
2025-05-05T17:00:00,5/6/2025 0:00,Hoàn Kiếm,VN,Asia/Ho_Chi_Minh,134,202,17.7,33.5,120,,43.3,100,1.5,1004,86,28,0,0.66,47.33
2025-05-05T18:00:00,5/6/2025 1:00,Hoàn Kiếm,VN,Asia/Ho_Chi_Minh,98,118.5,17,79,36,,40,100,0,1004,92,28,0,1,52.67
2025-05-05T19:00:00,5/6/2025 2:00,Hoàn Kiếm,VN,Asia/Ho_Chi_Minh,129,113.2,16.3,77.3,57.5,,38.7,83,0,1004,92,27.9,0,1.33,58
2025-05-05T20:00:00,5/6/2025 3:00,Hoàn Kiếm,VN,Asia/Ho_Chi_Minh,126,108,15.7,75.7,56.3,,37.3,66,0,1004,92,27.7,0,1.66,45
2025-05-05T21:00:00,5/6/2025 4:00,Hoàn Kiếm,VN,Asia/Ho_Chi_Minh,123,102.7,15,74,55,,36,50,0,1004,92,27.6,0,2,45
2025-05-05T22:00:00,5/6/2025 5:00,Hoàn Kiếm,VN,Asia/Ho_Chi_Minh,115,100,15.3,71,51.3,,39.3,58,0,1004,92,27.7,0,2,71
2025-05-05T23:00:00,5/6/2025 6:00,Hoàn Kiếm,VN,Asia/Ho_Chi_Minh,115,97.3,15.7,68,51.3,,42.7,66,0,1005,91,27.9,1.4,2,48
2025-05-06T00:00:00,5/6/2025 7:00,Hoàn Kiếm,VN,Asia/Ho_Chi_Minh,78,94.5,16,65,28,,46,75,0,1006,91,28,0.8,2,48
2025-05-06T01:00:00,5/6/2025 8:00,Hoàn Kiếm,VN,Asia/Ho_Chi_Minh,104,302,13.7,16.2,84,,44.3,75,0,1006,87,28.9,1.3,2.33,34
2025-05-06T02:00:00,5/6/2025 9:00,Hoàn Kiếm,VN,Asia/Ho_Chi_Minh,109,10,11.3,7,172,,4,75,0,1006,83,29.8,2.1,2.66,46
2025-05-06T03:00:00,5/6/2025 10:00,Hoàn Kiếm,VN,Asia/Ho_Chi_Minh,100,94,9,118,43.8,,41,75,0,1006,80,30.7,3.4,3,45
2025-05-06T04:00:00,5/6/2025 11:00,Hoàn Kiếm,VN,Asia/Ho_Chi_Minh,107,96.5,7.7,132,47.5,,39,66,0,1005,76,31.3,4.7,2.66,44
2025-05-06T05:00:00,5/6/2025 12:00,Hoàn Kiếm,VN,Asia/Ho_Chi_Minh,110,99,6.3,146,48.8,,37,58,0,1004,72,31.9,4.4,2.33,41
2025-05-06T06:00:00,5/6/2025 13:00,Hoàn Kiếm,VN,Asia/Ho_Chi_Minh,100,101.5,5,160,37,,35,50,0,1004,68,32.5,3.8,2,41
2025-05-06T07:00:00,5/6/2025 14:00,Hoàn Kiếm,VN,Asia/Ho_Chi_Minh,110,102.1,6.3,150.3,48.8,,34.3,50,0,1003,68,32.7,2.9,2.33,25
2025-05-06T08:00:00,5/6/2025 15:00,Hoàn Kiếm,VN,Asia/Ho_Chi_Minh,104,102.7,7.7,140.7,46.3,,33.7,50,0,1002,67,33,1.9,2.66,37
2025-05-06T09:00:00,5/6/2025 16:00,Hoàn Kiếm,VN,Asia/Ho_Chi_Minh,104,103.3,9,131,46.3,,33,50,0,1001,67,33.2,1.2,3,11
2025-05-06T10:00:00,5/6/2025 17:00,Hoàn Kiếm,VN,Asia/Ho_Chi_Minh,107,104.3,12.3,113.3,47.5,,37.3,41,0,1002,72,32,0.8,2.66,35
2025-05-06T11:00:00,5/6/2025 18:00,Hoàn Kiếm,VN,Asia/Ho_Chi_Minh,112,105.2,15.7,95.7,49.6,,41.7,33,0,1002,78,30.9,0.7,2.33,38
2025-05-06T12:00:00,5/6/2025 19:00,Hoàn Kiếm,VN,Asia/Ho_Chi_Minh,115,106.2,19,78,51.3,,46,25,0,1003,83,29.7,0,2,39
2025-05-06T13:00:00,5/6/2025 20:00,Hoàn Kiếm,VN,Asia/Ho_Chi_Minh,160,10,19.3,5.1,82,,1,29,0,1003,85,29.3,0,2,35
2025-05-06T14:00:00,5/6/2025 21:00,Hoàn Kiếm,VN,Asia/Ho_Chi_Minh,212,10,19.7,1.9,102,,1,33,0,1004,87,28.9,0,2,39
2025-05-06T15:00:00,5/6/2025 22:00,Hoàn Kiếm,VN,Asia/Ho_Chi_Minh,207,10,20,6.7,98,,1,37,0,1004,89,28.5,0,2,37
2025-05-06T16:00:00,5/6/2025 23:00,Hoàn Kiếm,VN,Asia/Ho_Chi_Minh,168,10,18.7,4.5,84,,1,58,0,1004,90,28.4,0,2,37
2025-05-06T17:00:00,5/7/2025 0:00,Hoàn Kiếm,VN,Asia/Ho_Chi_Minh,118,10,17.3,8,80,,1,79,0,1004,91,28.3,0,2,38
2025-05-06T18:00:00,5/7/2025 1:00,Hoàn Kiếm,VN,Asia/Ho_Chi_Minh,85,81.1,16,58,32,,35,100,0,1004,92,28.2,0,2,39.67
2025-05-06T19:00:00,5/7/2025 2:00,Hoàn Kiếm,VN,Asia/Ho_Chi_Minh,100,83.1,16.3,57.7,43.8,,34,100,0,1004,92,28,0,2,41
2025-05-06T20:00:00,5/7/2025 3:00,Hoàn Kiếm,VN,Asia/Ho_Chi_Minh,85,85,16.7,57.3,30.7,,33,100,0,1003,93,27.9,0,2,63
2025-05-06T21:00:00,5/7/2025 4:00,Hoàn Kiếm,VN,Asia/Ho_Chi_Minh,85,87,17,57,30,,32,100,0,1003,93,27.7,0,2,102
2025-05-06T22:00:00,5/7/2025 5:00,Hoàn Kiếm,VN,Asia/Ho_Chi_Minh,92,101.7,19,58,33.3,,45,100,0,1003,91,27.9,0,2,98
2025-05-06T23:00:00,5/7/2025 6:00,Hoàn Kiếm,VN,Asia/Ho_Chi_Minh,100,10,21,5.5,80,,1,100,0,1004,90,28,0.6,2,69
2025-05-07T00:00:00,5/7/2025 7:00,Hoàn Kiếm,VN,Asia/Ho_Chi_Minh,110,131.3,23,60,40,,71,100,0,1004,89,28.2,0.9,2,42
2025-05-07T01:00:00,5/7/2025 8:00,Hoàn Kiếm,VN,Asia/Ho_Chi_Minh,82,128,20,78.7,33.8,,66,100,0,1004,86,28.8,1.4,1.33,28
2025-05-07T02:00:00,5/7/2025 9:00,Hoàn Kiếm,VN,Asia/Ho_Chi_Minh,87,124.7,17,97.3,36.3,,61,100,0,1004,84,29.4,2.2,0.66,35
2025-05-07T03:00:00,5/7/2025 10:00,Hoàn Kiếm,VN,Asia/Ho_Chi_Minh,98,121.4,14,116,42.5,,56,100,0,1004,81,30,3,1.2,28
2025-05-07T04:00:00,5/7/2025 11:00,Hoàn Kiếm,VN,Asia/Ho_Chi_Minh,112,120.4,11.3,133.7,50,,48.3,91,0,1003,77,30.9,3.6,0.66,28
2025-05-07T05:00:00,5/7/2025 12:00,Hoàn Kiếm,VN,Asia/Ho_Chi_Minh,109,119.4,8.7,151.3,48.3,,40.7,83,0,1003,74,31.7,3.8,1.33,31.67
2025-05-07T06:00:00,5/7/2025 13:00,Hoàn Kiếm,VN,Asia/Ho_Chi_Minh,115,118.5,6,169,51.3,,33,75,0,1002,70,32.6,3.4,2,35
2025-05-07T07:00:00,5/7/2025 14:00,Hoàn Kiếm,VN,Asia/Ho_Chi_Minh,115,119.1,6.7,168.7,51.3,,35,79,0,1001,69,32.9,2.7,2.33,39
2025-05-07T08:00:00,5/7/2025 15:00,Hoàn Kiếm,VN,Asia/Ho_Chi_Minh,112,119.6,7.3,168.3,50,,37,83,0,1000,68,33.3,1.9,2.66,27
2025-05-07T09:00:00,5/7/2025 16:00,Hoàn Kiếm,VN,Asia/Ho_Chi_Minh,110,120.2,8,168,48.8,,39,87,0,999,66,33.6,1.2,3,29
2025-05-07T10:00:00,5/7/2025 17:00,Hoàn Kiếm,VN,Asia/Ho_Chi_Minh,107,127.8,12,146.3,47.5,,44,75,0.25,1000,71,32.5,0.8,3,34
2025-05-07T11:00:00,5/7/2025 18:00,Hoàn Kiếm,VN,Asia/Ho_Chi_Minh,146,135.4,16,124.7,56.3,,49,62,0.25,1000,75,31.3,0.9,3,40
2025-05-07T12:00:00,5/7/2025 19:00,Hoàn Kiếm,VN,Asia/Ho_Chi_Minh,155,143,20,103,60,,54,50,0,1000,80,30.2,0,3,38.67
2025-05-07T13:00:00,5/7/2025 20:00,Hoàn Kiếm,VN,Asia/Ho_Chi_Minh,142,136.8,19.3,99,52.3,,52,50,0,1001,82,29.7,0,3,41
2025-05-07T14:00:00,5/7/2025 21:00,Hoàn Kiếm,VN,Asia/Ho_Chi_Minh,121,130.5,18.7,95,44.7,,50,50,0,1002,85,29.2,0,3,41
2025-05-07T15:00:00,5/7/2025 22:00,Hoàn Kiếm,VN,Asia/Ho_Chi_Minh,100,124.3,18,91,37,,48,50,0,1003,87,28.7,0,3,40
2025-05-07T16:00:00,5/7/2025 23:00,Hoàn Kiếm,VN,Asia/Ho_Chi_Minh,157,10,17,3.8,88,,1,58,0,1002,88,28.6,0,3,39
2025-05-07T17:00:00,5/8/2025 0:00,Hoàn Kiếm,VN,Asia/Ho_Chi_Minh,151,48.1,16,34.9,71,,16.7,66,0,1002,89,28.6,0,3,38
2025-05-07T18:00:00,5/8/2025 1:00,Hoàn Kiếm,VN,Asia/Ho_Chi_Minh,165,10,15,6.9,88,,1,75,0,1002,90,28.5,0,3,52.33
2025-05-07T19:00:00,5/8/2025 2:00,Hoàn Kiếm,VN,Asia/Ho_Chi_Minh,142,10,15,8.1,102,,1,83,0,1001,90,28.5,0,2.66,59
2025-05-07T20:00:00,5/8/2025 3:00,Hoàn Kiếm,VN,Asia/Ho_Chi_Minh,131,10,15,4.9,86,,1,91,0,1001,90,28.5,0,2.33,51
2025-05-07T21:00:00,5/8/2025 4:00,Hoàn Kiếm,VN,Asia/Ho_Chi_Minh,129,10,15,8.1,82,,1,100,0,1001,90,28.5,0,2,43
2025-05-07T22:00:00,5/8/2025 5:00,Hoàn Kiếm,VN,Asia/Ho_Chi_Minh,123,40.5,14,37.1,71.3,,14,100,0,1002,90,28.5,0,2.33,35
2025-05-07T23:00:00,5/8/2025 6:00,Hoàn Kiếm,VN,Asia/Ho_Chi_Minh,112,71,13,66,50,,27,100,0,1002,91,28.5,0.8,2.66,61
2025-05-08T00:00:00,5/8/2025 7:00,Hoàn Kiếm,VN,Asia/Ho_Chi_Minh,112,101.5,12,95,50,,40,100,0,1003,92,28.5,1.4,3,56.33
2025-05-08T01:00:00,5/8/2025 8:00,Hoàn Kiếm,VN,Asia/Ho_Chi_Minh,107,103.5,9.7,117.3,47.5,,41.3,95,0,1003,87,29.4,3,2.66,67
2025-05-08T02:00:00,5/8/2025 9:00,Hoàn Kiếm,VN,Asia/Ho_Chi_Minh,110,105.4,7.3,139.7,48.8,,42.7,91,0,1003,82,30.2,4.6,2.33,51
2025-05-08T03:00:00,5/8/2025 10:00,Hoàn Kiếm,VN,Asia/Ho_Chi_Minh,121,107.4,5,162,53.8,,44,87,0,1003,77,31.1,6.4,2,47
2025-05-08T04:00:00,5/8/2025 11:00,Hoàn Kiếm,VN,Asia/Ho_Chi_Minh,126,138.9,4.7,135.8,56.3,,46,79,0,1002,73,32.3,5.2,2,46
2025-05-08T05:00:00,5/8/2025 12:00,Hoàn Kiếm,VN,Asia/Ho_Chi_Minh,124,170.5,4.3,109.6,84.6,,48,70,0,1002,68,33.5,4.4,2,44
2025-05-08T06:00:00,5/8/2025 13:00,Hoàn Kiếm,VN,Asia/Ho_Chi_Minh,126,202,4,83.4,100,,50,62,0,1001,64,34.7,4.1,2,40
2025-05-08T07:00:00,5/8/2025 14:00,Hoàn Kiếm,VN,Asia/Ho_Chi_Minh,123,202,4.7,78.4,94,,50,66,0,1000,64,34.9,3.2,2.33,40
2025-05-08T08:00:00,5/8/2025 15:00,Hoàn Kiếm,VN,Asia/Ho_Chi_Minh,118,202,5.3,76,90,,50,70,0,999,63,35,2.1,2.66,38
2025-05-08T09:00:00,5/8/2025 16:00,Hoàn Kiếm,VN,Asia/Ho_Chi_Minh,115,202,6,73.2,90,,50,75,0,998,63,35.2,2.9,3,39
2025-05-08T10:00:00,5/8/2025 17:00,Hoàn Kiếm,VN,Asia/Ho_Chi_Minh,122,302.7,9.7,62.9,102,,53,32,0,999,67,34,1.9,3,43
2025-05-08T11:00:00,5/8/2025 18:00,Hoàn Kiếm,VN,Asia/Ho_Chi_Minh,110,302,13.3,67.2,92,,56,27,0,999,72,32.9,1.7,3,45
2025-05-08T12:00:00,5/8/2025 19:00,Hoàn Kiếm,VN,Asia/Ho_Chi_Minh,137,504,17,42.2,126,,59,19,0,1000,78,31.7,0,3,44.33
2025-05-08T13:00:00,5/8/2025 20:00,Hoàn Kiếm,VN,Asia/Ho_Chi_Minh,203,10,16.3,10.5,116,,3,21,0,1000,80,31,0,3,45
2025-05-08T14:00:00,5/8/2025 21:00,Hoàn Kiếm,VN,Asia/Ho_Chi_Minh,176,605,15.7,42.2,134,,47.7,61,0,1001,82,30.4,0,3,44
2025-05-08T15:00:00,5/8/2025 22:00,Hoàn Kiếm,VN,Asia/Ho_Chi_Minh,168,302,15,38.9,128,,42,74,0,1002,84,29.7,0,3,42
2025-05-08T16:00:00,5/8/2025 23:00,Hoàn Kiếm,VN,Asia/Ho_Chi_Minh,157,268.7,14.7,37.1,118,,41,82,0,1001,86,29.3,0,2.66,41
2025-05-08T17:00:00,5/9/2025 0:00,Hoàn Kiếm,VN,Asia/Ho_Chi_Minh,165,302,14.3,36.8,126,,40,88,0,1001,87,29,0,2.33,43.67
2025-05-08T18:00:00,5/9/2025 1:00,Hoàn Kiếm,VN,Asia/Ho_Chi_Minh,126,202,14,33.5,98,,39,96,0,1000,88,28.6,0,2,39
2025-05-08T19:00:00,5/9/2025 2:00,Hoàn Kiếm,VN,Asia/Ho_Chi_Minh,118,10,14.3,7.4,86,,2,96,0,1000,89,28.5,0,1.33,49
2025-05-08T20:00:00,5/9/2025 3:00,Hoàn Kiếm,VN,Asia/Ho_Chi_Minh,118,10,14.7,4.5,84,,2,99,0,1001,89,28.3,0,0.66,95
2025-05-08T21:00:00,5/9/2025 4:00,Hoàn Kiếm,VN,Asia/Ho_Chi_Minh,123,10,15,9.9,78,,2,87,0,1001,90,28.2,0,1.6,75
2025-05-08T22:00:00,5/9/2025 5:00,Hoàn Kiếm,VN,Asia/Ho_Chi_Minh,118,10,14.7,8.1,78.7,,2,91,0.75,1002,88,28.5,0,1.6,69
2025-05-08T23:00:00,5/9/2025 6:00,Hoàn Kiếm,VN,Asia/Ho_Chi_Minh,137,10,14.3,5.2,76,,2,95,0,1003,87,28.7,0.7,2.8,61
2025-05-09T00:00:00,5/9/2025 7:00,Hoàn Kiếm,VN,Asia/Ho_Chi_Minh,107,10,14,4.3,80,,2,100,0,1004,85,29,0.9,2.8,67
2025-05-09T01:00:00,5/9/2025 8:00,Hoàn Kiếm,VN,Asia/Ho_Chi_Minh,126,706,11.3,18.4,126,,27.7,87,0,1005,81,30,2,1,45
2025-05-09T02:00:00,5/9/2025 9:00,Hoàn Kiếm,VN,Asia/Ho_Chi_Minh,80,10,70,97.4,30,,53.3,75,0,1005,78,31,2.3,2,42
2025-05-09T03:00:00,5/9/2025 10:00,Hoàn Kiếm,VN,Asia/Ho_Chi_Minh,89,96.3,6,144,31,,79,62,0,1006,75,32,4.2,3,42
2025-05-09T04:00:00,5/9/2025 11:00,Hoàn Kiếm,VN,Asia/Ho_Chi_Minh,126,302,5.3,23.8,118,,82.7,66,0,1005,71,32.6,6.2,2.66,44
2025-05-09T05:00:00,5/9/2025 12:00,Hoàn Kiếm,VN,Asia/Ho_Chi_Minh,134,302,4.7,38.9,120,,86.3,70,0,1005,67,33.1,6.5,2.33,42
2025-05-09T06:00:00,5/9/2025 13:00,Hoàn Kiếm,VN,Asia/Ho_Chi_Minh,148,302,4,63.6,122,,90,75,0,1004,64,33.7,5.7,2,49
2025-05-09T07:00:00,5/9/2025 14:00,Hoàn Kiếm,VN,Asia/Ho_Chi_Minh,153,202,4.7,79.6,118,,87.3,79,0,1003,63,33.6,7.1,2,38
2025-05-09T08:00:00,5/9/2025 15:00,Hoàn Kiếm,VN,Asia/Ho_Chi_Minh,145,202,5.3,81.7,108,,84.7,83,0,1003,61,33.6,2.8,2,45
2025-05-09T09:00:00,5/9/2025 16:00,Hoàn Kiếm,VN,Asia/Ho_Chi_Minh,101,117.3,6,165,31,,82,87,0,1002,60,33.5,1.6,2,26
2025-05-09T10:00:00,5/9/2025 17:00,Hoàn Kiếm,VN,Asia/Ho_Chi_Minh,145,605,9.7,77.6,124,,80.3,91,0,1003,63,32.7,1.5,2,30
2025-05-09T11:00:00,5/9/2025 18:00,Hoàn Kiếm,VN,Asia/Ho_Chi_Minh,145,403,13.3,67.2,126,,78.7,95,0,1004,67,31.8,1.5,2,45
2025-05-09T12:00:00,5/9/2025 19:00,Hoàn Kiếm,VN,Asia/Ho_Chi_Minh,148,302,17,40,124,,77,100,0,1004,70,31,0,2,48
2025-05-09T13:00:00,5/9/2025 20:00,Hoàn Kiếm,VN,Asia/Ho_Chi_Minh,180,10,17.7,10.6,78,,2,100,0,1005,74,30.4,0,2,53
2025-05-09T14:00:00,5/9/2025 21:00,Hoàn Kiếm,VN,Asia/Ho_Chi_Minh,199,10,18.3,5.5,92,,2,100,0,1006,79,29.8,0,2,55
2025-05-09T15:00:00,5/9/2025 22:00,Hoàn Kiếm,VN,Asia/Ho_Chi_Minh,139,136,19,65,50,,53,100,0.5,1008,84,29.2,0,2,52
2025-05-09T16:00:00,5/9/2025 23:00,Hoàn Kiếm,VN,Asia/Ho_Chi_Minh,188,10,20,5.8,84,,2,100,0.5,1007,85,28.3,0,1.66,29
2025-05-09T17:00:00,5/10/2025 0:00,Hoàn Kiếm,VN,Asia/Ho_Chi_Minh,137,202,21,23.8,120,,19,100,1,1007,86,27.4,0,1.33,52
2025-05-09T18:00:00,5/10/2025 1:00,Hoàn Kiếm,VN,Asia/Ho_Chi_Minh,169,10,22,3.7,70,,2,100,1.75,1007,87,26.5,0,1,52
2025-05-09T19:00:00,5/10/2025 2:00,Hoàn Kiếm,VN,Asia/Ho_Chi_Minh,169,10,22,3.7,70,,2,95,0,1007,88,26.2,0,1,53
2025-05-09T20:00:00,5/10/2025 3:00,Hoàn Kiếm,VN,Asia/Ho_Chi_Minh,177,10,22,1,76,,2,91,0.25,1006,89,25.8,0,1,78
2025-05-09T21:00:00,5/10/2025 4:00,Hoàn Kiếm,VN,Asia/Ho_Chi_Minh,137,145.3,22,53,52,,56,87,0,1006,90,25.5,0,1,92
2025-05-09T22:00:00,5/10/2025 5:00,Hoàn Kiếm,VN,Asia/Ho_Chi_Minh,187,403,21,7.6,144,,59.7,79,0,1006,91,25.8,0,0.66,50
2025-05-09T23:00:00,5/10/2025 6:00,Hoàn Kiếm,VN,Asia/Ho_Chi_Minh,195,504,20,5.4,148,,63.3,70,0,1007,92,26.2,0.9,0.33,84
2025-05-10T00:00:00,5/10/2025 7:00,Hoàn Kiếm,VN,Asia/Ho_Chi_Minh,213,504,19,5.4,164,,67,62,0,1007,93,26.5,1.1,0.8,49
2025-05-10T01:00:00,5/10/2025 8:00,Hoàn Kiếm,VN,Asia/Ho_Chi_Minh,189,403,16,16.2,150,,84.3,75,0,1007,86,27.3,1.9,0.66,70
2025-05-10T02:00:00,5/10/2025 9:00,Hoàn Kiếm,VN,Asia/Ho_Chi_Minh,192,436.7,13,15.5,149.3,,101.7,87,0,1008,80,28.2,2.8,1.33,70
2025-05-10T03:00:00,5/10/2025 10:00,Hoàn Kiếm,VN,Asia/Ho_Chi_Minh,181,403,10,20.5,142,,119,100,0,1008,74,29,4.2,2,76
2025-05-10T04:00:00,5/10/2025 11:00,Hoàn Kiếm,VN,Asia/Ho_Chi_Minh,123,403,9.3,38.9,110,,108,100,0,1007,74,29,4.7,2,49
2025-05-10T05:00:00,5/10/2025 12:00,Hoàn Kiếm,VN,Asia/Ho_Chi_Minh,118,403,8.7,33.5,108,,97,100,0,1007,74,29,4.4,2,83
2025-05-10T06:00:00,5/10/2025 13:00,Hoàn Kiếm,VN,Asia/Ho_Chi_Minh,126,403,8,35.7,112,,86,100,0,1007,74,29,4.3,2,89
2025-05-10T07:00:00,5/10/2025 14:00,Hoàn Kiếm,VN,Asia/Ho_Chi_Minh,132,403,10,39.6,114,,74,100,0,1006,75,28.9,3.4,1.33,103
2025-05-10T08:00:00,5/10/2025 15:00,Hoàn Kiếm,VN,Asia/Ho_Chi_Minh,145,302,12,41.1,122,,62,100,0,1005,77,28.8,2.4,0.66,85
2025-05-10T09:00:00,5/10/2025 16:00,Hoàn Kiếm,VN,Asia/Ho_Chi_Minh,145,403,14,47.6,118,,50,100,0,1005,79,28.7,1.3,2.4,87
2025-05-10T10:00:00,5/10/2025 17:00,Hoàn Kiếm,VN,Asia/Ho_Chi_Minh,150,436.7,15.3,40.7,67.5,,54.7,100,0,1005,79,28.7,0.8,0.66,79
2025-05-10T11:00:00,5/10/2025 18:00,Hoàn Kiếm,VN,Asia/Ho_Chi_Minh,160,470.3,16.7,33.9,78.8,,59.3,100,1,1006,78,28.7,0.7,1.33,44
2025-05-10T12:00:00,5/10/2025 19:00,Hoàn Kiếm,VN,Asia/Ho_Chi_Minh,197,504,18,27,168,,64,100,0.75,1007,78,28.7,0,2,42
2025-05-10T13:00:00,5/10/2025 20:00,Hoàn Kiếm,VN,Asia/Ho_Chi_Minh,197,339.3,15.3,21.4,142,,43,100,1,1008,82,26.9,0,2.66,45
2025-05-10T14:00:00,5/10/2025 21:00,Hoàn Kiếm,VN,Asia/Ho_Chi_Minh,203,403,12.7,33.5,158,,22,100,1.75,1009,87,25,0,3.33,47.33
2025-05-10T15:00:00,5/10/2025 22:00,Hoàn Kiếm,VN,Asia/Ho_Chi_Minh,196,10,10,10.2,90,,1,100,3.75,1010,92,23.2,0,4,52
2025-05-10T16:00:00,5/10/2025 23:00,Hoàn Kiếm,VN,Asia/Ho_Chi_Minh,159,10,8.7,5.3,62,,1,95,1.75,1010,90,23.3,0,3.33,52
2025-05-10T17:00:00,5/11/2025 0:00,Hoàn Kiếm,VN,Asia/Ho_Chi_Minh,134,10,7.3,7,48,,1,91,1,1010,88,23.4,0,2.66,54
2025-05-10T18:00:00,5/11/2025 1:00,Hoàn Kiếm,VN,Asia/Ho_Chi_Minh,78,10,6,4.5,35,,5,87,0.75,1010,86,23.5,0,2,63
2025-05-10T19:00:00,5/11/2025 2:00,Hoàn Kiếm,VN,Asia/Ho_Chi_Minh,97,174.7,6,9.2,55.3,,18,91,2,1010,89,23,0,2,91
2025-05-10T20:00:00,5/11/2025 3:00,Hoàn Kiếm,VN,Asia/Ho_Chi_Minh,65,10,6,13.8,23.8,,31,95,2.75,1011,92,22.5,0,2,90.67
2025-05-10T21:00:00,5/11/2025 4:00,Hoàn Kiếm,VN,Asia/Ho_Chi_Minh,142,504,6,18.4,96,,44,100,2.75,1011,95,22,0,2,95
2025-05-10T22:00:00,5/11/2025 5:00,Hoàn Kiếm,VN,Asia/Ho_Chi_Minh,123,202,7,22.7,84,,31,100,0.75,1012,94,22.1,0,1.33,90
2025-05-10T23:00:00,5/11/2025 6:00,Hoàn Kiếm,VN,Asia/Ho_Chi_Minh,59,10,8,5.2,16,,6,100,1,1012,92,22.1,0.6,0.66,62
2025-05-11T00:00:00,5/11/2025 7:00,Hoàn Kiếm,VN,Asia/Ho_Chi_Minh,52,10,9,4.2,13,,5,100,1.25,1013,91,22.2,0.8,3.2,48
2025-05-11T01:00:00,5/11/2025 8:00,Hoàn Kiếm,VN,Asia/Ho_Chi_Minh,61,74,8.3,10.4,30.7,,22.3,100,1.75,1013,88,22.1,1.3,1,25
2025-05-11T02:00:00,5/11/2025 9:00,Hoàn Kiếm,VN,Asia/Ho_Chi_Minh,59,10,7.7,16.5,20,,39.7,100,1,1013,85,22.1,2.1,2,33.67
2025-05-11T03:00:00,5/11/2025 10:00,Hoàn Kiếm,VN,Asia/Ho_Chi_Minh,78,202,7,22.7,66,,57,100,1,1013,83,22,2.9,3,19
2025-05-11T04:00:00,5/11/2025 11:00,Hoàn Kiếm,VN,Asia/Ho_Chi_Minh,54,202,6,30.3,52,,62.7,95,0.75,1012,77,22.9,3.6,2.66,51
2025-05-11T05:00:00,5/11/2025 12:00,Hoàn Kiếm,VN,Asia/Ho_Chi_Minh,65,202,5,31.4,58,,68.3,91,0.25,1012,72,23.7,3.8,2.33,44
2025-05-11T06:00:00,5/11/2025 13:00,Hoàn Kiếm,VN,Asia/Ho_Chi_Minh,78,77.6,4,142,29,,74,87,0,1011,67,24.6,3.5,2,16
2025-05-11T07:00:00,5/11/2025 14:00,Hoàn Kiếm,VN,Asia/Ho_Chi_Minh,74,202,4.7,36.8,62,,77.3,87,0,1011,63,25.2,2.9,1.33,13
2025-05-11T08:00:00,5/11/2025 15:00,Hoàn Kiếm,VN,Asia/Ho_Chi_Minh,63,202,5.3,38.9,56,,80.7,87,0,1010,58,25.9,2,0.66,17
2025-05-11T09:00:00,5/11/2025 16:00,Hoàn Kiếm,VN,Asia/Ho_Chi_Minh,52,202,6,46.5,54,,84,87,0,1009,54,26.5,1.2,1.6,16
2025-05-11T10:00:00,5/11/2025 17:00,Hoàn Kiếm,VN,Asia/Ho_Chi_Minh,54,302,12,45.4,58,,87.7,91,0,1009,58,25.8,0.9,0.8,25
2025-05-11T11:00:00,5/11/2025 18:00,Hoàn Kiếm,VN,Asia/Ho_Chi_Minh,59,403,18,38.9,66,,91.3,95,0,1009,62,25.2,0.8,0.8,14
2025-05-11T12:00:00,5/11/2025 19:00,Hoàn Kiếm,VN,Asia/Ho_Chi_Minh,152,164.6,24,81,64,,95,100,0,1009,67,24.5,0,1.2,19
2025-05-11T13:00:00,5/11/2025 20:00,Hoàn Kiếm,VN,Asia/Ho_Chi_Minh,69,504,27.7,35.7,80,,94,75,0,1010,69,24,0,1.2,18
2025-05-11T14:00:00,5/11/2025 21:00,Hoàn Kiếm,VN,Asia/Ho_Chi_Minh,89,302,31.3,30.3,90,,93,50,0,1011,71,23.5,0,0.8,23
2025-05-11T15:00:00,5/11/2025 22:00,Hoàn Kiếm,VN,Asia/Ho_Chi_Minh,95,234,35,35,41.3,,92,25,0,1012,74,23,0,0.4,18
2025-05-11T16:00:00,5/11/2025 23:00,Hoàn Kiếm,VN,Asia/Ho_Chi_Minh,134,302,40.3,14.1,116,,88.3,41,0,1011,78,22.2,0,0.8,13
2025-05-11T17:00:00,5/12/2025 0:00,Hoàn Kiếm,VN,Asia/Ho_Chi_Minh,123,202,45.7,24.9,104,,84.7,58,0,1011,83,21.3,0,1.2,14
2025-05-11T18:00:00,5/12/2025 1:00,Hoàn Kiếm,VN,Asia/Ho_Chi_Minh,242,326.8,51,8,133,,81,75,0,1011,87,20.5,0,1.2,16
2025-05-11T19:00:00,5/12/2025 2:00,Hoàn Kiếm,VN,Asia/Ho_Chi_Minh,121,302,48.3,11.9,104,,70.7,77,0,1010,87,20.4,0,1.6,57
2025-05-11T20:00:00,5/12/2025 3:00,Hoàn Kiếm,VN,Asia/Ho_Chi_Minh,192,302,45.7,9.7,148,,60.3,79,0,1010,88,20.3,0,2,21
2025-05-11T21:00:00,5/12/2025 4:00,Hoàn Kiếm,VN,Asia/Ho_Chi_Minh,221,302,43,10.8,164,,50,81,0,1009,88,20.2,0,2,30
2025-05-11T22:00:00,5/12/2025 5:00,Hoàn Kiếm,VN,Asia/Ho_Chi_Minh,240,302,35.3,8.6,170,,47.7,83,0,1010,87,21,0,0.66,33
2025-05-11T23:00:00,5/12/2025 6:00,Hoàn Kiếm,VN,Asia/Ho_Chi_Minh,223,369.3,27.7,9.4,162.7,,45.3,85,0,1010,85,21.7,1.7,1.33,48
2025-05-12T00:00:00,5/12/2025 7:00,Hoàn Kiếm,VN,Asia/Ho_Chi_Minh,224,403,20,8.6,162,,43,87,0,1011,84,22.5,2.2,2,44
2025-05-12T01:00:00,5/12/2025 8:00,Hoàn Kiếm,VN,Asia/Ho_Chi_Minh,175,605,16,9.7,238,,71.7,83,0,1011,72,24,3.9,2.33,125
2025-05-12T02:00:00,5/12/2025 9:00,Hoàn Kiếm,VN,Asia/Ho_Chi_Minh,168,302,12,32.4,144,,100.3,79,0,1011,62,25.5,5.9,2.66,43
2025-05-12T03:00:00,5/12/2025 10:00,Hoàn Kiếm,VN,Asia/Ho_Chi_Minh,148,302,8,43.2,134,,129,75,0,1011,53,27,8,3,87
2025-05-12T04:00:00,5/12/2025 11:00,Hoàn Kiếm,VN,Asia/Ho_Chi_Minh,131,302,7,66,122,,117,75,0,1010,48,27.9,7.1,2.33,109
2025-05-12T05:00:00,5/12/2025 12:00,Hoàn Kiếm,VN,Asia/Ho_Chi_Minh,98,159.4,6,145.1,62,,105,75,0,1010,43,28.8,9.9,1.66,123
2025-05-12T06:00:00,5/12/2025 13:00,Hoàn Kiếm,VN,Asia/Ho_Chi_Minh,111,88.1,5,196,26,,93,75,0,1009,39,29.7,10.5,1,110.33
2025-05-12T07:00:00,5/12/2025 14:00,Hoàn Kiếm,VN,Asia/Ho_Chi_Minh,104,202,5.3,100.2,98,,83.7,1,0,1008,40,29.9,8.8,1.33,111
2025-05-12T08:00:00,5/12/2025 15:00,Hoàn Kiếm,VN,Asia/Ho_Chi_Minh,91,605,5.7,14.1,66,,32,1,0,1007,41,30,6.1,1.66,175
2025-05-12T09:00:00,5/12/2025 16:00,Hoàn Kiếm,VN,Asia/Ho_Chi_Minh,98,202,6,125.4,90,,65,8,0,1007,42,30.2,3.6,2,69
2025-05-12T10:00:00,5/12/2025 17:00,Hoàn Kiếm,VN,Asia/Ho_Chi_Minh,100,302,10.3,110.3,94,,65,0,0,1007,44,29.3,2.4,2,53
2025-05-12T11:00:00,5/12/2025 18:00,Hoàn Kiếm,VN,Asia/Ho_Chi_Minh,105,336,14.7,110.8,103.3,,65,2,0,1007,48,28.4,2,2,47
2025-05-12T12:00:00,5/12/2025 19:00,Hoàn Kiếm,VN,Asia/Ho_Chi_Minh,110,403,19,103.5,110,,65,0,0,1007,51,27.5,0,2,34.33
2025-05-12T13:00:00,5/12/2025 20:00,Hoàn Kiếm,VN,Asia/Ho_Chi_Minh,150,403,19.7,61.2,146,,64.3,1,0,1007,58,26.5,0,1.66,25
2025-05-12T14:00:00,5/12/2025 21:00,Hoàn Kiếm,VN,Asia/Ho_Chi_Minh,168,302,20.3,60,150,,63.7,6,0,1008,67,25.6,0,1.33,37
2025-05-12T15:00:00,5/12/2025 22:00,Hoàn Kiếm,VN,Asia/Ho_Chi_Minh,171,302,21,47.6,150,,63,5,0,1009,77,24.6,0,1,31
2025-05-12T16:00:00,5/12/2025 23:00,Hoàn Kiếm,VN,Asia/Ho_Chi_Minh,150,302,23.3,40,132,,60.7,6,0,1009,78,24.3,0,0.83,34
2025-05-12T17:00:00,5/13/2025 0:00,Hoàn Kiếm,VN,Asia/Ho_Chi_Minh,137,202,25.7,36.8,120,,58.3,2,0,1009,80,23.9,0,0.66,35
2025-05-12T18:00:00,5/13/2025 1:00,Hoàn Kiếm,VN,Asia/Ho_Chi_Minh,150,173.3,28,53,58,,56,1,0,1009,82,23.6,0,0.5,37.33
2025-05-12T19:00:00,5/13/2025 2:00,Hoàn Kiếm,VN,Asia/Ho_Chi_Minh,193,504,31,20.5,278,,53,0,0,1009,84,23.3,0,0.33,39
2025-05-12T20:00:00,5/13/2025 3:00,Hoàn Kiếm,VN,Asia/Ho_Chi_Minh,258,202,34,22.7,200,,50,2,0,1008,86,22.9,0,0.16,54
2025-05-12T21:00:00,5/13/2025 4:00,Hoàn Kiếm,VN,Asia/Ho_Chi_Minh,203,202,37,21.6,156,,47,50,0,1008,89,22.6,0,1.2,69
2025-05-12T22:00:00,5/13/2025 5:00,Hoàn Kiếm,VN,Asia/Ho_Chi_Minh,179,202,31,23.8,136,,52.3,58,0,1009,86,23,0,0.33,71
2025-05-12T23:00:00,5/13/2025 6:00,Hoàn Kiếm,VN,Asia/Ho_Chi_Minh,197,336,25,15.9,150.7,,57.7,66,0,1010,84,23.3,1.9,0.66,54
2025-05-13T00:00:00,5/13/2025 7:00,Hoàn Kiếm,VN,Asia/Ho_Chi_Minh,195,403,19,13,148,,63,75,0,1010,82,23.7,2.4,1,49
2025-05-13T01:00:00,5/13/2025 8:00,Hoàn Kiếm,VN,Asia/Ho_Chi_Minh,227,605,16,16.2,182,,62,54,0,1010,72,25.3,3.9,1.33,54
2025-05-13T02:00:00,5/13/2025 9:00,Hoàn Kiếm,VN,Asia/Ho_Chi_Minh,176,302,13,53,152,,61,33,0,1011,63,26.9,6,1.66,193
2025-05-13T03:00:00,5/13/2025 10:00,Hoàn Kiếm,VN,Asia/Ho_Chi_Minh,148,302,10,79.6,130,,60,12,0,1011,56,28.5,7.3,2,137
2025-05-13T04:00:00,5/13/2025 11:00,Hoàn Kiếm,VN,Asia/Ho_Chi_Minh,145,302,8.7,100.2,132,,54.7,14,0,1010,53,29.4,9.7,2,95
2025-05-13T05:00:00,5/13/2025 12:00,Hoàn Kiếm,VN,Asia/Ho_Chi_Minh,137,235.3,7.3,94.4,118,,49.3,16,0,1009,51,30.3,10.5,2,77
2025-05-13T06:00:00,5/13/2025 13:00,Hoàn Kiếm,VN,Asia/Ho_Chi_Minh,131,202,6,101.8,112,,44,18,0,1009,49,31.2,9.1,2,91
2025-05-13T07:00:00,5/13/2025 14:00,Hoàn Kiếm,VN,Asia/Ho_Chi_Minh,121,202,7,91.8,100,,46.7,20,0,1008,51,31.2,7,2,89
2025-05-13T08:00:00,5/13/2025 15:00,Hoàn Kiếm,VN,Asia/Ho_Chi_Minh,112,202,8,79.2,94,,49.3,22,0,1007,52,31.2,3.1,2,113
2025-05-13T09:00:00,5/13/2025 16:00,Hoàn Kiếm,VN,Asia/Ho_Chi_Minh,107,202,9,74.8,90,,52,25,0,1006,54,31.2,1.8,2,75
2025-05-13T10:00:00,5/13/2025 17:00,Hoàn Kiếm,VN,Asia/Ho_Chi_Minh,100,302,11.7,60,84,,50.7,37,0,1006,62,30,1.5,2,53
2025-05-13T11:00:00,5/13/2025 18:00,Hoàn Kiếm,VN,Asia/Ho_Chi_Minh,100,144,14.3,94.3,58.3,,49.3,50,0,1007,70,28.7,1.8,2,52
2025-05-13T12:00:00,5/13/2025 19:00,Hoàn Kiếm,VN,Asia/Ho_Chi_Minh,98,115,17,104,42.5,,48,62,0,1007,79,27.5,0,2,49
2025-05-13T13:00:00,5/13/2025 20:00,Hoàn Kiếm,VN,Asia/Ho_Chi_Minh,123,10,17.7,12.9,88,,1,54,0,1008,83,27,0,2,47
2025-05-13T14:00:00,5/13/2025 21:00,Hoàn Kiếm,VN,Asia/Ho_Chi_Minh,150,10,18.3,7.6,86,,2,45,0,1008,87,26.5,0,2,43
2025-05-13T15:00:00,5/13/2025 22:00,Hoàn Kiếm,VN,Asia/Ho_Chi_Minh,175,10,19,10.7,74,,1,37,0,1009,90,26,0,2,40
2025-05-13T16:00:00,5/13/2025 23:00,Hoàn Kiếm,VN,Asia/Ho_Chi_Minh,179,10,20.3,8.2,78,,1,29,0,1009,91,25.8,0,1.33,38
2025-05-13T17:00:00,5/14/2025 0:00,Hoàn Kiếm,VN,Asia/Ho_Chi_Minh,176,10,21.7,10.7,75.3,,1,20,0,1009,91,25.7,0,0.66,35
2025-05-13T18:00:00,5/14/2025 1:00,Hoàn Kiếm,VN,Asia/Ho_Chi_Minh,177,10,23,10.7,76,,1,12,0,1009,92,25.5,0,2.4,35.33
2025-05-13T19:00:00,5/14/2025 2:00,Hoàn Kiếm,VN,Asia/Ho_Chi_Minh,167,10,23.7,8.3,68,,1,41,0,1009,93,25.5,0,2.4,34
2025-05-13T20:00:00,5/14/2025 3:00,Hoàn Kiếm,VN,Asia/Ho_Chi_Minh,142,10,24.3,6.4,80,,1,70,0,1009,93,25.6,0,2.4,44
2025-05-13T21:00:00,5/14/2025 4:00,Hoàn Kiếm,VN,Asia/Ho_Chi_Minh,115,202,25,29.2,90,,46,100,0,1009,94,25.6,0,2,54
2025-05-13T22:00:00,5/14/2025 5:00,Hoàn Kiếm,VN,Asia/Ho_Chi_Minh,112,10,23.7,3.6,84,,1,100,0,1009,94,25.9,0,1.6,74
2025-05-13T23:00:00,5/14/2025 6:00,Hoàn Kiếm,VN,Asia/Ho_Chi_Minh,131,158,22.3,52.4,71.7,,54,100,0,1009,94,26.2,1.4,2,77
2025-05-14T00:00:00,5/14/2025 7:00,Hoàn Kiếm,VN,Asia/Ho_Chi_Minh,139,136,21,64,62.5,,58,100,0,1010,94,26.5,1.8,1.6,75.33
2025-05-14T01:00:00,5/14/2025 8:00,Hoàn Kiếm,VN,Asia/Ho_Chi_Minh,139,158,17.7,57.1,62.5,,54.3,100,0,1010,89,26.9,2.3,0.66,76
2025-05-14T02:00:00,5/14/2025 9:00,Hoàn Kiếm,VN,Asia/Ho_Chi_Minh,137,180,14.3,50.2,61.3,,50.7,100,0,1010,85,27.3,2.6,1.33,68
2025-05-14T03:00:00,5/14/2025 10:00,Hoàn Kiếm,VN,Asia/Ho_Chi_Minh,107,202,11,43.2,92,,47,100,0,1011,81,27.7,3,2,51
2025-05-14T04:00:00,5/14/2025 11:00,Hoàn Kiếm,VN,Asia/Ho_Chi_Minh,106,167,9.3,74.8,76.8,,42,91,0,1010,78,28.7,3.6,2.33,41
2025-05-14T05:00:00,5/14/2025 12:00,Hoàn Kiếm,VN,Asia/Ho_Chi_Minh,102,131.9,7.7,106.4,45,,37,83,0,1010,75,29.7,4.1,2.66,40
2025-05-14T06:00:00,5/14/2025 13:00,Hoàn Kiếm,VN,Asia/Ho_Chi_Minh,104,96.9,6,138,46.3,,32,75,0,1009,72,30.7,3.8,3,47
2025-05-14T07:00:00,5/14/2025 14:00,Hoàn Kiếm,VN,Asia/Ho_Chi_Minh,102,98.2,6.7,137.3,45,,34,83,0,1010,75,29.7,3.1,2.66,50
2025-05-14T08:00:00,5/14/2025 15:00,Hoàn Kiếm,VN,Asia/Ho_Chi_Minh,95,99.6,7.3,136.7,41.3,,36,91,0,1010,78,28.7,2.9,2.33,50
2025-05-14T09:00:00,5/14/2025 16:00,Hoàn Kiếm,VN,Asia/Ho_Chi_Minh,102,101,8,136,37,,38,100,0,1011,81,27.7,1.7,2,49
2025-05-14T10:00:00,5/14/2025 17:00,Hoàn Kiếm,VN,Asia/Ho_Chi_Minh,104,105.6,11.3,123.7,38,,41.7,70,0,1010,79,28,1.4,2,38
2025-05-14T11:00:00,5/14/2025 18:00,Hoàn Kiếm,VN,Asia/Ho_Chi_Minh,107,110.3,14.7,111.3,39,,45.3,41,0,1008,78,28.4,1,2,37.67
2025-05-14T12:00:00,5/14/2025 19:00,Hoàn Kiếm,VN,Asia/Ho_Chi_Minh,110,115,18,99,40,,49,12,0,1007,76,28.7,0,2,36
2025-05-14T13:00:00,5/14/2025 20:00,Hoàn Kiếm,VN,Asia/Ho_Chi_Minh,131,10,19.3,6.9,70,,2,37,0,1008,79,28.2,0,2,37
2025-05-14T14:00:00,5/14/2025 21:00,Hoàn Kiếm,VN,Asia/Ho_Chi_Minh,177,10,20.7,4.8,76,,2,62,0,1009,82,27.7,0,2,36
2025-05-14T15:00:00,5/14/2025 22:00,Hoàn Kiếm,VN,Asia/Ho_Chi_Minh,98,120.8,22,67,36,,60,87,0,1009,86,27.2,0,2,33
2025-05-14T16:00:00,5/14/2025 23:00,Hoàn Kiếm,VN,Asia/Ho_Chi_Minh,173,10,22.7,5.8,78,,2,62,0,1009,88,26.8,0,2,36
2025-05-14T17:00:00,5/15/2025 0:00,Hoàn Kiếm,VN,Asia/Ho_Chi_Minh,126,202,23.3,16.2,98,,54.7,37,0,1009,90,26.5,0,2,37
2025-05-14T18:00:00,5/15/2025 1:00,Hoàn Kiếm,VN,Asia/Ho_Chi_Minh,104,126.1,24,51,39,,52,12,0,1009,92,26.1,0,2,38
2025-05-14T19:00:00,5/15/2025 2:00,Hoàn Kiếm,VN,Asia/Ho_Chi_Minh,110,10,24,5.9,66,,1,16,0,1008,92,25.9,0,1.66,39
2025-05-14T20:00:00,5/15/2025 3:00,Hoàn Kiếm,VN,Asia/Ho_Chi_Minh,126,10,24,2.9,64,,2,20,0,1008,93,25.7,0,1.33,47
2025-05-14T21:00:00,5/15/2025 4:00,Hoàn Kiếm,VN,Asia/Ho_Chi_Minh,168,403,24,16.2,142,,47,25,0,1008,93,25.5,0,1,76
2025-05-14T22:00:00,5/15/2025 5:00,Hoàn Kiếm,VN,Asia/Ho_Chi_Minh,155,272,23,11.8,117.3,,32.3,37,0,1008,92,25.8,0,1.66,34
2025-05-14T23:00:00,5/15/2025 6:00,Hoàn Kiếm,VN,Asia/Ho_Chi_Minh,123,302,22,11.9,102,,17.7,50,0,1009,92,26.2,0.6,2.33,73
2025-05-15T00:00:00,5/15/2025 7:00,Hoàn Kiếm,VN,Asia/Ho_Chi_Minh,112,10,21,2.9,68,,3,62,0,1009,91,26.5,0.8,3,45
2025-05-15T01:00:00,5/15/2025 8:00,Hoàn Kiếm,VN,Asia/Ho_Chi_Minh,123,403,17.3,19.5,94,,12.7,66,0,1010,85,27.6,1.3,3.33,37
2025-05-15T02:00:00,5/15/2025 9:00,Hoàn Kiếm,VN,Asia/Ho_Chi_Minh,110,202,13.7,23.8,84,,22.3,70,0,1010,80,28.6,2.1,3.66,39
2025-05-15T03:00:00,5/15/2025 10:00,Hoàn Kiếm,VN,Asia/Ho_Chi_Minh,78,77.6,10,93,26,,32,75,0,1010,75,29.7,2.9,4,45
2025-05-15T04:00:00,5/15/2025 11:00,Hoàn Kiếm,VN,Asia/Ho_Chi_Minh,110,80.7,9,97.3,48.8,,28.7,70,0,1009,71,30.7,3.6,3.33,69
2025-05-15T05:00:00,5/15/2025 12:00,Hoàn Kiếm,VN,Asia/Ho_Chi_Minh,115,83.8,8,101.7,51.3,,25.3,66,0,1008,68,31.6,4.1,2.66,59.33
2025-05-15T06:00:00,5/15/2025 13:00,Hoàn Kiếm,VN,Asia/Ho_Chi_Minh,110,87,7,106,48.8,,22,62,0.75,1008,64,32.6,3.5,2,44
2025-05-15T07:00:00,5/15/2025 14:00,Hoàn Kiếm,VN,Asia/Ho_Chi_Minh,93,92.4,10,100.3,40,,32.3,70,0,1007,67,31.8,2.7,2.33,40
2025-05-15T08:00:00,5/15/2025 15:00,Hoàn Kiếm,VN,Asia/Ho_Chi_Minh,93,97.9,13,94.7,40,,42.7,79,0,1006,70,31,1.9,2.66,44
2025-05-15T09:00:00,5/15/2025 16:00,Hoàn Kiếm,VN,Asia/Ho_Chi_Minh,126,103.3,16,89,45,,53,87,0,1006,73,30.2,1.2,3,39
2025-05-15T10:00:00,5/15/2025 17:00,Hoàn Kiếm,VN,Asia/Ho_Chi_Minh,91,10,18.7,79.3,38.8,,56.3,75,0.5,1006,75,29.8,0.8,3,25
2025-05-15T11:00:00,5/15/2025 18:00,Hoàn Kiếm,VN,Asia/Ho_Chi_Minh,95,109.1,21.3,69.7,37.5,,59.7,62,1,1007,78,29.4,0.6,3,39
2025-05-15T12:00:00,5/15/2025 19:00,Hoàn Kiếm,VN,Asia/Ho_Chi_Minh,82,112.1,24,60,33.8,,63,50,0,1007,80,29,0,3,41
2025-05-15T13:00:00,5/15/2025 20:00,Hoàn Kiếm,VN,Asia/Ho_Chi_Minh,131,10,23.7,6.8,60,,2,66,0.25,1008,83,28.6,0,3,39
2025-05-15T14:00:00,5/15/2025 21:00,Hoàn Kiếm,VN,Asia/Ho_Chi_Minh,167,10,23.3,3.2,68,,2,83,0.5,1009,86,28.1,0,3,32
2025-05-15T15:00:00,5/15/2025 22:00,Hoàn Kiếm,VN,Asia/Ho_Chi_Minh,95,95.7,23,38,34,,53,100,0.5,1009,89,27.7,0,3,32
2025-05-15T16:00:00,5/15/2025 23:00,Hoàn Kiếm,VN,Asia/Ho_Chi_Minh,180,10,22.7,3.6,78,,1,100,0,1009,88,27.1,0,3,45
2025-05-15T17:00:00,5/16/2025 0:00,Hoàn Kiếm,VN,Asia/Ho_Chi_Minh,58,10,22.3,5.3,70,,1,100,0.25,1009,87,26.6,0,3,31
2025-05-15T18:00:00,5/16/2025 1:00,Hoàn Kiếm,VN,Asia/Ho_Chi_Minh,112,202,22,16.2,82,,46,100,0.5,1009,86,26,0,3,33
2025-05-15T19:00:00,5/16/2025 2:00,Hoàn Kiếm,VN,Asia/Ho_Chi_Minh,78,10,21.3,25.1,31.3,,43.3,91,1,1008,88,25.9,0,2.33,27
2025-05-15T20:00:00,5/16/2025 3:00,Hoàn Kiếm,VN,Asia/Ho_Chi_Minh,63,202,20.7,11.9,51,,40.7,83,1.25,1007,90,25.7,0,1.66,47
2025-05-15T21:00:00,5/16/2025 4:00,Hoàn Kiếm,VN,Asia/Ho_Chi_Minh,80,92.2,20,43,27,,38,75,2,1007,93,25.6,0,1,68
2025-05-15T22:00:00,5/16/2025 5:00,Hoàn Kiếm,VN,Asia/Ho_Chi_Minh,118,202,19.7,7.6,86,,40.7,83,0.25,1007,93,25.6,0,1.33,33
2025-05-15T23:00:00,5/16/2025 6:00,Hoàn Kiếm,VN,Asia/Ho_Chi_Minh,118,366.7,19.3,19.4,52.5,,43.3,91,0,1008,93,25.6,0.6,1.66,78
2025-05-16T00:00:00,5/16/2025 7:00,Hoàn Kiếm,VN,Asia/Ho_Chi_Minh,126,504,19,7.6,98,,46,100,1,1008,94,25.6,0.8,2,4
2025-05-16T01:00:00,5/16/2025 8:00,Hoàn Kiếm,VN,Asia/Ho_Chi_Minh,118,504,17.3,11.9,88,,49,100,0.25,1009,89,26.7,1.3,2,40
2025-05-16T02:00:00,5/16/2025 9:00,Hoàn Kiếm,VN,Asia/Ho_Chi_Minh,118,229.5,15.7,54.5,52.5,,52,100,0,1009,85,27.9,2.1,2,25
2025-05-16T03:00:00,5/16/2025 10:00,Hoàn Kiếm,VN,Asia/Ho_Chi_Minh,102,92.2,14,78,39,,55,100,0,1009,80,29,2.9,2,18
2025-05-16T04:00:00,5/16/2025 11:00,Hoàn Kiếm,VN,Asia/Ho_Chi_Minh,118,89.3,12.7,84,52.5,,49,87,0,1008,77,30,3.6,2,26
2025-05-16T05:00:00,5/16/2025 12:00,Hoàn Kiếm,VN,Asia/Ho_Chi_Minh,115,86.4,11.3,90,51.3,,43,75,0,1008,75,31,3.8,2,42
2025-05-16T06:00:00,5/16/2025 13:00,Hoàn Kiếm,VN,Asia/Ho_Chi_Minh,104,83.5,10,96,46.3,,37,62,0,1007,72,32,3.5,2,42
2025-05-16T07:00:00,5/16/2025 14:00,Hoàn Kiếm,VN,Asia/Ho_Chi_Minh,91,90.1,11,99,38.8,,41.7,58,0,1006,71,32,2.8,2.33,45
2025-05-16T08:00:00,5/16/2025 15:00,Hoàn Kiếm,VN,Asia/Ho_Chi_Minh,95,96.7,12,102,41.3,,46.3,54,0,1005,70,32,1.9,2.66,42
2025-05-16T09:00:00,5/16/2025 16:00,Hoàn Kiếm,VN,Asia/Ho_Chi_Minh,91,103.3,13,105,38.8,,51,50,0,1004,69,32,1.2,3,42
2025-05-16T10:00:00,5/16/2025 17:00,Hoàn Kiếm,VN,Asia/Ho_Chi_Minh,107,114.4,16.3,94,47.5,,55.3,50,0,1004,72,31.2,0.9,3,36
2025-05-16T11:00:00,5/16/2025 18:00,Hoàn Kiếm,VN,Asia/Ho_Chi_Minh,121,10,19.7,83,53.8,,59.7,50,0,1005,75,30.5,0.7,3,42
2025-05-16T12:00:00,5/16/2025 19:00,Hoàn Kiếm,VN,Asia/Ho_Chi_Minh,104,136.6,23,72,46.3,,64,50,0.5,1005,78,29.7,0,3,41
2025-05-16T13:00:00,5/16/2025 20:00,Hoàn Kiếm,VN,Asia/Ho_Chi_Minh,196,10,22.3,6.4,90,,1,54,1.25,1007,80,29.2,0,3.33,37
2025-05-16T14:00:00,5/16/2025 21:00,Hoàn Kiếm,VN,Asia/Ho_Chi_Minh,167,52.2,21.7,27,71.4,,22,58,0.25,1008,83,28.7,0,3.66,31
2025-05-16T15:00:00,5/16/2025 22:00,Hoàn Kiếm,VN,Asia/Ho_Chi_Minh,188,10,21,4.5,84,,1,62,1.25,1009,86,28.2,0,4,33
2025-05-16T16:00:00,5/16/2025 23:00,Hoàn Kiếm,VN,Asia/Ho_Chi_Minh,183,10,20.7,5.9,80,,1,75,1.5,1008,89,27,0,3.33,31
2025-05-16T17:00:00,5/17/2025 0:00,Hoàn Kiếm,VN,Asia/Ho_Chi_Minh,150,10,20.3,4.5,54,,1,87,1.5,1008,92,25.9,0,2.66,38
2025-05-16T18:00:00,5/17/2025 1:00,Hoàn Kiếm,VN,Asia/Ho_Chi_Minh,131,10,20,3,47,,8,100,2.25,1008,95,24.7,0,2,43
2025-05-16T19:00:00,5/17/2025 2:00,Hoàn Kiếm,VN,Asia/Ho_Chi_Minh,74,202,20.3,11.9,60,,19,100,3.25,1007,95,24.8,0,2,37
2025-05-16T20:00:00,5/17/2025 3:00,Hoàn Kiếm,VN,Asia/Ho_Chi_Minh,84,70.7,20.7,9.7,49,,30,100,3.25,1007,94,24.9,0,2,90
2025-05-16T21:00:00,5/17/2025 4:00,Hoàn Kiếm,VN,Asia/Ho_Chi_Minh,63,101,21,13,50,,41,100,1.75,1007,94,25,0,2,68.33
2025-05-16T22:00:00,5/17/2025 5:00,Hoàn Kiếm,VN,Asia/Ho_Chi_Minh,95,202,21.3,5.4,70,,29.3,87,0.25,1007,93,25.5,0,1.33,84
2025-05-16T23:00:00,5/17/2025 6:00,Hoàn Kiếm,VN,Asia/Ho_Chi_Minh,78,10,21.7,4.2,25,,4,75,0.25,1007,93,26,0.6,0.66,80
2025-05-17T00:00:00,5/17/2025 7:00,Hoàn Kiếm,VN,Asia/Ho_Chi_Minh,85,10,22,2.5,28,,6,62,0.25,1008,93,26.5,0.8,1.6,54
2025-05-17T01:00:00,5/17/2025 8:00,Hoàn Kiếm,VN,Asia/Ho_Chi_Minh,93,403,20,9.7,80,,27.3,62,0,1008,88,27.9,1.3,0.66,47
2025-05-17T02:00:00,5/17/2025 9:00,Hoàn Kiếm,VN,Asia/Ho_Chi_Minh,87,64.4,18,50.2,34.3,,48.7,62,0,1008,83,29.2,2.1,1.33,23
2025-05-17T03:00:00,5/17/2025 10:00,Hoàn Kiếm,VN,Asia/Ho_Chi_Minh,89,91.6,16,74,37.5,,70,62,0,1008,79,30.6,2.9,2,27.67
2025-05-17T04:00:00,5/17/2025 11:00,Hoàn Kiếm,VN,Asia/Ho_Chi_Minh,89,605,12.3,3.2,66,,62,66,0,1008,76,31.3,3.6,2,18
2025-05-17T05:00:00,5/17/2025 12:00,Hoàn Kiếm,VN,Asia/Ho_Chi_Minh,98,90.1,8.7,133.3,42.5,,54,70,0,1007,72,32,4,2,33
2025-05-17T06:00:00,5/17/2025 13:00,Hoàn Kiếm,VN,Asia/Ho_Chi_Minh,101,89.3,5,163,42.5,,46,75,0,1006,69,32.7,3.8,2,25
2025-05-17T07:00:00,5/17/2025 14:00,Hoàn Kiếm,VN,Asia/Ho_Chi_Minh,91,87.3,6,152.7,37.5,,42.3,75,0,1006,71,32.3,2.9,2,28
2025-05-17T08:00:00,5/17/2025 15:00,Hoàn Kiếm,VN,Asia/Ho_Chi_Minh,83,85.4,7,142.3,34.2,,38.7,75,1.25,1005,72,31.9,1.9,2,32
2025-05-17T09:00:00,5/17/2025 16:00,Hoàn Kiếm,VN,Asia/Ho_Chi_Minh,76,83.5,8,132,30,,35,75,2.75,1004,74,31.5,1.2,2,29.33
2025-05-17T10:00:00,5/17/2025 17:00,Hoàn Kiếm,VN,Asia/Ho_Chi_Minh,82,10,11.7,89,33.8,,26,75,1.75,1005,79,29.6,0.8,1.66,30
2025-05-17T11:00:00,5/17/2025 18:00,Hoàn Kiếm,VN,Asia/Ho_Chi_Minh,180,10,15.3,6.6,78,,10,75,1.25,1006,85,27.6,0.6,1.33,30
2025-05-17T12:00:00,5/17/2025 19:00,Hoàn Kiếm,VN,Asia/Ho_Chi_Minh,180,10,19,2.9,78,,8,75,1,1007,91,25.7,0,1,34
2025-05-17T13:00:00,5/17/2025 20:00,Hoàn Kiếm,VN,Asia/Ho_Chi_Minh,91,302,20.7,15.1,66,,8.3,83,1,1007,92,25.8,0,0.66,34
2025-05-17T14:00:00,5/17/2025 21:00,Hoàn Kiếm,VN,Asia/Ho_Chi_Minh,136,10,22.3,3.5,48.7,,8.7,91,2.75,1008,93,26,0,0.33,30
2025-05-17T15:00:00,5/17/2025 22:00,Hoàn Kiếm,VN,Asia/Ho_Chi_Minh,98,10,24,3.8,34,,9,100,3.75,1009,94,26.1,0,2.4,27.33
2025-05-17T16:00:00,5/17/2025 23:00,Hoàn Kiếm,VN,Asia/Ho_Chi_Minh,100,10,23,3,35,,6,100,1.75,1008,93,25.9,0,0.33,24
2025-05-17T17:00:00,5/18/2025 0:00,Hoàn Kiếm,VN,Asia/Ho_Chi_Minh,89,10,22,3.9,30,,5,100,1.25,1008,91,25.7,0,0.66,27
2025-05-17T18:00:00,5/18/2025 1:00,Hoàn Kiếm,VN,Asia/Ho_Chi_Minh,76,101,21,16.2,52,,45,100,0.25,1008,90,25.5,0,1,78
2025-05-17T19:00:00,5/18/2025 2:00,Hoàn Kiếm,VN,Asia/Ho_Chi_Minh,69,101,20.3,11.9,50,,42.7,95,1,1007,91,25.5,0,1,78
2025-05-17T20:00:00,5/18/2025 3:00,Hoàn Kiếm,VN,Asia/Ho_Chi_Minh,67,101,19.7,12.6,48.7,,40.3,91,0,1007,91,25.5,0,1,31
2025-05-17T21:00:00,5/18/2025 4:00,Hoàn Kiếm,VN,Asia/Ho_Chi_Minh,63,101,19,10.8,47,,38,87,0,1007,92,25.5,0,1,48.67
2025-05-17T22:00:00,5/18/2025 5:00,Hoàn Kiếm,VN,Asia/Ho_Chi_Minh,76,202,20,6.5,62,,26,79,0,1007,91,25.8,0,1,34
2025-05-17T23:00:00,5/18/2025 6:00,Hoàn Kiếm,VN,Asia/Ho_Chi_Minh,112,10,21,2.2,40,,1,70,0,1007,91,26.2,0.6,1,35
2025-05-18T00:00:00,5/18/2025 7:00,Hoàn Kiếm,VN,Asia/Ho_Chi_Minh,123,10,22,2.7,44,,2,62,0,1008,90,26.5,0.8,1,30
2025-05-18T01:00:00,5/18/2025 8:00,Hoàn Kiếm,VN,Asia/Ho_Chi_Minh,131,10,19.3,3.1,47,,1,62,0,1008,84,27.9,1.5,1.33,24
2025-05-18T02:00:00,5/18/2025 9:00,Hoàn Kiếm,VN,Asia/Ho_Chi_Minh,111,72.2,16.7,74.2,39.3,,40,62,0,1008,78,29.3,2.4,1.66,21
2025-05-18T03:00:00,5/18/2025 10:00,Hoàn Kiếm,VN,Asia/Ho_Chi_Minh,104,103.3,14,110,37,,59,62,0,1008,72,30.7,3.6,2,20
2025-05-18T04:00:00,5/18/2025 11:00,Hoàn Kiếm,VN,Asia/Ho_Chi_Minh,100,106.4,13.7,117.7,37.6,,60,62,0,1008,71,31.5,3.9,2,18
2025-05-18T05:00:00,5/18/2025 12:00,Hoàn Kiếm,VN,Asia/Ho_Chi_Minh,74,109.5,13.3,125.3,28.8,,61,62,0,1007,70,32.2,4.8,2,24
2025-05-18T06:00:00,5/18/2025 13:00,Hoàn Kiếm,VN,Asia/Ho_Chi_Minh,91,112.6,13,133,38.8,,62,62,0,1006,68,33,4.7,2,40
2025-05-18T07:00:00,5/18/2025 14:00,Hoàn Kiếm,VN,Asia/Ho_Chi_Minh,100,112.4,13.3,134.7,43.8,,61.7,62,0,1005,67,33.1,3.1,2,44
2025-05-18T08:00:00,5/18/2025 15:00,Hoàn Kiếm,VN,Asia/Ho_Chi_Minh,92,112.2,13.7,136.3,39.6,,61.3,62,0,1004,65,33.1,2.1,2,47
2025-05-18T09:00:00,5/18/2025 16:00,Hoàn Kiếm,VN,Asia/Ho_Chi_Minh,93,112.1,14,138,40,,61,62,0,1003,63,33.2,1.3,2,39.33
2025-05-18T10:00:00,5/18/2025 17:00,Hoàn Kiếm,VN,Asia/Ho_Chi_Minh,80,78,19.3,92.8,32.5,,42,75,0,1004,70,31.3,0.8,1.66,37
2025-05-18T11:00:00,5/18/2025 18:00,Hoàn Kiếm,VN,Asia/Ho_Chi_Minh,151,10,24.7,6.1,56,,3,87,1,1004,78,29.5,0.7,1.33,35
2025-05-18T12:00:00,5/18/2025 19:00,Hoàn Kiếm,VN,Asia/Ho_Chi_Minh,164,10,30,2.5,66,,4,100,4.25,1005,87,27.6,0,1,23
2025-05-18T13:00:00,5/18/2025 20:00,Hoàn Kiếm,VN,Asia/Ho_Chi_Minh,167,10,30.7,5.2,68,,2,100,3.75,1005,89,27.6,0,1.33,31
2025-05-18T14:00:00,5/18/2025 21:00,Hoàn Kiếm,VN,Asia/Ho_Chi_Minh,164,10,31.3,4.4,66,,2,100,1.5,1006,91,27.7,0,1.66,35
2025-05-18T15:00:00,5/18/2025 22:00,Hoàn Kiếm,VN,Asia/Ho_Chi_Minh,164,10,32,5.3,66,,1,100,0.5,1007,93,27.7,0,2,31.67
2025-05-18T16:00:00,5/18/2025 23:00,Hoàn Kiếm,VN,Asia/Ho_Chi_Minh,157,302,29.7,11.9,110,,1,100,0.75,1007,93,27.8,0,2,32
2025-05-18T17:00:00,5/19/2025 0:00,Hoàn Kiếm,VN,Asia/Ho_Chi_Minh,176,10,27.3,5.5,84,,2,100,0.75,1007,94,27.9,0,2,26
2025-05-18T18:00:00,5/19/2025 1:00,Hoàn Kiếm,VN,Asia/Ho_Chi_Minh,160,10,25,4.2,120,,1,100,1.25,1006,94,28,0,2,56
2025-05-18T19:00:00,5/19/2025 2:00,Hoàn Kiếm,VN,Asia/Ho_Chi_Minh,143,40.3,22.3,7.5,102,,7.3,95,3.75,1006,91,27.2,0,1.66,66
2025-05-18T20:00:00,5/19/2025 3:00,Hoàn Kiếm,VN,Asia/Ho_Chi_Minh,85,101,19.7,14.1,66,,13.7,91,2,1006,89,26.5,0,1.33,68
2025-05-18T21:00:00,5/19/2025 4:00,Hoàn Kiếm,VN,Asia/Ho_Chi_Minh,85,101,17,14.1,66,,20,87,0.75,1006,87,25.7,0,1,66
2025-05-18T22:00:00,5/19/2025 5:00,Hoàn Kiếm,VN,Asia/Ho_Chi_Minh,85,101,16.7,14.1,66,,13.7,91,0.25,1007,88,25.7,0,1.33,66
2025-05-18T23:00:00,5/19/2025 6:00,Hoàn Kiếm,VN,Asia/Ho_Chi_Minh,83,40.3,16.3,8.4,40,,7.3,95,0.75,1007,89,25.6,0.6,1.66,61
2025-05-19T00:00:00,5/19/2025 7:00,Hoàn Kiếm,VN,Asia/Ho_Chi_Minh,82,10,16,5.6,27,,1,100,0.75,1007,91,25.6,0.8,2,75
2025-05-19T01:00:00,5/19/2025 8:00,Hoàn Kiếm,VN,Asia/Ho_Chi_Minh,88,34.9,15,31.1,32.6,,18.7,100,0,1008,90,26.1,1.3,2,63
2025-05-19T02:00:00,5/19/2025 9:00,Hoàn Kiếm,VN,Asia/Ho_Chi_Minh,89,59.7,14,56.5,37.5,,36.3,100,0,1008,88,26.7,2.1,2,51.33
2025-05-19T03:00:00,5/19/2025 10:00,Hoàn Kiếm,VN,Asia/Ho_Chi_Minh,100,84.6,13,82,43.8,,54,100,0,1008,87,27.2,2.9,2,28
2025-05-19T04:00:00,5/19/2025 11:00,Hoàn Kiếm,VN,Asia/Ho_Chi_Minh,110,84.2,13,92,48.8,,55,91,0,1007,83,28.4,3.6,2,28
2025-05-19T05:00:00,5/19/2025 12:00,Hoàn Kiếm,VN,Asia/Ho_Chi_Minh,134,83.8,13,102,60,,56,83,0,1006,79,29.5,3.8,2,28
2025-05-19T06:00:00,5/19/2025 13:00,Hoàn Kiếm,VN,Asia/Ho_Chi_Minh,134,83.5,13,112,60,,57,75,0,1006,75,30.7,3.5,2,27.33
2025-05-19T07:00:00,5/19/2025 14:00,Hoàn Kiếm,VN,Asia/Ho_Chi_Minh,123,83.6,12,114.7,55,,51.3,62,0,1005,73,31,2.8,2.33,27
2025-05-19T08:00:00,5/19/2025 15:00,Hoàn Kiếm,VN,Asia/Ho_Chi_Minh,115,83.8,11,117.3,51.3,,45.7,50,0,1003,71,31.3,2,2.66,29.67
2025-05-19T09:00:00,5/19/2025 16:00,Hoàn Kiếm,VN,Asia/Ho_Chi_Minh,102,84,10,120,45,,40,37,0,1002,69,31.6,1.2,3,30
2025-05-19T10:00:00,5/19/2025 17:00,Hoàn Kiếm,VN,Asia/Ho_Chi_Minh,106,59.4,13.7,82.2,45.7,,27,50,0,1003,74,30.8,0.8,2.66,35
2025-05-19T11:00:00,5/19/2025 18:00,Hoàn Kiếm,VN,Asia/Ho_Chi_Minh,72,34.7,17.3,44.4,27.5,,14,62,0,1003,79,30,0.6,2.33,39
2025-05-19T12:00:00,5/19/2025 19:00,Hoàn Kiếm,VN,Asia/Ho_Chi_Minh,115,10,21,6.6,47,,1,75,0,1004,84,29.2,0,2,48
2025-05-19T13:00:00,5/19/2025 20:00,Hoàn Kiếm,VN,Asia/Ho_Chi_Minh,123,10,22,5.2,48,,1,75,0.5,1005,87,28.6,0,2,48
2025-05-19T14:00:00,5/19/2025 21:00,Hoàn Kiếm,VN,Asia/Ho_Chi_Minh,166,10,23,2.7,166,,1,75,4,1005,91,28.1,0,2,44
2025-05-19T15:00:00,5/19/2025 22:00,Hoàn Kiếm,VN,Asia/Ho_Chi_Minh,139,10,24,2.3,50,,1,75,1.5,1006,94,27.5,0,2,41
2025-05-19T16:00:00,5/19/2025 23:00,Hoàn Kiếm,VN,Asia/Ho_Chi_Minh,185,10,23.3,5.8,82,,1,83,1.25,1005,94,27.5,0,2,36
2025-05-19T17:00:00,5/20/2025 0:00,Hoàn Kiếm,VN,Asia/Ho_Chi_Minh,110,63.2,22.7,24.1,48.8,,29.7,91,1,1005,94,27.5,0,2,37.67
2025-05-19T18:00:00,5/20/2025 1:00,Hoàn Kiếm,VN,Asia/Ho_Chi_Minh,121,89.9,22,35,53.8,,44,100,0.25,1004,94,27.5,0,2,22
2025-05-19T19:00:00,5/20/2025 2:00,Hoàn Kiếm,VN,Asia/Ho_Chi_Minh,122,88.5,21,40,54.6,,42,100,0,1004,94,27.5,0,2.33,41
2025-05-19T20:00:00,5/20/2025 3:00,Hoàn Kiếm,VN,Asia/Ho_Chi_Minh,123,87.2,20,45,55,,40,100,0,1004,94,27.5,0,2.66,44
2025-05-19T21:00:00,5/20/2025 4:00,Hoàn Kiếm,VN,Asia/Ho_Chi_Minh,126,85.8,19,50,56.3,,38,100,0,1004,94,27.5,0,3,166
2025-05-19T22:00:00,5/20/2025 5:00,Hoàn Kiếm,VN,Asia/Ho_Chi_Minh,123,93,19,55.7,55,,41.7,100,0,1004,93,27.7,0,2.66,50
2025-05-19T23:00:00,5/20/2025 6:00,Hoàn Kiếm,VN,Asia/Ho_Chi_Minh,118,100.2,19,61.3,52.5,,45.3,100,0,1004,93,27.8,0.9,2.33,82
2025-05-20T00:00:00,5/20/2025 7:00,Hoàn Kiếm,VN,Asia/Ho_Chi_Minh,115,107.4,19,67,51.3,,49,100,0,1005,92,28,1.2,2,39
2025-05-20T01:00:00,5/20/2025 8:00,Hoàn Kiếm,VN,Asia/Ho_Chi_Minh,116,109.9,15.3,99,51.7,,52.7,87,0,1005,86,29.2,1.7,2.33,43
2025-05-20T02:00:00,5/20/2025 9:00,Hoàn Kiếm,VN,Asia/Ho_Chi_Minh,118,112.4,11.7,131,52.5,,56.3,75,0,1005,81,30.5,2.8,2.66,43.67
2025-05-20T03:00:00,5/20/2025 10:00,Hoàn Kiếm,VN,Asia/Ho_Chi_Minh,118,115,8,163,52.5,,60,62,0,1005,76,31.7,3.1,3,44
2025-05-20T04:00:00,5/20/2025 11:00,Hoàn Kiếm,VN,Asia/Ho_Chi_Minh,110,115.7,7,179,48.8,,58.3,62,0,1004,72,32.5,4.4,3,45
2025-05-20T05:00:00,5/20/2025 12:00,Hoàn Kiếm,VN,Asia/Ho_Chi_Minh,136,116.5,6,195,52.2,,56.7,62,0,1004,68,33.2,4.5,3,44
2025-05-20T06:00:00,5/20/2025 13:00,Hoàn Kiếm,VN,Asia/Ho_Chi_Minh,145,117.3,5,211,52,,55,62,0,1003,65,34,4.3,3,42
2025-05-20T07:00:00,5/20/2025 14:00,Hoàn Kiếm,VN,Asia/Ho_Chi_Minh,184,81.5,6.3,141.4,80.7,,37,66,0,1002,72,31.8,3.7,2.33,41
2025-05-20T08:00:00,5/20/2025 15:00,Hoàn Kiếm,VN,Asia/Ho_Chi_Minh,222,45.8,7.7,71.8,109.3,,19,70,1.75,1002,80,29.7,2.2,1.66,41.33
2025-05-20T09:00:00,5/20/2025 16:00,Hoàn Kiếm,VN,Asia/Ho_Chi_Minh,260,10,9,2.3,138,,1,75,4.5,1001,89,27.5,1.7,1,42
2025-05-20T10:00:00,5/20/2025 17:00,Hoàn Kiếm,VN,Asia/Ho_Chi_Minh,239,10,12,6.8,122,,1,58,5,1002,89,27.7,0.9,1.33,42
2025-05-20T11:00:00,5/20/2025 18:00,Hoàn Kiếm,VN,Asia/Ho_Chi_Minh,179,95.5,15,82.8,78,,39,41,4.25,1002,89,28,0.8,1.66,39
2025-05-20T12:00:00,5/20/2025 19:00,Hoàn Kiếm,VN,Asia/Ho_Chi_Minh,131,138.3,18,123,48,,58,25,0,1003,88,28.2,0,2,48.67
2025-05-20T13:00:00,5/20/2025 20:00,Hoàn Kiếm,VN,Asia/Ho_Chi_Minh,119,133.8,17,113,45.8,,52.7,37,0,1003,89,28.2,0,2.33,52
2025-05-20T14:00:00,5/20/2025 21:00,Hoàn Kiếm,VN,Asia/Ho_Chi_Minh,106,129.4,16,103,43.5,,47.3,50,0,1004,89,28.2,0,2.66,80.67
2025-05-20T15:00:00,5/20/2025 22:00,Hoàn Kiếm,VN,Asia/Ho_Chi_Minh,95,124.9,15,93,41.3,,42,62,0,1005,89,28.2,0,3,109.33
2025-05-20T16:00:00,5/20/2025 23:00,Hoàn Kiếm,VN,Asia/Ho_Chi_Minh,95,86.6,14.3,63.5,41.3,,30.3,99,0,1005,90,28.1,0,2.33,138
2025-05-20T17:00:00,5/21/2025 0:00,Hoàn Kiếm,VN,Asia/Ho_Chi_Minh,95,48.3,13.7,34.1,41.3,,18.7,99,0,1004,91,28.1,0,1.66,122
2025-05-20T18:00:00,5/21/2025 1:00,Hoàn Kiếm,VN,Asia/Ho_Chi_Minh,102,10,13,4.6,86,,7,99,0,1004,92,28,0,1,77.33
2025-05-20T19:00:00,5/21/2025 2:00,Hoàn Kiếm,VN,Asia/Ho_Chi_Minh,100,47.5,13.3,38.1,69,,17.3,96,0,1004,92,27.7,0,1,47
2025-05-20T20:00:00,5/21/2025 3:00,Hoàn Kiếm,VN,Asia/Ho_Chi_Minh,91,10,13.7,3.5,68,,6,100,0,1003,92,27.5,0,1,42.33
2025-05-20T21:00:00,5/21/2025 4:00,Hoàn Kiếm,VN,Asia/Ho_Chi_Minh,98,122.6,14,105,35,,38,99,0,1003,92,27.2,0,1,37.67
2025-05-20T22:00:00,5/21/2025 5:00,Hoàn Kiếm,VN,Asia/Ho_Chi_Minh,69,85,14.3,72.1,26.3,,27,100,0,1004,92,27.5,0,1,33
2025-05-20T23:00:00,5/21/2025 6:00,Hoàn Kiếm,VN,Asia/Ho_Chi_Minh,104,10,14.7,2.1,51,,3,100,0,1004,92,27.7,0.6,1,33
2025-05-21T00:00:00,5/21/2025 7:00,Hoàn Kiếm,VN,Asia/Ho_Chi_Minh,142,10,15,6.3,62,,5,100,0,1005,92,28,0.8,1,33
2025-05-21T01:00:00,5/21/2025 8:00,Hoàn Kiếm,VN,Asia/Ho_Chi_Minh,131,43.2,12,57.5,57.6,,17.3,87,0,1005,87,29,1.4,1,36
2025-05-21T02:00:00,5/21/2025 9:00,Hoàn Kiếm,VN,Asia/Ho_Chi_Minh,107,10,9,2.7,80,,5,75,0,1005,83,30,2.1,1,35.33
2025-05-21T03:00:00,5/21/2025 10:00,Hoàn Kiếm,VN,Asia/Ho_Chi_Minh,110,109.7,6,160,48.8,,42,62,0,1006,79,31,3.1,1,31
2025-05-21T04:00:00,5/21/2025 11:00,Hoàn Kiếm,VN,Asia/Ho_Chi_Minh,112,106.4,5.3,165.3,50,,39.7,70,0,1005,75,31.9,4,1.33,34
2025-05-21T05:00:00,5/21/2025 12:00,Hoàn Kiếm,VN,Asia/Ho_Chi_Minh,115,103.1,4.7,170.7,51.3,,37.3,79,0,1005,71,32.8,4.3,1.66,21
2025-05-21T06:00:00,5/21/2025 13:00,Hoàn Kiếm,VN,Asia/Ho_Chi_Minh,105,99.8,4,176,32,,35,87,0,1004,67,33.7,4,2,37
2025-05-21T07:00:00,5/21/2025 14:00,Hoàn Kiếm,VN,Asia/Ho_Chi_Minh,110,102.5,5.3,166.3,48.8,,36,87,0,1003,71,32.1,3.2,2.33,51
2025-05-21T08:00:00,5/21/2025 15:00,Hoàn Kiếm,VN,Asia/Ho_Chi_Minh,110,105.2,6.7,156.7,48.8,,37,87,0,1003,75,30.6,2.1,2.66,47
2025-05-21T09:00:00,5/21/2025 16:00,Hoàn Kiếm,VN,Asia/Ho_Chi_Minh,89,108,8,147,37.5,,38,87,0,1002,80,29,1.4,3,38
2025-05-21T10:00:00,5/21/2025 17:00,Hoàn Kiếm,VN,Asia/Ho_Chi_Minh,153,10,11,7.4,58,,5,83,1.5,1002,83,28.7,0.9,2.66,39
2025-05-21T11:00:00,5/21/2025 18:00,Hoàn Kiếm,VN,Asia/Ho_Chi_Minh,139,10,14,4.3,50,,4,79,0.25,1003,86,28.5,0.7,2.33,40
2025-05-21T12:00:00,5/21/2025 19:00,Hoàn Kiếm,VN,Asia/Ho_Chi_Minh,159,10,17,7.2,62,,5,75,0,1003,89,28.2,0,2,41
2025-05-21T13:00:00,5/21/2025 20:00,Hoàn Kiếm,VN,Asia/Ho_Chi_Minh,146,44.2,17.3,29.2,55.1,,19,62,0,1004,88,27.7,0,2,31
2025-05-21T14:00:00,5/21/2025 21:00,Hoàn Kiếm,VN,Asia/Ho_Chi_Minh,207,10,17.7,1.3,98,,4,50,0,1005,87,27.1,0,2,39
2025-05-21T15:00:00,5/21/2025 22:00,Hoàn Kiếm,VN,Asia/Ho_Chi_Minh,95,112.6,18,73,41.3,,47,37,0,1005,86,26.6,0,2,39
2025-05-21T16:00:00,5/21/2025 23:00,Hoàn Kiếm,VN,Asia/Ho_Chi_Minh,87,105,17,72.3,36.3,,43.7,33,0,1005,86,26.6,0,1.33,30
2025-05-21T17:00:00,5/22/2025 0:00,Hoàn Kiếm,VN,Asia/Ho_Chi_Minh,56,403,16,5.4,54,,32,29,0,1004,85,26.7,0,0.66,58
2025-05-21T18:00:00,5/22/2025 1:00,Hoàn Kiếm,VN,Asia/Ho_Chi_Minh,91,89.9,15,71,33,,37,25,0,1004,85,26.7,0,3.6,50
2025-05-21T19:00:00,5/22/2025 2:00,Hoàn Kiếm,VN,Asia/Ho_Chi_Minh,59,10,15,68.3,20,,36.3,29,0,1004,87,26.5,0,0.33,62
2025-05-21T20:00:00,5/22/2025 3:00,Hoàn Kiếm,VN,Asia/Ho_Chi_Minh,67,87.5,15,65.7,25,,35.7,33,0,1003,88,26.4,0,0.66,52.33
2025-05-21T21:00:00,5/22/2025 4:00,Hoàn Kiếm,VN,Asia/Ho_Chi_Minh,69,86.4,15,63,26.3,,35,37,0.25,1003,89,26.2,0,1,98
2025-05-21T22:00:00,5/22/2025 5:00,Hoàn Kiếm,VN,Asia/Ho_Chi_Minh,76,93.6,15.7,64.3,30,,40.3,37,0,1003,89,26.7,0,1,33
2025-05-21T23:00:00,5/22/2025 6:00,Hoàn Kiếm,VN,Asia/Ho_Chi_Minh,91,10,16.3,1,50,,3,37,0,1004,89,27.1,0.6,1,29
2025-05-22T00:00:00,5/22/2025 7:00,Hoàn Kiếm,VN,Asia/Ho_Chi_Minh,110,108,17,67,41,,51,37,0,1004,88,27.6,0.8,1,15
2025-05-22T01:00:00,5/22/2025 8:00,Hoàn Kiếm,VN,Asia/Ho_Chi_Minh,131,10,13.3,5,54,,2,54,0,1004,84,28.7,1.3,1.33,31
2025-05-22T02:00:00,5/22/2025 9:00,Hoàn Kiếm,VN,Asia/Ho_Chi_Minh,107,106.4,9.7,128.3,47.5,,49.7,70,0,1005,81,29.7,2.2,1.66,16
2025-05-22T03:00:00,5/22/2025 10:00,Hoàn Kiếm,VN,Asia/Ho_Chi_Minh,110,105.6,6,159,48.8,,49,87,0,1005,77,30.8,3.1,2,20
2025-05-22T04:00:00,5/22/2025 11:00,Hoàn Kiếm,VN,Asia/Ho_Chi_Minh,115,104.9,6,157.7,51.3,,43.7,87,0,1005,76,31.2,3.6,2,21
2025-05-22T05:00:00,5/22/2025 12:00,Hoàn Kiếm,VN,Asia/Ho_Chi_Minh,112,104.1,6,156.3,50,,38.3,87,0,1004,74,31.6,3.8,2,24
2025-05-22T06:00:00,5/22/2025 13:00,Hoàn Kiếm,VN,Asia/Ho_Chi_Minh,118,103.3,6,155,43,,33,87,0,1003,73,32,3.5,2,31
2025-05-22T07:00:00,5/22/2025 14:00,Hoàn Kiếm,VN,Asia/Ho_Chi_Minh,110,10,7.7,144,48.8,,35,75,0,1002,70,32.5,2.9,2.33,39
2025-05-22T08:00:00,5/22/2025 15:00,Hoàn Kiếm,VN,Asia/Ho_Chi_Minh,89,10,9.3,133,37.5,,37,62,0,1002,67,33,2,2.66,47
2025-05-22T09:00:00,5/22/2025 16:00,Hoàn Kiếm,VN,Asia/Ho_Chi_Minh,82,115,11,122,33.8,,39,50,0,1001,65,33.5,1.2,3,38
2025-05-22T10:00:00,5/22/2025 17:00,Hoàn Kiếm,VN,Asia/Ho_Chi_Minh,78,120,13.7,111.3,31.3,,42.3,37,0,1001,69,32.4,0.9,2.66,39
2025-05-22T11:00:00,5/22/2025 18:00,Hoàn Kiếm,VN,Asia/Ho_Chi_Minh,124,125.1,16.3,100.7,47.3,,45.7,25,0,1001,73,31.4,0.8,2.33,41
2025-05-22T12:00:00,5/22/2025 19:00,Hoàn Kiếm,VN,Asia/Ho_Chi_Minh,148,130.1,19,90,54,,49,12,0,1001,77,30.3,0,2,40
2025-05-22T13:00:00,5/22/2025 20:00,Hoàn Kiếm,VN,Asia/Ho_Chi_Minh,146,90.1,19,60.8,61.3,,33.3,25,0,1002,80,29.7,0,2,42
2025-05-22T14:00:00,5/22/2025 21:00,Hoàn Kiếm,VN,Asia/Ho_Chi_Minh,144,50,19,31.5,68.7,,17.7,37,0,1003,83,29,0,2,39
2025-05-22T15:00:00,5/22/2025 22:00,Hoàn Kiếm,VN,Asia/Ho_Chi_Minh,142,10,19,2.3,76,,2,50,0,1004,87,28.4,0,2,30
2025-05-22T16:00:00,5/22/2025 23:00,Hoàn Kiếm,VN,Asia/Ho_Chi_Minh,177,10,19.7,5.1,76,,3,41,0,1004,88,28.2,0,2.33,27
2025-05-22T17:00:00,5/23/2025 0:00,Hoàn Kiếm,VN,Asia/Ho_Chi_Minh,167,10,20.3,1.7,68,,5,33,0,1003,90,28,0,2.66,25
2025-05-22T18:00:00,5/23/2025 1:00,Hoàn Kiếm,VN,Asia/Ho_Chi_Minh,100,88.1,21,41,37,,42,25,0,1003,92,27.8,0,3,44.33
2025-05-22T19:00:00,5/23/2025 2:00,Hoàn Kiếm,VN,Asia/Ho_Chi_Minh,168,10,20.7,5.8,70,,5,41,0,1003,92,27.8,0,2.33,53
2025-05-22T20:00:00,5/23/2025 3:00,Hoàn Kiếm,VN,Asia/Ho_Chi_Minh,121,10,20.3,5.5,66,,4,58,0.5,1003,92,27.8,0,1.66,52.33
2025-05-22T21:00:00,5/23/2025 4:00,Hoàn Kiếm,VN,Asia/Ho_Chi_Minh,104,10,20,1.8,70,,5,75,0.75,1003,92,27.8,0,1,51.67
2025-05-22T22:00:00,5/23/2025 5:00,Hoàn Kiếm,VN,Asia/Ho_Chi_Minh,82,10,20,7.9,66,,4,79,0.75,1003,91,28.1,0,1.33,51
2025-05-22T23:00:00,5/23/2025 6:00,Hoàn Kiếm,VN,Asia/Ho_Chi_Minh,104,10,20,1.4,62,,6,83,0.25,1003,91,28.3,0.6,1.66,76
2025-05-23T00:00:00,5/23/2025 7:00,Hoàn Kiếm,VN,Asia/Ho_Chi_Minh,107,85.2,20,25,42,,55,87,0,1004,90,28.6,0.8,2,68
2025-05-23T01:00:00,5/23/2025 8:00,Hoàn Kiếm,VN,Asia/Ho_Chi_Minh,121,10,18,6.1,72,,6,83,0,1004,88,28.6,1.3,2.66,35
2025-05-23T02:00:00,5/23/2025 9:00,Hoàn Kiếm,VN,Asia/Ho_Chi_Minh,67,10,16,7.7,88,,6,79,0,1005,87,28.5,2.1,3.33,69
2025-05-23T03:00:00,5/23/2025 10:00,Hoàn Kiếm,VN,Asia/Ho_Chi_Minh,112,73.5,14,62,43,,60,75,4.75,1005,85,28.5,2.9,4,43
2025-05-23T04:00:00,5/23/2025 11:00,Hoàn Kiếm,VN,Asia/Ho_Chi_Minh,106,74.1,13,70,40,,50.3,75,5.75,1005,88,27.3,3.6,3.33,37
2025-05-23T05:00:00,5/23/2025 12:00,Hoàn Kiếm,VN,Asia/Ho_Chi_Minh,150,10,12,2.6,54,,3,75,3.5,1004,91,26.2,3.9,2.66,27
2025-05-23T06:00:00,5/23/2025 13:00,Hoàn Kiếm,VN,Asia/Ho_Chi_Minh,95,75.3,11,86,34,,31,75,7.75,1004,94,25,3.5,2,37
2025-05-23T07:00:00,5/23/2025 14:00,Hoàn Kiếm,VN,Asia/Ho_Chi_Minh,100,10,12,5.1,35,,4,83,4,1004,94,25.3,2.8,1.33,38
2025-05-23T08:00:00,5/23/2025 15:00,Hoàn Kiếm,VN,Asia/Ho_Chi_Minh,89,10,13,5.4,30,,4,91,3,1004,93,25.7,1.9,0.66,43
2025-05-23T09:00:00,5/23/2025 16:00,Hoàn Kiếm,VN,Asia/Ho_Chi_Minh,78,86.4,14,83,31.3,,48,100,1.5,1003,93,26,1.2,1.6,20
2025-05-23T10:00:00,5/23/2025 17:00,Hoàn Kiếm,VN,Asia/Ho_Chi_Minh,91,100.8,16.3,76.7,38.8,,56.3,100,2,1004,93,26.1,0.8,1.2,40
2025-05-23T11:00:00,5/23/2025 18:00,Hoàn Kiếm,VN,Asia/Ho_Chi_Minh,104,115.2,18.7,70.3,46.3,,64.7,100,0,1005,93,26.2,0.6,1.6,37.67
2025-05-23T12:00:00,5/23/2025 19:00,Hoàn Kiếm,VN,Asia/Ho_Chi_Minh,134,129.6,21,64,49,,73,100,0,1005,93,26.3,0,1.2,54
2025-05-23T13:00:00,5/23/2025 20:00,Hoàn Kiếm,VN,Asia/Ho_Chi_Minh,102,10,24,4.6,36,,6,100,0.25,1006,93,26.2,0,0.33,33
2025-05-23T14:00:00,5/23/2025 21:00,Hoàn Kiếm,VN,Asia/Ho_Chi_Minh,100,513.9,27,23.5,43.8,,45.7,100,0,1007,93,26.1,0,0.66,35
2025-05-23T15:00:00,5/23/2025 22:00,Hoàn Kiếm,VN,Asia/Ho_Chi_Minh,100,706,30,3.2,88,,32,100,0,1008,93,26,0,1,30
2025-05-23T16:00:00,5/23/2025 23:00,Hoàn Kiếm,VN,Asia/Ho_Chi_Minh,93,605,32.7,3.2,80,,32,100,0,1007,93,25.9,0,0.66,25
2025-05-23T17:00:00,5/24/2025 0:00,Hoàn Kiếm,VN,Asia/Ho_Chi_Minh,101,242,35.3,15.1,55.3,,61.3,100,0,1007,93,25.8,0,0.33,31
2025-05-23T18:00:00,5/24/2025 1:00,Hoàn Kiếm,VN,Asia/Ho_Chi_Minh,102,10,38,21,39,,76,100,0,1007,94,25.7,0,0.8,37
2025-05-23T19:00:00,5/24/2025 2:00,Hoàn Kiếm,VN,Asia/Ho_Chi_Minh,104,10,32,5.8,60,,5,100,0.5,1006,94,25.6,0,0.33,48
2025-05-23T20:00:00,5/24/2025 3:00,Hoàn Kiếm,VN,Asia/Ho_Chi_Minh,175,10,26,5.3,74,,2,100,1,1006,94,25.4,0,0.66,36
2025-05-23T21:00:00,5/24/2025 4:00,Hoàn Kiếm,VN,Asia/Ho_Chi_Minh,167,10,20,1.3,68,,1,100,0.5,1006,94,25.3,0,1,35
2025-05-23T22:00:00,5/24/2025 5:00,Hoàn Kiếm,VN,Asia/Ho_Chi_Minh,161,10,16.7,4.9,64,,1,91,0.5,1007,94,25.2,0,2,35
2025-05-23T23:00:00,5/24/2025 6:00,Hoàn Kiếm,VN,Asia/Ho_Chi_Minh,152,82.7,13.3,44.4,62.7,,37,83,2.5,1007,95,25.1,0.6,3,32
2025-05-24T00:00:00,5/24/2025 7:00,Hoàn Kiếm,VN,Asia/Ho_Chi_Minh,134,119.1,10,66,60,,55,75,3,1008,95,25,0.8,4,35.67
2025-05-24T01:00:00,5/24/2025 8:00,Hoàn Kiếm,VN,Asia/Ho_Chi_Minh,98,10,9.3,74.3,42.5,,60.7,75,0.75,1009,94,24.7,1.3,3.66,36
2025-05-24T02:00:00,5/24/2025 9:00,Hoàn Kiếm,VN,Asia/Ho_Chi_Minh,74,10,8.7,82.7,28.8,,66.3,75,1.5,1010,93,24.3,2.1,3.33,37
2025-05-24T03:00:00,5/24/2025 10:00,Hoàn Kiếm,VN,Asia/Ho_Chi_Minh,74,10,8,91,28.8,,72,75,1,1010,93,24,2.9,3,74
2025-05-24T04:00:00,5/24/2025 11:00,Hoàn Kiếm,VN,Asia/Ho_Chi_Minh,74,10,7.7,96.7,28.8,,72,75,0.75,1010,93,24,3.6,2.66,68
2025-05-24T05:00:00,5/24/2025 12:00,Hoàn Kiếm,VN,Asia/Ho_Chi_Minh,74,10,7.3,102.3,28.8,,72,75,0,1010,93,24.1,3.8,2.33,64
2025-05-24T06:00:00,5/24/2025 13:00,Hoàn Kiếm,VN,Asia/Ho_Chi_Minh,74,10,7,108,28.8,,72,75,2,1010,93,24.1,3.5,2,54.67
2025-05-24T07:00:00,5/24/2025 14:00,Hoàn Kiếm,VN,Asia/Ho_Chi_Minh,85,46.9,8,103,33.2,,69,79,1.25,1010,87,24.5,2.8,2,48
2025-05-24T08:00:00,5/24/2025 15:00,Hoàn Kiếm,VN,Asia/Ho_Chi_Minh,95,83.9,9,98,37.6,,66,83,1,1009,82,24.8,1.9,2,34
2025-05-24T09:00:00,5/24/2025 16:00,Hoàn Kiếm,VN,Asia/Ho_Chi_Minh,107,120.8,10,93,42,,63,87,0.5,1009,78,25.2,1.2,2,23
2025-05-24T10:00:00,5/24/2025 17:00,Hoàn Kiếm,VN,Asia/Ho_Chi_Minh,63,122.8,10.7,92.7,22.5,,67.3,91,0.75,1009,81,24.8,0.8,2.33,23
2025-05-24T11:00:00,5/24/2025 18:00,Hoàn Kiếm,VN,Asia/Ho_Chi_Minh,83,124.7,11.3,92.3,32.3,,71.7,95,0.75,1010,84,24.4,0.6,2.66,23
2025-05-24T12:00:00,5/24/2025 19:00,Hoàn Kiếm,VN,Asia/Ho_Chi_Minh,72,126.6,12,92,27.5,,76,100,0.5,1011,88,24,0,3,23
2025-05-24T13:00:00,5/24/2025 20:00,Hoàn Kiếm,VN,Asia/Ho_Chi_Minh,80,126.4,12,88.3,32.5,,72.7,100,0.5,1012,89,23.5,0,3,23
2025-05-24T14:00:00,5/24/2025 21:00,Hoàn Kiếm,VN,Asia/Ho_Chi_Minh,85,126.3,12,84.7,35,,69.3,100,0,1012,90,22.9,0,3,28
2025-05-24T15:00:00,5/24/2025 22:00,Hoàn Kiếm,VN,Asia/Ho_Chi_Minh,82,126.1,12,81,33.8,,66,100,0,1013,91,22.4,0,3,33
2025-05-24T16:00:00,5/24/2025 23:00,Hoàn Kiếm,VN,Asia/Ho_Chi_Minh,87,126.3,12,76.7,36.3,,61.3,100,0,1013,92,22.4,0,2.66,38
2025-05-24T17:00:00,5/25/2025 0:00,Hoàn Kiếm,VN,Asia/Ho_Chi_Minh,81,126.4,12,72.3,32.9,,56.7,100,0,1013,93,22.5,0,2.33,18
2025-05-24T18:00:00,5/25/2025 1:00,Hoàn Kiếm,VN,Asia/Ho_Chi_Minh,80,126.6,12,68,32.5,,52,100,0,1013,94,22.5,0,2,27.33
2025-05-24T19:00:00,5/25/2025 2:00,Hoàn Kiếm,VN,Asia/Ho_Chi_Minh,80,125.9,11.3,67,32.5,,52.7,100,0,1012,94,22,0,2,22
2025-05-24T20:00:00,5/25/2025 3:00,Hoàn Kiếm,VN,Asia/Ho_Chi_Minh,80,125.1,10.7,66,32.5,,53.3,100,0,1012,94,21.5,0,2,26
2025-05-24T21:00:00,5/25/2025 4:00,Hoàn Kiếm,VN,Asia/Ho_Chi_Minh,100,124.3,10,65,39,,54,100,0,1011,94,21,0,2,28
2025-05-24T22:00:00,5/25/2025 5:00,Hoàn Kiếm,VN,Asia/Ho_Chi_Minh,99,120.8,9.7,69.7,39,,54,100,0,1012,93,21.4,0,1.33,27
2025-05-24T23:00:00,5/25/2025 6:00,Hoàn Kiếm,VN,Asia/Ho_Chi_Minh,98,117.3,9.3,74.3,39,,54,100,0,1013,93,21.8,0.6,0.66,29
2025-05-25T00:00:00,5/25/2025 7:00,Hoàn Kiếm,VN,Asia/Ho_Chi_Minh,98,113.8,9,79,39,,54,100,0,1014,93,22.2,0.8,2.8,26.33
2025-05-25T01:00:00,5/25/2025 8:00,Hoàn Kiếm,VN,Asia/Ho_Chi_Minh,93,114.2,8.3,85,40,,58.3,100,0,1014,91,22.5,1.3,0.66,26
2025-05-25T02:00:00,5/25/2025 9:00,Hoàn Kiếm,VN,Asia/Ho_Chi_Minh,78,114.6,7.7,91,31.3,,62.7,100,0,1014,89,22.8,2.1,1.33,26
2025-05-25T03:00:00,5/25/2025 10:00,Hoàn Kiếm,VN,Asia/Ho_Chi_Minh,74,115,7,97,28.8,,67,100,0,1015,87,23.1,2.9,2,26
2025-05-25T04:00:00,5/25/2025 11:00,Hoàn Kiếm,VN,Asia/Ho_Chi_Minh,74,114.2,6.7,103.7,28.8,,73,100,0,1014,82,23.6,3.6,2,35
2025-05-25T05:00:00,5/25/2025 12:00,Hoàn Kiếm,VN,Asia/Ho_Chi_Minh,72,113.4,6.3,110.3,27.9,,79,100,0,1014,78,24.1,3.8,2,34.67
2025-05-25T06:00:00,5/25/2025 13:00,Hoàn Kiếm,VN,Asia/Ho_Chi_Minh,72,112.6,6,117,27.5,,85,100,0,1014,73,24.6,3.5,2,34.33
2025-05-25T07:00:00,5/25/2025 14:00,Hoàn Kiếm,VN,Asia/Ho_Chi_Minh,63,113.4,6.7,116,22.5,,87.3,95,0,1013,69,25,2.8,2.66,34
2025-05-25T08:00:00,5/25/2025 15:00,Hoàn Kiếm,VN,Asia/Ho_Chi_Minh,72,114.2,7.3,115,27.5,,89.7,91,0,1012,65,25.3,1.9,3.33,32
2025-05-25T09:00:00,5/25/2025 16:00,Hoàn Kiếm,VN,Asia/Ho_Chi_Minh,89,115,8,114,37.5,,92,87,0,1012,61,25.7,1.2,4,25
2025-05-25T10:00:00,5/25/2025 17:00,Hoàn Kiếm,VN,Asia/Ho_Chi_Minh,90,117.1,8.7,107.7,38.3,,88,91,0,1012,63,25.4,0.8,3.33,23
2025-05-25T11:00:00,5/25/2025 18:00,Hoàn Kiếm,VN,Asia/Ho_Chi_Minh,92,119.2,9.3,101.3,39.2,,84,95,0,1013,64,25,0.8,2.66,23
2025-05-25T12:00:00,5/25/2025 19:00,Hoàn Kiếm,VN,Asia/Ho_Chi_Minh,93,121.4,10,95,40,,80,100,0,1013,65,24.7,0,2,22.33
2025-05-25T13:00:00,5/25/2025 20:00,Hoàn Kiếm,VN,Asia/Ho_Chi_Minh,95,123.3,10.3,90.7,41.3,,78.3,100,0,1014,66,24.4,0,2,22
2025-05-25T14:00:00,5/25/2025 21:00,Hoàn Kiếm,VN,Asia/Ho_Chi_Minh,91,125.3,10.7,86.3,38.8,,76.7,100,0,1015,67,24,0,2,18
2025-05-25T15:00:00,5/25/2025 22:00,Hoàn Kiếm,VN,Asia/Ho_Chi_Minh,95,127.2,11,82,41.3,,75,100,0,1015,68,23.7,0,2,22
2025-05-25T16:00:00,5/25/2025 23:00,Hoàn Kiếm,VN,Asia/Ho_Chi_Minh,98,128.6,11.3,78.3,42.5,,72.7,100,0,1015,67,23.8,0,2,30
2025-05-25T17:00:00,5/26/2025 0:00,Hoàn Kiếm,VN,Asia/Ho_Chi_Minh,100,129.9,11.7,74.7,43.8,,70.3,100,0,1014,66,23.9,0,2,30.67
2025-05-25T18:00:00,5/26/2025 1:00,Hoàn Kiếm,VN,Asia/Ho_Chi_Minh,102,131.3,12,71,45,,68,100,0,1014,65,24,0,2,31.33
2025-05-25T19:00:00,5/26/2025 2:00,Hoàn Kiếm,VN,Asia/Ho_Chi_Minh,95,90.9,12.3,67.3,41.3,,65.3,100,0.25,1014,68,23.7,0,2,32
2025-05-25T20:00:00,5/26/2025 3:00,Hoàn Kiếm,VN,Asia/Ho_Chi_Minh,91,50.4,12.7,63.7,38.8,,62.7,100,0,1013,71,23.5,0,2,33
2025-05-25T21:00:00,5/26/2025 4:00,Hoàn Kiếm,VN,Asia/Ho_Chi_Minh,91,10,13,60,38.8,,60,100,0,1013,73,23.2,0,2,31
2025-05-25T22:00:00,5/26/2025 5:00,Hoàn Kiếm,VN,Asia/Ho_Chi_Minh,89,51.2,12,64.3,35.8,,62,95,0,1013,71,23.3,0,2.33,33
2025-05-25T23:00:00,5/26/2025 6:00,Hoàn Kiếm,VN,Asia/Ho_Chi_Minh,87,92.4,11,68.7,32.9,,64,91,0.25,1014,69,23.5,0.6,2.66,34
2025-05-26T00:00:00,5/26/2025 7:00,Hoàn Kiếm,VN,Asia/Ho_Chi_Minh,85,133.6,10,73,30,,66,87,0,1014,67,23.6,0.8,3,35
2025-05-26T01:00:00,5/26/2025 8:00,Hoàn Kiếm,VN,Asia/Ho_Chi_Minh,82,130.5,8.7,87,29,,76,91,0,1014,66,24.1,1.3,3,36
2025-05-26T02:00:00,5/26/2025 9:00,Hoàn Kiếm,VN,Asia/Ho_Chi_Minh,80,127.4,7.3,101,28,,86,95,0,1015,64,24.6,2.1,3,33
2025-05-26T03:00:00,5/26/2025 10:00,Hoàn Kiếm,VN,Asia/Ho_Chi_Minh,78,124.3,6,115,27,,96,100,0,1015,63,25.1,3,3,31
2025-05-26T04:00:00,5/26/2025 11:00,Hoàn Kiếm,VN,Asia/Ho_Chi_Minh,93,118.7,5.7,127.3,40,,94.7,95,0,1014,62,25.8,3.6,2.66,31
2025-05-26T05:00:00,5/26/2025 12:00,Hoàn Kiếm,VN,Asia/Ho_Chi_Minh,81,113,5.3,139.7,27.7,,93.3,91,0,1014,61,26.5,3.8,2.33,30
2025-05-26T06:00:00,5/26/2025 13:00,Hoàn Kiếm,VN,Asia/Ho_Chi_Minh,90,107.4,5,152,28,,92,87,0,1013,60,27.2,3.5,2,29
2025-05-26T07:00:00,5/26/2025 14:00,Hoàn Kiếm,VN,Asia/Ho_Chi_Minh,87,107,6.3,144,30.3,,91.7,91,0,1012,61,27.2,2.8,2,28
2025-05-26T08:00:00,5/26/2025 15:00,Hoàn Kiếm,VN,Asia/Ho_Chi_Minh,92,106.6,7.7,136,32.7,,91.3,95,0,1011,61,27.2,1.9,2,27
2025-05-26T09:00:00,5/26/2025 16:00,Hoàn Kiếm,VN,Asia/Ho_Chi_Minh,98,106.2,9,128,35,,91,100,0,1011,62,27.2,1.2,2,26
2025-05-26T10:00:00,5/26/2025 17:00,Hoàn Kiếm,VN,Asia/Ho_Chi_Minh,112,118.7,11.7,110.3,41,,94,79,0,1011,63,26.9,0.8,1.33,25
2025-05-26T11:00:00,5/26/2025 18:00,Hoàn Kiếm,VN,Asia/Ho_Chi_Minh,129,131.1,14.3,92.7,47,,97,58,0,1011,65,26.5,0.7,0.66,32
2025-05-26T12:00:00,5/26/2025 19:00,Hoàn Kiếm,VN,Asia/Ho_Chi_Minh,145,143.6,17,75,53,,100,37,0,1011,66,26.2,0,1.6,26.33
2025-05-26T13:00:00,5/26/2025 20:00,Hoàn Kiếm,VN,Asia/Ho_Chi_Minh,138,147.8,17,69,50.3,,90.7,58,0,1011,71,25.7,0,0.33,27
2025-05-26T14:00:00,5/26/2025 21:00,Hoàn Kiếm,VN,Asia/Ho_Chi_Minh,130,152.1,17,63,47.7,,81.3,79,0,1012,76,25.2,0,0.66,29.33
2025-05-26T15:00:00,5/26/2025 22:00,Hoàn Kiếm,VN,Asia/Ho_Chi_Minh,123,156.4,17,57,45,,72,100,0,1013,82,24.7,0,1,31.67
2025-05-26T16:00:00,5/26/2025 23:00,Hoàn Kiếm,VN,Asia/Ho_Chi_Minh,129,156,17,53,50.8,,65.7,100,0,1012,83,24.7,0,0.66,34
2025-05-26T17:00:00,5/27/2025 0:00,Hoàn Kiếm,VN,Asia/Ho_Chi_Minh,134,155.6,17,49,56.7,,59.3,100,0,1012,84,24.6,0,0.33,40
2025-05-26T18:00:00,5/27/2025 1:00,Hoàn Kiếm,VN,Asia/Ho_Chi_Minh,139,155.2,17,45,62.5,,53,100,0,1012,85,24.6,0,0.8,46
2025-05-26T19:00:00,5/27/2025 2:00,Hoàn Kiếm,VN,Asia/Ho_Chi_Minh,137,155.2,17.3,42.7,61.3,,50.3,100,0,1011,86,24.4,0,1.2,52
2025-05-26T20:00:00,5/27/2025 3:00,Hoàn Kiếm,VN,Asia/Ho_Chi_Minh,131,155.2,17.7,40.3,58.8,,47.7,100,0.25,1011,87,24.2,0,1.6,49.33
2025-05-26T21:00:00,5/27/2025 4:00,Hoàn Kiếm,VN,Asia/Ho_Chi_Minh,126,155.2,18,38,56.3,,45,100,0.25,1011,88,24,0,1.6,46.67
2025-05-26T22:00:00,5/27/2025 5:00,Hoàn Kiếm,VN,Asia/Ho_Chi_Minh,129,155.2,17.3,43,57.5,,48,100,0.25,1011,89,23.7,0,0.33,44
2025-05-26T23:00:00,5/27/2025 6:00,Hoàn Kiếm,VN,Asia/Ho_Chi_Minh,145,10,29,48,68,,51,100,0,1011,91,23.5,0.6,0.66,46
2025-05-27T00:00:00,5/27/2025 7:00,Hoàn Kiếm,VN,Asia/Ho_Chi_Minh,134,155.2,16,53,60,,54,100,0,1011,93,23.2,0.8,1,48
2025-05-27T01:00:00,5/27/2025 8:00,Hoàn Kiếm,VN,Asia/Ho_Chi_Minh,145,147.3,14.3,71,65,,61,100,0,1011,92,23.5,1.3,1.16,50
2025-05-27T02:00:00,5/27/2025 9:00,Hoàn Kiếm,VN,Asia/Ho_Chi_Minh,152,139.3,12.7,89,71.3,,68,100,0,1011,90,23.8,2.1,1.33,49
2025-05-27T03:00:00,5/27/2025 10:00,Hoàn Kiếm,VN,Asia/Ho_Chi_Minh,160,131.3,11,107,78.8,,75,100,0.25,1011,89,24.1,2.9,1.5,47
2025-05-27T04:00:00,5/27/2025 11:00,Hoàn Kiếm,VN,Asia/Ho_Chi_Minh,176,132.5,11.3,115,93.8,,73.7,100,0.75,1010,88,24.4,3.6,1.66,45
2025-05-27T05:00:00,5/27/2025 12:00,Hoàn Kiếm,VN,Asia/Ho_Chi_Minh,171,133.6,11.7,123,88.8,,72.3,100,0,1010,86,24.7,3.8,1.83,46
2025-05-27T06:00:00,5/27/2025 13:00,Hoàn Kiếm,VN,Asia/Ho_Chi_Minh,176,134.8,12,131,93.8,,71,100,0,1010,85,25,3.5,2,52
2025-05-27T07:00:00,5/27/2025 14:00,Hoàn Kiếm,VN,Asia/Ho_Chi_Minh,179,132.7,12,131.3,96.3,,66.7,100,0,1010,85,24.9,2.8,1.66,48
2025-05-27T08:00:00,5/27/2025 15:00,Hoàn Kiếm,VN,Asia/Ho_Chi_Minh,181,130.5,12,131.7,98.8,,62.3,100,0,1009,85,24.8,1.9,1.33,52
2025-05-27T09:00:00,5/27/2025 16:00,Hoàn Kiếm,VN,Asia/Ho_Chi_Minh,184,128.4,12,132,101.3,,58,100,0,1009,85,24.7,1.2,1,57
2025-05-27T10:00:00,5/27/2025 17:00,Hoàn Kiếm,VN,Asia/Ho_Chi_Minh,185,153.1,17.3,115.3,102.1,,65.3,100,0,1009,86,24.5,0.8,0.66,63
2025-05-27T11:00:00,5/27/2025 18:00,Hoàn Kiếm,VN,Asia/Ho_Chi_Minh,187,177.8,22.7,98.7,103.8,,72.7,100,0,1009,88,24.4,0.7,0.33,75
2025-05-27T12:00:00,5/27/2025 19:00,Hoàn Kiếm,VN,Asia/Ho_Chi_Minh,187,202.5,28,82,103.8,,80,100,0,1009,89,24.2,0,1.6,71
2025-05-27T13:00:00,5/27/2025 20:00,Hoàn Kiếm,VN,Asia/Ho_Chi_Minh,197,196.3,27.3,77,113.8,,76.3,100,0,1009,91,24,0,0.66,75
2025-05-27T14:00:00,5/27/2025 21:00,Hoàn Kiếm,VN,Asia/Ho_Chi_Minh,205,190.1,26.7,72,121.3,,72.7,100,0,1010,93,23.9,0,1.33,77
2025-05-27T15:00:00,5/27/2025 22:00,Hoàn Kiếm,VN,Asia/Ho_Chi_Minh,219,183.8,26,67,133.8,,69,100,0,1010,95,23.7,0,2,79
2025-05-27T16:00:00,5/27/2025 23:00,Hoàn Kiếm,VN,Asia/Ho_Chi_Minh,211,166.7,24.3,66,126.3,,59.3,100,0,1010,94,23.6,0,1.33,81
2025-05-27T17:00:00,5/28/2025 0:00,Hoàn Kiếm,VN,Asia/Ho_Chi_Minh,213,149.6,22.7,65,128.8,,49.7,100,0,1009,94,23.6,0,0.66,81.67
2025-05-27T18:00:00,5/28/2025 1:00,Hoàn Kiếm,VN,Asia/Ho_Chi_Minh,211,132.5,21,64,126.3,,40,100,0,1009,94,23.5,0,1.6,83
2025-05-27T19:00:00,5/28/2025 2:00,Hoàn Kiếm,VN,Asia/Ho_Chi_Minh,203,125.5,42.3,57.1,118.8,,46,100,0.25,1008,94,23.5,0,1.2,83
2025-05-27T20:00:00,5/28/2025 3:00,Hoàn Kiếm,VN,Asia/Ho_Chi_Minh,203,118.5,63.7,50.2,118.8,,52,100,0.5,1007,94,23.5,0,1.2,91
2025-05-27T21:00:00,5/28/2025 4:00,Hoàn Kiếm,VN,Asia/Ho_Chi_Minh,195,111.5,85,43.2,130,,58,100,0,1007,94,23.5,0,1.2,97
2025-05-27T22:00:00,5/28/2025 5:00,Hoàn Kiếm,VN,Asia/Ho_Chi_Minh,184,110.9,62.3,50.2,101.3,,54.3,100,0,1007,94,23.7,0,1.2,107
2025-05-27T23:00:00,5/28/2025 6:00,Hoàn Kiếm,VN,Asia/Ho_Chi_Minh,188,110.3,39.7,57.1,110.8,,50.7,100,0,1007,94,23.8,0.9,1.2,101
2025-05-28T00:00:00,5/28/2025 7:00,Hoàn Kiếm,VN,Asia/Ho_Chi_Minh,184,109.7,17,64,101.3,,47,100,0,1008,94,24,1.1,0.8,103
2025-05-28T01:00:00,5/28/2025 8:00,Hoàn Kiếm,VN,Asia/Ho_Chi_Minh,189,102.5,14.3,77.7,106.3,,46.3,95,0,1008,92,24.9,1.6,0.66,101
2025-05-28T02:00:00,5/28/2025 9:00,Hoàn Kiếm,VN,Asia/Ho_Chi_Minh,192,95.3,11.7,91.3,108.8,,45.7,91,0,1008,90,25.7,2.6,1.33,95
2025-05-28T03:00:00,5/28/2025 10:00,Hoàn Kiếm,VN,Asia/Ho_Chi_Minh,192,88.1,9,105,108.8,,45,87,0,1008,88,26.6,4,2,95
2025-05-28T04:00:00,5/28/2025 11:00,Hoàn Kiếm,VN,Asia/Ho_Chi_Minh,192,86.6,7.3,117.7,108.8,,42.3,79,0,1008,83,27.9,4.3,2,89
2025-05-28T05:00:00,5/28/2025 12:00,Hoàn Kiếm,VN,Asia/Ho_Chi_Minh,176,85,5.7,130.3,93.8,,39.7,70,0,1007,78,29.3,6.6,2,81
2025-05-28T06:00:00,5/28/2025 13:00,Hoàn Kiếm,VN,Asia/Ho_Chi_Minh,168,83.5,4,143,86.3,,37,62,0,1006,74,30.6,7.5,2,83.67
2025-05-28T07:00:00,5/28/2025 14:00,Hoàn Kiếm,VN,Asia/Ho_Chi_Minh,118,59,4.7,141.3,52.5,,36.7,50,0,1005,70,30.9,5.8,2,81
2025-05-28T08:00:00,5/28/2025 15:00,Hoàn Kiếm,VN,Asia/Ho_Chi_Minh,123,10,5.3,139.7,55,,36.3,37,0,1004,66,31.3,4.2,2,85
2025-05-28T09:00:00,5/28/2025 16:00,Hoàn Kiếm,VN,Asia/Ho_Chi_Minh,104,10,6,138,46.3,,36,25,0,1003,63,31.6,2.3,2,87
2025-05-28T10:00:00,5/28/2025 17:00,Hoàn Kiếm,VN,Asia/Ho_Chi_Minh,106,50.8,10.7,121,47.1,,43.3,25,0,1004,67,30.9,1.5,2,87
2025-05-28T11:00:00,5/28/2025 18:00,Hoàn Kiếm,VN,Asia/Ho_Chi_Minh,108,91.7,15.3,104,47.9,,50.7,25,0,1004,73,30.3,1.1,2,87
2025-05-28T12:00:00,5/28/2025 19:00,Hoàn Kiếm,VN,Asia/Ho_Chi_Minh,110,132.5,20,87,48.8,,58,25,0,1004,79,29.6,0,2,75
2025-05-28T13:00:00,5/28/2025 20:00,Hoàn Kiếm,VN,Asia/Ho_Chi_Minh,123,139.3,22.3,73,51.2,,58.7,41,0,1005,82,28.9,0,2,69
2025-05-28T14:00:00,5/28/2025 21:00,Hoàn Kiếm,VN,Asia/Ho_Chi_Minh,137,146.1,24.7,59,53.6,,59.3,58,0,1006,86,28.3,0,2,42
2025-05-28T15:00:00,5/28/2025 22:00,Hoàn Kiếm,VN,Asia/Ho_Chi_Minh,150,152.9,27,45,56,,60,75,0,1007,90,27.6,0,2,44
2025-05-28T16:00:00,5/28/2025 23:00,Hoàn Kiếm,VN,Asia/Ho_Chi_Minh,149,156.6,28,39.3,55.7,,57.3,83,0,1007,91,27.2,0,2.33,37
2025-05-28T17:00:00,5/29/2025 0:00,Hoàn Kiếm,VN,Asia/Ho_Chi_Minh,148,160.3,29,33.7,55.3,,54.7,91,0,1006,92,26.9,0,2.66,37.67
2025-05-28T18:00:00,5/29/2025 1:00,Hoàn Kiếm,VN,Asia/Ho_Chi_Minh,148,164,30,28,55,,52,100,0.25,1006,94,26.5,0,3,38.33
2025-05-28T19:00:00,5/29/2025 2:00,Hoàn Kiếm,VN,Asia/Ho_Chi_Minh,124,112.7,30,25.7,47.9,,48.3,100,2,1006,94,26.4,0,2.66,39
2025-05-28T20:00:00,5/29/2025 3:00,Hoàn Kiếm,VN,Asia/Ho_Chi_Minh,101,61.3,30,23.3,40.8,,44.7,100,2,1005,94,26.3,0,2.33,44
2025-05-28T21:00:00,5/29/2025 4:00,Hoàn Kiếm,VN,Asia/Ho_Chi_Minh,82,10,30,21,33.8,,41,100,1.75,1005,95,26.2,0,2,49
2025-05-28T22:00:00,5/29/2025 5:00,Hoàn Kiếm,VN,Asia/Ho_Chi_Minh,80,10,24,29.7,30,,45,100,1.75,1006,94,26.3,0,2,54
2025-05-28T23:00:00,5/29/2025 6:00,Hoàn Kiếm,VN,Asia/Ho_Chi_Minh,101,90.1,24,38.3,44.6,,49,100,1.5,1006,94,26.4,0.7,2,53.67
2025-05-29T00:00:00,5/29/2025 7:00,Hoàn Kiếm,VN,Asia/Ho_Chi_Minh,112,130.1,21,47,50,,53,100,0.75,1007,94,26.5,0.9,2,53.33
2025-05-29T01:00:00,5/29/2025 8:00,Hoàn Kiếm,VN,Asia/Ho_Chi_Minh,121,114.4,18.3,60.7,53.8,,52,100,0.5,1007,91,27.2,1.4,2,53
2025-05-29T02:00:00,5/29/2025 9:00,Hoàn Kiếm,VN,Asia/Ho_Chi_Minh,126,98.6,15.7,74.3,56.3,,51,100,0.5,1007,89,27.9,2.4,2,44.33
2025-05-29T03:00:00,5/29/2025 10:00,Hoàn Kiếm,VN,Asia/Ho_Chi_Minh,126,82.9,13,88,56.3,,50,100,0,1007,87,28.6,3.2,2,35.67
2025-05-29T04:00:00,5/29/2025 11:00,Hoàn Kiếm,VN,Asia/Ho_Chi_Minh,115,81.9,11.3,99.3,51.3,,53.7,100,0,1007,83,29.3,3.6,2,27
2025-05-29T05:00:00,5/29/2025 12:00,Hoàn Kiếm,VN,Asia/Ho_Chi_Minh,113,80.9,9.7,110.7,50.4,,57.3,100,0.5,1006,79,29.9,4,2,26
2025-05-29T06:00:00,5/29/2025 13:00,Hoàn Kiếm,VN,Asia/Ho_Chi_Minh,107,80,8,122,47.5,,61,100,0.5,1006,76,30.6,3.5,2,35.67
2025-05-29T07:00:00,5/29/2025 14:00,Hoàn Kiếm,VN,Asia/Ho_Chi_Minh,104,56.6,34.7,125,46.3,,72.7,83,0.5,1005,76,30,2.8,2.33,40
2025-05-29T08:00:00,5/29/2025 15:00,Hoàn Kiếm,VN,Asia/Ho_Chi_Minh,82,33.3,61.3,128,33.8,,84.3,66,0,1004,76,29.3,1.9,2.66,43
2025-05-29T09:00:00,5/29/2025 16:00,Hoàn Kiếm,VN,Asia/Ho_Chi_Minh,64,10,88,131,20,,96,50,0,1004,76,28.7,1.2,3,45
2025-05-29T10:00:00,5/29/2025 17:00,Hoàn Kiếm,VN,Asia/Ho_Chi_Minh,67,10,62.7,114.3,25,,95.7,66,0,1004,77,28,0.8,3,45
2025-05-29T11:00:00,5/29/2025 18:00,Hoàn Kiếm,VN,Asia/Ho_Chi_Minh,52,10,37.3,97.7,17.5,,95.3,83,0,1005,78,27.2,0.7,3,41
2025-05-29T12:00:00,5/29/2025 19:00,Hoàn Kiếm,VN,Asia/Ho_Chi_Minh,52,10,12,81,16.3,,95,100,0,1005,78,26.5,0,3,40.33
2025-05-29T13:00:00,5/29/2025 20:00,Hoàn Kiếm,VN,Asia/Ho_Chi_Minh,51,59.6,12.7,74.3,15.4,,89,100,0,1006,82,25.9,0,2.33,38
2025-05-29T14:00:00,5/29/2025 21:00,Hoàn Kiếm,VN,Asia/Ho_Chi_Minh,46,109.2,13.3,67.7,13.8,,83,100,0,1007,85,25.3,0,1.66,37
2025-05-29T15:00:00,5/29/2025 22:00,Hoàn Kiếm,VN,Asia/Ho_Chi_Minh,46,158.7,14,61,13.8,,77,100,0,1008,89,24.7,0,1,27
2025-05-29T16:00:00,5/29/2025 23:00,Hoàn Kiếm,VN,Asia/Ho_Chi_Minh,52,155.2,13.3,60,16.3,,72,100,0,1008,91,24.5,0,1,13
2025-05-29T17:00:00,5/30/2025 0:00,Hoàn Kiếm,VN,Asia/Ho_Chi_Minh,59,151.7,12.7,59,17.3,,67,100,0,1007,93,24.3,0,1,20
2025-05-29T18:00:00,5/30/2025 1:00,Hoàn Kiếm,VN,Asia/Ho_Chi_Minh,65,148.2,12,58,19,,62,100,0,1007,94,24.1,0,1,13
2025-05-29T19:00:00,5/30/2025 2:00,Hoàn Kiếm,VN,Asia/Ho_Chi_Minh,63,10,12.7,53.7,22.5,,59,100,0,1007,94,24,0,0.66,13
2025-05-29T20:00:00,5/30/2025 3:00,Hoàn Kiếm,VN,Asia/Ho_Chi_Minh,50,10,13.3,49.3,15,,56,100,0,1007,94,23.8,0,0.33,12.33
2025-05-29T21:00:00,5/30/2025 4:00,Hoàn Kiếm,VN,Asia/Ho_Chi_Minh,78,154.7,14,45,25,,53,100,0.75,1007,94,23.7,0,1.6,11
2025-05-29T22:00:00,5/30/2025 5:00,Hoàn Kiếm,VN,Asia/Ho_Chi_Minh,68,106.4,17.7,50.3,22,,54.7,100,1,1007,93,23.9,0,1.2,11
2025-05-29T23:00:00,5/30/2025 6:00,Hoàn Kiếm,VN,Asia/Ho_Chi_Minh,58,58.2,21.3,55.7,19,,56.3,100,0,1007,93,24,0.6,0.8,13
2025-05-30T00:00:00,5/30/2025 7:00,Hoàn Kiếm,VN,Asia/Ho_Chi_Minh,46,10,25,61,16,,58,100,0,1007,93,24.2,0.8,1.6,16.33
2025-05-30T01:00:00,5/30/2025 8:00,Hoàn Kiếm,VN,Asia/Ho_Chi_Minh,46,51.6,19.3,87.3,13.8,,72,83,0,1007,87,25.3,1.3,0.8,19
2025-05-30T02:00:00,5/30/2025 9:00,Hoàn Kiếm,VN,Asia/Ho_Chi_Minh,57,202,13.7,17.3,68,,86,66,0.25,1007,82,26.5,2.2,1.2,18
2025-05-30T03:00:00,5/30/2025 10:00,Hoàn Kiếm,VN,Asia/Ho_Chi_Minh,75,134.8,8,140,22.5,,100,50,0,1007,78,27.6,3,0.8,12
2025-05-30T04:00:00,5/30/2025 11:00,Hoàn Kiếm,VN,Asia/Ho_Chi_Minh,88,130.5,8.3,150.7,29,,98.7,58,0,1006,75,28.6,3.6,0.66,25
2025-05-30T05:00:00,5/30/2025 12:00,Hoàn Kiếm,VN,Asia/Ho_Chi_Minh,100,126.3,8.7,161.3,28.8,,97.3,66,0,1006,72,29.5,3.8,1.33,20.33
2025-05-30T06:00:00,5/30/2025 13:00,Hoàn Kiếm,VN,Asia/Ho_Chi_Minh,118,122,9,172,42,,96,75,0,1005,70,30.5,3.5,2,15.67
2025-05-30T07:00:00,5/30/2025 14:00,Hoàn Kiếm,VN,Asia/Ho_Chi_Minh,113,129.8,9.3,183,43.4,,96.7,70,0,1005,71,30.7,2.9,1.66,11
2025-05-30T08:00:00,5/30/2025 15:00,Hoàn Kiếm,VN,Asia/Ho_Chi_Minh,110,137.5,9.7,194,47.5,,97.3,66,0,1004,72,30.8,1.9,1.33,11
2025-05-30T09:00:00,5/30/2025 16:00,Hoàn Kiếm,VN,Asia/Ho_Chi_Minh,113,145.3,10,205,46.3,,98,62,0,1003,73,31,1.2,1,5
2025-05-30T10:00:00,5/30/2025 17:00,Hoàn Kiếm,VN,Asia/Ho_Chi_Minh,137,139.7,13.3,172,55.2,,85,66,0,1004,76,30,0.8,1.33,18
2025-05-30T11:00:00,5/30/2025 18:00,Hoàn Kiếm,VN,Asia/Ho_Chi_Minh,110,134,16.7,139,48.8,,72,70,0,1004,80,29,0.7,1.66,26
2025-05-30T12:00:00,5/30/2025 19:00,Hoàn Kiếm,VN,Asia/Ho_Chi_Minh,173,128.4,20,106,73,,59,75,0,1004,84,28,0,2,23
2025-05-30T13:00:00,5/30/2025 20:00,Hoàn Kiếm,VN,Asia/Ho_Chi_Minh,160,128,20.7,93.7,63,,57.7,62,0,1005,85,27.7,0,1.66,42
2025-05-30T14:00:00,5/30/2025 21:00,Hoàn Kiếm,VN,Asia/Ho_Chi_Minh,148,127.6,21.3,81.3,53,,56.3,50,0,1006,87,27.5,0,1.33,40.33
2025-05-30T15:00:00,5/30/2025 22:00,Hoàn Kiếm,VN,Asia/Ho_Chi_Minh,121,127.2,22,69,43,,55,37,0,1007,89,27.2,0,1,38
2025-05-30T16:00:00,5/30/2025 23:00,Hoàn Kiếm,VN,Asia/Ho_Chi_Minh,120,123.7,22.3,64,46.2,,53.3,33,0,1006,90,26.9,0,1,37
2025-05-30T17:00:00,5/31/2025 0:00,Hoàn Kiếm,VN,Asia/Ho_Chi_Minh,121,120.2,22.7,59,53.8,,51.7,29,0,1006,92,26.5,0,1,49
2025-05-30T18:00:00,5/31/2025 1:00,Hoàn Kiếm,VN,Asia/Ho_Chi_Minh,118,116.7,23,54,52.5,,50,25,0.25,1005,94,26.2,0,1,39
2025-05-30T19:00:00,5/31/2025 2:00,Hoàn Kiếm,VN,Asia/Ho_Chi_Minh,123,110.3,22.7,50.3,55,,49.7,50,0.5,1005,93,26.3,0,0.66,73
2025-05-30T20:00:00,5/31/2025 3:00,Hoàn Kiếm,VN,Asia/Ho_Chi_Minh,131,103.9,22.3,46.7,58.8,,49.3,75,0.5,1004,93,26.4,0,0.33,63
2025-05-30T21:00:00,5/31/2025 4:00,Hoàn Kiếm,VN,Asia/Ho_Chi_Minh,95,97.5,22,43,35,,49,100,0.25,1004,92,26.5,0,2.4,53
2025-05-30T22:00:00,5/31/2025 5:00,Hoàn Kiếm,VN,Asia/Ho_Chi_Minh,137,91.4,20.3,44,61.3,,50,100,0.25,1004,92,26.7,0,0.66,43
2025-05-30T23:00:00,5/31/2025 6:00,Hoàn Kiếm,VN,Asia/Ho_Chi_Minh,131,85.4,18.7,45,58.8,,51,100,0,1004,92,26.9,0.7,1.33,42.67
2025-05-31T00:00:00,5/31/2025 7:00,Hoàn Kiếm,VN,Asia/Ho_Chi_Minh,126,79.4,17,46,56.3,,52,100,0,1005,92,27.1,0.9,2,43
2025-05-31T01:00:00,5/31/2025 8:00,Hoàn Kiếm,VN,Asia/Ho_Chi_Minh,121,79.6,14.7,61.7,53.8,,50.3,91,0,1004,87,28.3,1.4,2,42
2025-05-31T02:00:00,5/31/2025 9:00,Hoàn Kiếm,VN,Asia/Ho_Chi_Minh,118,79.8,12.3,77.3,52.5,,48.7,83,0,1004,83,29.4,2.3,2,44
2025-05-31T03:00:00,5/31/2025 10:00,Hoàn Kiếm,VN,Asia/Ho_Chi_Minh,95,80,10,93,33,,47,75,0,1004,78,30.6,3.1,2,47
2025-05-31T04:00:00,5/31/2025 11:00,Hoàn Kiếm,VN,Asia/Ho_Chi_Minh,107,83.6,8,116.7,47.5,,47.3,66,0,1003,74,31.6,4.2,2,33
2025-05-31T05:00:00,5/31/2025 12:00,Hoàn Kiếm,VN,Asia/Ho_Chi_Minh,98,87.3,6,140.3,42.5,,47.7,58,0,1003,69,32.7,4.2,2,49
2025-05-31T06:00:00,5/31/2025 13:00,Hoàn Kiếm,VN,Asia/Ho_Chi_Minh,101,91,4,164,41.3,,48,50,0,1002,65,33.7,4.2,2,47
2025-05-31T07:00:00,5/31/2025 14:00,Hoàn Kiếm,VN,Asia/Ho_Chi_Minh,101,95.9,5,165,41.2,,50,58,0,1001,66,33.9,3.1,2.33,45
2025-05-31T08:00:00,5/31/2025 15:00,Hoàn Kiếm,VN,Asia/Ho_Chi_Minh,106,100.8,6,166,41.1,,52,66,0,1000,66,34,2.4,2.66,43
2025-05-31T09:00:00,5/31/2025 16:00,Hoàn Kiếm,VN,Asia/Ho_Chi_Minh,112,105.6,7,167,41,,54,75,0,999,67,34.2,1.5,3,42
2025-05-31T10:00:00,5/31/2025 17:00,Hoàn Kiếm,VN,Asia/Ho_Chi_Minh,87,73.8,10.7,144,36.3,,52.7,90,0,1000,70,33.1,1,3,33
2025-05-31T11:00:00,5/31/2025 18:00,Hoàn Kiếm,VN,Asia/Ho_Chi_Minh,89,41.9,14.3,121,37.5,,51.3,78,0,1000,75,32.1,0.9,3,38
2025-05-31T12:00:00,5/31/2025 19:00,Hoàn Kiếm,VN,Asia/Ho_Chi_Minh,126,10,18,98,56.3,,50,32,0,1000,79,31,0,3,34
2025-05-31T13:00:00,5/31/2025 20:00,Hoàn Kiếm,VN,Asia/Ho_Chi_Minh,110,10,18.3,91.3,48.8,,50.3,13,0,1001,82,30.3,0,3,33
2025-05-31T14:00:00,5/31/2025 21:00,Hoàn Kiếm,VN,Asia/Ho_Chi_Minh,93,82.3,18.7,84.7,40,,50.7,35,0,1001,85,29.7,0,3,35.33
2025-05-31T15:00:00,5/31/2025 22:00,Hoàn Kiếm,VN,Asia/Ho_Chi_Minh,107,118.5,19,78,39,,51,61,0,1002,88,29,0,3,37.67
2025-05-31T16:00:00,5/31/2025 23:00,Hoàn Kiếm,VN,Asia/Ho_Chi_Minh,80,119.6,19.3,73.3,32.5,,52,95,0,1001,90,28.7,0,2.66,40
2025-05-31T17:00:00,6/1/2025 0:00,Hoàn Kiếm,VN,Asia/Ho_Chi_Minh,76,120.8,19.7,68.7,30,,53,97,0,1001,91,28.3,0,2.33,29
2025-05-31T18:00:00,6/1/2025 1:00,Hoàn Kiếm,VN,Asia/Ho_Chi_Minh,78,122,20,64,31.3,,54,94,0,1000,93,28,0,2,30
2025-05-31T19:00:00,6/1/2025 2:00,Hoàn Kiếm,VN,Asia/Ho_Chi_Minh,82,128.8,22.7,51.3,33.8,,59.7,94,0,1000,93,27.9,0,2,45
2025-05-31T20:00:00,6/1/2025 3:00,Hoàn Kiếm,VN,Asia/Ho_Chi_Minh,85,135.6,25.3,38.7,35,,65.3,94,0,999,94,27.7,0,2,39
2025-05-31T21:00:00,6/1/2025 4:00,Hoàn Kiếm,VN,Asia/Ho_Chi_Minh,121,142.4,28,26,45,,71,25,0,999,94,27.6,0,2,32
2025-05-31T22:00:00,6/1/2025 5:00,Hoàn Kiếm,VN,Asia/Ho_Chi_Minh,95,150.4,26,35.3,41.3,,75.7,41,0,999,91,28.4,0,2,38
2025-05-31T23:00:00,6/1/2025 6:00,Hoàn Kiếm,VN,Asia/Ho_Chi_Minh,107,158.4,24,44.7,47.5,,80.3,58,0,999,89,29.2,0.7,2,26
2025-06-01T00:00:00,6/1/2025 7:00,Hoàn Kiếm,VN,Asia/Ho_Chi_Minh,110,166.3,22,54,48.8,,85,75,0,1000,86,30,0.9,2,24
2025-06-01T01:00:00,6/1/2025 8:00,Hoàn Kiếm,VN,Asia/Ho_Chi_Minh,95,146.7,16.7,91,41.3,,79.7,94,0,999,72,31.8,1.5,2,25
2025-06-01T02:00:00,6/1/2025 9:00,Hoàn Kiếm,VN,Asia/Ho_Chi_Minh,91,907,185,22.7,80,,32,42,0,999,60,33.7,4.8,2,27
2025-06-01T03:00:00,6/1/2025 10:00,Hoàn Kiếm,VN,Asia/Ho_Chi_Minh,101,107.4,6,165,20,,69,90,0,999,51,35.5,3.6,2,28
2025-06-01T04:00:00,6/1/2025 11:00,Hoàn Kiếm,VN,Asia/Ho_Chi_Minh,52,302,123,8.6,58,,32,99,0,999,47,36.7,3.6,2.33,43
2025-06-01T05:00:00,6/1/2025 12:00,Hoàn Kiếm,VN,Asia/Ho_Chi_Minh,93,87.9,4,154.3,13.3,,50.3,99,0,998,43,37.8,3.8,2.66,33
2025-06-01T06:00:00,6/1/2025 13:00,Hoàn Kiếm,VN,Asia/Ho_Chi_Minh,86,78.2,3,149,10,,41,78,0,998,40,39,5.2,3,38
2025-06-01T07:00:00,6/1/2025 14:00,Hoàn Kiếm,VN,Asia/Ho_Chi_Minh,78,78.8,4,142,12,,40.7,26,0,997,40,39.2,7.4,2.66,39
2025-06-01T08:00:00,6/1/2025 15:00,Hoàn Kiếm,VN,Asia/Ho_Chi_Minh,69,79.4,5,135,14,,40.3,47,0,997,40,39.4,4.2,2.33,33
2025-06-01T09:00:00,6/1/2025 16:00,Hoàn Kiếm,VN,Asia/Ho_Chi_Minh,60,80,6,128,16,,40,42,0,996,40,39.6,2.8,2,31
2025-06-01T10:00:00,6/1/2025 17:00,Hoàn Kiếm,VN,Asia/Ho_Chi_Minh,74,302,92,9.7,56,,32,53,0,996,44,38.3,1.6,2,19
2025-06-01T11:00:00,6/1/2025 18:00,Hoàn Kiếm,VN,Asia/Ho_Chi_Minh,65,806,170,8.6,52,,32,51,0,996,49,37,1.3,2,12
2025-06-01T12:00:00,6/1/2025 19:00,Hoàn Kiếm,VN,Asia/Ho_Chi_Minh,104,159.9,177,34.6,70,,58,74,0,997,54,35.7,0,2,12.33
2025-06-01T13:00:00,6/1/2025 20:00,Hoàn Kiếm,VN,Asia/Ho_Chi_Minh,72,168.1,170,30.3,56,,63,72,0,997,57,34.6,0,2,9
2025-06-01T14:00:00,6/1/2025 21:00,Hoàn Kiếm,VN,Asia/Ho_Chi_Minh,69,10,95,40.2,29,,98.7,62,0,998,60,33.6,0,2,11.33
2025-06-01T15:00:00,6/1/2025 22:00,Hoàn Kiếm,VN,Asia/Ho_Chi_Minh,123,184.4,32,43,44,,119,52,0,998,64,32.5,0,2,13.67
2025-06-01T16:00:00,6/1/2025 23:00,Hoàn Kiếm,VN,Asia/Ho_Chi_Minh,217,10,32,3.6,106,,22,7,0,998,63,32.4,0,2,16
2025-06-01T17:00:00,6/2/2025 0:00,Hoàn Kiếm,VN,Asia/Ho_Chi_Minh,207,10,32,2.9,98,,5,55,0,998,62,32.3,0,2,23
2025-06-01T18:00:00,6/2/2025 1:00,Hoàn Kiếm,VN,Asia/Ho_Chi_Minh,100,157.6,32,17,36,,95,75,0,997,60,32.2,0,2,19
2025-06-01T19:00:00,6/2/2025 2:00,Hoàn Kiếm,VN,Asia/Ho_Chi_Minh,78,10,30.7,16.3,31.3,,88.7,95,0,997,62,32,0,1.66,37
2025-06-01T20:00:00,6/2/2025 3:00,Hoàn Kiếm,VN,Asia/Ho_Chi_Minh,97,138.5,29.3,15.7,34.7,,82.3,100,0,997,63,31.7,0,1.33,22
2025-06-01T21:00:00,6/2/2025 4:00,Hoàn Kiếm,VN,Asia/Ho_Chi_Minh,95,129,28,15,34,,76,100,0,997,65,31.5,0,1,21
2025-06-01T22:00:00,6/2/2025 5:00,Hoàn Kiếm,VN,Asia/Ho_Chi_Minh,63,202,25.7,13,54,,237,100,0,998,66,31.6,0,1,44
2025-06-01T23:00:00,6/2/2025 6:00,Hoàn Kiếm,VN,Asia/Ho_Chi_Minh,108,146.1,23.3,41,38.7,,76,100,0,998,66,31.6,0.6,1,106
2025-06-02T00:00:00,6/2/2025 7:00,Hoàn Kiếm,VN,Asia/Ho_Chi_Minh,115,154.7,21,54,41,,76,100,0,999,67,31.7,0.8,1,98
2025-06-02T01:00:00,6/2/2025 8:00,Hoàn Kiếm,VN,Asia/Ho_Chi_Minh,100,139.7,16.3,89,35.7,,75.3,100,0,999,61,33.2,1.3,1.66,35
2025-06-02T02:00:00,6/2/2025 9:00,Hoàn Kiếm,VN,Asia/Ho_Chi_Minh,88,124.7,11.7,124,30.3,,74.7,99,0,999,56,34.7,2.1,2.33,25
2025-06-02T03:00:00,6/2/2025 10:00,Hoàn Kiếm,VN,Asia/Ho_Chi_Minh,99,109.7,7,159,25,,74,100,0,999,52,36.2,2.9,3,33.67
2025-06-02T04:00:00,6/2/2025 11:00,Hoàn Kiếm,VN,Asia/Ho_Chi_Minh,103,76.5,6,169,30.4,,72.7,100,0,999,49,37,3.5,2.66,33
2025-06-02T05:00:00,6/2/2025 12:00,Hoàn Kiếm,VN,Asia/Ho_Chi_Minh,106,43.2,5,179,35.8,,71.3,100,0,998,47,37.8,3.8,2.33,18
2025-06-02T06:00:00,6/2/2025 13:00,Hoàn Kiếm,VN,Asia/Ho_Chi_Minh,109,10,4,189,41.3,,70,87,0,998,45,38.6,3.5,2,38.33
2025-06-02T07:00:00,6/2/2025 14:00,Hoàn Kiếm,VN,Asia/Ho_Chi_Minh,107,10,4.7,184,32.5,,67.3,79,0,997,44,38.6,2.8,2,41
2025-06-02T08:00:00,6/2/2025 15:00,Hoàn Kiếm,VN,Asia/Ho_Chi_Minh,76,302,108,15.1,43,,32,70,0,997,44,38.7,2.2,2,35.33
2025-06-02T09:00:00,6/2/2025 16:00,Hoàn Kiếm,VN,Asia/Ho_Chi_Minh,104,94,6,174,23,,62,62,0,996,44,38.7,1.4,2,29.67
2025-06-02T10:00:00,6/2/2025 17:00,Hoàn Kiếm,VN,Asia/Ho_Chi_Minh,78,403,131,14.1,42,,32,66,0,997,47,37.8,0.9,1.33,24
2025-06-02T11:00:00,6/2/2025 18:00,Hoàn Kiếm,VN,Asia/Ho_Chi_Minh,67,907,185,10.8,35,,32,70,0,997,50,36.9,0.8,0.66,27
2025-06-02T12:00:00,6/2/2025 19:00,Hoàn Kiếm,VN,Asia/Ho_Chi_Minh,52,907,200,9.7,31,,32,75,0,998,53,36,0,1.2,30
2025-06-02T13:00:00,6/2/2025 20:00,Hoàn Kiếm,VN,Asia/Ho_Chi_Minh,87,643.2,137,34.5,36.3,,51,79,0.25,999,58,35,0,2,33
2025-06-02T14:00:00,6/2/2025 21:00,Hoàn Kiếm,VN,Asia/Ho_Chi_Minh,137,10,104,59.2,72,,70,83,0,999,63,34.1,0,2,26
2025-06-02T15:00:00,6/2/2025 22:00,Hoàn Kiếm,VN,Asia/Ho_Chi_Minh,56,115.6,11,84,15,,89,87,0,1000,69,33.1,0,2.8,24
2025-06-02T16:00:00,6/2/2025 23:00,Hoàn Kiếm,VN,Asia/Ho_Chi_Minh,252,10,11,5.8,252,,27,91,0.25,1000,70,32.6,0,1,22
2025-06-02T17:00:00,6/3/2025 0:00,Hoàn Kiếm,VN,Asia/Ho_Chi_Minh,183,10,11,8.1,80,,32,95,0.5,1000,72,32.1,0,2,25
2025-06-02T18:00:00,6/3/2025 1:00,Hoàn Kiếm,VN,Asia/Ho_Chi_Minh,93,10,11,63,40,,49,100,0,1000,73,31.6,0,3,20
2025-06-02T19:00:00,6/3/2025 2:00,Hoàn Kiếm,VN,Asia/Ho_Chi_Minh,78,10,12.3,56.7,31.3,,47.7,100,0,1001,74,31.3,0,2.66,13
2025-06-02T20:00:00,6/3/2025 3:00,Hoàn Kiếm,VN,Asia/Ho_Chi_Minh,89,10,13.7,50.3,37.5,,46.3,100,0,1001,74,31,0,2.33,29
2025-06-02T21:00:00,6/3/2025 4:00,Hoàn Kiếm,VN,Asia/Ho_Chi_Minh,78,122,15,44,26,,45,100,0,1002,75,30.6,0,2,49
2025-06-02T22:00:00,6/3/2025 5:00,Hoàn Kiếm,VN,Asia/Ho_Chi_Minh,54,10,14.3,47,17.5,,49.3,100,0,1002,76,30.3,0,1.66,15
2025-06-02T23:00:00,6/3/2025 6:00,Hoàn Kiếm,VN,Asia/Ho_Chi_Minh,77,122.4,13.7,50,24.7,,53.7,100,0,1003,77,30,0.6,1.33,252
2025-06-03T00:00:00,6/3/2025 7:00,Hoàn Kiếm,VN,Asia/Ho_Chi_Minh,76,122.6,13,53,24,,58,100,0,1003,77,29.7,0.8,1,80
2025-06-03T01:00:00,6/3/2025 8:00,Hoàn Kiếm,VN,Asia/Ho_Chi_Minh,65,123.9,11,75,23.8,,70,95,0,1003,74,30.3,1.3,1,32
2025-06-03T02:00:00,6/3/2025 9:00,Hoàn Kiếm,VN,Asia/Ho_Chi_Minh,69,125.3,9,97,23.8,,82,91,0,1003,71,31,2.1,1,25
2025-06-03T03:00:00,6/3/2025 10:00,Hoàn Kiếm,VN,Asia/Ho_Chi_Minh,65,126.6,7,119,23.8,,94,87,0,1004,68,31.6,2.9,1,30
2025-06-03T04:00:00,6/3/2025 11:00,Hoàn Kiếm,VN,Asia/Ho_Chi_Minh,76,128.2,6.3,141,23.8,,104,83,0,1003,68,32,3.5,1.33,25
2025-06-03T05:00:00,6/3/2025 12:00,Hoàn Kiếm,VN,Asia/Ho_Chi_Minh,101,129.8,5.7,163,33.8,,114,79,0.25,1003,69,32.3,3.8,1.66,14
2025-06-03T06:00:00,6/3/2025 13:00,Hoàn Kiếm,VN,Asia/Ho_Chi_Minh,107,131.3,5,185,28.8,,124,75,0,1002,69,32.7,3.5,2,24.33
2025-06-03T07:00:00,6/3/2025 14:00,Hoàn Kiếm,VN,Asia/Ho_Chi_Minh,109,131.9,5.7,190.3,30,,122.3,83,0,1002,68,33,2.8,1.66,24
2025-06-03T08:00:00,6/3/2025 15:00,Hoàn Kiếm,VN,Asia/Ho_Chi_Minh,111,132.5,6.3,195.7,30.4,,120.7,91,0,1001,67,33.2,1.9,1.33,19
2025-06-03T09:00:00,6/3/2025 16:00,Hoàn Kiếm,VN,Asia/Ho_Chi_Minh,112,133.1,7,201,31.3,,119,100,0,1001,66,33.5,1.2,1,20.67
2025-06-03T10:00:00,6/3/2025 17:00,Hoàn Kiếm,VN,Asia/Ho_Chi_Minh,105,149.6,11.3,178,35,,110.3,83,0,1001,72,30.9,0.8,1,19
2025-06-03T11:00:00,6/3/2025 18:00,Hoàn Kiếm,VN,Asia/Ho_Chi_Minh,94,166.1,15.7,155,38.8,,101.7,66,0,1002,79,28.2,0.6,1,19
2025-06-03T12:00:00,6/3/2025 19:00,Hoàn Kiếm,VN,Asia/Ho_Chi_Minh,95,182.7,20,132,41.3,,93,50,0.25,1002,88,25.6,0,1,27
2025-06-03T13:00:00,6/3/2025 20:00,Hoàn Kiếm,VN,Asia/Ho_Chi_Minh,104,1310,185,22.7,76,,58,58,0,1003,88,26.1,0,1,23
2025-06-03T14:00:00,6/3/2025 21:00,Hoàn Kiếm,VN,Asia/Ho_Chi_Minh,108,531.6,120,55.5,69.8,,69.7,66,0,1004,88,26.7,0,1,24
2025-06-03T15:00:00,6/3/2025 22:00,Hoàn Kiếm,VN,Asia/Ho_Chi_Minh,115,706,170,17.3,84,,58,75,0,1005,88,27.2,0,1,24.33
2025-06-03T16:00:00,6/3/2025 23:00,Hoàn Kiếm,VN,Asia/Ho_Chi_Minh,104,605,154,15.1,78,,53,75,0,1004,89,27.2,0,1,25
2025-06-03T17:00:00,6/4/2025 0:00,Hoàn Kiếm,VN,Asia/Ho_Chi_Minh,98,403,85,20.5,74,,53,75,1,1004,89,27.2,0,1,28
2025-06-03T18:00:00,6/4/2025 1:00,Hoàn Kiếm,VN,Asia/Ho_Chi_Minh,89,403,92,20.5,66,,53,75,1,1004,89,27.2,0,1,31
2025-06-03T19:00:00,6/4/2025 2:00,Hoàn Kiếm,VN,Asia/Ho_Chi_Minh,126,335.6,70.7,30.4,69.3,,67.7,75,1.75,1004,90,26.9,0,1,33
2025-06-03T20:00:00,6/4/2025 3:00,Hoàn Kiếm,VN,Asia/Ho_Chi_Minh,156,268.2,49.3,40.2,72.7,,82.3,75,2.75,1004,90,26.5,0,1,37
2025-06-03T21:00:00,6/4/2025 4:00,Hoàn Kiếm,VN,Asia/Ho_Chi_Minh,176,200.8,28,50,76,,97,75,3,1004,91,26.2,0,1,38.33
2025-06-03T22:00:00,6/4/2025 5:00,Hoàn Kiếm,VN,Asia/Ho_Chi_Minh,163,193.6,26,54.3,69.4,,93.3,83,6,1005,91,26.3,0,0.66,41
2025-06-03T23:00:00,6/4/2025 6:00,Hoàn Kiếm,VN,Asia/Ho_Chi_Minh,102,186.4,24,58.7,45,,89.7,91,5,1005,91,26.4,0.6,0.33,37
2025-06-04T00:00:00,6/4/2025 7:00,Hoàn Kiếm,VN,Asia/Ho_Chi_Minh,126,179.2,22,63,56.3,,86,100,0.75,1006,90,26.5,0.8,0.4,34
2025-06-04T01:00:00,6/4/2025 8:00,Hoàn Kiếm,VN,Asia/Ho_Chi_Minh,119,168.9,18.7,92.3,52.9,,98.3,100,0,1006,85,27.3,1.3,0.66,30
2025-06-04T02:00:00,6/4/2025 9:00,Hoàn Kiếm,VN,Asia/Ho_Chi_Minh,104,158.5,15.3,121.7,46.3,,110.7,100,0,1006,80,28.2,2.1,1.33,45
2025-06-04T03:00:00,6/4/2025 10:00,Hoàn Kiếm,VN,Asia/Ho_Chi_Minh,104,148.2,12,151,46.3,,123,100,0,1007,76,29,3,2,60
2025-06-04T04:00:00,6/4/2025 11:00,Hoàn Kiếm,VN,Asia/Ho_Chi_Minh,102,102.2,54.7,165.7,38.8,,106,95,0,1006,74,29.8,3.8,2,75
2025-06-04T05:00:00,6/4/2025 12:00,Hoàn Kiếm,VN,Asia/Ho_Chi_Minh,106,10,128,180.3,34,,89,91,0,1006,73,30.7,3.9,2,65
2025-06-04T06:00:00,6/4/2025 13:00,Hoàn Kiếm,VN,Asia/Ho_Chi_Minh,110,10,140,195,29,,72,87,0,1005,72,31.5,3.8,2,36
2025-06-04T07:00:00,6/4/2025 14:00,Hoàn Kiếm,VN,Asia/Ho_Chi_Minh,110,56.7,96.7,193.3,36.3,,68,91,0,1004,70,31.7,2.8,1.66,45
2025-06-04T08:00:00,6/4/2025 15:00,Hoàn Kiếm,VN,Asia/Ho_Chi_Minh,109,103.3,53.3,191.7,33.8,,64,95,0,1004,68,31.8,2,1.33,42.33
2025-06-04T09:00:00,6/4/2025 16:00,Hoàn Kiếm,VN,Asia/Ho_Chi_Minh,109,150,10,190,36.3,,60,100,0,1003,67,32,1.2,1,37
2025-06-04T10:00:00,6/4/2025 17:00,Hoàn Kiếm,VN,Asia/Ho_Chi_Minh,102,156.8,13,167.7,41.3,,61,100,0,1004,70,31.5,0.8,0.66,37
2025-06-04T11:00:00,6/4/2025 18:00,Hoàn Kiếm,VN,Asia/Ho_Chi_Minh,102,163.6,16,145.3,45,,62,100,0,1005,73,31.1,0.6,0.33,31
2025-06-04T12:00:00,6/4/2025 19:00,Hoàn Kiếm,VN,Asia/Ho_Chi_Minh,112,170.4,19,123,50,,63,100,0,1005,76,30.6,0,1.2,31
2025-06-04T13:00:00,6/4/2025 20:00,Hoàn Kiếm,VN,Asia/Ho_Chi_Minh,121,201.9,23.7,104.3,53.8,,71,91,0,1006,76,30.1,0,0.66,26
2025-06-04T14:00:00,6/4/2025 21:00,Hoàn Kiếm,VN,Asia/Ho_Chi_Minh,112,233.4,28.3,85.7,50,,79,83,0,1007,76,29.7,0,1.33,29
2025-06-04T15:00:00,6/4/2025 22:00,Hoàn Kiếm,VN,Asia/Ho_Chi_Minh,137,265,33,67,61.3,,87,75,0,1007,75,29.2,0,2,28
2025-06-04T16:00:00,6/4/2025 23:00,Hoàn Kiếm,VN,Asia/Ho_Chi_Minh,129,294.7,38,55,57.5,,89.3,83,0,1007,78,28.9,0,2,29
2025-06-04T17:00:00,6/5/2025 0:00,Hoàn Kiếm,VN,Asia/Ho_Chi_Minh,121,324.5,43,43,53.8,,91.7,91,0,1006,80,28.5,0,2,33
2025-06-04T18:00:00,6/5/2025 1:00,Hoàn Kiếm,VN,Asia/Ho_Chi_Minh,112,354.2,48,31,50,,94,100,0,1006,82,28.2,0,2,36
2025-06-04T19:00:00,6/5/2025 2:00,Hoàn Kiếm,VN,Asia/Ho_Chi_Minh,109,345.3,46.3,32,48.3,,94,100,0,1006,85,27.7,0,1.66,40
2025-06-04T20:00:00,6/5/2025 3:00,Hoàn Kiếm,VN,Asia/Ho_Chi_Minh,112,336.3,44.7,33,50,,94,100,0,1006,88,27.1,0,1.33,43
2025-06-04T21:00:00,6/5/2025 4:00,Hoàn Kiếm,VN,Asia/Ho_Chi_Minh,102,327.4,43,34,45,,94,100,0,1006,90,26.6,0,1,40
2025-06-04T22:00:00,6/5/2025 5:00,Hoàn Kiếm,VN,Asia/Ho_Chi_Minh,112,280.7,35,46.3,50,,91,95,0,1006,90,26.8,0,1,49
2025-06-04T23:00:00,6/5/2025 6:00,Hoàn Kiếm,VN,Asia/Ho_Chi_Minh,102,234,27,58.7,45,,88,91,0,1007,90,26.9,0.8,1,46
2025-06-05T00:00:00,6/5/2025 7:00,Hoàn Kiếm,VN,Asia/Ho_Chi_Minh,134,187.3,19,71,60,,85,87,0,1007,90,27.1,1.2,1,43
2025-06-05T01:00:00,6/5/2025 8:00,Hoàn Kiếm,VN,Asia/Ho_Chi_Minh,134,165.2,16.3,89,60,,86.3,83,0,1007,86,28.6,2.2,0.66,40
2025-06-05T02:00:00,6/5/2025 9:00,Hoàn Kiếm,VN,Asia/Ho_Chi_Minh,139,143,13.7,107,62.5,,87.7,79,0,1008,81,30.2,2.9,0.33,38.67
2025-06-05T03:00:00,6/5/2025 10:00,Hoàn Kiếm,VN,Asia/Ho_Chi_Minh,142,120.8,11,125,63.8,,89,75,0,1008,78,31.7,3.9,0.8,40
2025-06-05T04:00:00,6/5/2025 11:00,Hoàn Kiếm,VN,Asia/Ho_Chi_Minh,145,118.3,10,135.7,65,,78.3,75,0,1007,74,32.1,5.7,0.33,36
2025-06-05T05:00:00,6/5/2025 12:00,Hoàn Kiếm,VN,Asia/Ho_Chi_Minh,153,115.7,9,146.3,68.8,,67.7,75,0,1006,70,32.6,9.1,0.66,40
2025-06-05T06:00:00,6/5/2025 13:00,Hoàn Kiếm,VN,Asia/Ho_Chi_Minh,152,113.2,8,157,71.3,,57,75,0,1005,66,33,7.5,1,36
2025-06-05T07:00:00,6/5/2025 14:00,Hoàn Kiếm,VN,Asia/Ho_Chi_Minh,152,115,8.7,158,71.3,,53.3,66,0,1004,65,33.5,5.3,1.33,48
2025-06-05T08:00:00,6/5/2025 15:00,Hoàn Kiếm,VN,Asia/Ho_Chi_Minh,148,116.7,9.3,159,66.3,,49.7,58,0,1004,65,34,3.9,1.66,48
2025-06-05T09:00:00,6/5/2025 16:00,Hoàn Kiếm,VN,Asia/Ho_Chi_Minh,142,118.5,10,160,63.8,,46,50,0,1003,64,34.5,1.8,2,50
2025-06-05T10:00:00,6/5/2025 17:00,Hoàn Kiếm,VN,Asia/Ho_Chi_Minh,137,126.3,13.3,139,61.3,,46,58,0,1003,69,32.9,1,1.66,51
2025-06-05T11:00:00,6/5/2025 18:00,Hoàn Kiếm,VN,Asia/Ho_Chi_Minh,100,134,16.7,118,43.8,,46,66,0,1004,75,31.3,0.7,1.33,52
2025-06-05T12:00:00,6/5/2025 19:00,Hoàn Kiếm,VN,Asia/Ho_Chi_Minh,168,141.8,20,97,69,,46,75,0,1004,82,29.7,0,1,55
2025-06-05T13:00:00,6/5/2025 20:00,Hoàn Kiếm,VN,Asia/Ho_Chi_Minh,154,140.1,20.7,82.7,61.4,,48.3,58,0,1004,84,29.5,0,1.33,57
2025-06-05T14:00:00,6/5/2025 21:00,Hoàn Kiếm,VN,Asia/Ho_Chi_Minh,133,138.3,21.3,68.3,53.8,,50.7,41,0,1005,85,29.2,0,1.66,57
2025-06-05T15:00:00,6/5/2025 22:00,Hoàn Kiếm,VN,Asia/Ho_Chi_Minh,104,136.6,22,54,46.3,,53,25,0,1006,87,29,0,2,53
2025-06-05T16:00:00,6/5/2025 23:00,Hoàn Kiếm,VN,Asia/Ho_Chi_Minh,104,135.8,22.3,51,46.3,,53.3,41,0,1006,88,28.8,0,2,51
2025-06-05T17:00:00,6/6/2025 0:00,Hoàn Kiếm,VN,Asia/Ho_Chi_Minh,103,135,22.7,48,45.4,,53.7,58,0,1006,89,28.7,0,2,49
2025-06-05T18:00:00,6/6/2025 1:00,Hoàn Kiếm,VN,Asia/Ho_Chi_Minh,102,134.2,23,45,45,,54,75,0,1005,90,28.5,0,2,35
2025-06-05T19:00:00,6/6/2025 2:00,Hoàn Kiếm,VN,Asia/Ho_Chi_Minh,103,136,23.7,43.3,45.4,,54.7,66,0,1005,90,28.4,0,2,69
2025-06-05T20:00:00,6/6/2025 3:00,Hoàn Kiếm,VN,Asia/Ho_Chi_Minh,112,137.7,24.3,41.7,50,,55.3,58,0,1005,90,28.3,0,2,58.33
2025-06-05T21:00:00,6/6/2025 4:00,Hoàn Kiếm,VN,Asia/Ho_Chi_Minh,104,139.5,25,40,46.3,,56,50,0,1005,90,28.2,0,2,47.67
2025-06-05T22:00:00,6/6/2025 5:00,Hoàn Kiếm,VN,Asia/Ho_Chi_Minh,95,132.9,23.3,46.3,41.3,,59,54,0,1005,90,28.4,0,2,37
2025-06-05T23:00:00,6/6/2025 6:00,Hoàn Kiếm,VN,Asia/Ho_Chi_Minh,98,126.3,21.7,52.7,42.5,,62,58,0,1006,90,28.5,1.4,2,37
2025-06-06T00:00:00,6/6/2025 7:00,Hoàn Kiếm,VN,Asia/Ho_Chi_Minh,102,119.6,20,59,45,,65,62,0,1006,91,28.7,1.9,2,36.33
2025-06-06T01:00:00,6/6/2025 8:00,Hoàn Kiếm,VN,Asia/Ho_Chi_Minh,98,10,16.3,80.3,42.5,,54.3,66,0,1006,86,29.5,2.9,2,36
2025-06-06T02:00:00,6/6/2025 9:00,Hoàn Kiếm,VN,Asia/Ho_Chi_Minh,100,105.2,12.7,101.7,44.2,,43.7,70,0,1006,81,30.4,3.8,2,36.33
2025-06-06T03:00:00,6/6/2025 10:00,Hoàn Kiếm,VN,Asia/Ho_Chi_Minh,100,98,9,123,43.8,,33,75,0,1006,77,31.2,5.7,2,40
2025-06-06T04:00:00,6/6/2025 11:00,Hoàn Kiếm,VN,Asia/Ho_Chi_Minh,100,97.5,7.7,136,43.8,,30,70,0.25,1005,69,32.4,4.6,2.33,37
2025-06-06T05:00:00,6/6/2025 12:00,Hoàn Kiếm,VN,Asia/Ho_Chi_Minh,104,96.9,6.3,149,46.3,,27,66,0,1004,62,33.5,6,2.66,33
2025-06-06T06:00:00,6/6/2025 13:00,Hoàn Kiếm,VN,Asia/Ho_Chi_Minh,131,96.3,5,162,48,,24,62,0,1003,56,34.7,4.8,3,34
2025-06-06T07:00:00,6/6/2025 14:00,Hoàn Kiếm,VN,Asia/Ho_Chi_Minh,113,96.3,5.7,158.3,43.3,,28,62,0,1003,57,34.9,3.4,3,36
2025-06-06T08:00:00,6/6/2025 15:00,Hoàn Kiếm,VN,Asia/Ho_Chi_Minh,97,96.3,6.3,154.7,38.5,,32,62,0,1002,57,35,2.7,3,34
2025-06-06T09:00:00,6/6/2025 16:00,Hoàn Kiếm,VN,Asia/Ho_Chi_Minh,89,96.3,7,151,33.8,,36,62,0,1002,58,35.2,2.1,3,35.33
2025-06-06T10:00:00,6/6/2025 17:00,Hoàn Kiếm,VN,Asia/Ho_Chi_Minh,74,96.9,10.3,128.7,28.8,,37.7,58,0,1002,62,34,1.6,3,35
2025-06-06T11:00:00,6/6/2025 18:00,Hoàn Kiếm,VN,Asia/Ho_Chi_Minh,69,97.5,13.7,106.3,26.3,,39.3,54,0,1002,67,32.7,1.2,3,35
2025-06-06T12:00:00,6/6/2025 19:00,Hoàn Kiếm,VN,Asia/Ho_Chi_Minh,76,98,17,84,30,,41,50,0,1003,72,31.5,0,3,37
2025-06-06T13:00:00,6/6/2025 20:00,Hoàn Kiếm,VN,Asia/Ho_Chi_Minh,82,97.1,17.7,72.3,32,,42.7,41,0,1004,76,30.9,0,3,47
2025-06-06T14:00:00,6/6/2025 21:00,Hoàn Kiếm,VN,Asia/Ho_Chi_Minh,89,96.1,18.3,60.7,34,,44.3,33,0,1004,79,30.3,0,3,40.33
2025-06-06T15:00:00,6/6/2025 22:00,Hoàn Kiếm,VN,Asia/Ho_Chi_Minh,95,95.1,19,49,36,,46,25,0,1005,83,29.7,0,3,33.67
2025-06-06T16:00:00,6/6/2025 23:00,Hoàn Kiếm,VN,Asia/Ho_Chi_Minh,93,94,18.7,50.3,36.5,,44,41,0,1005,85,29.4,0,2.66,27
2025-06-06T17:00:00,6/7/2025 0:00,Hoàn Kiếm,VN,Asia/Ho_Chi_Minh,91,92.8,18.3,51.7,38.8,,42,58,0,1004,88,29,0,2.33,23
2025-06-06T18:00:00,6/7/2025 1:00,Hoàn Kiếm,VN,Asia/Ho_Chi_Minh,89,91.6,18,53,37.5,,40,75,0,1004,90,28.7,0,2,21
2025-06-06T19:00:00,6/7/2025 2:00,Hoàn Kiếm,VN,Asia/Ho_Chi_Minh,89,92.8,18,53.3,37.5,,39.7,66,0,1004,91,28.7,0,2,24
2025-06-06T20:00:00,6/7/2025 3:00,Hoàn Kiếm,VN,Asia/Ho_Chi_Minh,93,94,18,53.7,40,,39.3,58,0,1004,91,28.6,0,2,27
2025-06-06T21:00:00,6/7/2025 4:00,Hoàn Kiếm,VN,Asia/Ho_Chi_Minh,95,95.1,18,54,41.3,,39,50,0,1004,92,28.6,0,2,30
2025-06-06T22:00:00,6/7/2025 5:00,Hoàn Kiếm,VN,Asia/Ho_Chi_Minh,89,66.8,17.3,58.7,37.5,,41,54,0,1004,91,28.9,0,2,33
2025-06-06T23:00:00,6/7/2025 6:00,Hoàn Kiếm,VN,Asia/Ho_Chi_Minh,80,38.4,16.7,63.3,32.5,,43,58,0,1005,90,29.2,0.7,2,32
2025-06-07T00:00:00,6/7/2025 7:00,Hoàn Kiếm,VN,Asia/Ho_Chi_Minh,76,10,16,68,30,,45,62,0,1005,89,29.5,1,2,31
2025-06-07T01:00:00,6/7/2025 8:00,Hoàn Kiếm,VN,Asia/Ho_Chi_Minh,76,36.6,13,88.7,30,,43.7,66,0,1005,84,30.4,1.5,2,30
2025-06-07T02:00:00,6/7/2025 9:00,Hoàn Kiếm,VN,Asia/Ho_Chi_Minh,76,63.2,10,109.3,30,,42.3,70,0,1005,80,31.3,2.6,2,30
2025-06-07T03:00:00,6/7/2025 10:00,Hoàn Kiếm,VN,Asia/Ho_Chi_Minh,76,89.9,7,130,30,,41,75,0,1005,76,32.2,3.4,2,32
2025-06-07T04:00:00,6/7/2025 11:00,Hoàn Kiếm,VN,Asia/Ho_Chi_Minh,89,88.5,6,139.3,37.5,,36.7,75,0,1004,72,33,4.7,2,33
2025-06-07T05:00:00,6/7/2025 12:00,Hoàn Kiếm,VN,Asia/Ho_Chi_Minh,93,87.2,5,148.7,40,,32.3,75,0,1003,69,33.8,4.8,2,30
2025-06-07T06:00:00,6/7/2025 13:00,Hoàn Kiếm,VN,Asia/Ho_Chi_Minh,98,85.8,4,158,38.8,,28,75,0,1003,65,34.6,4.7,2,26
2025-06-07T07:00:00,6/7/2025 14:00,Hoàn Kiếm,VN,Asia/Ho_Chi_Minh,93,10,5,153.3,40,,28.7,75,0.25,1002,66,34.2,3.5,2.33,24
2025-06-07T08:00:00,6/7/2025 15:00,Hoàn Kiếm,VN,Asia/Ho_Chi_Minh,87,88.9,6,148.7,36.3,,29.3,75,3,1002,67,33.9,2.8,2.66,24
2025-06-07T09:00:00,6/7/2025 16:00,Hoàn Kiếm,VN,Asia/Ho_Chi_Minh,85,90.5,7,144,35,,30,75,1.25,1001,68,33.5,2.4,3,24
2025-06-07T10:00:00,6/7/2025 17:00,Hoàn Kiếm,VN,Asia/Ho_Chi_Minh,95,101.9,10.7,130.3,41.3,,35,75,1.5,1002,74,31.2,1.2,3,24
2025-06-07T11:00:00,6/7/2025 18:00,Hoàn Kiếm,VN,Asia/Ho_Chi_Minh,95,113.4,14.3,116.7,41.3,,40,75,0.25,1002,81,28.8,0.8,3,30
2025-06-07T12:00:00,6/7/2025 19:00,Hoàn Kiếm,VN,Asia/Ho_Chi_Minh,157,124.9,18,103,64,,45,75,0,1003,89,26.5,0,3,32
2025-06-07T13:00:00,6/7/2025 20:00,Hoàn Kiếm,VN,Asia/Ho_Chi_Minh,149,125.9,18.3,97.3,56.7,,47.3,58,0,1003,89,26.8,0,2.33,31
2025-06-07T14:00:00,6/7/2025 21:00,Hoàn Kiếm,VN,Asia/Ho_Chi_Minh,130,126.8,18.7,91.7,49.3,,49.7,41,0,1004,89,27.2,0,1.66,32
2025-06-07T15:00:00,6/7/2025 22:00,Hoàn Kiếm,VN,Asia/Ho_Chi_Minh,110,127.8,19,86,42,,52,25,0,1004,89,27.5,0,1,29
2025-06-07T16:00:00,6/7/2025 23:00,Hoàn Kiếm,VN,Asia/Ho_Chi_Minh,112,132.7,20,79,45.1,,51,33,0,1004,90,27.5,0,1.33,28
2025-06-07T17:00:00,6/8/2025 0:00,Hoàn Kiếm,VN,Asia/Ho_Chi_Minh,113,137.5,21,72,48.2,,50,41,0,1004,90,27.6,0,1.66,33
2025-06-07T18:00:00,6/8/2025 1:00,Hoàn Kiếm,VN,Asia/Ho_Chi_Minh,115,142.4,22,65,51.3,,49,50,0,1004,90,27.6,0,2,33
2025-06-07T19:00:00,6/8/2025 2:00,Hoàn Kiếm,VN,Asia/Ho_Chi_Minh,115,140.6,22,62,51.3,,50,58,0,1003,91,27.8,0,2,61
2025-06-07T20:00:00,6/8/2025 3:00,Hoàn Kiếm,VN,Asia/Ho_Chi_Minh,113,138.9,22,59,50.4,,51,66,0,1003,93,28,0,2,53.67
2025-06-07T21:00:00,6/8/2025 4:00,Hoàn Kiếm,VN,Asia/Ho_Chi_Minh,112,137.1,22,56,50,,52,75,0,1003,94,28.2,0,2,46.33
2025-06-07T22:00:00,6/8/2025 5:00,Hoàn Kiếm,VN,Asia/Ho_Chi_Minh,226,10,19.7,4.2,226,,4,79,0,1003,93,28.5,0,2,39
2025-06-07T23:00:00,6/8/2025 6:00,Hoàn Kiếm,VN,Asia/Ho_Chi_Minh,104,116.9,17.3,66,46.3,,48,83,0,1003,93,28.7,0.7,2,39.67
2025-06-08T00:00:00,6/8/2025 7:00,Hoàn Kiếm,VN,Asia/Ho_Chi_Minh,107,106.8,15,71,47.5,,46,87,0.75,1004,92,29,0.8,2,40.33
2025-06-08T01:00:00,6/8/2025 8:00,Hoàn Kiếm,VN,Asia/Ho_Chi_Minh,188,74.5,12.3,48.7,90.3,,31,83,0,1004,87,30.2,1.3,2,41
2025-06-08T02:00:00,6/8/2025 9:00,Hoàn Kiếm,VN,Asia/Ho_Chi_Minh,104,10,9.7,26.4,46.3,,16,79,0,1004,82,31.4,2.1,2,41
2025-06-08T03:00:00,6/8/2025 10:00,Hoàn Kiếm,VN,Asia/Ho_Chi_Minh,176,10,7,4.1,176,,1,75,0,1004,78,32.6,3.1,2,40.33
2025-06-08T04:00:00,6/8/2025 11:00,Hoàn Kiếm,VN,Asia/Ho_Chi_Minh,248,37,7,47.4,132.3,,12.7,70,0,1003,72,33.4,3.6,2,40
2025-06-08T05:00:00,6/8/2025 12:00,Hoàn Kiếm,VN,Asia/Ho_Chi_Minh,104,64,7,90.7,46.3,,24.3,66,0,1002,67,34.2,3.7,2,226
2025-06-08T06:00:00,6/8/2025 13:00,Hoàn Kiếm,VN,Asia/Ho_Chi_Minh,102,91,7,134,45,,36,62,0.75,1001,62,35,3.5,2,37
2025-06-08T07:00:00,6/8/2025 14:00,Hoàn Kiếm,VN,Asia/Ho_Chi_Minh,78,93.4,8,133.3,31.3,,40.3,62,2,1001,66,33.3,2.8,2,38
2025-06-08T08:00:00,6/8/2025 15:00,Hoàn Kiếm,VN,Asia/Ho_Chi_Minh,86,95.7,9,132.7,35.8,,44.7,62,8,1001,72,31.7,2,2,84
2025-06-08T09:00:00,6/8/2025 16:00,Hoàn Kiếm,VN,Asia/Ho_Chi_Minh,78,98,10,132,31.3,,49,62,8.5,1000,77,30,1.2,2,37
2025-06-08T10:00:00,6/8/2025 17:00,Hoàn Kiếm,VN,Asia/Ho_Chi_Minh,101,108.9,13,117.3,40.2,,50.3,75,11.5,1001,81,29.5,0.8,2,176
2025-06-08T11:00:00,6/8/2025 18:00,Hoàn Kiếm,VN,Asia/Ho_Chi_Minh,130,119.8,16,102.7,49.1,,51.7,87,4.25,1001,85,29,0.6,2,129.33
2025-06-08T12:00:00,6/8/2025 19:00,Hoàn Kiếm,VN,Asia/Ho_Chi_Minh,152,130.7,19,88,58,,53,100,1.5,1002,88,28.5,0,2,37
2025-06-08T13:00:00,6/8/2025 20:00,Hoàn Kiếm,VN,Asia/Ho_Chi_Minh,154,133.8,19.7,80.7,59.3,,55.3,87,0,1003,88,28.2,0,2,36
2025-06-08T14:00:00,6/8/2025 21:00,Hoàn Kiếm,VN,Asia/Ho_Chi_Minh,156,137,20.3,73.3,60.7,,57.7,75,0,1004,87,27.8,0,2,25
2025-06-08T15:00:00,6/8/2025 22:00,Hoàn Kiếm,VN,Asia/Ho_Chi_Minh,157,140.1,21,66,62,,60,62,0.25,1005,86,27.5,0,2,28.67
2025-06-08T16:00:00,6/8/2025 23:00,Hoàn Kiếm,VN,Asia/Ho_Chi_Minh,93,137.7,21,67,40,,55.3,62,0,1004,88,27.4,0,2,25
2025-06-08T17:00:00,6/9/2025 0:00,Hoàn Kiếm,VN,Asia/Ho_Chi_Minh,91,135.4,21,68,38.8,,50.7,62,0.5,1004,90,27.3,0,2,35.67
2025-06-08T18:00:00,6/9/2025 1:00,Hoàn Kiếm,VN,Asia/Ho_Chi_Minh,95,133.1,21,69,41.3,,46,62,1.25,1004,92,27.2,0,2,46.33
2025-06-08T19:00:00,6/9/2025 2:00,Hoàn Kiếm,VN,Asia/Ho_Chi_Minh,95,141.2,22.7,61,41.3,,48.7,75,2.5,1003,91,26.8,0,1.33,57
2025-06-08T20:00:00,6/9/2025 3:00,Hoàn Kiếm,VN,Asia/Ho_Chi_Minh,94,149.4,24.3,53,40.4,,51.3,87,1.5,1003,91,26.4,0,0.66,58.33
2025-06-08T21:00:00,6/9/2025 4:00,Hoàn Kiếm,VN,Asia/Ho_Chi_Minh,93,157.6,26,45,40,,54,100,1.25,1003,91,26,0,1.6,59.67
2025-06-08T22:00:00,6/9/2025 5:00,Hoàn Kiếm,VN,Asia/Ho_Chi_Minh,67,10,32,45.3,25,,59,100,0.75,1003,92,26.1,0,2,61
2025-06-08T23:00:00,6/9/2025 6:00,Hoàn Kiếm,VN,Asia/Ho_Chi_Minh,82,10,23,45.7,31,,64,100,0.75,1004,93,26.1,0.6,1.6,32
2025-06-09T00:00:00,6/9/2025 7:00,Hoàn Kiếm,VN,Asia/Ho_Chi_Minh,110,143,22,46,48.8,,69,100,0.25,1004,94,26.2,0.8,1.6,31
2025-06-09T01:00:00,6/9/2025 8:00,Hoàn Kiếm,VN,Asia/Ho_Chi_Minh,110,135,21,65.7,48.8,,82.7,91,0,1005,87,27.3,1.3,1.2,33
2025-06-09T02:00:00,6/9/2025 9:00,Hoàn Kiếm,VN,Asia/Ho_Chi_Minh,115,127,20,85.3,51.3,,96.3,83,0,1005,80,28.4,2.1,0.8,33
2025-06-09T03:00:00,6/9/2025 10:00,Hoàn Kiếm,VN,Asia/Ho_Chi_Minh,118,119.1,19,105,52.5,,110,75,0,1005,74,29.5,3,0.8,32.33
2025-06-09T04:00:00,6/9/2025 11:00,Hoàn Kiếm,VN,Asia/Ho_Chi_Minh,107,121.6,17,121.7,47.5,,103.7,79,0,1004,71,30.4,3.5,0.8,32
2025-06-09T05:00:00,6/9/2025 12:00,Hoàn Kiếm,VN,Asia/Ho_Chi_Minh,114,124.1,15,138.3,44.2,,97.3,83,0,1004,67,31.3,3.8,0.4,20
2025-06-09T06:00:00,6/9/2025 13:00,Hoàn Kiếm,VN,Asia/Ho_Chi_Minh,112,126.6,13,155,40,,91,87,0,1003,64,32.2,3.5,0.8,27
2025-06-09T07:00:00,6/9/2025 14:00,Hoàn Kiếm,VN,Asia/Ho_Chi_Minh,101,10,70,164.3,22,,93.7,79,0,1002,64,32.4,2.8,0.66,39
2025-06-09T08:00:00,6/9/2025 15:00,Hoàn Kiếm,VN,Asia/Ho_Chi_Minh,104,132.9,12.3,173.7,27.5,,96.3,70,0,1001,63,32.5,2,1.33,39
2025-06-09T09:00:00,6/9/2025 16:00,Hoàn Kiếm,VN,Asia/Ho_Chi_Minh,131,136,12,183,48,,99,62,0,1000,62,32.7,1.2,2,41
2025-06-09T10:00:00,6/9/2025 17:00,Hoàn Kiếm,VN,Asia/Ho_Chi_Minh,95,10,74,155.7,35,,107.3,70,0,1001,64,32.1,0.8,1.66,42
2025-06-09T11:00:00,6/9/2025 18:00,Hoàn Kiếm,VN,Asia/Ho_Chi_Minh,137,10,79,128.3,64,,115.7,79,0,1001,66,31.6,0.6,1.33,38
2025-06-09T12:00:00,6/9/2025 19:00,Hoàn Kiếm,VN,Asia/Ho_Chi_Minh,168,193.8,31,101,69,,124,87,0,1002,68,31,0,1,40.67
2025-06-09T13:00:00,6/9/2025 20:00,Hoàn Kiếm,VN,Asia/Ho_Chi_Minh,159,202.9,34,83.7,66.4,,120.3,66,0,1002,72,30.5,0,0.66,40
2025-06-09T14:00:00,6/9/2025 21:00,Hoàn Kiếm,VN,Asia/Ho_Chi_Minh,150,212,37,66.3,63.8,,116.7,45,0,1003,75,30,0,0.33,16
2025-06-09T15:00:00,6/9/2025 22:00,Hoàn Kiếm,VN,Asia/Ho_Chi_Minh,137,221.2,40,49,61.3,,113,25,0,1003,79,29.5,0,1.2,22
2025-06-09T16:00:00,6/9/2025 23:00,Hoàn Kiếm,VN,Asia/Ho_Chi_Minh,153,214.8,47.3,40.2,68.8,,93,45,0,1003,81,29.2,0,1.2,47
2025-06-09T17:00:00,6/10/2025 0:00,Hoàn Kiếm,VN,Asia/Ho_Chi_Minh,126,208.4,54.7,31.5,56.3,,73,66,0,1003,84,29,0,1.2,29
2025-06-09T18:00:00,6/10/2025 1:00,Hoàn Kiếm,VN,Asia/Ho_Chi_Minh,100,202,62,22.7,72,,53,87,0,1003,86,28.7,0,0.8,49
2025-06-09T19:00:00,6/10/2025 2:00,Hoàn Kiếm,VN,Asia/Ho_Chi_Minh,104,10,52,26.8,46.3,,61.3,91,0,1003,88,28.1,0,0.33,69
2025-06-09T20:00:00,6/10/2025 3:00,Hoàn Kiếm,VN,Asia/Ho_Chi_Minh,98,183.7,42,30.9,52.3,,69.7,95,0,1003,89,27.6,0,0.66,62.33
2025-06-09T21:00:00,6/10/2025 4:00,Hoàn Kiếm,VN,Asia/Ho_Chi_Minh,98,174.5,32,35,42.5,,78,100,0,1003,91,27,0,1,55.67
2025-06-09T22:00:00,6/10/2025 5:00,Hoàn Kiếm,VN,Asia/Ho_Chi_Minh,91,160.5,27.3,43,38.8,,74.3,100,0.75,1003,91,26.8,0,1,49
2025-06-09T23:00:00,6/10/2025 6:00,Hoàn Kiếm,VN,Asia/Ho_Chi_Minh,103,146.5,22.7,51,39.5,,70.7,100,1,1004,91,26.7,0.6,1,55
2025-06-10T00:00:00,6/10/2025 7:00,Hoàn Kiếm,VN,Asia/Ho_Chi_Minh,107,132.5,18,59,38,,67,100,0.75,1005,92,26.5,0.8,1,45
2025-06-10T01:00:00,6/10/2025 8:00,Hoàn Kiếm,VN,Asia/Ho_Chi_Minh,97,131.3,14.7,85.3,35.8,,75,91,0.5,1005,88,27.1,1.3,1.33,35
2025-06-10T02:00:00,6/10/2025 9:00,Hoàn Kiếm,VN,Asia/Ho_Chi_Minh,87,130.1,11.3,111.7,33.5,,83,83,0.5,1005,84,27.6,2.1,1.66,37
2025-06-10T03:00:00,6/10/2025 10:00,Hoàn Kiếm,VN,Asia/Ho_Chi_Minh,78,129,8,138,31.3,,91,75,0.25,1006,80,28.2,2.9,2,34.33
2025-06-10T04:00:00,6/10/2025 11:00,Hoàn Kiếm,VN,Asia/Ho_Chi_Minh,85,123.7,6.7,147.7,31.3,,87.3,75,0,1005,80,28.7,3.5,3.6,34
2025-06-10T05:00:00,6/10/2025 12:00,Hoàn Kiếm,VN,Asia/Ho_Chi_Minh,97,118.5,5.3,157.3,34.4,,83.7,75,0,1005,79,29.2,3.7,4,31
2025-06-10T06:00:00,6/10/2025 13:00,Hoàn Kiếm,VN,Asia/Ho_Chi_Minh,102,113.2,4,167,36,,80,75,0,1005,79,29.7,3.5,4.8,36.67
2025-06-10T07:00:00,6/10/2025 14:00,Hoàn Kiếm,VN,Asia/Ho_Chi_Minh,100,110.1,4.3,161,36.9,,79.3,75,0,1004,78,29.4,2.8,5.2,38
2025-06-10T08:00:00,6/10/2025 15:00,Hoàn Kiếm,VN,Asia/Ho_Chi_Minh,94,107,4.7,155,37.8,,78.7,75,0,1003,76,29,2,4.4,33.67
2025-06-10T09:00:00,6/10/2025 16:00,Hoàn Kiếm,VN,Asia/Ho_Chi_Minh,91,103.9,5,149,38.8,,78,75,0,1003,75,28.7,1.2,4.4,29.33
2025-06-10T10:00:00,6/10/2025 17:00,Hoàn Kiếm,VN,Asia/Ho_Chi_Minh,85,113.4,8.3,130,35,,79.3,79,0,1003,73,28.6,0.9,3.6,25
2025-06-10T11:00:00,6/10/2025 18:00,Hoàn Kiếm,VN,Asia/Ho_Chi_Minh,80,122.9,11.7,111,32.5,,80.7,83,0,1003,70,28.6,1.1,3.2,25
2025-06-10T12:00:00,6/10/2025 19:00,Hoàn Kiếm,VN,Asia/Ho_Chi_Minh,82,132.5,15,92,33.8,,82,87,0,1003,67,28.5,0,2,31.67
2025-06-10T13:00:00,6/10/2025 20:00,Hoàn Kiếm,VN,Asia/Ho_Chi_Minh,95,175.3,22,74.3,41.3,,85.7,91,0,1004,69,28.2,0,1.66,35
2025-06-10T14:00:00,6/10/2025 21:00,Hoàn Kiếm,VN,Asia/Ho_Chi_Minh,100,218.1,29,56.7,43.8,,89.3,95,0,1005,71,28,0,1.33,33.67
2025-06-10T15:00:00,6/10/2025 22:00,Hoàn Kiếm,VN,Asia/Ho_Chi_Minh,110,260.9,36,39,48.8,,93,100,0,1006,72,27.7,0,1,32.33
2025-06-10T16:00:00,6/10/2025 23:00,Hoàn Kiếm,VN,Asia/Ho_Chi_Minh,123,274.3,38,33,55,,88.3,79,0,1005,74,27.5,0,0.66,31
2025-06-10T17:00:00,6/11/2025 0:00,Hoàn Kiếm,VN,Asia/Ho_Chi_Minh,123,287.7,40,27,55,,83.7,58,0,1005,76,27.2,0,0.33,28
2025-06-10T18:00:00,6/11/2025 1:00,Hoàn Kiếm,VN,Asia/Ho_Chi_Minh,121,301.1,42,21,53.8,,79,37,0.25,1004,78,27,0,2,26
2025-06-10T19:00:00,6/11/2025 2:00,Hoàn Kiếm,VN,Asia/Ho_Chi_Minh,123,289.7,39.3,21.3,55,,74.3,33,0.5,1004,80,26.8,0,0.66,27
2025-06-10T20:00:00,6/11/2025 3:00,Hoàn Kiếm,VN,Asia/Ho_Chi_Minh,118,278.2,36.7,21.7,52.5,,69.7,29,0.25,1003,81,26.7,0,1.33,33
2025-06-10T21:00:00,6/11/2025 4:00,Hoàn Kiếm,VN,Asia/Ho_Chi_Minh,129,266.7,34,22,57.5,,65,25,0,1003,83,26.5,0,2,35
2025-06-10T22:00:00,6/11/2025 5:00,Hoàn Kiếm,VN,Asia/Ho_Chi_Minh,102,4133,208,29.2,44,,137,41,0,1003,81,26.7,0,2,39
2025-06-10T23:00:00,6/11/2025 6:00,Hoàn Kiếm,VN,Asia/Ho_Chi_Minh,143,199.4,20.7,56.7,57.8,,56.3,58,0,1004,80,27,0.8,2,44
2025-06-11T00:00:00,6/11/2025 7:00,Hoàn Kiếm,VN,Asia/Ho_Chi_Minh,150,165.7,14,74,58,,52,75,0,1005,78,27.2,0.8,2,44
2025-06-11T01:00:00,6/11/2025 8:00,Hoàn Kiếm,VN,Asia/Ho_Chi_Minh,140,149,11,95.7,56.6,,60.7,79,0,1005,75,28.1,1.3,2.33,43
2025-06-11T02:00:00,6/11/2025 9:00,Hoàn Kiếm,VN,Asia/Ho_Chi_Minh,130,132.3,8,117.3,55.2,,69.3,83,0,1005,72,29.1,2.7,2.66,44
2025-06-11T03:00:00,6/11/2025 10:00,Hoàn Kiếm,VN,Asia/Ho_Chi_Minh,121,115.6,5,139,53.8,,78,87,0,1005,69,30,4.9,3,42
2025-06-11T04:00:00,6/11/2025 11:00,Hoàn Kiếm,VN,Asia/Ho_Chi_Minh,121,109.7,4.7,144,53.8,,79,79,0,1004,67,31,7.2,3,46
2025-06-11T05:00:00,6/11/2025 12:00,Hoàn Kiếm,VN,Asia/Ho_Chi_Minh,123,103.9,4.3,149,55,,80,70,0,1004,65,32,8.7,3,36
2025-06-11T06:00:00,6/11/2025 13:00,Hoàn Kiếm,VN,Asia/Ho_Chi_Minh,112,98,4,154,50,,81,62,0,1003,62,33,9.1,3,51.33
2025-06-11T07:00:00,6/11/2025 14:00,Hoàn Kiếm,VN,Asia/Ho_Chi_Minh,105,99.4,5,140.7,46.7,,79.3,62,0,1002,61,33.3,8.3,2.66,54
2025-06-11T08:00:00,6/11/2025 15:00,Hoàn Kiếm,VN,Asia/Ho_Chi_Minh,99,100.8,6,127.3,43.3,,77.7,62,0,1002,60,33.7,6,2.33,50.33
2025-06-11T09:00:00,6/11/2025 16:00,Hoàn Kiếm,VN,Asia/Ho_Chi_Minh,93,102.1,7,114,40,,76,62,0,1001,59,34,3.1,2,46.67
2025-06-11T10:00:00,6/11/2025 17:00,Hoàn Kiếm,VN,Asia/Ho_Chi_Minh,93,122.6,35.3,78.2,40,,73.3,66,0,1001,61,33.2,1.3,2.66,43
2025-06-11T11:00:00,6/11/2025 18:00,Hoàn Kiếm,VN,Asia/Ho_Chi_Minh,148,143,108,14.1,102,,74,70,0,1002,62,32.3,0.9,3.33,43
2025-06-11T12:00:00,6/11/2025 19:00,Hoàn Kiếm,VN,Asia/Ho_Chi_Minh,112,163.4,92,6.5,78,,68,75,0.25,1002,64,31.5,0,4,44
2025-06-11T13:00:00,6/11/2025 20:00,Hoàn Kiếm,VN,Asia/Ho_Chi_Minh,105,276.9,102.3,9.4,71.3,,70,70,1.75,1003,70,30,0,3.33,40
2025-06-11T14:00:00,6/11/2025 21:00,Hoàn Kiếm,VN,Asia/Ho_Chi_Minh,95,10,112.7,12.3,41.3,,72,66,1,1004,78,28.5,0,2.66,37.33
2025-06-11T15:00:00,6/11/2025 22:00,Hoàn Kiếm,VN,Asia/Ho_Chi_Minh,93,504,123,15.1,58,,74,62,0.25,1004,86,27,0,2,34.67
2025-06-11T16:00:00,6/11/2025 23:00,Hoàn Kiếm,VN,Asia/Ho_Chi_Minh,89,403,108,16.2,56,,69.3,54,0,1004,86,26.9,0,2,32
2025-06-11T17:00:00,6/12/2025 0:00,Hoàn Kiếm,VN,Asia/Ho_Chi_Minh,92,261.4,49.7,45.7,45.2,,64.7,45,0,1004,87,26.8,0,2,32
2025-06-11T18:00:00,6/12/2025 1:00,Hoàn Kiếm,VN,Asia/Ho_Chi_Minh,91,140.1,13,61,38.8,,60,37,0,1003,88,26.7,0,2,53
2025-06-11T19:00:00,6/12/2025 2:00,Hoàn Kiếm,VN,Asia/Ho_Chi_Minh,98,133.6,12,60.7,42.9,,58.3,100,0,1003,85,27.3,0,2.4,40
2025-06-11T20:00:00,6/12/2025 3:00,Hoàn Kiếm,VN,Asia/Ho_Chi_Minh,104,127.2,11,60.3,46.3,,56.7,100,0,1003,82,27.9,0,2.4,37.33
2025-06-11T21:00:00,6/12/2025 4:00,Hoàn Kiếm,VN,Asia/Ho_Chi_Minh,115,120.8,10,60,51.3,,55,100,0,1003,79,28.5,0,2.4,33
2025-06-11T22:00:00,6/12/2025 5:00,Hoàn Kiếm,VN,Asia/Ho_Chi_Minh,121,119.6,9.3,62.3,53.8,,54,99,0,1003,76,29.1,0,2,32
2025-06-11T23:00:00,6/12/2025 6:00,Hoàn Kiếm,VN,Asia/Ho_Chi_Minh,126,118.5,8.7,64.7,56.3,,53,99,0,1003,73,29.8,0.7,2.4,30
2025-06-12T00:00:00,6/12/2025 7:00,Hoàn Kiếm,VN,Asia/Ho_Chi_Minh,131,117.3,8,67,58.8,,52,100,1,1003,71,30.4,0.8,2.8,31.33
2025-06-12T01:00:00,6/12/2025 8:00,Hoàn Kiếm,VN,Asia/Ho_Chi_Minh,124,110.3,7,79,55.4,,57,99,0.25,1003,68,31,1.3,3.2,31
2025-06-12T02:00:00,6/12/2025 9:00,Hoàn Kiếm,VN,Asia/Ho_Chi_Minh,134,103.3,6,91,60,,62,100,0,1003,66,31.6,2.1,4.4,34.33
2025-06-12T03:00:00,6/12/2025 10:00,Hoàn Kiếm,VN,Asia/Ho_Chi_Minh,110,96.3,5,103,48.8,,67,50,0,1003,63,32.2,2.9,3,37
2025-06-12T04:00:00,6/12/2025 11:00,Hoàn Kiếm,VN,Asia/Ho_Chi_Minh,80,89.5,4.7,106.7,32.5,,66.3,58,0,1003,62,33,3.7,3,41
2025-06-12T05:00:00,6/12/2025 12:00,Hoàn Kiếm,VN,Asia/Ho_Chi_Minh,78,82.7,4.3,110.3,31.3,,65.7,66,0,1002,61,33.7,3.8,3,43
2025-06-12T06:00:00,6/12/2025 13:00,Hoàn Kiếm,VN,Asia/Ho_Chi_Minh,56,75.9,4,114,15,,65,75,0,1001,60,34.5,3.5,3,45
2025-06-12T07:00:00,6/12/2025 14:00,Hoàn Kiếm,VN,Asia/Ho_Chi_Minh,72,53.9,5,77.7,27.5,,43.7,75,0,1001,68,32.5,2.8,2.66,47
2025-06-12T08:00:00,6/12/2025 15:00,Hoàn Kiếm,VN,Asia/Ho_Chi_Minh,89,10,6,41.5,37.5,,22.3,75,0,1000,78,30.6,2,2.33,44.33
2025-06-12T09:00:00,6/12/2025 16:00,Hoàn Kiếm,VN,Asia/Ho_Chi_Minh,172,10,7,5.2,172,,1,75,0,1000,88,28.6,1.2,2,48
2025-06-12T10:00:00,6/12/2025 17:00,Hoàn Kiếm,VN,Asia/Ho_Chi_Minh,222,10,9.7,4.2,222,,33,83,0.25,1000,89,28.7,0.8,2,39
2025-06-12T11:00:00,6/12/2025 18:00,Hoàn Kiếm,VN,Asia/Ho_Chi_Minh,162,10,12.3,3,162,,33,91,1,1001,89,28.9,0.6,2,26
2025-06-12T12:00:00,6/12/2025 19:00,Hoàn Kiếm,VN,Asia/Ho_Chi_Minh,139,113.8,15,63,50,,74,100,0,1001,90,29,0,2,25
2025-06-12T13:00:00,6/12/2025 20:00,Hoàn Kiếm,VN,Asia/Ho_Chi_Minh,91,1114,247,18.6,136.5,,76,87,0.25,1001,91,28.7,0,1.33,15
2025-06-12T14:00:00,6/12/2025 21:00,Hoàn Kiếm,VN,Asia/Ho_Chi_Minh,129,2117,239,29.2,68,,116,75,0.25,1002,92,28.5,0,0.66,22
2025-06-12T15:00:00,6/12/2025 22:00,Hoàn Kiếm,VN,Asia/Ho_Chi_Minh,114,2117,231,25.9,66,,121,62,0.5,1002,94,28.2,0,1.6,30
2025-06-12T16:00:00,6/12/2025 23:00,Hoàn Kiếm,VN,Asia/Ho_Chi_Minh,114,1442.3,157.7,36.3,57.7,,100,66,0.25,1002,93,27.9,0,0.33,172
2025-06-12T17:00:00,6/13/2025 0:00,Hoàn Kiếm,VN,Asia/Ho_Chi_Minh,104,202,69,20.5,76,,79,70,0.25,1002,92,27.5,0,0.66,222
2025-06-12T18:00:00,6/13/2025 1:00,Hoàn Kiếm,VN,Asia/Ho_Chi_Minh,115,92.8,11,57,41,,58,75,0.5,1002,90,27.2,0,1,162
2025-06-12T19:00:00,6/13/2025 2:00,Hoàn Kiếm,VN,Asia/Ho_Chi_Minh,93,202,39,21.6,66,,54.3,58,0.5,1002,91,27.1,0,0.66,50
2025-06-12T20:00:00,6/13/2025 3:00,Hoàn Kiếm,VN,Asia/Ho_Chi_Minh,91,87.3,9.7,57.7,31,,50.7,41,0.25,1002,92,26.9,0,0.33,27
2025-06-12T21:00:00,6/13/2025 4:00,Hoàn Kiếm,VN,Asia/Ho_Chi_Minh,80,84.6,9,58,26,,47,25,0.25,1002,92,26.8,0,3.2,46
2025-06-12T22:00:00,6/13/2025 5:00,Hoàn Kiếm,VN,Asia/Ho_Chi_Minh,123,82.7,8.3,59.3,55,,49,29,1.25,1002,92,26.9,0,1,40.5
2025-06-12T23:00:00,6/13/2025 6:00,Hoàn Kiếm,VN,Asia/Ho_Chi_Minh,118,80.7,7.7,60.7,52.5,,51,33,0,1002,92,26.9,0.6,2,40.67
2025-06-13T00:00:00,6/13/2025 7:00,Hoàn Kiếm,VN,Asia/Ho_Chi_Minh,69,78.8,7,62,21,,53,37,0.25,1003,93,27,0.8,3,37
2025-06-13T01:00:00,6/13/2025 8:00,Hoàn Kiếm,VN,Asia/Ho_Chi_Minh,112,55.9,6,76,50,,60,50,0.5,1003,86,28.2,1.3,3,41
2025-06-13T02:00:00,6/13/2025 9:00,Hoàn Kiếm,VN,Asia/Ho_Chi_Minh,107,32.9,5,90,47.5,,67,62,0.5,1003,81,29.5,2.1,3,32
2025-06-13T03:00:00,6/13/2025 10:00,Hoàn Kiếm,VN,Asia/Ho_Chi_Minh,80,10,4,104,32.5,,74,75,0,1003,75,30.7,2.9,3,31
2025-06-13T04:00:00,6/13/2025 11:00,Hoàn Kiếm,VN,Asia/Ho_Chi_Minh,72,27.1,3.7,112.3,26.7,,71,75,0,1002,69,31.7,3.5,3,26
2025-06-13T05:00:00,6/13/2025 12:00,Hoàn Kiếm,VN,Asia/Ho_Chi_Minh,51,10,3.3,120.7,15,,68,75,0,1001,63,32.6,3.7,3,44
2025-06-13T06:00:00,6/13/2025 13:00,Hoàn Kiếm,VN,Asia/Ho_Chi_Minh,61,61.3,3,129,15,,65,75,0,1001,58,33.6,3.5,3,42
2025-06-13T07:00:00,6/13/2025 14:00,Hoàn Kiếm,VN,Asia/Ho_Chi_Minh,55,63,3.3,122,15,,59.7,79,0.75,1000,58,33.6,2.9,3,21
2025-06-13T08:00:00,6/13/2025 15:00,Hoàn Kiếm,VN,Asia/Ho_Chi_Minh,56,64.8,3.7,115,15,,54.3,83,1,999,58,33.6,2.2,3,40
2025-06-13T09:00:00,6/13/2025 16:00,Hoàn Kiếm,VN,Asia/Ho_Chi_Minh,56,66.5,4,108,15,,49,87,1,998,59,33.6,1.3,3,38
2025-06-13T10:00:00,6/13/2025 17:00,Hoàn Kiếm,VN,Asia/Ho_Chi_Minh,82,80.3,7.7,96,26.7,,56.3,66,0.5,998,60,33,0.8,2.66,26
2025-06-13T11:00:00,6/13/2025 18:00,Hoàn Kiếm,VN,Asia/Ho_Chi_Minh,61,94.2,11.3,84,21.3,,63.7,45,0,999,61,32.3,0.7,2.33,22
2025-06-13T12:00:00,6/13/2025 19:00,Hoàn Kiếm,VN,Asia/Ho_Chi_Minh,139,108,15,72,50,,71,25,0,999,62,31.7,0,2,12
2025-06-13T13:00:00,6/13/2025 20:00,Hoàn Kiếm,VN,Asia/Ho_Chi_Minh,80,443.3,84.3,55.9,32.5,,82.3,45,0,1000,65,31.2,0,1.33,14
2025-06-13T14:00:00,6/13/2025 21:00,Hoàn Kiếm,VN,Asia/Ho_Chi_Minh,67,2117,200,28.1,37,,105,66,0,1001,68,30.8,0,0.66,14.33
2025-06-13T15:00:00,6/13/2025 22:00,Hoàn Kiếm,VN,Asia/Ho_Chi_Minh,68,1114,223,23.8,36,,105,87,0,1002,71,30.3,0,2,14.67
2025-06-13T16:00:00,6/13/2025 23:00,Hoàn Kiếm,VN,Asia/Ho_Chi_Minh,59,2218,208,21.6,29,,110,83,0,1001,74,30.1,0,1,15
2025-06-13T17:00:00,6/14/2025 0:00,Hoàn Kiếm,VN,Asia/Ho_Chi_Minh,62,2117,193,25.9,25,,105,79,0,1001,76,29.9,0,2,26.67
2025-06-13T18:00:00,6/14/2025 1:00,Hoàn Kiếm,VN,Asia/Ho_Chi_Minh,160,104.5,15,57,64,,62,75,0,1000,79,29.7,0,3,17
2025-06-13T19:00:00,6/14/2025 2:00,Hoàn Kiếm,VN,Asia/Ho_Chi_Minh,91,103.1,14.3,57.3,38.8,,59,83,0,1000,79,29.4,0,3,50
2025-06-13T20:00:00,6/14/2025 3:00,Hoàn Kiếm,VN,Asia/Ho_Chi_Minh,91,101.7,13.7,57.7,38.8,,56,91,0,1000,79,29,0,3,26
2025-06-13T21:00:00,6/14/2025 4:00,Hoàn Kiếm,VN,Asia/Ho_Chi_Minh,98,100.4,13,58,42.5,,53,100,0.5,1000,79,28.7,0,3,20
2025-06-13T22:00:00,6/14/2025 5:00,Hoàn Kiếm,VN,Asia/Ho_Chi_Minh,98,105.4,13,58.7,42.5,,53.7,95,0.5,1001,80,28.9,0,2.66,20.5
2025-06-13T23:00:00,6/14/2025 6:00,Hoàn Kiếm,VN,Asia/Ho_Chi_Minh,87,110.5,13,59.3,36.3,,54.3,91,0,1001,81,29.1,1.4,2.33,16
2025-06-14T00:00:00,6/14/2025 7:00,Hoàn Kiếm,VN,Asia/Ho_Chi_Minh,93,115.6,13,60,32,,55,87,0,1001,81,29.3,2.1,2,17.5
2025-06-14T01:00:00,6/14/2025 8:00,Hoàn Kiếm,VN,Asia/Ho_Chi_Minh,87,102.7,10,80,36.3,,61,62,0,1001,73,30.7,3.3,2,63
2025-06-14T02:00:00,6/14/2025 9:00,Hoàn Kiếm,VN,Asia/Ho_Chi_Minh,74,89.9,7,100,23.3,,67,37,0,1001,66,32.1,5.5,2,31
2025-06-14T03:00:00,6/14/2025 10:00,Hoàn Kiếm,VN,Asia/Ho_Chi_Minh,65,77,4,120,19,,73,12,0,1001,59,33.5,6.3,2,31
2025-06-14T04:00:00,6/14/2025 11:00,Hoàn Kiếm,VN,Asia/Ho_Chi_Minh,64,74.9,3.7,127,19,,67.7,12,0,1001,56,34.2,7.7,2,34
2025-06-14T05:00:00,6/14/2025 12:00,Hoàn Kiếm,VN,Asia/Ho_Chi_Minh,68,72.8,3.3,134,19,,62.3,12,0,1000,54,34.8,6.9,2,34
2025-06-14T06:00:00,6/14/2025 13:00,Hoàn Kiếm,VN,Asia/Ho_Chi_Minh,76,70.6,3,141,19,,57,12,0,1000,52,35.5,5.9,2,29
2025-06-14T07:00:00,6/14/2025 14:00,Hoàn Kiếm,VN,Asia/Ho_Chi_Minh,82,76.5,4,145.7,21,,55,12,0,999,52,35.7,3.4,2,32
2025-06-14T08:00:00,6/14/2025 15:00,Hoàn Kiếm,VN,Asia/Ho_Chi_Minh,88,82.3,5,150.3,23,,53,12,0,998,51,36,2.5,2,29
2025-06-14T09:00:00,6/14/2025 16:00,Hoàn Kiếm,VN,Asia/Ho_Chi_Minh,94,88.1,6,155,25,,51,12,0,998,51,36.2,1.4,2,23.33
2025-06-14T10:00:00,6/14/2025 17:00,Hoàn Kiếm,VN,Asia/Ho_Chi_Minh,93,109.7,10.3,152,32,,68.7,14,0,998,56,35.3,0.8,2,19
2025-06-14T11:00:00,6/14/2025 18:00,Hoàn Kiếm,VN,Asia/Ho_Chi_Minh,86,131.3,14.7,149,30,,86.3,16,0,998,61,34.4,0.7,2,18.67
2025-06-14T12:00:00,6/14/2025 19:00,Hoàn Kiếm,VN,Asia/Ho_Chi_Minh,129,152.9,19,146,46,,104,18,0,999,67,33.5,0,2,18.33
2025-06-14T13:00:00,6/14/2025 20:00,Hoàn Kiếm,VN,Asia/Ho_Chi_Minh,110,1461.5,200,39.5,72,,155.5,20,0,999,70,32.5,0,2,18
2025-06-14T14:00:00,6/14/2025 21:00,Hoàn Kiếm,VN,Asia/Ho_Chi_Minh,235,2520,270,28.1,152,,37,22,0,1000,73,31.5,0,2,20.33
2025-06-14T15:00:00,6/14/2025 22:00,Hoàn Kiếm,VN,Asia/Ho_Chi_Minh,239,2520,293,24.9,160,,37,25,0,1001,76,30.5,0,2,22.67
2025-06-14T16:00:00,6/14/2025 23:00,Hoàn Kiếm,VN,Asia/Ho_Chi_Minh,269,2520,239,25.9,158,,37,25,0,1000,79,30,0,2,25
2025-06-14T17:00:00,6/15/2025 0:00,Hoàn Kiếm,VN,Asia/Ho_Chi_Minh,197,2385.3,195,29.9,122.7,,40.3,25,0,1000,82,29.6,0,2,32
2025-06-14T18:00:00,6/15/2025 1:00,Hoàn Kiếm,VN,Asia/Ho_Chi_Minh,176,2318,146,32.4,104,,42,25,0,1000,85,29.1,0,2,24
2025-06-14T19:00:00,6/15/2025 2:00,Hoàn Kiếm,VN,Asia/Ho_Chi_Minh,112,2218,146,25.9,66,,37,94,0,1000,87,28.9,0,1.66,46
2025-06-14T20:00:00,6/15/2025 3:00,Hoàn Kiếm,VN,Asia/Ho_Chi_Minh,196,918.2,70.7,34.1,101.3,,61.3,96,0,1000,89,28.8,0,1.33,39
2025-06-14T21:00:00,6/15/2025 4:00,Hoàn Kiếm,VN,Asia/Ho_Chi_Minh,205,218.3,33,35,100,,71,95,0,1000,91,28.6,0,1,119
2025-06-14T22:00:00,6/15/2025 5:00,Hoàn Kiếm,VN,Asia/Ho_Chi_Minh,199,213,30.7,44,95.3,,76.3,97,0,1000,90,29,0,1,122.5
2025-06-14T23:00:00,6/15/2025 6:00,Hoàn Kiếm,VN,Asia/Ho_Chi_Minh,192,207.8,28.3,53,90.7,,81.7,99,0,1001,90,29.3,0.7,1,145
2025-06-15T00:00:00,6/15/2025 7:00,Hoàn Kiếm,VN,Asia/Ho_Chi_Minh,185,202.5,26,62,86,,87,95,0,1001,90,29.7,0.9,1,90.83
2025-06-15T01:00:00,6/15/2025 8:00,Hoàn Kiếm,VN,Asia/Ho_Chi_Minh,176,191.4,21,116.3,78,,105,97,0,1001,83,30.9,1.4,1.33,75
2025-06-15T02:00:00,6/15/2025 9:00,Hoàn Kiếm,VN,Asia/Ho_Chi_Minh,168,180.3,16,170.7,70,,123,95,0,1002,77,32,2.3,1.66,40
2025-06-15T03:00:00,6/15/2025 10:00,Hoàn Kiếm,VN,Asia/Ho_Chi_Minh,159,169.2,11,225,62,,141,78,0,1002,71,33.2,4.3,2,89.67
2025-06-15T04:00:00,6/15/2025 11:00,Hoàn Kiếm,VN,Asia/Ho_Chi_Minh,153,164,10.3,223,57.3,,127.7,43,0,1001,66,34.3,8,2,97
2025-06-15T05:00:00,6/15/2025 12:00,Hoàn Kiếm,VN,Asia/Ho_Chi_Minh,147,158.7,9.7,221,52.7,,114.3,50,0,1000,61,35.5,7.9,2,92
2025-06-15T06:00:00,6/15/2025 13:00,Hoàn Kiếm,VN,Asia/Ho_Chi_Minh,134,153.5,9,219,48,,101,25,0,1000,56,36.6,7.8,2,87
2025-06-15T07:00:00,6/15/2025 14:00,Hoàn Kiếm,VN,Asia/Ho_Chi_Minh,101,2419,170,164,30,,37,37,0,999,55,36.9,5.7,2,82
2025-06-15T08:00:00,6/15/2025 15:00,Hoàn Kiếm,VN,Asia/Ho_Chi_Minh,46,2419,177,76,30,,32,50,0,999,54,37.1,3.1,2,75.33
2025-06-15T09:00:00,6/15/2025 16:00,Hoàn Kiếm,VN,Asia/Ho_Chi_Minh,46,2419,177,76,30,,32,62,0,998,53,37.4,1.5,2,68.67
2025-06-15T10:00:00,6/15/2025 17:00,Hoàn Kiếm,VN,Asia/Ho_Chi_Minh,73,2419,177,76,30,,32,66,0,1000,57,35.5,0.9,2.33,62
2025-06-15T11:00:00,6/15/2025 18:00,Hoàn Kiếm,VN,Asia/Ho_Chi_Minh,46,2419,177,76,30,,32,70,2,1001,62,33.5,0.7,2.66,57.33
2025-06-15T12:00:00,6/15/2025 19:00,Hoàn Kiếm,VN,Asia/Ho_Chi_Minh,98,187.9,26,96,42.5,,121,75,11.25,1003,68,31.6,0,3,52.67
2025-06-15T13:00:00,6/15/2025 20:00,Hoàn Kiếm,VN,Asia/Ho_Chi_Minh,91,10,79,68,38.8,,117.3,83,10.5,1003,75,29.7,0,2.33,48
2025-06-15T14:00:00,6/15/2025 21:00,Hoàn Kiếm,VN,Asia/Ho_Chi_Minh,69,1360.5,154,27,54,,37,91,6,1004,84,27.7,0,1.66,12
2025-06-15T15:00:00,6/15/2025 22:00,Hoàn Kiếm,VN,Asia/Ho_Chi_Minh,63,706,185,11.9,51,,110,100,5.5,1005,94,25.8,0,1,11
2025-06-15T16:00:00,6/15/2025 23:00,Hoàn Kiếm,VN,Asia/Ho_Chi_Minh,65,534.7,132.3,21.3,23.8,,101.3,100,3.25,1004,94,25.7,0,0.66,11
2025-06-15T17:00:00,6/16/2025 0:00,Hoàn Kiếm,VN,Asia/Ho_Chi_Minh,69,363.3,79.7,30.6,35.3,,92.7,100,3.25,1004,94,25.6,0,0.33,22.5
2025-06-15T18:00:00,6/16/2025 1:00,Hoàn Kiếm,VN,Asia/Ho_Chi_Minh,72,192,27,40,27.5,,84,100,1.5,1003,93,25.5,0,1.2,11
2025-06-15T19:00:00,6/16/2025 2:00,Hoàn Kiếm,VN,Asia/Ho_Chi_Minh,78,184.4,26.7,38.3,31.3,,78,100,1.25,1004,93,25.7,0,1.6,34
2025-06-15T20:00:00,6/16/2025 3:00,Hoàn Kiếm,VN,Asia/Ho_Chi_Minh,148,176.8,26.3,36.7,55.2,,72,100,0.75,1004,94,25.9,0,1.2,31
2025-06-15T21:00:00,6/16/2025 4:00,Hoàn Kiếm,VN,Asia/Ho_Chi_Minh,168,169.2,26,35,69,,66,100,0.25,1004,94,26.1,0,1.2,21
2025-06-15T22:00:00,6/16/2025 5:00,Hoàn Kiếm,VN,Asia/Ho_Chi_Minh,156,160.9,23.3,43.3,60.3,,64,100,0,1004,92,26.3,0,0.8,18
2025-06-15T23:00:00,6/16/2025 6:00,Hoàn Kiếm,VN,Asia/Ho_Chi_Minh,142,152.5,20.7,51.7,51.7,,62,100,0.75,1004,90,26.6,0.7,0.8,19
2025-06-16T00:00:00,6/16/2025 7:00,Hoàn Kiếm,VN,Asia/Ho_Chi_Minh,118,144.1,18,60,43,,60,100,1,1004,88,26.8,0.8,1.2,20.67
2025-06-16T01:00:00,6/16/2025 8:00,Hoàn Kiếm,VN,Asia/Ho_Chi_Minh,98,801.8,99.3,51.2,42.5,,91,100,1.5,1005,86,27.5,1.3,0.66,22
2025-06-16T02:00:00,6/16/2025 9:00,Hoàn Kiếm,VN,Asia/Ho_Chi_Minh,93,1459.4,180.7,42.3,40,,122,100,2.25,1005,84,28.3,2,1.33,25
2025-06-16T03:00:00,6/16/2025 10:00,Hoàn Kiếm,VN,Asia/Ho_Chi_Minh,50,2117,262,33.5,12,,153,100,2.75,1005,81,29,2.9,2,53.33
2025-06-16T04:00:00,6/16/2025 11:00,Hoàn Kiếm,VN,Asia/Ho_Chi_Minh,56,1915,293,37.8,15,,153,95,2.25,1004,81,29,3.6,2,69
2025-06-16T05:00:00,6/16/2025 12:00,Hoàn Kiếm,VN,Asia/Ho_Chi_Minh,57,1982.3,272,32.1,15.3,,153,91,2.5,1004,81,29,3.7,2,60
2025-06-16T06:00:00,6/16/2025 13:00,Hoàn Kiếm,VN,Asia/Ho_Chi_Minh,61,1915,277,31.4,17,,153,87,1.75,1003,80,29,3.5,2,51
2025-06-16T07:00:00,6/16/2025 14:00,Hoàn Kiếm,VN,Asia/Ho_Chi_Minh,66,1915,277,24.9,21,,153,87,1,1003,79,29.4,2.8,2,42
2025-06-16T08:00:00,6/16/2025 15:00,Hoàn Kiếm,VN,Asia/Ho_Chi_Minh,80,721.6,101,129.1,32.5,,113,87,0.5,1002,78,29.9,2,2,34
2025-06-16T09:00:00,6/16/2025 16:00,Hoàn Kiếm,VN,Asia/Ho_Chi_Minh,105,124.9,13,178,36.3,,93,87,0,1002,76,30.3,1.3,2,32
2025-06-16T10:00:00,6/16/2025 17:00,Hoàn Kiếm,VN,Asia/Ho_Chi_Minh,100,139.1,15,159.3,43.8,,93,79,0,1002,80,28.9,0.8,1.66,12
2025-06-16T11:00:00,6/16/2025 18:00,Hoàn Kiếm,VN,Asia/Ho_Chi_Minh,101,153.3,17,140.7,44.6,,93,70,0.25,1003,83,27.6,0.7,1.33,15
2025-06-16T12:00:00,6/16/2025 19:00,Hoàn Kiếm,VN,Asia/Ho_Chi_Minh,110,167.5,19,122,48.8,,93,62,1.25,1004,87,26.2,0,1,15.33
2025-06-16T13:00:00,6/16/2025 20:00,Hoàn Kiếm,VN,Asia/Ho_Chi_Minh,93,176.2,20,110.3,40,,96,75,2.5,1004,90,26.3,0,1,17
2025-06-16T14:00:00,6/16/2025 21:00,Hoàn Kiếm,VN,Asia/Ho_Chi_Minh,87,185,21,98.7,36.3,,99,87,2.5,1004,92,26.4,0,1,19.5
2025-06-16T15:00:00,6/16/2025 22:00,Hoàn Kiếm,VN,Asia/Ho_Chi_Minh,82,193.8,22,87,33.8,,102,100,2.25,1005,94,26.5,0,1,26
2025-06-16T16:00:00,6/16/2025 23:00,Hoàn Kiếm,VN,Asia/Ho_Chi_Minh,126,187.7,22.3,80.3,49.8,,92,100,1.5,1005,94,26.5,0,0.66,29
2025-06-16T17:00:00,6/17/2025 0:00,Hoàn Kiếm,VN,Asia/Ho_Chi_Minh,160,181.7,22.7,73.7,65.9,,82,100,0.5,1005,94,26.5,0,0.33,35
2025-06-16T18:00:00,6/17/2025 1:00,Hoàn Kiếm,VN,Asia/Ho_Chi_Minh,184,175.7,23,67,82,,72,100,0.5,1005,94,26.5,0,1.6,35.67
2025-06-16T19:00:00,6/17/2025 2:00,Hoàn Kiếm,VN,Asia/Ho_Chi_Minh,87,159.5,22.7,61,36.3,,61.3,100,0.5,1004,94,26.6,0,1.6,39
2025-06-16T20:00:00,6/17/2025 3:00,Hoàn Kiếm,VN,Asia/Ho_Chi_Minh,93,143.4,22.3,55,40,,50.7,100,0.5,1004,94,26.8,0,1.6,32
2025-06-16T21:00:00,6/17/2025 4:00,Hoàn Kiếm,VN,Asia/Ho_Chi_Minh,110,127.2,22,49,48.8,,40,100,0,1004,94,26.9,0,1.6,29
2025-06-16T22:00:00,6/17/2025 5:00,Hoàn Kiếm,VN,Asia/Ho_Chi_Minh,139,118.1,21,52,62.5,,43.7,100,0,1004,94,27,0,1.6,27
2025-06-16T23:00:00,6/17/2025 6:00,Hoàn Kiếm,VN,Asia/Ho_Chi_Minh,142,108.9,20,55,63.8,,47.3,100,0,1004,94,27.2,0.7,1.6,45
2025-06-17T00:00:00,6/17/2025 7:00,Hoàn Kiếm,VN,Asia/Ho_Chi_Minh,112,99.8,19,58,41,,51,100,1,1004,94,27.3,0.9,1.2,63
2025-06-17T01:00:00,6/17/2025 8:00,Hoàn Kiếm,VN,Asia/Ho_Chi_Minh,139,101.7,16.7,80.7,62.5,,57.3,100,1,1004,92,27.8,1.4,1.6,81
2025-06-17T02:00:00,6/17/2025 9:00,Hoàn Kiếm,VN,Asia/Ho_Chi_Minh,142,103.7,14.3,103.3,63.8,,63.7,100,1.25,1004,91,28.3,2.1,2,29
2025-06-17T03:00:00,6/17/2025 10:00,Hoàn Kiếm,VN,Asia/Ho_Chi_Minh,157,105.6,12,126,76.3,,70,100,2,1005,90,28.8,3.1,1.6,32
2025-06-17T04:00:00,6/17/2025 11:00,Hoàn Kiếm,VN,Asia/Ho_Chi_Minh,171,110.3,11,140.7,88.8,,75,91,4,1004,86,29.5,3.5,1.6,39
2025-06-17T05:00:00,6/17/2025 12:00,Hoàn Kiếm,VN,Asia/Ho_Chi_Minh,153,115,10,155.3,68.8,,80,83,1.5,1004,83,30.3,3.7,2,50
2025-06-17T06:00:00,6/17/2025 13:00,Hoàn Kiếm,VN,Asia/Ho_Chi_Minh,145,119.6,9,170,65,,85,75,0.25,1003,80,31,3.7,2.8,51
2025-06-17T07:00:00,6/17/2025 14:00,Hoàn Kiếm,VN,Asia/Ho_Chi_Minh,138,123.3,10,172,58,,88,62,0,1002,75,32,2.8,0.66,40
2025-06-17T08:00:00,6/17/2025 15:00,Hoàn Kiếm,VN,Asia/Ho_Chi_Minh,130,127,11,174,51,,91,50,0,1002,70,33,2,1.33,50
2025-06-17T09:00:00,6/17/2025 16:00,Hoàn Kiếm,VN,Asia/Ho_Chi_Minh,123,130.7,12,176,44,,94,37,0,1001,66,34,1.3,2,51
2025-06-17T10:00:00,6/17/2025 17:00,Hoàn Kiếm,VN,Asia/Ho_Chi_Minh,148,144.7,16.3,148,53.7,,92,37,0,1001,68,33.4,0.8,2.33,61
2025-06-17T11:00:00,6/17/2025 18:00,Hoàn Kiếm,VN,Asia/Ho_Chi_Minh,160,158.7,20.7,120,63.3,,90,37,0,1001,71,32.8,0.6,2.66,71
2025-06-17T12:00:00,6/17/2025 19:00,Hoàn Kiếm,VN,Asia/Ho_Chi_Minh,172,172.7,25,92,73,,88,37,1,1002,73,32.2,0,3,55
2025-06-17T13:00:00,6/17/2025 20:00,Hoàn Kiếm,VN,Asia/Ho_Chi_Minh,54,518.5,86,68.2,17.5,,86.7,54,1.75,1002,76,30.9,0,2.66,52
2025-06-17T14:00:00,6/17/2025 21:00,Hoàn Kiếm,VN,Asia/Ho_Chi_Minh,192,1411,200,42.2,138,,89,70,2,1003,79,29.7,0,2.33,49.33
2025-06-17T15:00:00,6/17/2025 22:00,Hoàn Kiếm,VN,Asia/Ho_Chi_Minh,153,1210,208,20.5,92,,84,87,1.75,1004,82,28.4,0,2,46.67
2025-06-17T16:00:00,6/17/2025 23:00,Hoàn Kiếm,VN,Asia/Ho_Chi_Minh,100,806,77,10.8,72,,78,87,0.75,1004,82,28.3,0,2,44
2025-06-17T17:00:00,6/18/2025 0:00,Hoàn Kiếm,VN,Asia/Ho_Chi_Minh,76,302,85,19.5,56,,72,87,0,1004,82,28.3,0,2,53.33
2025-06-17T18:00:00,6/18/2025 1:00,Hoàn Kiếm,VN,Asia/Ho_Chi_Minh,199,159.3,27,48,95,,66,87,0,1003,82,28.2,0,2,62.67
2025-06-17T19:00:00,6/18/2025 2:00,Hoàn Kiếm,VN,Asia/Ho_Chi_Minh,187,147.5,25,50,85.7,,62.3,83,0.25,1003,84,27.9,0,2,72
2025-06-17T20:00:00,6/18/2025 3:00,Hoàn Kiếm,VN,Asia/Ho_Chi_Minh,176,135.6,23,52,76.3,,58.7,79,0,1003,86,27.6,0,2,14
2025-06-17T21:00:00,6/18/2025 4:00,Hoàn Kiếm,VN,Asia/Ho_Chi_Minh,164,123.7,21,54,67,,55,75,0,1003,88,27.3,0,2,87
2025-06-17T22:00:00,6/18/2025 5:00,Hoàn Kiếm,VN,Asia/Ho_Chi_Minh,163,131.9,22,51.3,66.7,,63.7,79,0,1003,87,27.7,0,2,58
2025-06-17T23:00:00,6/18/2025 6:00,Hoàn Kiếm,VN,Asia/Ho_Chi_Minh,162,140.1,23,48.7,66.3,,72.3,83,0,1003,86,28,0.6,2,35
2025-06-18T00:00:00,6/18/2025 7:00,Hoàn Kiếm,VN,Asia/Ho_Chi_Minh,161,148.2,24,46,66,,81,87,0,1004,85,28.4,0.8,2,24
2025-06-18T01:00:00,6/18/2025 8:00,Hoàn Kiếm,VN,Asia/Ho_Chi_Minh,155,146.3,20,81.7,60.7,,86.7,87,0,1004,80,29.5,1.3,2.33,92
2025-06-18T02:00:00,6/18/2025 9:00,Hoàn Kiếm,VN,Asia/Ho_Chi_Minh,150,144.3,16,117.3,55.3,,92.3,87,0,1004,75,30.5,2,2.66,83.33
2025-06-18T03:00:00,6/18/2025 10:00,Hoàn Kiếm,VN,Asia/Ho_Chi_Minh,137,142.4,12,153,50,,98,87,0,1004,71,31.6,2.9,3,74.67
2025-06-18T04:00:00,6/18/2025 11:00,Hoàn Kiếm,VN,Asia/Ho_Chi_Minh,120,129.8,9.7,163.3,43.3,,91.3,87,0,1003,68,32.2,3.5,3,66
2025-06-18T05:00:00,6/18/2025 12:00,Hoàn Kiếm,VN,Asia/Ho_Chi_Minh,104,117.1,7.3,173.7,36.7,,84.7,87,0,1003,66,32.9,3.7,3,65.33
2025-06-18T06:00:00,6/18/2025 13:00,Hoàn Kiếm,VN,Asia/Ho_Chi_Minh,107,104.5,5,184,30,,78,87,0,1002,64,33.5,3.5,3,64.67
2025-06-18T07:00:00,6/18/2025 14:00,Hoàn Kiếm,VN,Asia/Ho_Chi_Minh,102,104.9,7,166.3,31,,74,87,0,1002,61,33.9,2.8,3,64
2025-06-18T08:00:00,6/18/2025 15:00,Hoàn Kiếm,VN,Asia/Ho_Chi_Minh,93,105.2,9,148.7,32,,70,87,0,1001,58,34.4,2,3,59
2025-06-18T09:00:00,6/18/2025 16:00,Hoàn Kiếm,VN,Asia/Ho_Chi_Minh,95,105.6,11,131,33,,66,87,0.25,1000,56,34.8,1.3,3,54
2025-06-18T10:00:00,6/18/2025 17:00,Hoàn Kiếm,VN,Asia/Ho_Chi_Minh,56,110.9,13,123.7,42,,66.7,83,1,1001,60,34.1,0.8,3,49
2025-06-18T11:00:00,6/18/2025 18:00,Hoàn Kiếm,VN,Asia/Ho_Chi_Minh,117,116.1,15,116.3,41.7,,67.3,79,0,1001,63,33.4,0.6,3,42.67
2025-06-18T12:00:00,6/18/2025 19:00,Hoàn Kiếm,VN,Asia/Ho_Chi_Minh,129,121.4,17,109,46,,68,75,0,1001,67,32.7,0,3,36.33
2025-06-18T13:00:00,6/18/2025 20:00,Hoàn Kiếm,VN,Asia/Ho_Chi_Minh,126,706,177,43.2,70,,84,79,0.25,1002,74,31.9,0,3,30
2025-06-18T14:00:00,6/18/2025 21:00,Hoàn Kiếm,VN,Asia/Ho_Chi_Minh,126,605,131,35.7,70,,79,83,0.5,1003,80,31,0,3,31
2025-06-18T15:00:00,6/18/2025 22:00,Hoàn Kiếm,VN,Asia/Ho_Chi_Minh,152,100.4,14,79,71.3,,38,87,0.5,1004,88,30.2,0,3,32
2025-06-18T16:00:00,6/18/2025 23:00,Hoàn Kiếm,VN,Asia/Ho_Chi_Minh,131,202,62,13,86,,35.3,83,0.25,1003,88,30.1,0,3,33
2025-06-18T17:00:00,6/19/2025 0:00,Hoàn Kiếm,VN,Asia/Ho_Chi_Minh,106,94.5,12,91.7,43.8,,32.7,79,0,1003,89,29.9,0,3,15
2025-06-18T18:00:00,6/19/2025 1:00,Hoàn Kiếm,VN,Asia/Ho_Chi_Minh,85,91.6,11,98,30,,30,75,0,1002,90,29.8,0,3,41.67
2025-06-18T19:00:00,6/19/2025 2:00,Hoàn Kiếm,VN,Asia/Ho_Chi_Minh,87,92.6,11.3,90.3,31,,32.7,83,0,1002,90,29.6,0,3,46
2025-06-18T20:00:00,6/19/2025 3:00,Hoàn Kiếm,VN,Asia/Ho_Chi_Minh,90,93.6,11.7,82.7,32,,35.3,91,0,1001,90,29.4,0,3,45
2025-06-18T21:00:00,6/19/2025 4:00,Hoàn Kiếm,VN,Asia/Ho_Chi_Minh,93,94.5,12,75,33,,38,100,0,1001,90,29.2,0,3,45
2025-06-18T22:00:00,6/19/2025 5:00,Hoàn Kiếm,VN,Asia/Ho_Chi_Minh,94,97.3,12.7,71,33.3,,40.7,100,0.5,1001,90,29.2,0,2.33,57
2025-06-18T23:00:00,6/19/2025 6:00,Hoàn Kiếm,VN,Asia/Ho_Chi_Minh,95,100,13.3,67,33.7,,43.3,100,0.75,1002,90,29.2,0.6,1.66,47
2025-06-19T00:00:00,6/19/2025 7:00,Hoàn Kiếm,VN,Asia/Ho_Chi_Minh,95,102.7,14,63,34,,46,100,0.5,1003,91,29.2,0.8,1,37.67
2025-06-19T01:00:00,6/19/2025 8:00,Hoàn Kiếm,VN,Asia/Ho_Chi_Minh,92,105.8,13,83.3,34.8,,56,95,0.25,1003,86,30.1,1.3,1.66,28
2025-06-19T02:00:00,6/19/2025 9:00,Hoàn Kiếm,VN,Asia/Ho_Chi_Minh,85,108.9,12,103.7,35,,66,91,0,1003,81,31,2,2.33,29.33
2025-06-19T03:00:00,6/19/2025 10:00,Hoàn Kiếm,VN,Asia/Ho_Chi_Minh,87,112.1,11,124,36.3,,76,87,0,1003,77,31.9,2.9,3,30.67
2025-06-19T04:00:00,6/19/2025 11:00,Hoàn Kiếm,VN,Asia/Ho_Chi_Minh,82,106.4,9.3,140,33.8,,74.7,87,0,1003,72,32.6,3.5,2.66,32
2025-06-19T05:00:00,6/19/2025 12:00,Hoàn Kiếm,VN,Asia/Ho_Chi_Minh,95,100.8,7.7,156,25,,73.3,87,0.25,1002,66,33.3,3.7,2.33,32.33
2025-06-19T06:00:00,6/19/2025 13:00,Hoàn Kiếm,VN,Asia/Ho_Chi_Minh,104,95.1,6,172,29,,72,87,0.5,1002,62,34,3.5,2,32.67
2025-06-19T07:00:00,6/19/2025 14:00,Hoàn Kiếm,VN,Asia/Ho_Chi_Minh,72,96.3,6.7,129.4,28,,72.7,83,0.75,1001,61,34,2.8,1.66,33
2025-06-19T08:00:00,6/19/2025 15:00,Hoàn Kiếm,VN,Asia/Ho_Chi_Minh,58,97.5,7.3,86.9,27,,73.3,79,2,1001,61,34,2,1.33,31.67
2025-06-19T09:00:00,6/19/2025 16:00,Hoàn Kiếm,VN,Asia/Ho_Chi_Minh,37,98.6,8,44.3,26,,74,75,6.5,1000,60,34,1.3,1,28
2025-06-19T10:00:00,6/19/2025 17:00,Hoàn Kiếm,VN,Asia/Ho_Chi_Minh,110,706,11,8.6,62,,67.3,75,2,1001,64,33.3,0.8,1,29
2025-06-19T11:00:00,6/19/2025 18:00,Hoàn Kiếm,VN,Asia/Ho_Chi_Minh,227,1210,316,38.9,134,,47,75,0.25,1001,69,32.7,0.6,1,27
2025-06-19T12:00:00,6/19/2025 19:00,Hoàn Kiếm,VN,Asia/Ho_Chi_Minh,123,119.1,17,97,44,,54,75,0,1001,74,32,0,1,20
2025-06-19T13:00:00,6/19/2025 20:00,Hoàn Kiếm,VN,Asia/Ho_Chi_Minh,165,1008,231,40,172,,47,75,0,1002,76,31.3,0,1.33,29
2025-06-19T14:00:00,6/19/2025 21:00,Hoàn Kiếm,VN,Asia/Ho_Chi_Minh,246,705.5,150.5,22.2,162,,42,75,0,1003,77,30.7,0,1.66,22.33
2025-06-19T15:00:00,6/19/2025 22:00,Hoàn Kiếm,VN,Asia/Ho_Chi_Minh,221,655.5,135,22.2,145,,47,75,0.25,1003,79,30,0,2,15.67
2025-06-19T16:00:00,6/19/2025 23:00,Hoàn Kiếm,VN,Asia/Ho_Chi_Minh,189,504,119,21.1,120,,42,75,1,1003,82,29.8,0,2,9
2025-06-19T17:00:00,6/20/2025 0:00,Hoàn Kiếm,VN,Asia/Ho_Chi_Minh,181,202,62,19.5,130,,34.3,75,0.5,1003,85,29.6,0,2,39
2025-06-19T18:00:00,6/20/2025 1:00,Hoàn Kiếm,VN,Asia/Ho_Chi_Minh,89,95.1,11,98,32,,28,75,0,1002,88,29.4,0,2,113
2025-06-19T19:00:00,6/20/2025 2:00,Hoàn Kiếm,VN,Asia/Ho_Chi_Minh,104,101,31,19.5,84,,21.3,79,0,1002,89,29.3,0,2,44
2025-06-19T20:00:00,6/20/2025 3:00,Hoàn Kiếm,VN,Asia/Ho_Chi_Minh,262,92,11,36.1,140,,14.7,83,0.25,1002,89,29.3,0,2,165
2025-06-19T21:00:00,6/20/2025 4:00,Hoàn Kiếm,VN,Asia/Ho_Chi_Minh,194,90.5,11,5.1,194,,8,87,0.5,1002,90,29.2,0,2,127.5
2025-06-19T22:00:00,6/20/2025 5:00,Hoàn Kiếm,VN,Asia/Ho_Chi_Minh,210,90.8,11,5.3,210,,8,91,0.25,1002,90,29.3,0,2,108.5
2025-06-19T23:00:00,6/20/2025 6:00,Hoàn Kiếm,VN,Asia/Ho_Chi_Minh,249,91.2,11,5.2,130,,27.3,95,0.75,1002,91,29.3,0.6,2,84.5
2025-06-20T00:00:00,6/20/2025 7:00,Hoàn Kiếm,VN,Asia/Ho_Chi_Minh,180,91.6,11,4.2,180,,37,100,0.25,1003,91,29.4,0.8,2,79
2025-06-20T01:00:00,6/20/2025 8:00,Hoàn Kiếm,VN,Asia/Ho_Chi_Minh,168,94.5,11,4.5,168.7,,45.3,100,0.75,1003,86,29.9,1.3,2.33,30
2025-06-20T02:00:00,6/20/2025 9:00,Hoàn Kiếm,VN,Asia/Ho_Chi_Minh,91,97.5,11,4.9,38.8,,53.7,100,0.25,1003,81,30.5,2,2.66,37
2025-06-20T03:00:00,6/20/2025 10:00,Hoàn Kiếm,VN,Asia/Ho_Chi_Minh,270,100.4,11,5.2,146,,62,100,0.5,1003,77,31,2.9,3,139.33
2025-06-20T04:00:00,6/20/2025 11:00,Hoàn Kiếm,VN,Asia/Ho_Chi_Minh,270,70.3,10.3,4.4,146,,64.7,95,0.25,1003,72,31.8,3.5,2.66,194
2025-06-20T05:00:00,6/20/2025 12:00,Hoàn Kiếm,VN,Asia/Ho_Chi_Minh,87,40.1,9.7,90.4,36.3,,67.3,91,0.25,1002,67,32.6,3.8,2.33,210
2025-06-20T06:00:00,6/20/2025 13:00,Hoàn Kiếm,VN,Asia/Ho_Chi_Minh,104,10,9,133,46.3,,70,87,0,1002,63,33.4,3.5,2,130
2025-06-20T07:00:00,6/20/2025 14:00,Hoàn Kiếm,VN,Asia/Ho_Chi_Minh,103,39.7,31.7,92.6,52.2,,69.3,91,0,1001,63,33.4,2.8,2,180
2025-06-20T08:00:00,6/20/2025 15:00,Hoàn Kiếm,VN,Asia/Ho_Chi_Minh,85,10,54.3,52.3,35,,68.7,95,2,1001,63,33.4,2,2,168.67
2025-06-20T09:00:00,6/20/2025 16:00,Hoàn Kiếm,VN,Asia/Ho_Chi_Minh,102,99.2,77,11.9,64,,68,100,1,1000,63,33.4,1.3,2,31
2025-06-20T10:00:00,6/20/2025 17:00,Hoàn Kiếm,VN,Asia/Ho_Chi_Minh,185,1109,347,32.4,132,,53,100,1,1001,66,32.7,0.8,2,146
2025-06-20T11:00:00,6/20/2025 18:00,Hoàn Kiếm,VN,Asia/Ho_Chi_Minh,256,1008,223.5,19.5,158,,60.5,100,0.25,1001,70,31.9,0.6,2,146
2025-06-20T12:00:00,6/20/2025 19:00,Hoàn Kiếm,VN,Asia/Ho_Chi_Minh,229,120.8,123,7.6,140,,68,100,0.25,1002,73,31.2,0,2,29
2025-06-20T13:00:00,6/20/2025 20:00,Hoàn Kiếm,VN,Asia/Ho_Chi_Minh,200,298.9,125.7,12.4,123.3,,63,75,0,1002,76,30.7,0,2.33,37
2025-06-20T14:00:00,6/20/2025 21:00,Hoàn Kiếm,VN,Asia/Ho_Chi_Minh,155,907,177,30.3,98,,58,50,0,1003,80,30.3,0,2.66,36.67
2025-06-20T15:00:00,6/20/2025 22:00,Hoàn Kiếm,VN,Asia/Ho_Chi_Minh,139,655,131,22.2,90,,53,25,0,1003,83,29.8,0,3,28
2025-06-20T16:00:00,6/20/2025 23:00,Hoàn Kiếm,VN,Asia/Ho_Chi_Minh,153,10,91.7,45.1,68.8,,45.7,33,0,1003,85,29.6,0,2.66,36
2025-06-20T17:00:00,6/21/2025 0:00,Hoàn Kiếm,VN,Asia/Ho_Chi_Minh,129,202,62,19.5,88,,47,41,0,1003,87,29.4,0,2.33,82
2025-06-20T18:00:00,6/21/2025 1:00,Hoàn Kiếm,VN,Asia/Ho_Chi_Minh,118,10,13,91,52.5,,31,50,0.25,1003,89,29.2,0,2,135
2025-06-20T19:00:00,6/21/2025 2:00,Hoàn Kiếm,VN,Asia/Ho_Chi_Minh,103,37.6,12.7,90.3,45.4,,29,66,1.25,1002,89,29.2,0,2.33,115
2025-06-20T20:00:00,6/21/2025 3:00,Hoàn Kiếm,VN,Asia/Ho_Chi_Minh,100,10,12.3,89.7,43.8,,27,83,1.75,1002,89,29.2,0,2.66,93.33
2025-06-20T21:00:00,6/21/2025 4:00,Hoàn Kiếm,VN,Asia/Ho_Chi_Minh,78,92.8,12,89,31.3,,25,100,1.75,1002,90,29.2,0,3,59
2025-06-20T22:00:00,6/21/2025 5:00,Hoàn Kiếm,VN,Asia/Ho_Chi_Minh,76,95.7,12,89,30,,27.7,100,2.75,1002,91,28.6,0,2.33,50
2025-06-20T23:00:00,6/21/2025 6:00,Hoàn Kiếm,VN,Asia/Ho_Chi_Minh,63,98.6,12,89,22.5,,30.3,100,3.5,1003,93,28.1,0.6,1.66,55
2025-06-21T00:00:00,6/21/2025 7:00,Hoàn Kiếm,VN,Asia/Ho_Chi_Minh,67,101.5,12,89,25,,33,100,3.75,1004,94,27.5,0.8,1,46
2025-06-21T01:00:00,6/21/2025 8:00,Hoàn Kiếm,VN,Asia/Ho_Chi_Minh,76,102.5,10.3,105,30,,37,100,1.75,1004,92,28.3,1.3,1.66,42
2025-06-21T02:00:00,6/21/2025 9:00,Hoàn Kiếm,VN,Asia/Ho_Chi_Minh,67,103.5,8.7,121,25,,41,100,1,1004,90,29.2,2,2.33,36.33
2025-06-21T03:00:00,6/21/2025 10:00,Hoàn Kiếm,VN,Asia/Ho_Chi_Minh,93,104.5,7,137,40,,45,100,1,1004,88,30,2.9,3,35
2025-06-21T04:00:00,6/21/2025 11:00,Hoàn Kiếm,VN,Asia/Ho_Chi_Minh,93,73,6.3,147.7,40,,44,75,3.25,1004,82,30.8,3.5,2.66,25
2025-06-21T05:00:00,6/21/2025 12:00,Hoàn Kiếm,VN,Asia/Ho_Chi_Minh,98,41.5,5.7,158.3,37.5,,43,50,3.75,1003,76,31.7,3.8,2.33,24
2025-06-21T06:00:00,6/21/2025 13:00,Hoàn Kiếm,VN,Asia/Ho_Chi_Minh,107,10,5,169,47.5,,42,25,1.5,1003,70,32.5,3.5,2,18
2025-06-21T07:00:00,6/21/2025 14:00,Hoàn Kiếm,VN,Asia/Ho_Chi_Minh,104,35.3,6.3,146,46.3,,39.3,37,2,1002,75,31.3,2.8,2,20
2025-06-21T08:00:00,6/21/2025 15:00,Hoàn Kiếm,VN,Asia/Ho_Chi_Minh,95,10,7.7,123,41.3,,36.7,50,7.75,1002,80,30,2,2,24
2025-06-21T09:00:00,6/21/2025 16:00,Hoàn Kiếm,VN,Asia/Ho_Chi_Minh,100,85.8,9,100,43.8,,34,62,15.25,1002,85,28.8,1.3,2,20
2025-06-21T10:00:00,6/21/2025 17:00,Hoàn Kiếm,VN,Asia/Ho_Chi_Minh,91,60.5,13.3,88.3,38.8,,39.7,66,9.25,1003,86,28.1,0.8,2,32
2025-06-21T11:00:00,6/21/2025 18:00,Hoàn Kiếm,VN,Asia/Ho_Chi_Minh,89,35.3,17.7,76.7,37.5,,45.3,70,5,1003,88,27.5,0.6,2,32
2025-06-21T12:00:00,6/21/2025 19:00,Hoàn Kiếm,VN,Asia/Ho_Chi_Minh,87,10,22,65,36.3,,51,75,2.75,1004,89,26.8,0,2,30
2025-06-21T13:00:00,6/21/2025 20:00,Hoàn Kiếm,VN,Asia/Ho_Chi_Minh,85,10,22.7,60.7,35,,51,70,2.25,1005,91,26.3,0,2.33,38
2025-06-21T14:00:00,6/21/2025 21:00,Hoàn Kiếm,VN,Asia/Ho_Chi_Minh,72,10,23.3,56.3,27.5,,51,66,2.25,1005,93,25.9,0,2.66,37
2025-06-21T15:00:00,6/21/2025 22:00,Hoàn Kiếm,VN,Asia/Ho_Chi_Minh,80,10,24,52,32.5,,51,62,2.5,1006,95,25.4,0,3,33
2025-06-21T16:00:00,6/21/2025 23:00,Hoàn Kiếm,VN,Asia/Ho_Chi_Minh,82,44.8,23,53,33.8,,52.3,66,3,1006,95,25.4,0,2.66,35
2025-06-21T17:00:00,6/22/2025 0:00,Hoàn Kiếm,VN,Asia/Ho_Chi_Minh,91,79.6,22,54,38.8,,53.7,70,1.75,1005,95,25.3,0,2.33,31
2025-06-21T18:00:00,6/22/2025 1:00,Hoàn Kiếm,VN,Asia/Ho_Chi_Minh,67,114.4,21,55,25,,55,75,2.75,1004,95,25.3,0,2,30
2025-06-21T19:00:00,6/22/2025 2:00,Hoàn Kiếm,VN,Asia/Ho_Chi_Minh,73,104.3,18.7,59,26,,47,79,2.5,1005,95,25.4,0,1.66,29
2025-06-21T20:00:00,6/22/2025 3:00,Hoàn Kiếm,VN,Asia/Ho_Chi_Minh,79,94.2,16.3,63,27,,39,83,1.75,1005,95,25.4,0,1.33,28
2025-06-21T21:00:00,6/22/2025 4:00,Hoàn Kiếm,VN,Asia/Ho_Chi_Minh,85,84,14,67,28,,31,87,0,1005,95,25.4,0,1,22
2025-06-21T22:00:00,6/22/2025 5:00,Hoàn Kiếm,VN,Asia/Ho_Chi_Minh,77,85.6,14,63.3,24.7,,29.3,91,0,1005,94,25.5,0,0.66,26
2025-06-21T23:00:00,6/22/2025 6:00,Hoàn Kiếm,VN,Asia/Ho_Chi_Minh,70,87.2,14,59.7,21.3,,27.7,95,0.75,1005,94,25.6,0.6,0.33,27
2025-06-22T00:00:00,6/22/2025 7:00,Hoàn Kiếm,VN,Asia/Ho_Chi_Minh,63,88.7,14,56,18,,26,100,0.75,1005,94,25.6,0.8,1.6,31
2025-06-22T01:00:00,6/22/2025 8:00,Hoàn Kiếm,VN,Asia/Ho_Chi_Minh,66,89.5,12.7,74.7,21.2,,30,100,2,1005,93,26.4,1.3,0.33,20
2025-06-22T02:00:00,6/22/2025 9:00,Hoàn Kiếm,VN,Asia/Ho_Chi_Minh,43,10,11.3,93.3,10,,34,100,1.25,1006,92,27.2,2.1,0.66,22.67
2025-06-22T03:00:00,6/22/2025 10:00,Hoàn Kiếm,VN,Asia/Ho_Chi_Minh,72,91,10,112,27.5,,38,100,0.75,1006,91,28,2.9,1,25.33
2025-06-22T04:00:00,6/22/2025 11:00,Hoàn Kiếm,VN,Asia/Ho_Chi_Minh,102,64,7.7,127,45,,34,100,1,1005,89,28.5,3.5,1.33,28
2025-06-22T05:00:00,6/22/2025 12:00,Hoàn Kiếm,VN,Asia/Ho_Chi_Minh,107,37,5.3,142,47.5,,30,100,1,1005,87,28.9,3.7,1.66,24.67
2025-06-22T06:00:00,6/22/2025 13:00,Hoàn Kiếm,VN,Asia/Ho_Chi_Minh,118,10,3,157,52.5,,26,100,0.5,1004,86,29.4,3.5,2,21.33
2025-06-22T07:00:00,6/22/2025 14:00,Hoàn Kiếm,VN,Asia/Ho_Chi_Minh,106,35.1,4,147.3,47.1,,25.3,83,0,1003,84,29.8,2.8,2,18
2025-06-22T08:00:00,6/22/2025 15:00,Hoàn Kiếm,VN,Asia/Ho_Chi_Minh,100,10,5,137.7,43.8,,24.7,66,0.25,1003,82,30.3,2,2,19.33
2025-06-22T09:00:00,6/22/2025 16:00,Hoàn Kiếm,VN,Asia/Ho_Chi_Minh,87,85.2,6,128,36.3,,24,50,0,1002,80,30.7,1.3,2,8
2025-06-22T10:00:00,6/22/2025 17:00,Hoàn Kiếm,VN,Asia/Ho_Chi_Minh,87,96.5,9.7,119,36.3,,29.7,54,3.75,1002,82,29.7,0.8,2,22
2025-06-22T11:00:00,6/22/2025 18:00,Hoàn Kiếm,VN,Asia/Ho_Chi_Minh,121,107.8,13.3,110,46.1,,35.3,58,7,1003,85,28.6,0.7,2,36
2025-06-22T12:00:00,6/22/2025 19:00,Hoàn Kiếm,VN,Asia/Ho_Chi_Minh,139,119.1,17,101,51,,41,62,3.5,1003,88,27.6,0,2,38
2025-06-22T13:00:00,6/22/2025 20:00,Hoàn Kiếm,VN,Asia/Ho_Chi_Minh,135,132.1,19.7,89,52.8,,47,75,1,1004,89,27.8,0,1.66,42
2025-06-22T14:00:00,6/22/2025 21:00,Hoàn Kiếm,VN,Asia/Ho_Chi_Minh,130,145.1,22.3,77,54.5,,53,87,0,1005,91,28,0,1.33,37.67
2025-06-22T15:00:00,6/22/2025 22:00,Hoàn Kiếm,VN,Asia/Ho_Chi_Minh,126,158.2,25,65,56.3,,59,100,0.5,1006,92,28.2,0,1,35
2025-06-22T16:00:00,6/22/2025 23:00,Hoàn Kiếm,VN,Asia/Ho_Chi_Minh,129,150.2,24.3,61.7,57.5,,56,100,0.25,1006,93,28.1,0,0.66,29
2025-06-22T17:00:00,6/23/2025 0:00,Hoàn Kiếm,VN,Asia/Ho_Chi_Minh,95,302,54,18.4,72,,47,100,0.75,1006,93,28,0,0.33,29
2025-06-22T18:00:00,6/23/2025 1:00,Hoàn Kiếm,VN,Asia/Ho_Chi_Minh,150,134.2,23,55,56,,50,100,1.5,1006,94,27.9,0,2.8,43
2025-06-22T19:00:00,6/23/2025 2:00,Hoàn Kiếm,VN,Asia/Ho_Chi_Minh,107,10,22.7,54,47.5,,51,100,2.75,1005,94,27.5,0,0.33,50
2025-06-22T20:00:00,6/23/2025 3:00,Hoàn Kiếm,VN,Asia/Ho_Chi_Minh,89,10,22.3,53,37.5,,52,100,1.75,1005,93,27,0,0.66,48.33
2025-06-22T21:00:00,6/23/2025 4:00,Hoàn Kiếm,VN,Asia/Ho_Chi_Minh,91,120.2,22,52,38.8,,53,100,0,1004,93,26.6,0,1,46.67
2025-06-22T22:00:00,6/23/2025 5:00,Hoàn Kiếm,VN,Asia/Ho_Chi_Minh,91,118.3,21.3,52.7,38.8,,54.3,87,0,1004,91,27.3,0,0.66,45
2025-06-22T23:00:00,6/23/2025 6:00,Hoàn Kiếm,VN,Asia/Ho_Chi_Minh,107,116.3,20.7,53.3,47.5,,55.7,75,0,1004,90,27.9,0.6,0.33,46
2025-06-23T00:00:00,6/23/2025 7:00,Hoàn Kiếm,VN,Asia/Ho_Chi_Minh,118,114.4,20,54,44,,57,62,0,1004,88,28.6,0.8,2,33
2025-06-23T01:00:00,6/23/2025 8:00,Hoàn Kiếm,VN,Asia/Ho_Chi_Minh,100,107.6,16.7,74.3,43.8,,55,62,0,1004,83,29.9,1.4,0.66,54
2025-06-23T02:00:00,6/23/2025 9:00,Hoàn Kiếm,VN,Asia/Ho_Chi_Minh,100,100.8,13.3,94.7,43.8,,53,62,0,1004,79,31.1,2.2,1.33,38
2025-06-23T03:00:00,6/23/2025 10:00,Hoàn Kiếm,VN,Asia/Ho_Chi_Minh,82,94,10,115,33.8,,51,62,0.25,1005,74,32.4,3.5,2,30
2025-06-23T04:00:00,6/23/2025 11:00,Hoàn Kiếm,VN,Asia/Ho_Chi_Minh,80,92.2,8.7,120.3,32.5,,41.7,66,0,1004,70,32.7,4.6,1.66,31
2025-06-23T05:00:00,6/23/2025 12:00,Hoàn Kiếm,VN,Asia/Ho_Chi_Minh,121,90.5,7.3,125.7,45.9,,32.3,70,0.5,1003,66,33.1,4.6,1.33,31
2025-06-23T06:00:00,6/23/2025 13:00,Hoàn Kiếm,VN,Asia/Ho_Chi_Minh,142,88.7,6,131,52,,23,75,0.75,1003,62,33.4,3.6,1,38
2025-06-23T07:00:00,6/23/2025 14:00,Hoàn Kiếm,VN,Asia/Ho_Chi_Minh,143,88.1,6.3,134.3,52.3,,25,83,0.25,1002,64,32.9,3,1.66,42
2025-06-23T08:00:00,6/23/2025 15:00,Hoàn Kiếm,VN,Asia/Ho_Chi_Minh,144,87.5,6.7,137.7,52.7,,27,91,0.25,1001,67,32.3,2.2,2.33,35
2025-06-23T09:00:00,6/23/2025 16:00,Hoàn Kiếm,VN,Asia/Ho_Chi_Minh,145,87,7,141,53,,29,100,0,1001,70,31.8,1.3,3,35
2025-06-23T10:00:00,6/23/2025 17:00,Hoàn Kiếm,VN,Asia/Ho_Chi_Minh,89,94.2,11,122.3,37.5,,34.3,75,0,1001,71,31.6,0.8,3,27
2025-06-23T11:00:00,6/23/2025 18:00,Hoàn Kiếm,VN,Asia/Ho_Chi_Minh,93,101.4,15,103.7,40,,39.7,50,0,1001,72,31.3,0.6,3,26
2025-06-23T12:00:00,6/23/2025 19:00,Hoàn Kiếm,VN,Asia/Ho_Chi_Minh,123,108.5,19,85,45,,45,25,0,1002,73,31.1,0,3,43
2025-06-23T13:00:00,6/23/2025 20:00,Hoàn Kiếm,VN,Asia/Ho_Chi_Minh,93,115.7,20.3,75.7,40,,48.7,25,0,1002,76,30.5,0,3,51
2025-06-23T14:00:00,6/23/2025 21:00,Hoàn Kiếm,VN,Asia/Ho_Chi_Minh,104,122.9,21.7,66.3,46.3,,52.3,25,0,1003,80,30,0,3,51.33
2025-06-23T15:00:00,6/23/2025 22:00,Hoàn Kiếm,VN,Asia/Ho_Chi_Minh,150,130.1,23,57,67.5,,56,25,0,1004,83,29.4,0,3,51.67
2025-06-23T16:00:00,6/23/2025 23:00,Hoàn Kiếm,VN,Asia/Ho_Chi_Minh,148,123.9,21.7,58.3,66.3,,52.3,45,0,1004,85,29.2,0,2.66,52
2025-06-23T17:00:00,6/24/2025 0:00,Hoàn Kiếm,VN,Asia/Ho_Chi_Minh,142,117.7,20.3,59.7,63.8,,48.7,66,0,1004,87,28.9,0,2.33,30
2025-06-23T18:00:00,6/24/2025 1:00,Hoàn Kiếm,VN,Asia/Ho_Chi_Minh,121,111.5,19,61,45,,45,87,0,1004,90,28.7,0,2,32
2025-06-23T19:00:00,6/24/2025 2:00,Hoàn Kiếm,VN,Asia/Ho_Chi_Minh,142,112.4,19.3,58.3,63.8,,44.7,79,0.25,1004,90,28.6,0,2.33,44
2025-06-23T20:00:00,6/24/2025 3:00,Hoàn Kiếm,VN,Asia/Ho_Chi_Minh,115,202,39,20.5,78,,47,70,0.5,1003,90,28.4,0,2.66,32
2025-06-23T21:00:00,6/24/2025 4:00,Hoàn Kiếm,VN,Asia/Ho_Chi_Minh,87,114.4,20,53,36.3,,44,62,0,1003,90,28.3,0,3,37
2025-06-23T22:00:00,6/24/2025 5:00,Hoàn Kiếm,VN,Asia/Ho_Chi_Minh,76,79.6,18.7,37,30,,45.7,66,0,1003,90,28.5,0,2.66,54
2025-06-23T23:00:00,6/24/2025 6:00,Hoàn Kiếm,VN,Asia/Ho_Chi_Minh,152,10,17.3,4.5,152,,47.3,70,0.75,1004,90,28.8,0.7,2.33,53
2025-06-24T00:00:00,6/24/2025 7:00,Hoàn Kiếm,VN,Asia/Ho_Chi_Minh,198,10,16,5.1,198,,49,75,0,1004,90,29,0.8,2,51
2025-06-24T01:00:00,6/24/2025 8:00,Hoàn Kiếm,VN,Asia/Ho_Chi_Minh,266,35.7,13.7,37.7,144.9,,40,70,0,1004,86,30,1.3,2.33,43
2025-06-24T02:00:00,6/24/2025 9:00,Hoàn Kiếm,VN,Asia/Ho_Chi_Minh,87,61.3,11.3,70.4,36.3,,31,66,0,1004,82,31,2.1,2.66,51
2025-06-24T03:00:00,6/24/2025 10:00,Hoàn Kiếm,VN,Asia/Ho_Chi_Minh,91,87,9,103,38.8,,22,62,0.25,1004,79,32,2.8,3,41
2025-06-24T04:00:00,6/24/2025 11:00,Hoàn Kiếm,VN,Asia/Ho_Chi_Minh,89,83.8,8.3,106.7,37.5,,21.7,62,0,1004,72,32.9,3.5,2.66,29
2025-06-24T05:00:00,6/24/2025 12:00,Hoàn Kiếm,VN,Asia/Ho_Chi_Minh,78,80.7,7.7,110.3,31.3,,21.3,62,0,1004,66,33.7,3.7,2.33,24
2025-06-24T06:00:00,6/24/2025 13:00,Hoàn Kiếm,VN,Asia/Ho_Chi_Minh,98,77.6,7,114,35,,21,62,0,1003,61,34.6,3.5,2,152
2025-06-24T07:00:00,6/24/2025 14:00,Hoàn Kiếm,VN,Asia/Ho_Chi_Minh,78,55.1,7,77.5,31.3,,24,66,0,1003,62,33.8,2.8,2,198
2025-06-24T08:00:00,6/24/2025 15:00,Hoàn Kiếm,VN,Asia/Ho_Chi_Minh,85,32.5,7,41.1,35,,27,70,0,1002,63,33,2,2,142.33
2025-06-24T09:00:00,6/24/2025 16:00,Hoàn Kiếm,VN,Asia/Ho_Chi_Minh,228,10,7,4.6,228,,30,75,0,1001,65,32.2,1.3,2,29
2025-06-24T10:00:00,6/24/2025 17:00,Hoàn Kiếm,VN,Asia/Ho_Chi_Minh,270,10,10.7,5.2,270,,33.7,58,0,1002,68,31.9,0.8,2,31
2025-06-24T11:00:00,6/24/2025 18:00,Hoàn Kiếm,VN,Asia/Ho_Chi_Minh,95,10,14.3,56.2,41.3,,37.3,41,0,1003,71,31.6,0.6,2,30
2025-06-24T12:00:00,6/24/2025 19:00,Hoàn Kiếm,VN,Asia/Ho_Chi_Minh,104,10,18,82,46.3,,41,25,0,1003,74,31.3,0,2,25
2025-06-24T13:00:00,6/24/2025 20:00,Hoàn Kiếm,VN,Asia/Ho_Chi_Minh,106,57.2,20.7,72,47.1,,46.7,25,0,1004,77,30.7,0,2.33,34
2025-06-24T14:00:00,6/24/2025 21:00,Hoàn Kiếm,VN,Asia/Ho_Chi_Minh,118,104.5,23.3,62,52.5,,52.3,25,0,1005,81,30.2,0,2.66,25
2025-06-24T15:00:00,6/24/2025 22:00,Hoàn Kiếm,VN,Asia/Ho_Chi_Minh,110,151.7,26,52,48.8,,58,25,0,1006,84,29.6,0,3,28
2025-06-24T16:00:00,6/24/2025 23:00,Hoàn Kiếm,VN,Asia/Ho_Chi_Minh,110,153.1,26.7,48,48.8,,56.3,37,0,1006,86,29.3,0,2.66,228
2025-06-24T17:00:00,6/25/2025 0:00,Hoàn Kiếm,VN,Asia/Ho_Chi_Minh,102,154.5,27.3,44,45,,54.7,50,0,1006,88,28.9,0,2.33,270
2025-06-24T18:00:00,6/25/2025 1:00,Hoàn Kiếm,VN,Asia/Ho_Chi_Minh,180,155.8,28,40,80,,53,62,0,1006,90,28.6,0,2,33
2025-06-24T19:00:00,6/25/2025 2:00,Hoàn Kiếm,VN,Asia/Ho_Chi_Minh,102,140.6,25.3,45.3,45,,47.3,50,0,1006,91,28.5,0,1.66,37
2025-06-24T20:00:00,6/25/2025 3:00,Hoàn Kiếm,VN,Asia/Ho_Chi_Minh,95,10,22.7,50.7,41.3,,41.7,37,0,1005,91,28.3,0,1.33,37.67
2025-06-24T21:00:00,6/25/2025 4:00,Hoàn Kiếm,VN,Asia/Ho_Chi_Minh,155,110.3,20,56,63,,36,25,0,1005,92,28.2,0,1,42
2025-06-24T22:00:00,6/25/2025 5:00,Hoàn Kiếm,VN,Asia/Ho_Chi_Minh,139,104.1,19,58.3,53.3,,39,41,0,1005,90,28.5,0,2,39
2025-06-24T23:00:00,6/25/2025 6:00,Hoàn Kiếm,VN,Asia/Ho_Chi_Minh,80,97.9,18,60.7,32.5,,42,58,0,1006,88,28.9,0.6,3,39
2025-06-25T00:00:00,6/25/2025 7:00,Hoàn Kiếm,VN,Asia/Ho_Chi_Minh,91,91.6,17,63,34,,45,75,0,1006,87,29.2,0.8,4,36
2025-06-25T01:00:00,6/25/2025 8:00,Hoàn Kiếm,VN,Asia/Ho_Chi_Minh,78,10,14,77,31.3,,42,75,0,1007,88,28.2,1.3,3.33,78
2025-06-25T02:00:00,6/25/2025 9:00,Hoàn Kiếm,VN,Asia/Ho_Chi_Minh,50,10,11,91,15,,39,75,0,1007,90,27.2,2.1,2.66,36
2025-06-25T03:00:00,6/25/2025 10:00,Hoàn Kiếm,VN,Asia/Ho_Chi_Minh,80,74.7,8,105,28,,36,75,0,1007,91,26.2,3,2,33
2025-06-25T04:00:00,6/25/2025 11:00,Hoàn Kiếm,VN,Asia/Ho_Chi_Minh,88,74.5,7,114,31.3,,33.3,58,0,1007,82,28.2,3.6,2,59
2025-06-25T05:00:00,6/25/2025 12:00,Hoàn Kiếm,VN,Asia/Ho_Chi_Minh,54,74.3,6,123,13.8,,30.7,41,0,1006,74,30.2,3.9,2,49.67
2025-06-25T06:00:00,6/25/2025 13:00,Hoàn Kiếm,VN,Asia/Ho_Chi_Minh,104,74.1,5,132,38,,28,25,0,1005,67,32.2,3.7,2,26
2025-06-25T07:00:00,6/25/2025 14:00,Hoàn Kiếm,VN,Asia/Ho_Chi_Minh,64,73.5,5.3,131.3,15,,30,20,0,1004,67,32.3,3.3,2.33,31
2025-06-25T08:00:00,6/25/2025 15:00,Hoàn Kiếm,VN,Asia/Ho_Chi_Minh,63,72.9,5.7,130.7,15,,32,16,0,1004,68,32.5,2.7,2.66,25
2025-06-25T09:00:00,6/25/2025 16:00,Hoàn Kiếm,VN,Asia/Ho_Chi_Minh,62,72.4,6,130,16.3,,34,12,0,1003,68,32.6,3.2,3,12
2025-06-25T10:00:00,6/25/2025 17:00,Hoàn Kiếm,VN,Asia/Ho_Chi_Minh,82,10,10,114.7,33.8,,37.3,12,0,1003,70,32.1,2.3,2.66,26
2025-06-25T11:00:00,6/25/2025 18:00,Hoàn Kiếm,VN,Asia/Ho_Chi_Minh,94,101.2,14,99.3,34.1,,40.7,12,0,1004,73,31.7,1.8,2.33,29.67
2025-06-25T12:00:00,6/25/2025 19:00,Hoàn Kiếm,VN,Asia/Ho_Chi_Minh,118,115.6,18,84,43,,44,12,0,1004,75,31.2,0,2,11
2025-06-25T13:00:00,6/25/2025 20:00,Hoàn Kiếm,VN,Asia/Ho_Chi_Minh,110,130.5,21,69.3,66,,49,12,0,1005,78,30.6,0,2,37
2025-06-25T14:00:00,6/25/2025 21:00,Hoàn Kiếm,VN,Asia/Ho_Chi_Minh,142,145.5,24,54.7,86,,54,12,0,1006,81,30.1,0,2,12
2025-06-25T15:00:00,6/25/2025 22:00,Hoàn Kiếm,VN,Asia/Ho_Chi_Minh,171,160.5,27,40,72,,59,12,0,1007,84,29.5,0,2,12
2025-06-25T16:00:00,6/25/2025 23:00,Hoàn Kiếm,VN,Asia/Ho_Chi_Minh,54,1008,131,23.8,31,,42,12,0,1007,86,29.2,0,1.33,13
2025-06-25T17:00:00,6/26/2025 0:00,Hoàn Kiếm,VN,Asia/Ho_Chi_Minh,54,1008,131,23.8,31,,42,12,0,1006,88,28.8,0,0.66,27
2025-06-25T18:00:00,6/26/2025 1:00,Hoàn Kiếm,VN,Asia/Ho_Chi_Minh,156,167.5,31,23,62,,53,12,0,1006,90,28.5,0,1.6,32.33
2025-06-25T19:00:00,6/26/2025 2:00,Hoàn Kiếm,VN,Asia/Ho_Chi_Minh,137,174.7,32,20.3,52.6,,50.7,16,0,1006,91,28.2,0,1.6,42
2025-06-25T20:00:00,6/26/2025 3:00,Hoàn Kiếm,VN,Asia/Ho_Chi_Minh,107,181.9,33,17.7,43.2,,48.3,20,0,1005,92,28,0,2,39
2025-06-25T21:00:00,6/26/2025 4:00,Hoàn Kiếm,VN,Asia/Ho_Chi_Minh,82,189.1,34,15,33.8,,46,25,0,1005,93,27.7,0,1.2,51
2025-06-25T22:00:00,6/26/2025 5:00,Hoàn Kiếm,VN,Asia/Ho_Chi_Minh,82,10,29.7,24,33.8,,55.7,29,0,1005,92,28.1,0,1.2,71
2025-06-25T23:00:00,6/26/2025 6:00,Hoàn Kiếm,VN,Asia/Ho_Chi_Minh,82,155.6,25.3,33,33.8,,65.3,33,0,1005,91,28.5,1,1.6,14
2025-06-26T00:00:00,6/26/2025 7:00,Hoàn Kiếm,VN,Asia/Ho_Chi_Minh,82,138.9,21,42,33.8,,75,37,0,1005,90,28.9,1.2,1.6,14
2025-06-26T01:00:00,6/26/2025 8:00,Hoàn Kiếm,VN,Asia/Ho_Chi_Minh,87,117.1,18.3,55.3,36.3,,71.7,33,0,1005,84,29.7,1.8,0.66,60
2025-06-26T02:00:00,6/26/2025 9:00,Hoàn Kiếm,VN,Asia/Ho_Chi_Minh,69,95.3,15.7,68.7,26.3,,68.3,29,0,1006,78,30.5,2.9,1.33,49
2025-06-26T03:00:00,6/26/2025 10:00,Hoàn Kiếm,VN,Asia/Ho_Chi_Minh,72,73.5,13,82,24,,65,25,0,1006,73,31.3,4.2,2,38
2025-06-26T04:00:00,6/26/2025 11:00,Hoàn Kiếm,VN,Asia/Ho_Chi_Minh,80,10,10.7,98.3,32.5,,60.3,25,0,1005,68,32.3,4.5,2,27
2025-06-26T05:00:00,6/26/2025 12:00,Hoàn Kiếm,VN,Asia/Ho_Chi_Minh,78,69.6,8.3,114.7,31.3,,55.7,25,0,1004,63,33.2,4.8,2,27
2025-06-26T06:00:00,6/26/2025 13:00,Hoàn Kiếm,VN,Asia/Ho_Chi_Minh,80,67.7,6,131,26,,51,25,0,1004,58,34.2,5.1,2,27
2025-06-26T07:00:00,6/26/2025 14:00,Hoàn Kiếm,VN,Asia/Ho_Chi_Minh,87,10,6.3,136,36.3,,50,33,0,1003,57,34.3,4.1,2,27
2025-06-26T08:00:00,6/26/2025 15:00,Hoàn Kiếm,VN,Asia/Ho_Chi_Minh,76,72,6.7,141,30,,49,41,0,1002,56,34.5,4,2,29
2025-06-26T09:00:00,6/26/2025 16:00,Hoàn Kiếm,VN,Asia/Ho_Chi_Minh,82,74.1,7,146,27.5,,48,50,0,1001,55,34.6,1.6,2,21
2025-06-26T10:00:00,6/26/2025 17:00,Hoàn Kiếm,VN,Asia/Ho_Chi_Minh,72,88.1,11.7,127.7,27.5,,52.7,54,0,1002,59,33.5,1.4,2.33,22
2025-06-26T11:00:00,6/26/2025 18:00,Hoàn Kiếm,VN,Asia/Ho_Chi_Minh,100,102.1,16.3,109.3,57.2,,57.3,58,0,1002,63,32.4,0.9,2.66,26
2025-06-26T12:00:00,6/26/2025 19:00,Hoàn Kiếm,VN,Asia/Ho_Chi_Minh,118,116.1,21,91,72,,62,62,0.25,1003,67,31.3,0,3,25
2025-06-26T13:00:00,6/26/2025 20:00,Hoàn Kiếm,VN,Asia/Ho_Chi_Minh,137,129.8,24,75.3,84,,69,62,0.5,1004,73,29.9,0,2.66,26
2025-06-26T14:00:00,6/26/2025 21:00,Hoàn Kiếm,VN,Asia/Ho_Chi_Minh,156,143.4,27,59.7,70.7,,76,62,1,1004,80,28.6,0,2.33,29
2025-06-26T15:00:00,6/26/2025 22:00,Hoàn Kiếm,VN,Asia/Ho_Chi_Minh,168,157,30,44,70,,83,62,1,1005,87,27.2,0,2,24
2025-06-26T16:00:00,6/26/2025 23:00,Hoàn Kiếm,VN,Asia/Ho_Chi_Minh,166,148.8,29.3,39.7,68.3,,77.7,70,1.75,1004,87,27,0,1.66,22
2025-06-26T17:00:00,6/27/2025 0:00,Hoàn Kiếm,VN,Asia/Ho_Chi_Minh,164,140.6,28.7,35.3,66.7,,72.3,79,0.75,1004,87,26.7,0,1.33,22
2025-06-26T18:00:00,6/27/2025 1:00,Hoàn Kiếm,VN,Asia/Ho_Chi_Minh,161,132.5,28,31,65,,67,87,0.5,1003,87,26.5,0,1,35.33
2025-06-26T19:00:00,6/27/2025 2:00,Hoàn Kiếm,VN,Asia/Ho_Chi_Minh,76,10,27,29.7,30,,63.3,83,0.25,1003,88,26.6,0,0.66,42
2025-06-26T20:00:00,6/27/2025 3:00,Hoàn Kiếm,VN,Asia/Ho_Chi_Minh,65,10,26,28.3,23.8,,59.7,79,0,1003,88,26.6,0,0.33,49
2025-06-26T21:00:00,6/27/2025 4:00,Hoàn Kiếm,VN,Asia/Ho_Chi_Minh,65,10,25,27,23.8,,56,75,0,1003,88,26.7,0,1.6,60
2025-06-26T22:00:00,6/27/2025 5:00,Hoàn Kiếm,VN,Asia/Ho_Chi_Minh,54,10,24.3,33.3,17.5,,54,79,0,1003,89,27,0,1.2,69
2025-06-26T23:00:00,6/27/2025 6:00,Hoàn Kiếm,VN,Asia/Ho_Chi_Minh,67,73.4,23.7,39.7,24.6,,52,83,0,1003,89,27.2,0.6,0.8,67.33
2025-06-27T00:00:00,6/27/2025 7:00,Hoàn Kiếm,VN,Asia/Ho_Chi_Minh,67,105,23,46,25,,50,87,1,1003,89,27.5,0.8,0.8,65.67
2025-06-27T01:00:00,6/27/2025 8:00,Hoàn Kiếm,VN,Asia/Ho_Chi_Minh,78,1915,54,11.9,66,,74,91,2.25,1004,88,27.7,1.3,0.66,64
2025-06-27T02:00:00,6/27/2025 9:00,Hoàn Kiếm,VN,Asia/Ho_Chi_Minh,102,975.7,128.3,26.1,45,,51.7,95,4.75,1004,86,28,2,1.33,24
2025-06-27T03:00:00,6/27/2025 10:00,Hoàn Kiếm,VN,Asia/Ho_Chi_Minh,77,1411,181,16.2,57,,52.5,100,6,1004,85,28.2,2.8,2,19
2025-06-27T04:00:00,6/27/2025 11:00,Hoàn Kiếm,VN,Asia/Ho_Chi_Minh,85,1310,231,20.5,28,,68,83,2.75,1004,88,28.3,3.5,2,19
2025-06-27T05:00:00,6/27/2025 12:00,Hoàn Kiếm,VN,Asia/Ho_Chi_Minh,78,1277,209,22,35.7,,48.8,66,1.5,1003,90,28.3,3.7,2,14
2025-06-27T06:00:00,6/27/2025 13:00,Hoàn Kiếm,VN,Asia/Ho_Chi_Minh,78,1210,223,24.9,25,,47,50,1.5,1003,93,28.4,3.5,2,19.67
2025-06-27T07:00:00,6/27/2025 14:00,Hoàn Kiếm,VN,Asia/Ho_Chi_Minh,115,10,151.7,64.6,51.3,,42.7,62,1.75,1003,88,28.4,2.8,2,20
2025-06-27T08:00:00,6/27/2025 15:00,Hoàn Kiếm,VN,Asia/Ho_Chi_Minh,112,10,80.3,104.3,50,,38.3,75,1.5,1002,84,28.4,2,2,25
2025-06-27T09:00:00,6/27/2025 16:00,Hoàn Kiếm,VN,Asia/Ho_Chi_Minh,80,101.5,9,144,32.5,,34,87,0,1002,79,28.4,1.3,2,36
2025-06-27T10:00:00,6/27/2025 17:00,Hoàn Kiếm,VN,Asia/Ho_Chi_Minh,99,109.7,13,118.3,39,,39.3,91,0.25,1002,81,28.6,0.8,1.33,24.5
2025-06-27T11:00:00,6/27/2025 18:00,Hoàn Kiếm,VN,Asia/Ho_Chi_Minh,121,117.9,17,92.7,45.5,,44.7,95,0,1002,82,28.8,0.6,0.66,28
2025-06-27T12:00:00,6/27/2025 19:00,Hoàn Kiếm,VN,Asia/Ho_Chi_Minh,145,126.1,21,67,52,,50,100,0.25,1002,83,29,0,1.2,24.83
2025-06-27T13:00:00,6/27/2025 20:00,Hoàn Kiếm,VN,Asia/Ho_Chi_Minh,113,554.4,93.7,51.5,40.3,,58,91,0.25,1003,85,28.8,0,0.33,25
2025-06-27T14:00:00,6/27/2025 21:00,Hoàn Kiếm,VN,Asia/Ho_Chi_Minh,69,1613,247,19.5,21,,37,83,0.5,1004,87,28.5,0,0.66,41
2025-06-27T15:00:00,6/27/2025 22:00,Hoàn Kiếm,VN,Asia/Ho_Chi_Minh,61,1411,239,20.5,17,,74,75,0.5,1005,89,28.3,0,1,40
2025-06-27T16:00:00,6/27/2025 23:00,Hoàn Kiếm,VN,Asia/Ho_Chi_Minh,102,1041.3,187.7,20.5,45,,65,70,0.25,1004,90,28.2,0,0.66,26
2025-06-27T17:00:00,6/28/2025 0:00,Hoàn Kiếm,VN,Asia/Ho_Chi_Minh,81,671.7,136.3,20.5,55,,56,66,0.25,1004,91,28.1,0,0.33,34.67
2025-06-27T18:00:00,6/28/2025 1:00,Hoàn Kiếm,VN,Asia/Ho_Chi_Minh,91,302,85,20.5,74,,47,62,0,1003,93,28,0,1.2,43.33
2025-06-27T19:00:00,6/28/2025 2:00,Hoàn Kiếm,VN,Asia/Ho_Chi_Minh,85,202,85,19.5,68,,47,66,0,1003,93,27.8,0,0.33,52
2025-06-27T20:00:00,6/28/2025 3:00,Hoàn Kiếm,VN,Asia/Ho_Chi_Minh,76,202,54,19.5,62,,47,70,0,1003,93,27.5,0,0.66,40.33
2025-06-27T21:00:00,6/28/2025 4:00,Hoàn Kiếm,VN,Asia/Ho_Chi_Minh,107,120.2,25,41,39,,54,75,1.25,1003,94,27.3,0,1,21
2025-06-27T22:00:00,6/28/2025 5:00,Hoàn Kiếm,VN,Asia/Ho_Chi_Minh,100,107.4,22.3,48.7,36.7,,52,83,3.25,1003,94,27.1,0,1,17
2025-06-27T23:00:00,6/28/2025 6:00,Hoàn Kiếm,VN,Asia/Ho_Chi_Minh,95,94.5,19.7,56.3,34.3,,50,91,5,1003,94,26.9,0.6,1,36
2025-06-28T00:00:00,6/28/2025 7:00,Hoàn Kiếm,VN,Asia/Ho_Chi_Minh,89,81.7,17,64,32,,48,100,2.75,1003,94,26.7,0.8,1,26.33
2025-06-28T01:00:00,6/28/2025 8:00,Hoàn Kiếm,VN,Asia/Ho_Chi_Minh,52,80,14.3,77.7,16.3,,45.3,100,2.25,1003,94,27.2,1.3,1.33,31
2025-06-28T02:00:00,6/28/2025 9:00,Hoàn Kiếm,VN,Asia/Ho_Chi_Minh,65,78.2,11.7,91.3,23.8,,42.7,100,1.25,1004,93,27.7,2,1.66,28
2025-06-28T03:00:00,6/28/2025 10:00,Hoàn Kiếm,VN,Asia/Ho_Chi_Minh,87,76.5,9,105,36.3,,40,100,0.5,1004,93,28.2,2.8,2,24
2025-06-28T04:00:00,6/28/2025 11:00,Hoàn Kiếm,VN,Asia/Ho_Chi_Minh,93,75.7,7.3,118,40,,36.7,100,0.5,1003,90,29,3.5,1.33,38
2025-06-28T05:00:00,6/28/2025 12:00,Hoàn Kiếm,VN,Asia/Ho_Chi_Minh,91,74.9,5.7,131,38.8,,33.3,100,1,1002,87,29.7,3.8,0.66,35.33
2025-06-28T06:00:00,6/28/2025 13:00,Hoàn Kiếm,VN,Asia/Ho_Chi_Minh,93,74.1,4,144,40,,30,100,1.5,1002,85,30.5,3.5,0.4,32.67
2025-06-28T07:00:00,6/28/2025 14:00,Hoàn Kiếm,VN,Asia/Ho_Chi_Minh,98,75.7,5,141.3,42.5,,31.7,100,0.75,1001,81,30.3,2.8,1,30
2025-06-28T08:00:00,6/28/2025 15:00,Hoàn Kiếm,VN,Asia/Ho_Chi_Minh,104,77.2,6,138.7,46.3,,33.3,100,0.5,1000,77,30,2.1,2,13
2025-06-28T09:00:00,6/28/2025 16:00,Hoàn Kiếm,VN,Asia/Ho_Chi_Minh,74,78.8,7,136,28.8,,35,100,0,1000,74,29.8,1.3,3,19
2025-06-28T10:00:00,6/28/2025 17:00,Hoàn Kiếm,VN,Asia/Ho_Chi_Minh,76,113,14.3,113,30,,46.7,100,0,1000,77,29.3,0.8,2.66,29
2025-06-28T11:00:00,6/28/2025 18:00,Hoàn Kiếm,VN,Asia/Ho_Chi_Minh,80,147.3,21.7,90,32.5,,58.3,100,0.25,1000,80,28.7,0.6,2.33,32
2025-06-28T12:00:00,6/28/2025 19:00,Hoàn Kiếm,VN,Asia/Ho_Chi_Minh,80,181.5,29,67,32.5,,70,100,0,1000,84,28.2,0,2,31
2025-06-28T13:00:00,6/28/2025 20:00,Hoàn Kiếm,VN,Asia/Ho_Chi_Minh,67,195.5,30.7,56.3,25,,73.3,83,0,1001,85,28,0,1.33,32
2025-06-28T14:00:00,6/28/2025 21:00,Hoàn Kiếm,VN,Asia/Ho_Chi_Minh,74,209.5,32.3,45.7,28.8,,76.7,66,0,1001,87,27.8,0,0.66,34
2025-06-28T15:00:00,6/28/2025 22:00,Hoàn Kiếm,VN,Asia/Ho_Chi_Minh,100,223.5,34,35,43.8,,80,50,0,1002,89,27.6,0,1.2,37
2025-06-28T16:00:00,6/28/2025 23:00,Hoàn Kiếm,VN,Asia/Ho_Chi_Minh,105,199.8,31.3,37,46.7,,73.7,45,0,1002,89,27.6,0,1.6,23
2025-06-28T17:00:00,6/29/2025 0:00,Hoàn Kiếm,VN,Asia/Ho_Chi_Minh,107,176.1,28.7,39,47.5,,67.3,41,0.25,1001,90,27.5,0,1.6,24
2025-06-28T18:00:00,6/29/2025 1:00,Hoàn Kiếm,VN,Asia/Ho_Chi_Minh,118,152.3,26,41,52.5,,61,37,0.5,1001,90,27.5,0,1.2,26
2025-06-28T19:00:00,6/29/2025 2:00,Hoàn Kiếm,VN,Asia/Ho_Chi_Minh,121,137.1,23.3,43.7,53.8,,52.3,58,0.5,1001,89,27.3,0,0.33,26
2025-06-28T20:00:00,6/29/2025 3:00,Hoàn Kiếm,VN,Asia/Ho_Chi_Minh,110,122,20.7,46.3,48.8,,43.7,79,0.5,1001,89,27,0,0.66,20
2025-06-28T21:00:00,6/29/2025 4:00,Hoàn Kiếm,VN,Asia/Ho_Chi_Minh,107,106.8,18,49,47.5,,35,100,1.75,1000,88,26.8,0,1,23
2025-06-28T22:00:00,6/29/2025 5:00,Hoàn Kiếm,VN,Asia/Ho_Chi_Minh,104,109.1,18.7,49,46.3,,40.3,100,1.25,1001,90,26.8,0,1,35
2025-06-28T23:00:00,6/29/2025 6:00,Hoàn Kiếm,VN,Asia/Ho_Chi_Minh,107,111.5,19.3,49,47.5,,45.7,100,0.75,1001,91,26.8,0.6,1,37.33
2025-06-29T00:00:00,6/29/2025 7:00,Hoàn Kiếm,VN,Asia/Ho_Chi_Minh,100,113.8,20,49,43.8,,51,100,0.75,1001,93,26.8,0.8,1,38
2025-06-29T01:00:00,6/29/2025 8:00,Hoàn Kiếm,VN,Asia/Ho_Chi_Minh,102,109.7,18,63.3,45,,54.7,100,1,1001,92,27.5,1.3,1.33,42
2025-06-29T02:00:00,6/29/2025 9:00,Hoàn Kiếm,VN,Asia/Ho_Chi_Minh,98,105.6,16,77.7,42.5,,58.3,100,0.75,1001,91,28.3,2,1.66,43
2025-06-29T03:00:00,6/29/2025 10:00,Hoàn Kiếm,VN,Asia/Ho_Chi_Minh,93,101.5,14,92,32,,62,100,1,1002,90,29,2.8,2,39
2025-06-29T04:00:00,6/29/2025 11:00,Hoàn Kiếm,VN,Asia/Ho_Chi_Minh,249,10,13,4.1,130,,61.3,95,0.5,1001,88,29.3,3.5,1.66,38
2025-06-29T05:00:00,6/29/2025 12:00,Hoàn Kiếm,VN,Asia/Ho_Chi_Minh,76,40.5,12,112.7,30,,60.7,91,1.75,1001,86,29.5,3.7,1.33,37
2025-06-29T06:00:00,6/29/2025 13:00,Hoàn Kiếm,VN,Asia/Ho_Chi_Minh,72,10,11,123,27.5,,60,87,0,1000,84,29.8,3.5,1,38
2025-06-29T07:00:00,6/29/2025 14:00,Hoàn Kiếm,VN,Asia/Ho_Chi_Minh,73,40.3,10,138.3,23.8,,62.7,87,0,999,80,30.3,2.8,1.33,35
2025-06-29T08:00:00,6/29/2025 15:00,Hoàn Kiếm,VN,Asia/Ho_Chi_Minh,109,70.6,9,153.7,40.5,,65.3,87,0,999,77,30.9,2,1.66,36
2025-06-29T09:00:00,6/29/2025 16:00,Hoàn Kiếm,VN,Asia/Ho_Chi_Minh,131,101,8,169,47,,68,87,0,998,73,31.4,1.3,2,34
2025-06-29T10:00:00,6/29/2025 17:00,Hoàn Kiếm,VN,Asia/Ho_Chi_Minh,126,70.6,12.3,141.7,48.4,,65.3,91,0,999,75,31,0.8,2,32
2025-06-29T11:00:00,6/29/2025 18:00,Hoàn Kiếm,VN,Asia/Ho_Chi_Minh,121,40.3,16.7,114.3,49.8,,62.7,95,0,999,77,30.7,0.7,2,130
2025-06-29T12:00:00,6/29/2025 19:00,Hoàn Kiếm,VN,Asia/Ho_Chi_Minh,115,10,21,87,51.3,,60,100,0,999,80,30.3,0,2,24
2025-06-29T13:00:00,6/29/2025 20:00,Hoàn Kiếm,VN,Asia/Ho_Chi_Minh,95,10,21.7,74.7,41.3,,58.3,95,0,1000,78,29.5,0,2,22
2025-06-29T14:00:00,6/29/2025 21:00,Hoàn Kiếm,VN,Asia/Ho_Chi_Minh,93,80,22.3,62.3,40,,56.7,91,0,1000,77,28.6,0,2,19
2025-06-29T15:00:00,6/29/2025 22:00,Hoàn Kiếm,VN,Asia/Ho_Chi_Minh,148,115,23,50,54,,55,87,0.75,1001,75,27.8,0,2,38.67
2025-06-29T16:00:00,6/29/2025 23:00,Hoàn Kiếm,VN,Asia/Ho_Chi_Minh,93,80,21.3,49,40,,48.7,83,0.75,1001,78,27.7,0,1.66,47
2025-06-29T17:00:00,6/30/2025 0:00,Hoàn Kiếm,VN,Asia/Ho_Chi_Minh,63,10,19.7,48,22.5,,42.3,79,0.25,1001,81,27.7,0,1.33,45
2025-06-29T18:00:00,6/30/2025 1:00,Hoàn Kiếm,VN,Asia/Ho_Chi_Minh,63,10,18,47,22.5,,36,75,0,1001,84,27.6,0,1,43
2025-06-29T19:00:00,6/30/2025 2:00,Hoàn Kiếm,VN,Asia/Ho_Chi_Minh,56,32,17,47.3,18.8,,33.3,83,0,1000,87,27.5,0,0.66,41
2025-06-29T20:00:00,6/30/2025 3:00,Hoàn Kiếm,VN,Asia/Ho_Chi_Minh,74,53.9,16,47.7,28.8,,30.7,91,0,1000,90,27.3,0,0.33,33
2025-06-29T21:00:00,6/30/2025 4:00,Hoàn Kiếm,VN,Asia/Ho_Chi_Minh,78,75.9,15,48,27,,28,100,0,1000,93,27.2,0,1.2,32
2025-06-29T22:00:00,6/30/2025 5:00,Hoàn Kiếm,VN,Asia/Ho_Chi_Minh,74,319.2,17.7,41.4,28.8,,36.3,100,0,1000,93,27.4,0,1.2,53
2025-06-29T23:00:00,6/30/2025 6:00,Hoàn Kiếm,VN,Asia/Ho_Chi_Minh,56,562.6,20.3,34.7,18.8,,44.7,100,0.75,1000,94,27.6,0.6,0.8,32
2025-06-30T00:00:00,6/30/2025 7:00,Hoàn Kiếm,VN,Asia/Ho_Chi_Minh,52,806,23,28.1,38,,53,100,2,1000,94,27.8,0.8,0.4,18
2025-06-30T01:00:00,6/30/2025 8:00,Hoàn Kiếm,VN,Asia/Ho_Chi_Minh,193,10,18.3,4.4,88,,51,95,0,1001,88,29,1.3,1,18
2025-06-30T02:00:00,6/30/2025 9:00,Hoàn Kiếm,VN,Asia/Ho_Chi_Minh,78,10,13.7,76.7,31.3,,49,91,0,1001,83,30.2,2,2,15
2025-06-30T03:00:00,6/30/2025 10:00,Hoàn Kiếm,VN,Asia/Ho_Chi_Minh,93,83.5,9,101,35,,47,87,0,1001,78,31.4,2.8,3,23
2025-06-30T04:00:00,6/30/2025 11:00,Hoàn Kiếm,VN,Asia/Ho_Chi_Minh,67,59,7.7,122,25,,46.3,62,0,1001,73,32.1,3.5,2.66,25
2025-06-30T05:00:00,6/30/2025 12:00,Hoàn Kiếm,VN,Asia/Ho_Chi_Minh,96,34.5,6.3,143,40,,45.7,37,0,1000,69,32.9,3.7,2.33,23
2025-06-30T06:00:00,6/30/2025 13:00,Hoàn Kiếm,VN,Asia/Ho_Chi_Minh,101,10,5,164,42.5,,45,12,0,1000,66,33.6,3.5,2,15
2025-06-30T07:00:00,6/30/2025 14:00,Hoàn Kiếm,VN,Asia/Ho_Chi_Minh,82,10,6,143.3,33.8,,39.7,33,1,1000,68,32.4,2.8,2,13
2025-06-30T08:00:00,6/30/2025 15:00,Hoàn Kiếm,VN,Asia/Ho_Chi_Minh,102,1008,7,5.4,58,,34.3,54,0.75,999,71,31.3,2,2,88
2025-06-30T09:00:00,6/30/2025 16:00,Hoàn Kiếm,VN,Asia/Ho_Chi_Minh,93,76.5,8,102,34,,29,75,4.25,999,74,30.1,1.3,2,25
2025-06-30T10:00:00,6/30/2025 17:00,Hoàn Kiếm,VN,Asia/Ho_Chi_Minh,72,101,11.3,2.2,42,,33,75,6.25,1000,80,28.7,0.8,2,32
2025-06-30T11:00:00,6/30/2025 18:00,Hoàn Kiếm,VN,Asia/Ho_Chi_Minh,123,88.5,14.7,77.3,46.7,,37,75,10.25,1000,87,27.4,0.6,2,20
2025-06-30T12:00:00,6/30/2025 19:00,Hoàn Kiếm,VN,Asia/Ho_Chi_Minh,139,94.5,18,65,53,,41,75,12.5,1001,94,26,0,2,33.33
2025-06-30T13:00:00,6/30/2025 20:00,Hoàn Kiếm,VN,Asia/Ho_Chi_Minh,65,202,20,3.2,40,,44,75,0.75,1002,94,26.1,0,1.66,34
2025-06-30T14:00:00,6/30/2025 21:00,Hoàn Kiếm,VN,Asia/Ho_Chi_Minh,74,114.4,22,51.7,28.8,,47,75,1,1002,94,26.1,0,1.33,27
2025-06-30T15:00:00,6/30/2025 22:00,Hoàn Kiếm,VN,Asia/Ho_Chi_Minh,159,124.3,24,45,64,,50,75,1,1003,95,26.2,0,1,36
2025-06-30T16:00:00,6/30/2025 23:00,Hoàn Kiếm,VN,Asia/Ho_Chi_Minh,78,118.9,23,44.7,31.3,,47.3,70,0.5,1003,95,25.8,0,1.33,32
2025-06-30T17:00:00,7/1/2025 0:00,Hoàn Kiếm,VN,Asia/Ho_Chi_Minh,76,113.4,22,44.3,30,,44.7,66,1.25,1002,94,25.5,0,1.66,22
2025-06-30T18:00:00,7/1/2025 1:00,Hoàn Kiếm,VN,Asia/Ho_Chi_Minh,72,108,21,44,27.5,,42,62,3.25,1002,94,25.1,0,2,44
2025-06-30T19:00:00,7/1/2025 2:00,Hoàn Kiếm,VN,Asia/Ho_Chi_Minh,69,10,19,46.7,26.3,,38.3,66,3.5,1002,94,25.1,0,2,50
2025-06-30T20:00:00,7/1/2025 3:00,Hoàn Kiếm,VN,Asia/Ho_Chi_Minh,70,42.7,17,49.3,26.7,,34.7,70,3.25,1002,94,25.1,0,2,19
2025-06-30T21:00:00,7/1/2025 4:00,Hoàn Kiếm,VN,Asia/Ho_Chi_Minh,69,10,15,52,26.3,,31,75,1.5,1002,94,25.1,0,2,23
2025-06-30T22:00:00,7/1/2025 5:00,Hoàn Kiếm,VN,Asia/Ho_Chi_Minh,46,10,14.7,52.3,13.8,,33.7,75,0.5,1002,94,25.1,0,1.66,62
2025-06-30T23:00:00,7/1/2025 6:00,Hoàn Kiếm,VN,Asia/Ho_Chi_Minh,59,10,14.3,52.7,20,,36.3,75,0,1003,94,25.2,0.6,1.33,25
2025-07-01T00:00:00,7/1/2025 7:00,Hoàn Kiếm,VN,Asia/Ho_Chi_Minh,59,10,14,53,20,,39,75,0.25,1003,94,25.2,0.8,1,24
2025-07-01T01:00:00,7/1/2025 8:00,Hoàn Kiếm,VN,Asia/Ho_Chi_Minh,59,36,12.7,72.3,20,,44,70,1.5,1004,94,25.5,1.3,1.33,22
2025-07-01T02:00:00,7/1/2025 9:00,Hoàn Kiếm,VN,Asia/Ho_Chi_Minh,63,62.1,11.3,91.7,22.5,,49,66,0.75,1004,94,25.9,2,1.66,21
2025-07-01T03:00:00,7/1/2025 10:00,Hoàn Kiếm,VN,Asia/Ho_Chi_Minh,87,88.1,10,111,31,,54,62,2,1005,94,26.2,2.8,2,21.33
2025-07-01T04:00:00,7/1/2025 11:00,Hoàn Kiếm,VN,Asia/Ho_Chi_Minh,69,86.4,9,117.7,26.3,,50.3,75,1.25,1004,90,26.9,3.7,1.33,21
2025-07-01T05:00:00,7/1/2025 12:00,Hoàn Kiếm,VN,Asia/Ho_Chi_Minh,85,84.6,8,124.3,35,,46.7,87,1.5,1003,86,27.7,3.8,0.66,11
2025-07-01T06:00:00,7/1/2025 13:00,Hoàn Kiếm,VN,Asia/Ho_Chi_Minh,74,82.9,7,131,28.8,,43,100,0.5,1003,82,28.4,3.5,2.8,16
2025-07-01T07:00:00,7/1/2025 14:00,Hoàn Kiếm,VN,Asia/Ho_Chi_Minh,63,82.3,7.3,124,22.5,,37,87,0.5,1003,81,28.7,2.8,1,16
2025-07-01T08:00:00,7/1/2025 15:00,Hoàn Kiếm,VN,Asia/Ho_Chi_Minh,59,10,7.7,117,20,,31,75,0.5,1002,80,29.1,2.1,2,16
2025-07-01T09:00:00,7/1/2025 16:00,Hoàn Kiếm,VN,Asia/Ho_Chi_Minh,107,81.1,8,110,40,,25,62,0.25,1002,80,29.4,1.3,3,18
2025-07-01T10:00:00,7/1/2025 17:00,Hoàn Kiếm,VN,Asia/Ho_Chi_Minh,117,91.4,11.7,96.3,43.3,,32.3,70,0,1003,82,28.8,0.8,2.66,29
2025-07-01T11:00:00,7/1/2025 18:00,Hoàn Kiếm,VN,Asia/Ho_Chi_Minh,127,101.7,15.3,82.7,46.7,,39.7,79,0,1003,84,28.3,0.6,2.33,21
2025-07-01T12:00:00,7/1/2025 19:00,Hoàn Kiếm,VN,Asia/Ho_Chi_Minh,137,112.1,19,69,50,,47,87,0.25,1004,86,27.7,0,2,28
2025-07-01T13:00:00,7/1/2025 20:00,Hoàn Kiếm,VN,Asia/Ho_Chi_Minh,143,114.2,20,59.3,52.7,,48.3,91,0.25,1004,87,27.5,0,2.33,23
2025-07-01T14:00:00,7/1/2025 21:00,Hoàn Kiếm,VN,Asia/Ho_Chi_Minh,149,116.3,21,49.7,55.3,,49.7,95,0.5,1005,89,27.4,0,2.66,18
2025-07-01T15:00:00,7/1/2025 22:00,Hoàn Kiếm,VN,Asia/Ho_Chi_Minh,151,118.5,22,40,58,,51,100,0.5,1006,90,27.2,0,3,16
2025-07-01T16:00:00,7/1/2025 23:00,Hoàn Kiếm,VN,Asia/Ho_Chi_Minh,119,107.2,20.7,41,44.9,,46,91,0,1005,90,27.1,0,2.66,38
2025-07-01T17:00:00,7/2/2025 0:00,Hoàn Kiếm,VN,Asia/Ho_Chi_Minh,86,95.9,19.3,42,31.8,,41,83,0,1005,89,26.9,0,2.33,41.67
2025-07-01T18:00:00,7/2/2025 1:00,Hoàn Kiếm,VN,Asia/Ho_Chi_Minh,56,84.6,18,43,18.8,,36,75,0.25,1004,89,26.8,0,2,45.33
2025-07-01T19:00:00,7/2/2025 2:00,Hoàn Kiếm,VN,Asia/Ho_Chi_Minh,65,83.5,18,42.3,23.8,,34.7,83,0.75,1004,91,26.4,0,1.66,49
2025-07-01T20:00:00,7/2/2025 3:00,Hoàn Kiếm,VN,Asia/Ho_Chi_Minh,61,10,18,41.7,21.3,,33.3,91,0.5,1004,92,25.9,0,1.33,51.33
2025-07-01T21:00:00,7/2/2025 4:00,Hoàn Kiếm,VN,Asia/Ho_Chi_Minh,95,81.1,18,41,36,,32,100,0,1004,94,25.5,0,1,53.67
2025-07-01T22:00:00,7/2/2025 5:00,Hoàn Kiếm,VN,Asia/Ho_Chi_Minh,50,10,16.7,43.3,15,,33.3,100,1,1005,94,25.4,0,1,56
2025-07-01T23:00:00,7/2/2025 6:00,Hoàn Kiếm,VN,Asia/Ho_Chi_Minh,33,10,15.3,45.7,10,,34.7,100,2.5,1005,94,25.3,0.6,1,42.33
2025-07-02T00:00:00,7/2/2025 7:00,Hoàn Kiếm,VN,Asia/Ho_Chi_Minh,54,10,14,48,17.5,,36,100,2.25,1006,94,25.2,0.8,1,28.67
2025-07-02T01:00:00,7/2/2025 8:00,Hoàn Kiếm,VN,Asia/Ho_Chi_Minh,56,28.5,13,56.3,17.3,,36.3,100,1,1006,92,26.1,1.3,1.33,15
2025-07-02T02:00:00,7/2/2025 9:00,Hoàn Kiếm,VN,Asia/Ho_Chi_Minh,57,46.9,12,64.7,17.2,,36.7,100,1,1006,89,26.9,2,1.66,19
2025-07-02T03:00:00,7/2/2025 10:00,Hoàn Kiếm,VN,Asia/Ho_Chi_Minh,59,65.4,11,73,17,,37,100,1.5,1007,87,27.8,2.8,2,17
2025-07-02T04:00:00,7/2/2025 11:00,Hoàn Kiếm,VN,Asia/Ho_Chi_Minh,80,66.1,10.3,79.3,32.5,,37,95,1.5,1006,86,28.1,3.5,1.33,33
2025-07-02T05:00:00,7/2/2025 12:00,Hoàn Kiếm,VN,Asia/Ho_Chi_Minh,91,66.9,9.7,85.7,38.8,,37,91,1,1006,85,28.5,3.7,0.66,12
2025-07-02T06:00:00,7/2/2025 13:00,Hoàn Kiếm,VN,Asia/Ho_Chi_Minh,95,67.7,9,92,41.3,,37,87,1.25,1006,83,28.8,3.5,3.2,8
2025-07-02T07:00:00,7/2/2025 14:00,Hoàn Kiếm,VN,Asia/Ho_Chi_Minh,72,66.1,8.3,95,27.5,,36.7,79,2,1005,81,29.3,2.9,0.66,14
2025-07-02T08:00:00,7/2/2025 15:00,Hoàn Kiếm,VN,Asia/Ho_Chi_Minh,77,64.6,7.7,98,30.4,,36.3,70,0,1004,79,29.7,2.1,1.33,14.67
2025-07-02T09:00:00,7/2/2025 16:00,Hoàn Kiếm,VN,Asia/Ho_Chi_Minh,67,63,7,101,25,,36,62,0,1004,76,30.2,1.3,2,15.33
2025-07-02T10:00:00,7/2/2025 17:00,Hoàn Kiếm,VN,Asia/Ho_Chi_Minh,76,45.4,11,88,30,,39.3,54,0,1004,78,29.7,0.8,2,16
2025-07-02T11:00:00,7/2/2025 18:00,Hoàn Kiếm,VN,Asia/Ho_Chi_Minh,72,27.7,15,75,27.5,,42.7,45,0,1005,80,29.3,0.6,2,26
2025-07-02T12:00:00,7/2/2025 19:00,Hoàn Kiếm,VN,Asia/Ho_Chi_Minh,85,10,19,62,35,,46,37,0,1005,82,28.8,0,2,31
2025-07-02T13:00:00,7/2/2025 20:00,Hoàn Kiếm,VN,Asia/Ho_Chi_Minh,63,1310,231,27,22,,121,33,0,1006,85,28.4,0,1.33,33
2025-07-02T14:00:00,7/2/2025 21:00,Hoàn Kiếm,VN,Asia/Ho_Chi_Minh,83,111.1,25.7,40,34.2,,56,29,0.5,1006,87,28,0,0.66,22
2025-07-02T15:00:00,7/2/2025 22:00,Hoàn Kiếm,VN,Asia/Ho_Chi_Minh,82,161.7,29,29,33.8,,61,25,0.5,1007,90,27.6,0,0.8,24.33
2025-07-02T16:00:00,7/2/2025 23:00,Hoàn Kiếm,VN,Asia/Ho_Chi_Minh,80,162.2,29,26.3,32.5,,56.7,33,0.25,1007,91,27.3,0,0.8,20
2025-07-02T17:00:00,7/3/2025 0:00,Hoàn Kiếm,VN,Asia/Ho_Chi_Minh,93,162.8,29,23.7,40,,52.3,41,0,1006,92,27.1,0,0.8,24
2025-07-02T18:00:00,7/3/2025 1:00,Hoàn Kiếm,VN,Asia/Ho_Chi_Minh,100,163.4,29,21,43.8,,48,50,0,1006,93,26.8,0,0.4,22
2025-07-02T19:00:00,7/3/2025 2:00,Hoàn Kiếm,VN,Asia/Ho_Chi_Minh,104,146.9,26,26.3,46.3,,45.3,62,0.25,1006,93,26.6,0,0.33,28
2025-07-02T20:00:00,7/3/2025 3:00,Hoàn Kiếm,VN,Asia/Ho_Chi_Minh,103,130.3,23,31.7,45.4,,42.7,75,0,1006,94,26.4,0,0.66,18
2025-07-02T21:00:00,7/3/2025 4:00,Hoàn Kiếm,VN,Asia/Ho_Chi_Minh,104,113.8,20,37,46.3,,40,87,0,1005,94,26.2,0,1,27.33
2025-07-02T22:00:00,7/3/2025 5:00,Hoàn Kiếm,VN,Asia/Ho_Chi_Minh,112,102.9,17.7,39.7,50,,41.3,75,0,1006,92,26.7,0,1.33,27
2025-07-02T23:00:00,7/3/2025 6:00,Hoàn Kiếm,VN,Asia/Ho_Chi_Minh,115,92,15.3,42.3,51.3,,42.7,62,0,1006,90,27.1,0.6,1.66,26
2025-07-03T00:00:00,7/3/2025 7:00,Hoàn Kiếm,VN,Asia/Ho_Chi_Minh,131,81.1,13,45,58.8,,44,50,0,1006,88,27.6,0.8,2,32
2025-07-03T01:00:00,7/3/2025 8:00,Hoàn Kiếm,VN,Asia/Ho_Chi_Minh,112,75.1,12,52.7,50,,43.3,58,0,1007,90,27.2,1.3,2,35
2025-07-03T02:00:00,7/3/2025 9:00,Hoàn Kiếm,VN,Asia/Ho_Chi_Minh,119,69.1,11,60.3,52.9,,42.7,66,0.5,1007,91,26.8,2,2,37
2025-07-03T03:00:00,7/3/2025 10:00,Hoàn Kiếm,VN,Asia/Ho_Chi_Minh,112,63,10,68,50,,42,75,5.5,1007,93,26.4,2.8,2,36.33
2025-07-03T04:00:00,7/3/2025 11:00,Hoàn Kiếm,VN,Asia/Ho_Chi_Minh,147,45.4,8.7,46.5,59.3,,39.3,75,4.75,1007,93,26.3,3.5,1.66,37
2025-07-03T05:00:00,7/3/2025 12:00,Hoàn Kiếm,VN,Asia/Ho_Chi_Minh,180,10,7.3,3.5,78,,36.7,75,3,1006,94,26.1,3.7,1.33,40
2025-07-03T06:00:00,7/3/2025 13:00,Hoàn Kiếm,VN,Asia/Ho_Chi_Minh,180,10,6,3.5,78,,34,75,2,1006,94,26,3.5,1,41
2025-07-03T07:00:00,7/3/2025 14:00,Hoàn Kiếm,VN,Asia/Ho_Chi_Minh,180,10,6,3.5,78,,36.7,83,0.25,1005,92,26.7,2.9,1.33,47
2025-07-03T08:00:00,7/3/2025 15:00,Hoàn Kiếm,VN,Asia/Ho_Chi_Minh,120,43.4,6,82.5,46.8,,39.3,91,0.25,1005,89,27.3,2,1.66,40
2025-07-03T09:00:00,7/3/2025 16:00,Hoàn Kiếm,VN,Asia/Ho_Chi_Minh,78,60.1,6,122,31.3,,42,100,1.5,1004,87,28,1.3,2,42.33
2025-07-03T10:00:00,7/3/2025 17:00,Hoàn Kiếm,VN,Asia/Ho_Chi_Minh,100,79.8,11,102,43.8,,44.3,100,0,1005,87,27.9,0.8,2,40
2025-07-03T11:00:00,7/3/2025 18:00,Hoàn Kiếm,VN,Asia/Ho_Chi_Minh,104,99.4,16,82,46.3,,46.7,100,0,1005,87,27.8,0.6,2,52.67
2025-07-03T12:00:00,7/3/2025 19:00,Hoàn Kiếm,VN,Asia/Ho_Chi_Minh,89,119.1,21,62,37.5,,49,100,0,1005,87,27.7,0,2,78
2025-07-03T13:00:00,7/3/2025 20:00,Hoàn Kiếm,VN,Asia/Ho_Chi_Minh,85,153.5,27.7,51.3,35,,63.7,95,0,1005,88,27.4,0,1.66,78
2025-07-03T14:00:00,7/3/2025 21:00,Hoàn Kiếm,VN,Asia/Ho_Chi_Minh,89,187.9,34.3,40.7,37.5,,78.3,91,0,1006,90,27.1,0,1.33,78
2025-07-03T15:00:00,7/3/2025 22:00,Hoàn Kiếm,VN,Asia/Ho_Chi_Minh,76,222.4,41,30,30,,93,87,0,1006,91,26.9,0,1,42.67
2025-07-03T16:00:00,7/3/2025 23:00,Hoàn Kiếm,VN,Asia/Ho_Chi_Minh,98,3162.7,24.3,19.3,50,,13,83,0,1006,92,26.6,0,0.66,25
2025-07-03T17:00:00,7/4/2025 0:00,Hoàn Kiếm,VN,Asia/Ho_Chi_Minh,102,2876.3,21.3,50.6,51.7,,13.3,79,0,1006,93,26.3,0,0.33,35
2025-07-03T18:00:00,7/4/2025 1:00,Hoàn Kiếm,VN,Asia/Ho_Chi_Minh,114,2351.7,20.3,31.7,55.7,,12.7,75,0.25,1006,94,26,0,0.8,37
2025-07-03T19:00:00,7/4/2025 2:00,Hoàn Kiếm,VN,Asia/Ho_Chi_Minh,101,1845.3,18.3,29.9,47.7,,12,58,0,1006,94,25.9,0,0.8,30
2025-07-03T20:00:00,7/4/2025 3:00,Hoàn Kiếm,VN,Asia/Ho_Chi_Minh,102,1976.3,23,31.3,45,,12.4,41,0,1005,94,25.9,0,0.8,28
2025-07-03T21:00:00,7/4/2025 4:00,Hoàn Kiếm,VN,Asia/Ho_Chi_Minh,98,1788.7,24.3,31.1,42.7,,12.3,25,0,1005,94,25.8,0,0.8,30
2025-07-03T22:00:00,7/4/2025 5:00,Hoàn Kiếm,VN,Asia/Ho_Chi_Minh,99,1925,21.3,32.5,44,,13,25,0,1005,94,25.9,0,0.8,24
2025-07-03T23:00:00,7/4/2025 6:00,Hoàn Kiếm,VN,Asia/Ho_Chi_Minh,132,2821.7,15.3,31,66.3,,13.3,25,0,1006,94,26.1,0.6,0.8,34.25
2025-07-04T00:00:00,7/4/2025 7:00,Hoàn Kiếm,VN,Asia/Ho_Chi_Minh,133,2463.3,19.7,37.6,67,,13,25,0,1006,94,26.2,0.9,0.4,36.25
2025-07-04T01:00:00,7/4/2025 8:00,Hoàn Kiếm,VN,Asia/Ho_Chi_Minh,141,2737.3,90,27.3,67.7,,14,29,0,1006,87,27.4,1.4,0.33,40.5
2025-07-04T02:00:00,7/4/2025 9:00,Hoàn Kiếm,VN,Asia/Ho_Chi_Minh,112,2490.9,31.7,32.6,50,,13.7,33,0,1006,80,28.7,2.3,0.66,35.67
2025-07-04T03:00:00,7/4/2025 10:00,Hoàn Kiếm,VN,Asia/Ho_Chi_Minh,123,2504.7,37.7,30.2,61.7,,14,37,0,1006,74,29.9,3.1,1,36
2025-07-04T04:00:00,7/4/2025 11:00,Hoàn Kiếm,VN,Asia/Ho_Chi_Minh,100,1084,31.3,34.1,46.7,,13.7,50,0,1006,71,30.7,4.6,0.66,34.25
2025-07-04T05:00:00,7/4/2025 12:00,Hoàn Kiếm,VN,Asia/Ho_Chi_Minh,109,814,32.3,36.2,52.3,,13.3,62,0,1005,68,31.6,4.4,0.33,34.75
2025-07-04T06:00:00,7/4/2025 13:00,Hoàn Kiếm,VN,Asia/Ho_Chi_Minh,99,1094.5,19,44.8,46.7,,12.7,75,0,1005,65,32.4,3.9,0.4,47.25
2025-07-04T07:00:00,7/4/2025 14:00,Hoàn Kiếm,VN,Asia/Ho_Chi_Minh,91,1561.7,37.5,38.9,41,,17.4,62,0,1004,64,32.6,3,0.4,47.5
2025-07-04T08:00:00,7/4/2025 15:00,Hoàn Kiếm,VN,Asia/Ho_Chi_Minh,88,1420,46,60.8,39,,23,50,0,1003,62,32.8,2.5,1.6,50.67
2025-07-04T09:00:00,7/4/2025 16:00,Hoàn Kiếm,VN,Asia/Ho_Chi_Minh,82,2496,74.5,43.6,38.3,,26.8,37,0,1002,61,33,1.4,2.4,40
2025-07-04T10:00:00,7/4/2025 17:00,Hoàn Kiếm,VN,Asia/Ho_Chi_Minh,85,2238.8,86.8,43.7,40,,14.8,41,0,1002,64,32,1.3,0.33,44
2025-07-04T11:00:00,7/4/2025 18:00,Hoàn Kiếm,VN,Asia/Ho_Chi_Minh,116,2562,34.3,33.5,57.7,,12.7,45,0.25,1003,67,31,1,0.66,35.5
2025-07-04T12:00:00,7/4/2025 19:00,Hoàn Kiếm,VN,Asia/Ho_Chi_Minh,103,2475.3,31.7,15.6,49,,12.7,50,0.5,1003,71,30,0,1,38.75
2025-07-04T13:00:00,7/4/2025 20:00,Hoàn Kiếm,VN,Asia/Ho_Chi_Minh,102,2329.9,57.3,17.3,45,,17.8,41,0.5,1004,75,29.5,0,0.66,34.5
2025-07-04T14:00:00,7/4/2025 21:00,Hoàn Kiếm,VN,Asia/Ho_Chi_Minh,96,1936.3,32.3,33.8,46.7,,13.3,33,0,1004,80,29,0,0.33,31
2025-07-04T15:00:00,7/4/2025 22:00,Hoàn Kiếm,VN,Asia/Ho_Chi_Minh,78,2039,108.5,20.8,42.8,,28,25,0,1005,85,28.5,0,1.6,29.5
2025-07-04T16:00:00,7/4/2025 23:00,Hoàn Kiếm,VN,Asia/Ho_Chi_Minh,76,1159,104.8,12.8,41.5,,27.3,20,0,1004,87,28.2,0,1.6,27
2025-07-04T17:00:00,7/5/2025 0:00,Hoàn Kiếm,VN,Asia/Ho_Chi_Minh,114,752.7,23,28.3,56.3,,12.3,16,0,1004,88,27.8,0,1.2,28.4
2025-07-04T18:00:00,7/5/2025 1:00,Hoàn Kiếm,VN,Asia/Ho_Chi_Minh,132,800,20.7,20.6,63,,12.3,12,0,1004,89,27.5,0,1.2,41.5
2025-07-04T19:00:00,7/5/2025 2:00,Hoàn Kiếm,VN,Asia/Ho_Chi_Minh,93,10,21.8,17.3,40,,14.9,33,0,1004,91,27.1,0,0.8,36.67
2025-07-04T20:00:00,7/5/2025 3:00,Hoàn Kiếm,VN,Asia/Ho_Chi_Minh,91,614.5,31.7,31.2,53.7,,20,54,0,1003,92,26.6,0,0.8,36
2025-07-04T21:00:00,7/5/2025 4:00,Hoàn Kiếm,VN,Asia/Ho_Chi_Minh,82,600.5,24,10.7,49.3,,20,75,0,1003,94,26.2,0,1.2,33.5
2025-07-04T22:00:00,7/5/2025 5:00,Hoàn Kiếm,VN,Asia/Ho_Chi_Minh,80,1677.3,26,15.9,46.3,,22.3,68,0,1004,92,26.9,0,0.8,24.75
2025-07-04T23:00:00,7/5/2025 6:00,Hoàn Kiếm,VN,Asia/Ho_Chi_Minh,109,2252.7,15.7,48.1,53.3,,13.3,62,0,1004,90,27.6,0.7,1.2,24.25
2025-07-05T00:00:00,7/5/2025 7:00,Hoàn Kiếm,VN,Asia/Ho_Chi_Minh,130,1193.5,20.7,6,62.3,,12.7,56,0,1004,88,28.3,0.8,0.8,40.5
2025-07-05T01:00:00,7/5/2025 8:00,Hoàn Kiếm,VN,Asia/Ho_Chi_Minh,121,1535.1,26.4,14,53.8,,13.2,50,0,1004,79,29.5,2,0.66,47.33
2025-07-05T02:00:00,7/5/2025 9:00,Hoàn Kiếm,VN,Asia/Ho_Chi_Minh,143,2726.3,43.7,33.5,71,,15.3,43,0,1004,71,30.8,2.9,1.33,32
2025-07-05T03:00:00,7/5/2025 10:00,Hoàn Kiếm,VN,Asia/Ho_Chi_Minh,125,2218.3,38,29.8,60.3,,14.3,37,0,1004,63,32,4,2,31
2025-07-05T04:00:00,7/5/2025 11:00,Hoàn Kiếm,VN,Asia/Ho_Chi_Minh,112,2090,39.3,31.8,57.3,,13.3,45,0,1003,62,32.5,4.6,1.66,27
2025-07-05T05:00:00,7/5/2025 12:00,Hoàn Kiếm,VN,Asia/Ho_Chi_Minh,102,1971.3,24.7,41.3,50.3,,13.7,54,0,1003,61,33.1,6.8,1.33,26
2025-07-05T06:00:00,7/5/2025 13:00,Hoàn Kiếm,VN,Asia/Ho_Chi_Minh,106,2047,31.7,39,50.3,,13.7,62,0,1002,60,33.6,6.1,1,38.75
2025-07-05T07:00:00,7/5/2025 14:00,Hoàn Kiếm,VN,Asia/Ho_Chi_Minh,76,706,177,98.5,38,,37,62,0,1001,60,33.8,5.4,1.33,46.67
2025-07-05T08:00:00,7/5/2025 15:00,Hoàn Kiếm,VN,Asia/Ho_Chi_Minh,92,1070.3,72.3,51.3,45.5,,16.8,62,0,1001,59,34,3.6,1.66,43
2025-07-05T09:00:00,7/5/2025 16:00,Hoàn Kiếm,VN,Asia/Ho_Chi_Minh,99,2040.3,32.3,50.1,48.3,,13,62,0,1000,59,34.2,1.9,2,51.5
2025-07-05T10:00:00,7/5/2025 17:00,Hoàn Kiếm,VN,Asia/Ho_Chi_Minh,106,2210,38.7,39.9,53.3,,13.7,50,0,1000,62,33.4,1.1,2,44.5
2025-07-05T11:00:00,7/5/2025 18:00,Hoàn Kiếm,VN,Asia/Ho_Chi_Minh,106,1917,72,46.1,53.5,,29.5,37,0,1001,64,32.5,0.7,2,40
2025-07-05T12:00:00,7/5/2025 19:00,Hoàn Kiếm,VN,Asia/Ho_Chi_Minh,119,2334.3,36.3,22.5,62,,13,25,0,1001,67,31.7,0,2,36.25
2025-07-05T13:00:00,7/5/2025 20:00,Hoàn Kiếm,VN,Asia/Ho_Chi_Minh,111,1994.2,32.8,20.7,56.3,,13.1,37,0,1002,72,31.1,0,1.66,37.67
2025-07-05T14:00:00,7/5/2025 21:00,Hoàn Kiếm,VN,Asia/Ho_Chi_Minh,119,2093.7,25.7,15.9,56,,13,50,0,1003,76,30.4,0,1.33,24
2025-07-05T15:00:00,7/5/2025 22:00,Hoàn Kiếm,VN,Asia/Ho_Chi_Minh,97,1314,25.7,17.2,45,,13.3,62,0,1004,81,29.8,0,1,31.4
2025-07-05T16:00:00,7/5/2025 23:00,Hoàn Kiếm,VN,Asia/Ho_Chi_Minh,90,1860.7,20.7,19.9,40,,12.7,100,0,1004,83,29.4,0,0.66,34.75
2025-07-05T17:00:00,7/6/2025 0:00,Hoàn Kiếm,VN,Asia/Ho_Chi_Minh,88,774.5,16.7,28.5,39.3,,12,98,0,1003,85,28.9,0,0.33,37.75
2025-07-05T18:00:00,7/6/2025 1:00,Hoàn Kiếm,VN,Asia/Ho_Chi_Minh,212,215.3,42,20,102,,98,98,0.5,1003,87,28.5,0,1.6,37.5
2025-07-05T19:00:00,7/6/2025 2:00,Hoàn Kiếm,VN,Asia/Ho_Chi_Minh,97,721.5,14,33.4,44.7,,12.7,94,0.5,1002,89,28.1,0,1.2,42.5
2025-07-05T20:00:00,7/6/2025 3:00,Hoàn Kiếm,VN,Asia/Ho_Chi_Minh,85,494,29,9.4,45.7,,20,39,0.5,1002,90,27.6,0,1.2,39.56
2025-07-05T21:00:00,7/6/2025 4:00,Hoàn Kiếm,VN,Asia/Ho_Chi_Minh,77,599,26.7,11.2,40,,20.3,51,0.25,1002,92,27.2,0,1.2,42.33
2025-07-05T22:00:00,7/6/2025 5:00,Hoàn Kiếm,VN,Asia/Ho_Chi_Minh,87,2259.7,13,32.5,39,,13,98,0,1002,92,27.6,0,1.2,33.67
2025-07-05T23:00:00,7/6/2025 6:00,Hoàn Kiếm,VN,Asia/Ho_Chi_Minh,104,1188.5,12,32,49,,13,28,0,1003,92,28,1.7,1.6,30.33
2025-07-06T00:00:00,7/6/2025 7:00,Hoàn Kiếm,VN,Asia/Ho_Chi_Minh,104,207.8,27,46,46.3,,113,87,0.25,1004,92,28.4,2,1.6,29.67
2025-07-06T01:00:00,7/6/2025 8:00,Hoàn Kiếm,VN,Asia/Ho_Chi_Minh,105,928,25,30,49.7,,14.3,79,0,1004,85,29.8,2.9,0.33,102
2025-07-06T02:00:00,7/6/2025 9:00,Hoàn Kiếm,VN,Asia/Ho_Chi_Minh,96,990,27.7,32.9,44.7,,14,70,0,1004,78,31.2,4,0.66,33.67
2025-07-06T03:00:00,7/6/2025 10:00,Hoàn Kiếm,VN,Asia/Ho_Chi_Minh,95,2601,31.5,27.7,43.3,,18,62,0,1004,72,32.6,5.8,1,28.33
2025-07-06T04:00:00,7/6/2025 11:00,Hoàn Kiếm,VN,Asia/Ho_Chi_Minh,96,2165.7,38.3,30,44.3,,13,62,0,1003,72,31.5,6.9,1.33,24.67
2025-07-06T05:00:00,7/6/2025 12:00,Hoàn Kiếm,VN,Asia/Ho_Chi_Minh,96,2588.7,36.7,30.9,45,,13.3,62,0.5,1003,72,30.4,6.9,1.66,29.25
2025-07-06T06:00:00,7/6/2025 13:00,Hoàn Kiếm,VN,Asia/Ho_Chi_Minh,85,78.8,7,148,23.8,,97,62,1.75,1002,72,29.3,6.6,2,37
2025-07-06T07:00:00,7/6/2025 14:00,Hoàn Kiếm,VN,Asia/Ho_Chi_Minh,90,1819.8,21.3,41.7,38.3,,13.7,62,1.25,1001,68,30.7,4.8,1.33,37
2025-07-06T08:00:00,7/6/2025 15:00,Hoàn Kiếm,VN,Asia/Ho_Chi_Minh,73,2257.5,12.3,41.4,29,,13,62,1,1001,65,32,3.1,0.66,37.25
2025-07-06T09:00:00,7/6/2025 16:00,Hoàn Kiếm,VN,Asia/Ho_Chi_Minh,75,2559.3,23.3,36.7,30.7,,13,62,1,1000,61,33.4,1.5,2,33.25
2025-07-06T10:00:00,7/6/2025 17:00,Hoàn Kiếm,VN,Asia/Ho_Chi_Minh,89,2327,32.7,23.9,41.3,,13.3,62,0.5,1001,66,31.9,0.9,0.33,32.67
2025-07-06T11:00:00,7/6/2025 18:00,Hoàn Kiếm,VN,Asia/Ho_Chi_Minh,95,1097,24.3,21.2,43.7,,13,62,0.25,1001,71,30.5,0.7,0.66,33.25
2025-07-06T12:00:00,7/6/2025 19:00,Hoàn Kiếm,VN,Asia/Ho_Chi_Minh,78,130.1,20,87,31.3,,65,62,0.5,1002,76,29,0,1,33.33
2025-07-06T13:00:00,7/6/2025 20:00,Hoàn Kiếm,VN,Asia/Ho_Chi_Minh,85,1447.5,29,13,39,,13.7,50,0.5,1003,77,28.7,0,1.33,19
2025-07-06T14:00:00,7/6/2025 21:00,Hoàn Kiếm,VN,Asia/Ho_Chi_Minh,88,1441,28.7,13.9,39.7,,13.3,37,0.5,1003,79,28.5,0,1.66,30.5
2025-07-06T15:00:00,7/6/2025 22:00,Hoàn Kiếm,VN,Asia/Ho_Chi_Minh,82,1157,27.3,25.6,35,,13,25,0,1004,81,28.2,0,2,22.75
2025-07-06T16:00:00,7/6/2025 23:00,Hoàn Kiếm,VN,Asia/Ho_Chi_Minh,87,917,25,23.1,38.3,,11.7,20,0,1004,84,28,0,1.33,23.5
2025-07-06T17:00:00,7/7/2025 0:00,Hoàn Kiếm,VN,Asia/Ho_Chi_Minh,85,872,20.7,23,37.4,,12.6,16,0,1003,87,27.8,0,0.66,30.25
2025-07-06T18:00:00,7/7/2025 1:00,Hoàn Kiếm,VN,Asia/Ho_Chi_Minh,87,729.5,17.3,21.7,38.7,,12.3,12,0,1003,90,27.6,0,1.2,32.67
2025-07-06T19:00:00,7/7/2025 2:00,Hoàn Kiếm,VN,Asia/Ho_Chi_Minh,87,477,16.7,23.2,40,,12.3,16,0,1003,91,27.5,0,1.2,25
2025-07-06T20:00:00,7/7/2025 3:00,Hoàn Kiếm,VN,Asia/Ho_Chi_Minh,100,1131,18,34.4,52,,12.7,20,0,1002,92,27.3,0,1.2,28
2025-07-06T21:00:00,7/7/2025 4:00,Hoàn Kiếm,VN,Asia/Ho_Chi_Minh,103,1445.5,21.3,22.1,50.7,,12.7,25,0,1002,93,27.2,0,0.8,29.67
2025-07-06T22:00:00,7/7/2025 5:00,Hoàn Kiếm,VN,Asia/Ho_Chi_Minh,122,2422.7,15.7,34,58,,13,33,0,1002,90,27.8,0,0.8,26.67
2025-07-06T23:00:00,7/7/2025 6:00,Hoàn Kiếm,VN,Asia/Ho_Chi_Minh,123,2149.4,15.3,27.2,55,,13.1,41,0,1003,87,28.5,1.3,0.8,29
2025-07-07T00:00:00,7/7/2025 7:00,Hoàn Kiếm,VN,Asia/Ho_Chi_Minh,129,2501.3,12.3,29.8,61.7,,13.3,50,0,1003,85,29.1,1.3,0,28.22
2025-07-07T01:00:00,7/7/2025 8:00,Hoàn Kiếm,VN,Asia/Ho_Chi_Minh,138,3039.3,48.3,29.9,65.7,,13.7,50,0,1003,81,29.7,1.7,0.8,29
2025-07-07T02:00:00,7/7/2025 9:00,Hoàn Kiếm,VN,Asia/Ho_Chi_Minh,145,2897.7,32.7,27.1,71,,14,50,0,1003,76,30.4,3,0.4,29
2025-07-07T03:00:00,7/7/2025 10:00,Hoàn Kiếm,VN,Asia/Ho_Chi_Minh,123,1644,29.3,24.5,55.7,,14,50,0,1003,73,31,4.5,0.8,35.25
2025-07-07T04:00:00,7/7/2025 11:00,Hoàn Kiếm,VN,Asia/Ho_Chi_Minh,118,1693,29.3,44.7,56,,13,54,0,1002,68,31.9,6.8,0.33,36.5
2025-07-07T05:00:00,7/7/2025 12:00,Hoàn Kiếm,VN,Asia/Ho_Chi_Minh,126,1275.3,56.3,42.7,56.3,,29.7,58,0,1002,64,32.7,7.6,0.66,43.67
2025-07-07T06:00:00,7/7/2025 13:00,Hoàn Kiếm,VN,Asia/Ho_Chi_Minh,101,1091,69.8,51.8,46.5,,37.5,62,0,1001,60,33.6,7.6,1,44
2025-07-07T07:00:00,7/7/2025 14:00,Hoàn Kiếm,VN,Asia/Ho_Chi_Minh,112,1578.5,39,54.2,53,,14,58,0,1000,60,33.9,4.8,1.33,46
2025-07-07T08:00:00,7/7/2025 15:00,Hoàn Kiếm,VN,Asia/Ho_Chi_Minh,114,1205,23.3,50.7,54,,13.7,54,0,1000,59,34.3,3,1.66,49.5
2025-07-07T09:00:00,7/7/2025 16:00,Hoàn Kiếm,VN,Asia/Ho_Chi_Minh,104,1140,35.3,61.3,48.3,,13,50,0,999,58,34.6,1.6,2,52
2025-07-07T10:00:00,7/7/2025 17:00,Hoàn Kiếm,VN,Asia/Ho_Chi_Minh,104,1569,63.7,49.2,49.8,,18.6,41,0,999,60,34,0.9,2,44
2025-07-07T11:00:00,7/7/2025 18:00,Hoàn Kiếm,VN,Asia/Ho_Chi_Minh,104,1519.5,38.7,34.7,47.3,,14,33,0,1000,61,33.4,0.7,2,42
2025-07-07T12:00:00,7/7/2025 19:00,Hoàn Kiếm,VN,Asia/Ho_Chi_Minh,104,2427,120.3,25.2,52.7,,29.7,25,0,1000,63,32.8,0,2,45
2025-07-07T13:00:00,7/7/2025 20:00,Hoàn Kiếm,VN,Asia/Ho_Chi_Minh,100,1412,72.7,18.5,49,,38.3,25,0,1001,68,31.8,0,1.66,35.6
2025-07-07T14:00:00,7/7/2025 21:00,Hoàn Kiếm,VN,Asia/Ho_Chi_Minh,85,1321,92,15.2,42.7,,34.7,25,0,1001,74,30.8,0,1.33,40
2025-07-07T15:00:00,7/7/2025 22:00,Hoàn Kiếm,VN,Asia/Ho_Chi_Minh,88,1219,24,11.7,39.5,,8,25,0,1002,80,29.8,0,1,40.5
2025-07-07T16:00:00,7/7/2025 23:00,Hoàn Kiếm,VN,Asia/Ho_Chi_Minh,93,1084.2,21.9,19.4,42.9,,9.6,37,0,1002,83,29.4,0,1,36.75
2025-07-07T17:00:00,7/8/2025 0:00,Hoàn Kiếm,VN,Asia/Ho_Chi_Minh,103,813,25,31.9,48.3,,12.3,50,0,1001,86,29,0,1,36.83
2025-07-07T18:00:00,7/8/2025 1:00,Hoàn Kiếm,VN,Asia/Ho_Chi_Minh,104,814.5,17.7,34.7,49.7,,12.7,62,0,1001,88,28.6,0,1,36.75
2025-07-07T19:00:00,7/8/2025 2:00,Hoàn Kiếm,VN,Asia/Ho_Chi_Minh,93,543,34.7,9.1,51.3,,20.3,56,0,1001,89,28.2,0,0.66,37
2025-07-07T20:00:00,7/8/2025 3:00,Hoàn Kiếm,VN,Asia/Ho_Chi_Minh,98,735,19.5,1.9,50.5,,7.5,50,0,1000,89,27.9,0,0.33,35
2025-07-07T21:00:00,7/8/2025 4:00,Hoàn Kiếm,VN,Asia/Ho_Chi_Minh,90,2115,19.5,3.2,40.5,,7.5,43,0,1000,89,27.5,0,0.4,28.33
2025-07-07T22:00:00,7/8/2025 5:00,Hoàn Kiếm,VN,Asia/Ho_Chi_Minh,100,2376.2,19.8,6.2,47.5,,7.3,37,0,1000,89,28,0,0.8,29.5
2025-07-07T23:00:00,7/8/2025 6:00,Hoàn Kiếm,VN,Asia/Ho_Chi_Minh,108,2495,18,44.5,52,,8,31,0,1001,89,28.6,0.7,1.2,32
2025-07-08T00:00:00,7/8/2025 7:00,Hoàn Kiếm,VN,Asia/Ho_Chi_Minh,123,2898.5,20.5,12.1,61.5,,7,25,0,1001,90,29.1,0.9,0.8,36.33
2025-07-08T01:00:00,7/8/2025 8:00,Hoàn Kiếm,VN,Asia/Ho_Chi_Minh,125,2425,28,5.2,62.5,,7.5,20,0,1001,78,30.6,1.3,0.66,37
2025-07-08T02:00:00,7/8/2025 9:00,Hoàn Kiếm,VN,Asia/Ho_Chi_Minh,131,2084,29,20.9,69.5,,8,16,0,1001,68,32.1,2.1,1.33,32
2025-07-08T03:00:00,7/8/2025 10:00,Hoàn Kiếm,VN,Asia/Ho_Chi_Minh,112,1531,27,27.3,53,,8.5,12,0,1001,60,33.6,3.1,2,34
2025-07-08T04:00:00,7/8/2025 11:00,Hoàn Kiếm,VN,Asia/Ho_Chi_Minh,104,1362,22.3,38.6,46.3,,8.7,20,0,1001,58,34.2,3.9,2,30.5
2025-07-08T05:00:00,7/8/2025 12:00,Hoàn Kiếm,VN,Asia/Ho_Chi_Minh,92,1197,89,56.7,44.7,,29.3,29,0,1000,56,34.9,3.8,2,35
2025-07-08T06:00:00,7/8/2025 13:00,Hoàn Kiếm,VN,Asia/Ho_Chi_Minh,131,1024,13,61.1,63,,9,37,0,1000,55,35.5,3.5,2,38.33
2025-07-08T07:00:00,7/8/2025 14:00,Hoàn Kiếm,VN,Asia/Ho_Chi_Minh,90,1030.5,80.3,68.9,43.3,,48.7,37,0,999,53,36,2.9,2,44
2025-07-08T08:00:00,7/8/2025 15:00,Hoàn Kiếm,VN,Asia/Ho_Chi_Minh,106,2623,17.5,46.7,50,,8,37,0,998,52,36.6,2.1,2,44.67
2025-07-08T09:00:00,7/8/2025 16:00,Hoàn Kiếm,VN,Asia/Ho_Chi_Minh,125,135.4,8,243,43,,95,37,0,997,50,37.1,1.3,2,47
2025-07-08T10:00:00,7/8/2025 17:00,Hoàn Kiếm,VN,Asia/Ho_Chi_Minh,102,1021,31.8,168,43.8,,71.7,29,0,997,55,35.7,0.8,2,40
2025-07-08T11:00:00,7/8/2025 18:00,Hoàn Kiếm,VN,Asia/Ho_Chi_Minh,104,2528,33.5,4.2,48.5,,8.5,20,0,997,60,34.2,0.6,2,37
2025-07-08T12:00:00,7/8/2025 19:00,Hoàn Kiếm,VN,Asia/Ho_Chi_Minh,84,2792.3,79.3,18,40.3,,25,12,0,998,65,32.8,0,2,31.25
2025-07-08T13:00:00,7/8/2025 20:00,Hoàn Kiếm,VN,Asia/Ho_Chi_Minh,103,2901.7,103.7,9.5,54.7,,27.7,99,0,998,70,32.4,0,1.33,47
2025-07-08T14:00:00,7/8/2025 21:00,Hoàn Kiếm,VN,Asia/Ho_Chi_Minh,152,3766.5,32,4.4,76.5,,9,100,0,999,75,32.1,0,0.66,30.5
2025-07-08T15:00:00,7/8/2025 22:00,Hoàn Kiếm,VN,Asia/Ho_Chi_Minh,89,1512,308,24.9,56,,110,100,0,1000,81,31.7,0,1.6,37.5
2025-07-08T16:00:00,7/8/2025 23:00,Hoàn Kiếm,VN,Asia/Ho_Chi_Minh,148,2280.3,118.7,12.5,80.7,,24.3,99,0,999,82,31.5,0,0.33,32.67
2025-07-08T17:00:00,7/9/2025 0:00,Hoàn Kiếm,VN,Asia/Ho_Chi_Minh,140,2041.3,99.3,11.2,75.3,,33.3,97,0,999,83,31.2,0,0.66,35
2025-07-08T18:00:00,7/9/2025 1:00,Hoàn Kiếm,VN,Asia/Ho_Chi_Minh,159,2262.5,19.5,25.1,84,,7,96,0.5,999,84,31,0,1,37
2025-07-08T19:00:00,7/9/2025 2:00,Hoàn Kiếm,VN,Asia/Ho_Chi_Minh,118,1782.7,80.7,13.1,59.7,,23.3,97,0,999,85,30.7,0,0.66,27.75
2025-07-08T20:00:00,7/9/2025 3:00,Hoàn Kiếm,VN,Asia/Ho_Chi_Minh,107,2175.5,16,12.8,50.5,,7,91,0,998,87,30.5,0,0.33,36.67
2025-07-08T21:00:00,7/9/2025 4:00,Hoàn Kiếm,VN,Asia/Ho_Chi_Minh,104,302,62,18.4,56,,47,25,0,998,88,30.2,0,0.8,57
2025-07-08T22:00:00,7/9/2025 5:00,Hoàn Kiếm,VN,Asia/Ho_Chi_Minh,103,2089.5,15.5,5.8,45.5,,7.5,25,0,998,88,30.6,0,0.8,30
2025-07-08T23:00:00,7/9/2025 6:00,Hoàn Kiếm,VN,Asia/Ho_Chi_Minh,115,2211,14.5,9.1,56.5,,7.5,25,0,999,89,30.9,0.8,1.2,53
2025-07-09T00:00:00,7/9/2025 7:00,Hoàn Kiếm,VN,Asia/Ho_Chi_Minh,125,2688,19.5,49.2,61.5,,7,25,0,999,89,31.3,1,0.8,50.25
2025-07-09T01:00:00,7/9/2025 8:00,Hoàn Kiếm,VN,Asia/Ho_Chi_Minh,130,3310,22,17.1,65,,8,25,0,999,79,32.5,1.5,0.66,62.5
2025-07-09T02:00:00,7/9/2025 9:00,Hoàn Kiếm,VN,Asia/Ho_Chi_Minh,157,1948,28,23,81,,10,25,0,999,70,33.8,2.7,1.33,42.25
2025-07-09T03:00:00,7/9/2025 10:00,Hoàn Kiếm,VN,Asia/Ho_Chi_Minh,130,403,91.5,27.5,69,,36,25,0,999,62,35,4.4,2,38
2025-07-09T04:00:00,7/9/2025 11:00,Hoàn Kiếm,VN,Asia/Ho_Chi_Minh,148,1665,56,28.7,71,,10,25,0,999,59,35.7,5.3,1.66,37
2025-07-09T05:00:00,7/9/2025 12:00,Hoàn Kiếm,VN,Asia/Ho_Chi_Minh,151,1483,30,30.4,75.5,,8.5,25,0,998,55,36.5,4.7,1.33,36.33
2025-07-09T06:00:00,7/9/2025 13:00,Hoàn Kiếm,VN,Asia/Ho_Chi_Minh,131,1213,24.5,53.5,63,,8.5,25,0,997,52,37.2,4.1,1,41
2025-07-09T07:00:00,7/9/2025 14:00,Hoàn Kiếm,VN,Asia/Ho_Chi_Minh,121,1309,33.5,21.3,57,,8.5,41,0,996,51,37.3,3.4,1.33,44.67
2025-07-09T08:00:00,7/9/2025 15:00,Hoàn Kiếm,VN,Asia/Ho_Chi_Minh,100,1094,38,22,47.5,,8,58,0,996,51,37.4,2.4,1.66,46.33
2025-07-09T09:00:00,7/9/2025 16:00,Hoàn Kiếm,VN,Asia/Ho_Chi_Minh,121,124.3,10,135,47,,103,75,0.25,995,51,37.5,1.4,2,61
2025-07-09T10:00:00,7/9/2025 17:00,Hoàn Kiếm,VN,Asia/Ho_Chi_Minh,108,2496.5,18,36.1,51,,8.5,83,1.75,996,57,35.8,0.8,2.33,46.5
2025-07-09T11:00:00,7/9/2025 18:00,Hoàn Kiếm,VN,Asia/Ho_Chi_Minh,130,2380,104.7,31.5,66,,28,91,1,996,64,34.2,0.7,2.66,53
2025-07-09T12:00:00,7/9/2025 19:00,Hoàn Kiếm,VN,Asia/Ho_Chi_Minh,128,2294,70.3,27.8,66.3,,27.7,100,0,996,72,32.5,0,3,56.5
2025-07-09T13:00:00,7/9/2025 20:00,Hoàn Kiếm,VN,Asia/Ho_Chi_Minh,126,1358,75.3,30.3,62,,27,83,0.25,997,74,32.2,0,2.66,47
2025-07-09T14:00:00,7/9/2025 21:00,Hoàn Kiếm,VN,Asia/Ho_Chi_Minh,133,1624.7,87.9,25.9,67.4,,30.1,66,0.25,998,77,31.9,0,2.33,43
2025-07-09T15:00:00,7/9/2025 22:00,Hoàn Kiếm,VN,Asia/Ho_Chi_Minh,135,1290,96.7,24.9,68,,31.3,50,0.5,999,80,31.6,0,2,35.5
2025-07-09T16:00:00,7/9/2025 23:00,Hoàn Kiếm,VN,Asia/Ho_Chi_Minh,122,660.3,80.7,14.1,111.3,,78.3,54,1.75,998,81,30.9,0,2,43
2025-07-09T17:00:00,7/10/2025 0:00,Hoàn Kiếm,VN,Asia/Ho_Chi_Minh,93,633.3,63.7,15.5,100,,22.7,58,3,998,81,30.2,0,2,38.5
2025-07-09T18:00:00,7/10/2025 1:00,Hoàn Kiếm,VN,Asia/Ho_Chi_Minh,90,452,14,38,113.7,,7,62,2.75,998,82,29.5,0,2,46.33
2025-07-09T19:00:00,7/10/2025 2:00,Hoàn Kiếm,VN,Asia/Ho_Chi_Minh,75,463.5,21.3,22,36,,20.7,75,3,998,85,28.4,0,2.33,45.75
2025-07-09T20:00:00,7/10/2025 3:00,Hoàn Kiếm,VN,Asia/Ho_Chi_Minh,73,596,19.7,25,54.6,,6.3,87,1.75,998,89,27.2,0,2.66,45
2025-07-09T21:00:00,7/10/2025 4:00,Hoàn Kiếm,VN,Asia/Ho_Chi_Minh,64,668,22.5,18.5,25,,6,100,0.75,998,92,26.1,0,3,47.58
2025-07-09T22:00:00,7/10/2025 5:00,Hoàn Kiếm,VN,Asia/Ho_Chi_Minh,83,949,26.5,9.5,40.5,,7,100,0.25,998,92,26.3,0,2.66,48.5
2025-07-09T23:00:00,7/10/2025 6:00,Hoàn Kiếm,VN,Asia/Ho_Chi_Minh,88,2369.7,23.5,14.5,46,,7,100,0,998,91,26.5,0.7,2.33,43.67
2025-07-10T00:00:00,7/10/2025 7:00,Hoàn Kiếm,VN,Asia/Ho_Chi_Minh,91,3220.5,24,40.6,52,,7.5,100,0.5,999,91,26.7,0.8,2,32
2025-07-10T01:00:00,7/10/2025 8:00,Hoàn Kiếm,VN,Asia/Ho_Chi_Minh,92,3545,68,8.4,45.7,,64.7,95,1.5,999,87,27.5,1.3,2,30.5
2025-07-10T02:00:00,7/10/2025 9:00,Hoàn Kiếm,VN,Asia/Ho_Chi_Minh,63,3401.2,57.8,19.4,22.5,,45.4,91,4.75,999,83,28.4,2,2,23.67
2025-07-10T03:00:00,7/10/2025 10:00,Hoàn Kiếm,VN,Asia/Ho_Chi_Minh,82,3491.5,74.7,8.8,42.7,,64.3,87,1.25,999,79,29.2,2.8,2,22.5
2025-07-10T04:00:00,7/10/2025 11:00,Hoàn Kiếm,VN,Asia/Ho_Chi_Minh,84,3082,36.5,12.2,41.5,,8,83,0.25,998,73,30.6,3.5,2,18.5
2025-07-10T05:00:00,7/10/2025 12:00,Hoàn Kiếm,VN,Asia/Ho_Chi_Minh,91,2599,29.5,19.3,49,,7,79,0,998,68,32.1,3.7,2,27.33
2025-07-10T06:00:00,7/10/2025 13:00,Hoàn Kiếm,VN,Asia/Ho_Chi_Minh,95,1510,28.5,15.5,44,,7.5,75,0,997,63,33.5,3.5,2,29.67
2025-07-10T07:00:00,7/10/2025 14:00,Hoàn Kiếm,VN,Asia/Ho_Chi_Minh,82,3021.5,32,13.3,36,,9,75,0,996,60,33.9,2.9,1.66,31
2025-07-10T08:00:00,7/10/2025 15:00,Hoàn Kiếm,VN,Asia/Ho_Chi_Minh,78,2553.3,44.2,14.9,36.3,,9.2,75,0,995,57,34.3,2.1,1.33,31.33
2025-07-10T09:00:00,7/10/2025 16:00,Hoàn Kiếm,VN,Asia/Ho_Chi_Minh,69,3075,52,14.5,32.5,,10,75,0.5,995,54,34.7,1.3,1,18
2025-07-10T10:00:00,7/10/2025 17:00,Hoàn Kiếm,VN,Asia/Ho_Chi_Minh,70,3429,38.5,12.5,30.5,,9,70,0,995,57,34,0.8,1.33,27
2025-07-10T11:00:00,7/10/2025 18:00,Hoàn Kiếm,VN,Asia/Ho_Chi_Minh,72,3115.7,122.3,21.2,36,,24.3,66,0,995,61,33.2,0.7,1.66,27.67
2025-07-10T12:00:00,7/10/2025 19:00,Hoàn Kiếm,VN,Asia/Ho_Chi_Minh,86,3561.5,30.5,18.6,41.5,,7.5,62,0.25,996,64,32.5,0,2,31
2025-07-10T13:00:00,7/10/2025 20:00,Hoàn Kiếm,VN,Asia/Ho_Chi_Minh,92,2686.3,43.1,16,44.6,,12.3,70,0.25,996,69,31.7,0,1.33,33
2025-07-10T14:00:00,7/10/2025 21:00,Hoàn Kiếm,VN,Asia/Ho_Chi_Minh,91,1761,106.3,17.1,46.3,,19.3,79,0,997,75,30.8,0,0.66,27
2025-07-10T15:00:00,7/10/2025 22:00,Hoàn Kiếm,VN,Asia/Ho_Chi_Minh,103,936,68.3,10.8,50.7,,22,87,0.5,997,81,30,0,1.6,25
2025-07-10T16:00:00,7/10/2025 23:00,Hoàn Kiếm,VN,Asia/Ho_Chi_Minh,89,754,57.7,16,42,,22.7,87,0.5,997,84,28.7,0,2.8,21
2025-07-10T17:00:00,7/11/2025 0:00,Hoàn Kiếm,VN,Asia/Ho_Chi_Minh,82,479.5,34,14.1,41,,21,87,2,998,87,27.5,0,2.8,21.33
2025-07-10T18:00:00,7/11/2025 1:00,Hoàn Kiếm,VN,Asia/Ho_Chi_Minh,72,450.5,31.7,11.9,37.7,,20.7,87,2,998,91,26.2,0,3.2,22
2025-07-10T19:00:00,7/11/2025 2:00,Hoàn Kiếm,VN,Asia/Ho_Chi_Minh,71,559.3,30.4,10.4,35.1,,16.1,91,3,998,91,26.1,0,0.33,28.67
2025-07-10T20:00:00,7/11/2025 3:00,Hoàn Kiếm,VN,Asia/Ho_Chi_Minh,67,801,16.5,30.4,27.5,,7,95,1.25,998,91,26.1,0,0.66,31.33
2025-07-10T21:00:00,7/11/2025 4:00,Hoàn Kiếm,VN,Asia/Ho_Chi_Minh,69,777,28,7.4,30,,7,100,0.25,997,91,26,0,1,31
2025-07-10T22:00:00,7/11/2025 5:00,Hoàn Kiếm,VN,Asia/Ho_Chi_Minh,67,606.5,33.7,17.3,41,,20,100,0.75,998,91,26.2,0,1,36.67
2025-07-10T23:00:00,7/11/2025 6:00,Hoàn Kiếm,VN,Asia/Ho_Chi_Minh,75,1481,25.5,26.7,37.5,,7.5,100,0.25,998,91,26.3,0.6,1,30
2025-07-11T00:00:00,7/11/2025 7:00,Hoàn Kiếm,VN,Asia/Ho_Chi_Minh,87,3424.5,28,9,39,,7.5,100,0,998,92,26.5,0.8,1,27
2025-07-11T01:00:00,7/11/2025 8:00,Hoàn Kiếm,VN,Asia/Ho_Chi_Minh,74,2777.7,162,9.7,38,,147,100,0.5,999,89,27.3,1.2,1.33,22
2025-07-11T02:00:00,7/11/2025 9:00,Hoàn Kiếm,VN,Asia/Ho_Chi_Minh,77,4052,100,7.1,32.7,,85.7,100,0.25,999,86,28.2,2,1.66,21.56
2025-07-11T03:00:00,7/11/2025 10:00,Hoàn Kiếm,VN,Asia/Ho_Chi_Minh,103,1484,29,26.3,48.5,,8.5,100,0.25,1000,84,29,2.8,2,19.67
2025-07-11T04:00:00,7/11/2025 11:00,Hoàn Kiếm,VN,Asia/Ho_Chi_Minh,98,2270,35.5,4.8,47,,9,95,0,1000,83,29,3.5,2,20.67
2025-07-11T05:00:00,7/11/2025 12:00,Hoàn Kiếm,VN,Asia/Ho_Chi_Minh,89,2418.3,31,11.7,42,,8.2,91,0.25,999,83,29,3.7,2,19.67
2025-07-11T06:00:00,7/11/2025 13:00,Hoàn Kiếm,VN,Asia/Ho_Chi_Minh,95,2885.5,32,49.5,44,,8,87,0.5,999,82,29,3.5,2,23.67
2025-07-11T07:00:00,7/11/2025 14:00,Hoàn Kiếm,VN,Asia/Ho_Chi_Minh,78,3045,36.7,35.3,31.3,,8.2,79,0.25,999,78,29.4,2.9,2,29
2025-07-11T08:00:00,7/11/2025 15:00,Hoàn Kiếm,VN,Asia/Ho_Chi_Minh,87,2164,35,29,40,,8,70,0,999,75,29.7,2,2,23
2025-07-11T09:00:00,7/11/2025 16:00,Hoàn Kiếm,VN,Asia/Ho_Chi_Minh,90,3364,46,6.9,42.5,,8.5,62,0.25,998,72,30.1,1.3,2,24.5
2025-07-11T10:00:00,7/11/2025 17:00,Hoàn Kiếm,VN,Asia/Ho_Chi_Minh,73,3335.5,86.7,17.2,33,,57.7,58,0,999,73,29.9,0.8,1.66,36.67
2025-07-11T11:00:00,7/11/2025 18:00,Hoàn Kiếm,VN,Asia/Ho_Chi_Minh,75,3918.5,83,13.2,33.7,,58,54,0,999,75,29.7,0.6,1.33,34.33
2025-07-11T12:00:00,7/11/2025 19:00,Hoàn Kiếm,VN,Asia/Ho_Chi_Minh,121,190.8,26,74,43,,75,50,0,999,77,29.5,0,1,30
2025-07-11T13:00:00,7/11/2025 20:00,Hoàn Kiếm,VN,Asia/Ho_Chi_Minh,81,2862.7,106.3,21.4,40,,7,62,0.25,1000,78,29,0,1.33,33
2025-07-11T14:00:00,7/11/2025 21:00,Hoàn Kiếm,VN,Asia/Ho_Chi_Minh,81,2768.7,113,20.8,39,,35,75,0.75,1001,79,28.5,0,1.66,25
2025-07-11T15:00:00,7/11/2025 22:00,Hoàn Kiếm,VN,Asia/Ho_Chi_Minh,85,1939.8,118.5,13.3,44.8,,39.3,87,1.75,1002,81,28,0,2,29
2025-07-11T16:00:00,7/11/2025 23:00,Hoàn Kiếm,VN,Asia/Ho_Chi_Minh,72,805.5,46.3,9.7,35,,22.3,79,1.5,1002,83,27.5,0,2,30.67
2025-07-11T17:00:00,7/12/2025 0:00,Hoàn Kiếm,VN,Asia/Ho_Chi_Minh,71,1285,36.5,10.8,28.5,,7.5,70,0.5,1002,84,27,0,2,22.75
2025-07-11T18:00:00,7/12/2025 1:00,Hoàn Kiếm,VN,Asia/Ho_Chi_Minh,65,302,77,20.5,56,,47,62,0.5,1002,86,26.5,0,2,23.5
2025-07-11T19:00:00,7/12/2025 2:00,Hoàn Kiếm,VN,Asia/Ho_Chi_Minh,84,1020,23,11.3,44.5,,7.5,75,0.5,1002,88,26.4,0,2,43
2025-07-11T20:00:00,7/12/2025 3:00,Hoàn Kiếm,VN,Asia/Ho_Chi_Minh,90,968,24.5,12.3,42.5,,6.5,87,0,1002,89,26.3,0,2,26.5
2025-07-11T21:00:00,7/12/2025 4:00,Hoàn Kiếm,VN,Asia/Ho_Chi_Minh,91,981,24,5.8,41,,7,100,0,1002,91,26.2,0,2,26.5
2025-07-11T22:00:00,7/12/2025 5:00,Hoàn Kiếm,VN,Asia/Ho_Chi_Minh,105,1239,15.5,7.7,52.5,,7.5,95,0,1002,91,26.3,0,2,28.25
2025-07-11T23:00:00,7/12/2025 6:00,Hoàn Kiếm,VN,Asia/Ho_Chi_Minh,107,2618,20.5,25.1,51,,7.5,91,0,1003,91,26.5,0.6,2,22.33
2025-07-12T00:00:00,7/12/2025 7:00,Hoàn Kiếm,VN,Asia/Ho_Chi_Minh,93,132.5,13,58,40,,47,87,0,1003,90,26.6,0.8,2,21.5
2025-07-12T01:00:00,7/12/2025 8:00,Hoàn Kiếm,VN,Asia/Ho_Chi_Minh,100,3029.5,78.7,10.9,51.7,,52,91,0,1003,85,27.7,1.3,2,19
2025-07-12T02:00:00,7/12/2025 9:00,Hoàn Kiếm,VN,Asia/Ho_Chi_Minh,100,3096.5,24.5,10.5,44,,9,95,0.25,1004,80,28.9,2.1,2,27.67
2025-07-12T03:00:00,7/12/2025 10:00,Hoàn Kiếm,VN,Asia/Ho_Chi_Minh,101,3142.5,45,20.8,45,,8,100,0,1004,75,30,3,2,30.67
2025-07-12T04:00:00,7/12/2025 11:00,Hoàn Kiếm,VN,Asia/Ho_Chi_Minh,94,3031.5,28.5,19.3,45.5,,8.7,95,0,1004,71,31,3.7,2.33,31
2025-07-12T05:00:00,7/12/2025 12:00,Hoàn Kiếm,VN,Asia/Ho_Chi_Minh,88,1297,11.5,23.3,40,,7.5,91,0,1003,67,32,5.4,2.66,37.33
2025-07-12T06:00:00,7/12/2025 13:00,Hoàn Kiếm,VN,Asia/Ho_Chi_Minh,104,94.5,5,21.1,49,,10,87,0,1003,64,33,5.6,3,38
2025-07-12T07:00:00,7/12/2025 14:00,Hoàn Kiếm,VN,Asia/Ho_Chi_Minh,76,1349,37,16.9,32,,8,79,0,1002,64,33.1,3,2.33,32
2025-07-12T08:00:00,7/12/2025 15:00,Hoàn Kiếm,VN,Asia/Ho_Chi_Minh,79,1247,22.5,22.3,33.5,,8.5,70,0,1002,65,33.1,2,1.66,35.5
2025-07-12T09:00:00,7/12/2025 16:00,Hoàn Kiếm,VN,Asia/Ho_Chi_Minh,72,2331,17,14.4,26,,7.5,62,1,1001,65,33.2,1.3,1,35
2025-07-12T10:00:00,7/12/2025 17:00,Hoàn Kiếm,VN,Asia/Ho_Chi_Minh,64,1516,31,17,21.7,,13.3,66,1.25,1002,73,31,0.8,1.66,35.67
2025-07-12T11:00:00,7/12/2025 18:00,Hoàn Kiếm,VN,Asia/Ho_Chi_Minh,72,883.6,21,37.4,30,,58.5,70,2,1002,82,28.9,0.6,2.33,32.33
2025-07-12T12:00:00,7/12/2025 19:00,Hoàn Kiếm,VN,Asia/Ho_Chi_Minh,65,159.9,23,63,23.8,,84,75,2,1003,92,26.7,0,3,29.5
2025-07-12T13:00:00,7/12/2025 20:00,Hoàn Kiếm,VN,Asia/Ho_Chi_Minh,69,2898.7,69.3,20.5,31,,47,83,2.75,1004,92,26.6,0,2.33,37
2025-07-12T14:00:00,7/12/2025 21:00,Hoàn Kiếm,VN,Asia/Ho_Chi_Minh,70,1372.5,36.7,17.3,26.7,,13,91,2.75,1005,93,26.6,0,1.66,24
2025-07-12T15:00:00,7/12/2025 22:00,Hoàn Kiếm,VN,Asia/Ho_Chi_Minh,57,1014,24.3,20.9,16.7,,12.7,100,5.75,1005,93,26.5,0,1,25.33
2025-07-12T16:00:00,7/12/2025 23:00,Hoàn Kiếm,VN,Asia/Ho_Chi_Minh,50,1048,28,23,16,,12.3,100,5.5,1005,94,26.4,0,0.66,22
2025-07-12T17:00:00,7/13/2025 0:00,Hoàn Kiếm,VN,Asia/Ho_Chi_Minh,74,881.7,21.7,33,28.8,,12.7,100,2.75,1005,94,26.3,0,0.33,18.25
2025-07-12T18:00:00,7/13/2025 1:00,Hoàn Kiếm,VN,Asia/Ho_Chi_Minh,70,815.5,20.3,39.1,26.3,,12.7,100,2,1005,94,26.2,0,2,22.33
2025-07-12T19:00:00,7/13/2025 2:00,Hoàn Kiếm,VN,Asia/Ho_Chi_Minh,89,694.5,18,25.5,40,,12.3,100,1.5,1004,94,26.2,0,0.66,19
2025-07-12T20:00:00,7/13/2025 3:00,Hoàn Kiếm,VN,Asia/Ho_Chi_Minh,90,636,17.3,30.1,39,,12.3,100,1,1004,94,26.1,0,1.33,21
2025-07-12T21:00:00,7/13/2025 4:00,Hoàn Kiếm,VN,Asia/Ho_Chi_Minh,95,809,18.7,44.2,43.3,,12.3,100,1,1004,94,26.1,0,2,21.25
2025-07-12T22:00:00,7/13/2025 5:00,Hoàn Kiếm,VN,Asia/Ho_Chi_Minh,100,1338,21.7,34.8,47.3,,13,91,1.25,1005,94,26.3,0,2.33,15.25
2025-07-12T23:00:00,7/13/2025 6:00,Hoàn Kiếm,VN,Asia/Ho_Chi_Minh,98,1150,18.4,43.5,42.5,,12.6,83,0.5,1005,93,26.5,0.7,2.66,12
2025-07-13T00:00:00,7/13/2025 7:00,Hoàn Kiếm,VN,Asia/Ho_Chi_Minh,102,1320.5,18.3,43.2,49,,12.7,75,0,1006,93,26.7,0.8,3,23
2025-07-13T01:00:00,7/13/2025 8:00,Hoàn Kiếm,VN,Asia/Ho_Chi_Minh,115,2305.7,19,31.5,55.3,,13,70,0,1006,86,28.1,1.3,2.66,21.25
2025-07-13T02:00:00,7/13/2025 9:00,Hoàn Kiếm,VN,Asia/Ho_Chi_Minh,110,2170.7,30.7,36.4,52.3,,13.3,66,0.25,1006,80,29.6,2,2.33,30
2025-07-13T03:00:00,7/13/2025 10:00,Hoàn Kiếm,VN,Asia/Ho_Chi_Minh,93,2361,38.3,15.5,42.7,,13,62,0.25,1006,75,31,2.8,2,30.5
2025-07-13T04:00:00,7/13/2025 11:00,Hoàn Kiếm,VN,Asia/Ho_Chi_Minh,102,1920,31.8,29.3,45,,13.3,54,0.25,1005,71,31.7,3.5,2,32.67
2025-07-13T05:00:00,7/13/2025 12:00,Hoàn Kiếm,VN,Asia/Ho_Chi_Minh,84,2049.7,28.7,41.1,35.7,,12.3,45,0,1004,67,32.3,3.7,2,35.33
2025-07-13T06:00:00,7/13/2025 13:00,Hoàn Kiếm,VN,Asia/Ho_Chi_Minh,76,1038,18.7,56.9,32.7,,14,37,0,1004,63,33,3.5,2,34
2025-07-13T07:00:00,7/13/2025 14:00,Hoàn Kiếm,VN,Asia/Ho_Chi_Minh,72,804,15,40,29.7,,14.3,45,0,1003,64,33.1,2.9,1.33,36
2025-07-13T08:00:00,7/13/2025 15:00,Hoàn Kiếm,VN,Asia/Ho_Chi_Minh,68,1335.5,37,34.9,26.7,,13.7,54,0,1003,66,33.1,2,0.66,41
2025-07-13T09:00:00,7/13/2025 16:00,Hoàn Kiếm,VN,Asia/Ho_Chi_Minh,78,1685.5,44,50.2,33,,13,62,0,1002,67,33.2,1.3,0.8,39
2025-07-13T10:00:00,7/13/2025 17:00,Hoàn Kiếm,VN,Asia/Ho_Chi_Minh,76,1815.5,43,41.8,30,,13.3,62,2.25,1002,71,32.5,0.8,0.8,32
2025-07-13T11:00:00,7/13/2025 18:00,Hoàn Kiếm,VN,Asia/Ho_Chi_Minh,87,1938.5,49,36.5,39.3,,13.7,62,2.5,1002,76,31.9,0.6,1.2,36
2025-07-13T12:00:00,7/13/2025 19:00,Hoàn Kiếm,VN,Asia/Ho_Chi_Minh,100,2075.5,41,25.2,49,,14,62,0.5,1002,81,31.2,0,1.6,27.75
2025-07-13T13:00:00,7/13/2025 20:00,Hoàn Kiếm,VN,Asia/Ho_Chi_Minh,113,1655,36.3,22,55,,13.7,70,0.25,1003,82,30.8,0,0.33,24.25
2025-07-13T14:00:00,7/13/2025 21:00,Hoàn Kiếm,VN,Asia/Ho_Chi_Minh,123,1211,35.3,19.2,61.3,,14,79,0,1004,84,30.4,0,0.66,22
2025-07-13T15:00:00,7/13/2025 22:00,Hoàn Kiếm,VN,Asia/Ho_Chi_Minh,200,266.1,34,68,93,,121,87,0,1005,85,30,0,1,20.5
2025-07-13T16:00:00,7/13/2025 23:00,Hoàn Kiếm,VN,Asia/Ho_Chi_Minh,123,1412.5,31.3,27.5,59.3,,12.7,83,0,1005,87,29.7,0,1,25
2025-07-13T17:00:00,7/14/2025 0:00,Hoàn Kiếm,VN,Asia/Ho_Chi_Minh,117,1464.5,28.7,43.7,55.7,,12.7,79,0,1004,88,29.3,0,1,24
2025-07-13T18:00:00,7/14/2025 1:00,Hoàn Kiếm,VN,Asia/Ho_Chi_Minh,129,1125.5,26,32.3,63,,12.3,75,0,1004,90,29,0,1,29.33
2025-07-13T19:00:00,7/14/2025 2:00,Hoàn Kiếm,VN,Asia/Ho_Chi_Minh,137,897,23.7,30.8,68,,13,58,0,1004,90,28.8,0,0.66,35.25
2025-07-13T20:00:00,7/14/2025 3:00,Hoàn Kiếm,VN,Asia/Ho_Chi_Minh,147,1046.5,21,15.1,72.7,,12.7,41,0,1003,91,28.7,0,0.33,40.25
2025-07-13T21:00:00,7/14/2025 4:00,Hoàn Kiếm,VN,Asia/Ho_Chi_Minh,237,280.1,34,35,121,,124,25,0,1003,92,28.5,0,0.4,44
2025-07-13T22:00:00,7/14/2025 5:00,Hoàn Kiếm,VN,Asia/Ho_Chi_Minh,133,1420,27,35,63,,12.3,27,0,1003,88,29.1,0,0.33,93
2025-07-13T23:00:00,7/14/2025 6:00,Hoàn Kiếm,VN,Asia/Ho_Chi_Minh,149,2624.7,23,55.5,73,,13.3,29,0,1004,85,29.7,0.7,0.66,43.75
2025-07-14T00:00:00,7/14/2025 7:00,Hoàn Kiếm,VN,Asia/Ho_Chi_Minh,155,2879.3,21,30,83.3,,14,31,0,1004,82,30.3,0.9,1,41.75
2025-07-14T01:00:00,7/14/2025 8:00,Hoàn Kiếm,VN,Asia/Ho_Chi_Minh,157,2408,42.7,29.8,81.3,,14.7,33,0,1004,79,30.8,1.3,1.33,46
2025-07-14T02:00:00,7/14/2025 9:00,Hoàn Kiếm,VN,Asia/Ho_Chi_Minh,142,3357.6,41.7,28.1,63.8,,14.9,35,0,1004,76,31.4,2,1.66,49
2025-07-14T03:00:00,7/14/2025 10:00,Hoàn Kiếm,VN,Asia/Ho_Chi_Minh,157,3596.7,52,27.2,85,,15.3,37,0,1004,73,32,2.8,2,52.75
2025-07-14T04:00:00,7/14/2025 11:00,Hoàn Kiếm,VN,Asia/Ho_Chi_Minh,149,1960,31.7,43.5,71.7,,13,58,0,1004,72,32.6,3.5,1.66,121
2025-07-14T05:00:00,7/14/2025 12:00,Hoàn Kiếm,VN,Asia/Ho_Chi_Minh,133,2029.9,40.9,33.3,64.7,,14,79,0,1003,70,33.1,3.7,1.33,47.75
2025-07-14T06:00:00,7/14/2025 13:00,Hoàn Kiếm,VN,Asia/Ho_Chi_Minh,139,1246.5,35.3,36.4,68.7,,13.3,100,0.25,1003,68,33.7,3.5,1,53.5
2025-07-14T07:00:00,7/14/2025 14:00,Hoàn Kiếm,VN,Asia/Ho_Chi_Minh,95,1474.5,39.7,34.8,44,,12.7,100,0.5,1002,73,31.9,2.9,1,59.25
2025-07-14T08:00:00,7/14/2025 15:00,Hoàn Kiếm,VN,Asia/Ho_Chi_Minh,104,1008,185,72,48,,53,100,0.5,1001,78,30,2,1,61
2025-07-14T09:00:00,7/14/2025 16:00,Hoàn Kiếm,VN,Asia/Ho_Chi_Minh,112,3345.8,129.5,43.6,53.8,,57.3,100,0.5,1001,83,28.2,1.3,1,51
2025-07-14T10:00:00,7/14/2025 17:00,Hoàn Kiếm,VN,Asia/Ho_Chi_Minh,151,4964,143.8,34.5,74.5,,67.8,100,1.25,1001,83,28,0.8,1.33,60.75
2025-07-14T11:00:00,7/14/2025 18:00,Hoàn Kiếm,VN,Asia/Ho_Chi_Minh,122,2155,79.8,44.6,59.8,,24.3,100,8.5,1002,83,27.7,0.6,1.66,53.5
2025-07-14T12:00:00,7/14/2025 19:00,Hoàn Kiếm,VN,Asia/Ho_Chi_Minh,102,3576.3,38.7,21.6,45.3,,13.7,100,7.25,1002,84,27.5,0,2,47.75
2025-07-14T13:00:00,7/14/2025 20:00,Hoàn Kiếm,VN,Asia/Ho_Chi_Minh,108,3807.2,55.3,20.7,49.6,,29.3,91,1.75,1003,86,27.5,0,1.66,49.75
2025-07-14T14:00:00,7/14/2025 21:00,Hoàn Kiếm,VN,Asia/Ho_Chi_Minh,97,4147.3,36,34,40.3,,13.3,83,0.5,1003,88,27.5,0,1.33,33
2025-07-14T15:00:00,7/14/2025 22:00,Hoàn Kiếm,VN,Asia/Ho_Chi_Minh,118,4269,88.5,19,58,,60.5,75,0.5,1004,89,27.5,0,1,37
2025-07-14T16:00:00,7/14/2025 23:00,Hoàn Kiếm,VN,Asia/Ho_Chi_Minh,119,3297.7,88.5,17.4,58.8,,58,58,0.5,1003,88,27.5,0,0.66,40
2025-07-14T17:00:00,7/15/2025 0:00,Hoàn Kiếm,VN,Asia/Ho_Chi_Minh,122,3343,87,28.6,60.8,,83.8,41,0,1003,87,27.5,0,0.33,54.2
2025-07-14T18:00:00,7/15/2025 1:00,Hoàn Kiếm,VN,Asia/Ho_Chi_Minh,147,2932.7,27.7,30.1,70.3,,12.7,25,0,1003,86,27.5,0,0.8,43.4
2025-07-14T19:00:00,7/15/2025 2:00,Hoàn Kiếm,VN,Asia/Ho_Chi_Minh,108,4126,10,3.1,40,,9,45,0.25,1002,88,27.3,0,0.8,36.25
2025-07-14T20:00:00,7/15/2025 3:00,Hoàn Kiếm,VN,Asia/Ho_Chi_Minh,141,1669.5,91.7,26.9,72.7,,76.7,66,0.25,1002,89,27.2,0,0.8,38.23
2025-07-14T21:00:00,7/15/2025 4:00,Hoàn Kiếm,VN,Asia/Ho_Chi_Minh,141,1502,72.3,18.2,70.3,,51.8,87,0.25,1001,91,27,0,0.8,33.75
2025-07-14T22:00:00,7/15/2025 5:00,Hoàn Kiếm,VN,Asia/Ho_Chi_Minh,138,1482.5,64.3,26.7,68.3,,49.3,91,0,1001,92,27.2,0,0.8,42.2
2025-07-14T23:00:00,7/15/2025 6:00,Hoàn Kiếm,VN,Asia/Ho_Chi_Minh,145,3621.3,56,28.5,73,,48.8,95,0,1002,92,27.5,0.6,0.4,42.4
2025-07-15T00:00:00,7/15/2025 7:00,Hoàn Kiếm,VN,Asia/Ho_Chi_Minh,139,123.1,19,49,50,,55,100,0,1002,93,27.7,0.8,0.8,43.6
2025-07-15T01:00:00,7/15/2025 8:00,Hoàn Kiếm,VN,Asia/Ho_Chi_Minh,155,3934.7,78.8,29.1,84.8,,47,100,0,1002,88,28.5,1.2,0.33,52.67
2025-07-15T02:00:00,7/15/2025 9:00,Hoàn Kiếm,VN,Asia/Ho_Chi_Minh,158,2819.5,75.5,31.3,87.3,,43.8,100,0.25,1002,84,29.4,2,0.66,38.5
2025-07-15T03:00:00,7/15/2025 10:00,Hoàn Kiếm,VN,Asia/Ho_Chi_Minh,159,1167,141.5,40,87.3,,93.5,100,0,1002,80,30.2,2.8,1,50.75
2025-07-15T04:00:00,7/15/2025 11:00,Hoàn Kiếm,VN,Asia/Ho_Chi_Minh,153,2227,62,37.4,76.8,,45.8,95,0.25,1002,77,30.8,3.5,1.33,50.4
2025-07-15T05:00:00,7/15/2025 12:00,Hoàn Kiếm,VN,Asia/Ho_Chi_Minh,174,2336,45.7,48.2,97.7,,14.3,91,0,1001,74,31.4,3.7,1.66,49.4
2025-07-15T06:00:00,7/15/2025 13:00,Hoàn Kiếm,VN,Asia/Ho_Chi_Minh,118,124.9,131,20.5,54,,142,87,0,1001,72,32,3.5,2,52
2025-07-15T07:00:00,7/15/2025 14:00,Hoàn Kiếm,VN,Asia/Ho_Chi_Minh,155,2953.7,59.5,45.8,84.5,,47.8,83,0,1000,68,32.7,2.9,1.66,50
2025-07-15T08:00:00,7/15/2025 15:00,Hoàn Kiếm,VN,Asia/Ho_Chi_Minh,152,2256.3,68.8,60.9,81.3,,27.5,79,0,999,64,33.3,2,1.33,59.4
2025-07-15T09:00:00,7/15/2025 16:00,Hoàn Kiếm,VN,Asia/Ho_Chi_Minh,152,1741.4,70.5,60.9,77.8,,59.8,75,0,998,60,34,1.3,1,61.2
2025-07-15T10:00:00,7/15/2025 17:00,Hoàn Kiếm,VN,Asia/Ho_Chi_Minh,162,1740.5,32,43.6,76.3,,13.7,70,0,999,63,33.2,0.8,0.66,62.4
2025-07-15T11:00:00,7/15/2025 18:00,Hoàn Kiếm,VN,Asia/Ho_Chi_Minh,126,1109,193,101.8,74,,258,66,0,999,66,32.5,0.6,0.33,55
2025-07-15T12:00:00,7/15/2025 19:00,Hoàn Kiếm,VN,Asia/Ho_Chi_Minh,156,1455.7,86.3,37.5,78.3,,16.5,62,0,999,68,31.7,0,2,73.33
2025-07-15T13:00:00,7/15/2025 20:00,Hoàn Kiếm,VN,Asia/Ho_Chi_Minh,152,2370.7,86.7,23,73.3,,18.7,62,0,1000,73,31.3,0,0.66,42
2025-07-15T14:00:00,7/15/2025 21:00,Hoàn Kiếm,VN,Asia/Ho_Chi_Minh,108,950,66.5,21.1,52.3,,24.5,62,0,1001,79,30.9,0,1.33,59.2
2025-07-15T15:00:00,7/15/2025 22:00,Hoàn Kiếm,VN,Asia/Ho_Chi_Minh,90,1016,29.3,21.7,40.3,,13.3,62,0.25,1002,84,30.5,0,2,57.2
2025-07-15T16:00:00,7/15/2025 23:00,Hoàn Kiếm,VN,Asia/Ho_Chi_Minh,87,782.5,23.7,31.1,38,,12.3,66,0.25,1002,85,30,0,1.66,57
2025-07-15T17:00:00,7/16/2025 0:00,Hoàn Kiếm,VN,Asia/Ho_Chi_Minh,75,631.5,19,43.3,31.5,,13.5,70,0,1001,86,29.6,0,1.33,64.75
2025-07-15T18:00:00,7/16/2025 1:00,Hoàn Kiếm,VN,Asia/Ho_Chi_Minh,95,187.9,2,19.3,44,,9,75,0,1001,86,29.1,0,1,45
2025-07-15T19:00:00,7/16/2025 2:00,Hoàn Kiếm,VN,Asia/Ho_Chi_Minh,83,394.7,12,31.1,35.3,,12,75,0,1001,88,28.9,0,0.66,59.8
2025-07-15T20:00:00,7/16/2025 3:00,Hoàn Kiếm,VN,Asia/Ho_Chi_Minh,85,559,11,13.8,35.3,,12.3,75,0,1001,90,28.8,0,0.33,57
2025-07-15T21:00:00,7/16/2025 4:00,Hoàn Kiếm,VN,Asia/Ho_Chi_Minh,82,805.5,22.3,30,33.3,,12.7,75,0,1001,92,28.6,0,1.2,38.4
2025-07-15T22:00:00,7/16/2025 5:00,Hoàn Kiếm,VN,Asia/Ho_Chi_Minh,87,1197.5,17,38.9,38.7,,12.7,75,0,1001,92,28.7,0,1.2,30.33
2025-07-15T23:00:00,7/16/2025 6:00,Hoàn Kiếm,VN,Asia/Ho_Chi_Minh,78,1432,20.3,39.4,31.3,,12.7,75,0.5,1001,92,28.9,0.7,0.8,29
2025-07-16T00:00:00,7/16/2025 7:00,Hoàn Kiếm,VN,Asia/Ho_Chi_Minh,94,1745.3,19.3,44.1,47,,12.7,75,0.75,1002,92,29,0.8,0.4,23.5
2025-07-16T01:00:00,7/16/2025 8:00,Hoàn Kiếm,VN,Asia/Ho_Chi_Minh,144,2653.5,16.7,37.7,51.7,,13.7,79,0.5,1002,88,29.6,1.3,0.66,33
2025-07-16T02:00:00,7/16/2025 9:00,Hoàn Kiếm,VN,Asia/Ho_Chi_Minh,129,2259.8,31,34.3,59,,14.3,83,0.5,1002,85,30.1,2.2,1.33,27.5
2025-07-16T03:00:00,7/16/2025 10:00,Hoàn Kiếm,VN,Asia/Ho_Chi_Minh,120,2453.8,32,26,55,,15.3,87,0,1002,81,30.7,2.9,2,28.25
2025-07-16T04:00:00,7/16/2025 11:00,Hoàn Kiếm,VN,Asia/Ho_Chi_Minh,117,2601.3,28.3,36.5,55.7,,14,83,0,1002,76,31.6,3.6,1.33,27
2025-07-16T05:00:00,7/16/2025 12:00,Hoàn Kiếm,VN,Asia/Ho_Chi_Minh,100,1937,26,29.1,43.8,,14,79,0,1001,70,32.6,3.7,0.66,29
2025-07-16T06:00:00,7/16/2025 13:00,Hoàn Kiếm,VN,Asia/Ho_Chi_Minh,96,1678.7,23,30.6,44,,13.3,75,0,1001,66,33.5,3.7,0.8,25
2025-07-16T07:00:00,7/16/2025 14:00,Hoàn Kiếm,VN,Asia/Ho_Chi_Minh,85,2077.7,27,30.4,36,,13.7,79,0.25,1000,62,33.9,2.9,0.4,32.25
2025-07-16T08:00:00,7/16/2025 15:00,Hoàn Kiếm,VN,Asia/Ho_Chi_Minh,86,2367.3,38,44.4,37.7,,13.3,83,0,1000,59,34.2,2,0.4,51.67
2025-07-16T09:00:00,7/16/2025 16:00,Hoàn Kiếm,VN,Asia/Ho_Chi_Minh,98,1492,28,56.6,42.7,,13,87,0,999,55,34.6,1.3,0.4,46.25
2025-07-16T10:00:00,7/16/2025 17:00,Hoàn Kiếm,VN,Asia/Ho_Chi_Minh,100,1800,7,25.3,47,,8,91,0,1000,60,33.8,0.8,0.66,42.75
2025-07-16T11:00:00,7/16/2025 18:00,Hoàn Kiếm,VN,Asia/Ho_Chi_Minh,96,1855,53,42.5,45,,15.5,95,0,1000,64,32.9,0.6,1.33,41.67
2025-07-16T12:00:00,7/16/2025 19:00,Hoàn Kiếm,VN,Asia/Ho_Chi_Minh,113,2416,29.3,23.2,55.3,,13.7,100,0,1000,69,32.1,0,2,35
2025-07-16T13:00:00,7/16/2025 20:00,Hoàn Kiếm,VN,Asia/Ho_Chi_Minh,113,1632.5,39.3,21.5,57,,14,87,0.75,1001,73,31.3,0,1.33,33.25
2025-07-16T14:00:00,7/16/2025 21:00,Hoàn Kiếm,VN,Asia/Ho_Chi_Minh,91,1057,57.5,27.9,43.5,,18.3,75,0,1002,78,30.5,0,0.66,28
2025-07-16T15:00:00,7/16/2025 22:00,Hoàn Kiếm,VN,Asia/Ho_Chi_Minh,85,1057,23,20.6,37.3,,13,62,0,1002,82,29.7,0,1.2,28.75
2025-07-16T16:00:00,7/16/2025 23:00,Hoàn Kiếm,VN,Asia/Ho_Chi_Minh,89,885.3,20.6,23.7,37.5,,12.7,70,0,1002,83,29.7,0,0.4,34
2025-07-16T17:00:00,7/17/2025 0:00,Hoàn Kiếm,VN,Asia/Ho_Chi_Minh,76,676,15,45.4,34,,12,79,0,1002,84,29.7,0,0.8,35
2025-07-16T18:00:00,7/17/2025 1:00,Hoàn Kiếm,VN,Asia/Ho_Chi_Minh,78,542,15.7,29.7,35.7,,12,87,0,1002,85,29.7,0,0.8,33.33
2025-07-16T19:00:00,7/17/2025 2:00,Hoàn Kiếm,VN,Asia/Ho_Chi_Minh,75,592.5,16,36.3,34.3,,12.3,66,0,1002,86,29,0,0.4,40.25
2025-07-16T20:00:00,7/17/2025 3:00,Hoàn Kiếm,VN,Asia/Ho_Chi_Minh,80,893,16.7,27.5,40.7,,12.7,45,0,1002,88,28.4,0,0.4,40.25
2025-07-16T21:00:00,7/17/2025 4:00,Hoàn Kiếm,VN,Asia/Ho_Chi_Minh,98,1360,19.7,37.7,45.7,,13,25,0,1001,89,27.7,0,0.4,31
2025-07-16T22:00:00,7/17/2025 5:00,Hoàn Kiếm,VN,Asia/Ho_Chi_Minh,89,1322.7,19.3,37.5,37.5,,13.1,29,0,1002,90,28,0,1.2,28
2025-07-16T23:00:00,7/17/2025 6:00,Hoàn Kiếm,VN,Asia/Ho_Chi_Minh,116,2854.3,15.7,5.6,59.3,,13.7,33,0,1002,90,28.4,0.9,1.2,30
2025-07-17T00:00:00,7/17/2025 7:00,Hoàn Kiếm,VN,Asia/Ho_Chi_Minh,121,1248,18.7,37.3,59.7,,13.3,37,0,1002,91,28.7,1.3,1.6,24.25
2025-07-17T01:00:00,7/17/2025 8:00,Hoàn Kiếm,VN,Asia/Ho_Chi_Minh,119,1490.5,17.7,33.2,58.3,,13.3,41,0,1003,82,30.2,2.4,1.6,24.75
2025-07-17T02:00:00,7/17/2025 9:00,Hoàn Kiếm,VN,Asia/Ho_Chi_Minh,122,1183,27.3,38.5,60,,15.7,45,0,1003,74,31.7,3.9,1.6,23.5
2025-07-17T03:00:00,7/17/2025 10:00,Hoàn Kiếm,VN,Asia/Ho_Chi_Minh,113,1242.5,28.7,28.8,54,,15.3,50,0,1003,66,33.2,7.8,1.2,26
2025-07-17T04:00:00,7/17/2025 11:00,Hoàn Kiếm,VN,Asia/Ho_Chi_Minh,122,1081.3,8,23.8,68,,8,54,0,1003,61,34,9.4,0.66,34.33
2025-07-17T05:00:00,7/17/2025 12:00,Hoàn Kiếm,VN,Asia/Ho_Chi_Minh,90,838,27.5,36.1,41,,17,58,0,1002,56,34.9,10.2,1.33,30
2025-07-17T06:00:00,7/17/2025 13:00,Hoàn Kiếm,VN,Asia/Ho_Chi_Minh,94,759,18,39.1,44.7,,14,62,0,1002,52,35.7,7.9,2,41.5
2025-07-17T07:00:00,7/17/2025 14:00,Hoàn Kiếm,VN,Asia/Ho_Chi_Minh,89,986,28,30.9,41.7,,13.7,66,0,1001,52,35.7,6.2,2,43
2025-07-17T08:00:00,7/17/2025 15:00,Hoàn Kiếm,VN,Asia/Ho_Chi_Minh,79,844.5,16,40.8,34,,13.7,70,0,1001,53,35.7,4.5,2,42.5
2025-07-17T09:00:00,7/17/2025 16:00,Hoàn Kiếm,VN,Asia/Ho_Chi_Minh,95,107.4,3,50.1,44,,10,75,0,1000,53,35.7,2.5,2,43.5
2025-07-17T10:00:00,7/17/2025 17:00,Hoàn Kiếm,VN,Asia/Ho_Chi_Minh,90,2379.3,45.3,37,43.7,,14.3,75,0,1000,54,35.2,1.3,1.33,40.33
2025-07-17T11:00:00,7/17/2025 18:00,Hoàn Kiếm,VN,Asia/Ho_Chi_Minh,98,2897,82,38.8,49,,17.5,75,0,1000,56,34.7,1.2,0.66,43.5
2025-07-17T12:00:00,7/17/2025 19:00,Hoàn Kiếm,VN,Asia/Ho_Chi_Minh,114,1525,31.3,41.8,58.3,,15,75,0,1000,57,34.2,0,1.6,30.67
2025-07-17T13:00:00,7/17/2025 20:00,Hoàn Kiếm,VN,Asia/Ho_Chi_Minh,118,1996,38.7,17.9,60.3,,13.7,58,0,1001,62,33.4,0,2,32.5
2025-07-17T14:00:00,7/17/2025 21:00,Hoàn Kiếm,VN,Asia/Ho_Chi_Minh,125,1174.5,29.3,22,59.7,,13.3,41,0,1001,68,32.5,0,2,30
2025-07-17T15:00:00,7/17/2025 22:00,Hoàn Kiếm,VN,Asia/Ho_Chi_Minh,98,302.9,33,77,42.5,,130,25,0,1002,74,31.7,0,2,25.25
2025-07-17T16:00:00,7/17/2025 23:00,Hoàn Kiếm,VN,Asia/Ho_Chi_Minh,109,699,35.3,17.8,52.7,,14,31,0,1001,76,31.2,0,2,33
2025-07-17T17:00:00,7/18/2025 0:00,Hoàn Kiếm,VN,Asia/Ho_Chi_Minh,118,586,30,24.2,59,,12.7,37,0,1001,79,30.7,0,1.6,30.75
2025-07-17T18:00:00,7/18/2025 1:00,Hoàn Kiếm,VN,Asia/Ho_Chi_Minh,121,528.7,26.7,19.8,56,,12.7,43,0,1001,82,30.2,0,1.2,34
2025-07-17T19:00:00,7/18/2025 2:00,Hoàn Kiếm,VN,Asia/Ho_Chi_Minh,121,665,24.3,21.6,58,,12.7,50,0,1001,82,30.2,0,1.6,40.5
2025-07-17T20:00:00,7/18/2025 3:00,Hoàn Kiếm,VN,Asia/Ho_Chi_Minh,117,822.5,21,21.9,55.7,,12.7,56,0,1001,82,30.2,0,1.2,42.25
2025-07-17T21:00:00,7/18/2025 4:00,Hoàn Kiếm,VN,Asia/Ho_Chi_Minh,112,830,47,6.6,54,,5,62,0,1001,82,30.2,0,0.8,44.67
2025-07-17T22:00:00,7/18/2025 5:00,Hoàn Kiếm,VN,Asia/Ho_Chi_Minh,118,1557,7.5,46.2,56,,16.5,70,0,1001,83,30.2,0,0.4,34
2025-07-17T23:00:00,7/18/2025 6:00,Hoàn Kiếm,VN,Asia/Ho_Chi_Minh,144,2672.3,18.7,51.3,68.3,,13.3,79,0,1001,84,30.2,0.8,1.2,38.75
2025-07-18T00:00:00,7/18/2025 7:00,Hoàn Kiếm,VN,Asia/Ho_Chi_Minh,139,3871.3,19.3,31.9,67.7,,15,87,0,1001,85,30.2,0.8,1.2,42
2025-07-18T01:00:00,7/18/2025 8:00,Hoàn Kiếm,VN,Asia/Ho_Chi_Minh,145,3097.3,39.3,35.8,71.3,,21,87,0,1001,77,31.5,1.3,0.33,43.25
2025-07-18T02:00:00,7/18/2025 9:00,Hoàn Kiếm,VN,Asia/Ho_Chi_Minh,151,2111,50,21.4,74.3,,17.3,87,0,1001,70,32.7,2.1,0.66,43.33
2025-07-18T03:00:00,7/18/2025 10:00,Hoàn Kiếm,VN,Asia/Ho_Chi_Minh,129,121.4,13,146,57.5,,134,87,0,1001,64,34,2.8,1,41.67
2025-07-18T04:00:00,7/18/2025 11:00,Hoàn Kiếm,VN,Asia/Ho_Chi_Minh,131,2340,39.3,23.8,66,,15,83,0,1000,61,34.7,3.6,0.66,40
2025-07-18T05:00:00,7/18/2025 12:00,Hoàn Kiếm,VN,Asia/Ho_Chi_Minh,108,992.5,54.5,34.7,52.5,,32,79,0,1000,58,35.3,4,0.33,42
2025-07-18T06:00:00,7/18/2025 13:00,Hoàn Kiếm,VN,Asia/Ho_Chi_Minh,102,1237.5,50.8,31.4,48.5,,26.5,75,0,999,55,36,3.8,2.8,51.67
2025-07-18T07:00:00,7/18/2025 14:00,Hoàn Kiếm,VN,Asia/Ho_Chi_Minh,112,1155,30,39.2,53.7,,13.7,75,0,998,53,36.5,3.1,0.33,49.75
2025-07-18T08:00:00,7/18/2025 15:00,Hoàn Kiếm,VN,Asia/Ho_Chi_Minh,112,1144.5,39.1,23.3,50,,18.6,75,0,997,52,37,2.1,0.66,52
2025-07-18T09:00:00,7/18/2025 16:00,Hoàn Kiếm,VN,Asia/Ho_Chi_Minh,94,1098,33.3,19.3,42.3,,14.7,75,0,996,50,37.5,1.3,1,56
2025-07-18T10:00:00,7/18/2025 17:00,Hoàn Kiếm,VN,Asia/Ho_Chi_Minh,91,1605.2,46.3,21.3,41,,16.4,66,0,996,52,36.5,0.8,1.33,46
2025-07-18T11:00:00,7/18/2025 18:00,Hoàn Kiếm,VN,Asia/Ho_Chi_Minh,86,3309.3,39.7,23.6,38.3,,15.7,58,0,996,54,35.6,0.6,1.66,46.75
2025-07-18T12:00:00,7/18/2025 19:00,Hoàn Kiếm,VN,Asia/Ho_Chi_Minh,76,2619.5,72.3,25.3,39.3,,20,50,0,996,57,34.6,0,2,38.2
2025-07-18T13:00:00,7/18/2025 20:00,Hoàn Kiếm,VN,Asia/Ho_Chi_Minh,97,1993,40.3,17.4,45,,14.7,100,0,997,61,34,0,1.33,36
2025-07-18T14:00:00,7/18/2025 21:00,Hoàn Kiếm,VN,Asia/Ho_Chi_Minh,87,1814,231,29.2,78,,32,100,0,997,66,33.3,0,0.66,40
2025-07-18T15:00:00,7/18/2025 22:00,Hoàn Kiếm,VN,Asia/Ho_Chi_Minh,113,2038,102.8,17.5,69.5,,18.5,100,0,998,71,32.7,0,2,40
2025-07-18T16:00:00,7/18/2025 23:00,Hoàn Kiếm,VN,Asia/Ho_Chi_Minh,123,1451.7,91.5,20.4,73,,18,99,0,997,74,32.3,0,2,32.25
2025-07-18T17:00:00,7/19/2025 0:00,Hoàn Kiếm,VN,Asia/Ho_Chi_Minh,127,1376.7,69.5,24.2,73.8,,19.3,99,0,997,76,31.9,0,1.6,31
2025-07-18T18:00:00,7/19/2025 1:00,Hoàn Kiếm,VN,Asia/Ho_Chi_Minh,137,2617.5,88.5,23,77,,20.5,100,0,997,79,31.5,0,1.6,28.5
2025-07-18T19:00:00,7/19/2025 2:00,Hoàn Kiếm,VN,Asia/Ho_Chi_Minh,151,990.5,18.3,22.3,74.7,,13,100,0,997,80,30.9,0,1.2,24.2
2025-07-18T20:00:00,7/19/2025 3:00,Hoàn Kiếm,VN,Asia/Ho_Chi_Minh,56,1411,193,21.6,64,,37,98,0,996,82,30.2,0,0.8,33.67
2025-07-18T21:00:00,7/19/2025 4:00,Hoàn Kiếm,VN,Asia/Ho_Chi_Minh,102,907,79,11.9,68,,24.8,99,0,995,83,29.6,0,0.8,29
2025-07-18T22:00:00,7/19/2025 5:00,Hoàn Kiếm,VN,Asia/Ho_Chi_Minh,103,1104,81.8,14,68.5,,23.5,96,0,996,81,30.1,0,0.33,40.25
2025-07-18T23:00:00,7/19/2025 6:00,Hoàn Kiếm,VN,Asia/Ho_Chi_Minh,168,1681.3,74.5,9.5,92,,19.3,99,0,996,79,30.7,0.7,0.66,43.75
2025-07-19T00:00:00,7/19/2025 7:00,Hoàn Kiếm,VN,Asia/Ho_Chi_Minh,169,3235.3,85.5,30.6,107.3,,21.3,98,0,997,77,31.2,0.8,1,45.25
2025-07-19T01:00:00,7/19/2025 8:00,Hoàn Kiếm,VN,Asia/Ho_Chi_Minh,201,2776.9,83.7,36,114.7,,21.9,100,0,997,72,32.3,1.2,1.33,49.25
2025-07-19T02:00:00,7/19/2025 9:00,Hoàn Kiếm,VN,Asia/Ho_Chi_Minh,171,1714,239,27,88,,37,100,0,997,68,33.4,2,1.66,56
2025-07-19T03:00:00,7/19/2025 10:00,Hoàn Kiếm,VN,Asia/Ho_Chi_Minh,184,1860.3,80,46.7,116,,23.3,87,0,997,64,34.5,2.8,2,15
2025-07-19T04:00:00,7/19/2025 11:00,Hoàn Kiếm,VN,Asia/Ho_Chi_Minh,166,1631,65.8,50.7,93.5,,27.8,83,0,996,62,35.2,3.5,2,36.25
2025-07-19T05:00:00,7/19/2025 12:00,Hoàn Kiếm,VN,Asia/Ho_Chi_Minh,151,1441.5,56.3,30.4,78.5,,26.3,79,0,995,59,35.8,3.7,2,36.5
2025-07-19T06:00:00,7/19/2025 13:00,Hoàn Kiếm,VN,Asia/Ho_Chi_Minh,125,1161.5,49.3,47.1,63.3,,29,75,0,994,57,36.5,3.5,2,69.2
2025-07-19T07:00:00,7/19/2025 14:00,Hoàn Kiếm,VN,Asia/Ho_Chi_Minh,122,1145,56.9,47.9,62.5,,27.1,79,0,994,56,36.5,2.9,2,69.5
2025-07-19T08:00:00,7/19/2025 15:00,Hoàn Kiếm,VN,Asia/Ho_Chi_Minh,122,1498.5,39.7,45.2,58.3,,13.3,83,0,994,55,36.6,2,2,94
2025-07-19T09:00:00,7/19/2025 16:00,Hoàn Kiếm,VN,Asia/Ho_Chi_Minh,114,1112,72.3,49.4,61,,23.3,87,7,994,55,36.6,1.3,2,71.5
2025-07-19T10:00:00,7/19/2025 17:00,Hoàn Kiếm,VN,Asia/Ho_Chi_Minh,98,605,177,32.4,66,,53,83,11.5,995,58,34.8,0.8,2,81.2
2025-07-19T11:00:00,7/19/2025 18:00,Hoàn Kiếm,VN,Asia/Ho_Chi_Minh,98,605,177,32.4,66,,53,79,9.25,997,61,33.1,0.6,2,67.75
2025-07-19T12:00:00,7/19/2025 19:00,Hoàn Kiếm,VN,Asia/Ho_Chi_Minh,98,605,177,32.4,66,,53,75,7,998,64,31.3,0,2,56.5
2025-07-19T13:00:00,7/19/2025 20:00,Hoàn Kiếm,VN,Asia/Ho_Chi_Minh,145,491.7,128.7,42.6,73.3,,90.7,75,2.5,998,71,29.5,0,1.83,44.75
2025-07-19T14:00:00,7/19/2025 21:00,Hoàn Kiếm,VN,Asia/Ho_Chi_Minh,169,378.3,80.3,52.8,80.7,,128.3,75,1,998,79,27.8,0,1.66,43.39
2025-07-19T15:00:00,7/19/2025 22:00,Hoàn Kiếm,VN,Asia/Ho_Chi_Minh,193,265,32,63,88,,166,75,0.5,998,88,26,0,1.5,43.67
2025-07-19T16:00:00,7/19/2025 23:00,Hoàn Kiếm,VN,Asia/Ho_Chi_Minh,174,476.6,27.9,50.6,78.2,,114.9,62,0,997,88,26.1,0,1.33,40.67
2025-07-19T17:00:00,7/20/2025 0:00,Hoàn Kiếm,VN,Asia/Ho_Chi_Minh,68,688.3,100,16.8,30.3,,79,50,0,997,88,26.1,0,1.16,34
2025-07-19T18:00:00,7/20/2025 1:00,Hoàn Kiếm,VN,Asia/Ho_Chi_Minh,123,900,19.7,25.9,58.7,,12.7,37,0,996,88,26.2,0,1,34
2025-07-19T19:00:00,7/20/2025 2:00,Hoàn Kiếm,VN,Asia/Ho_Chi_Minh,54,921.7,108,8.6,22,,68,50,0.25,996,88,26.2,0,1,34
2025-07-19T20:00:00,7/20/2025 3:00,Hoàn Kiếm,VN,Asia/Ho_Chi_Minh,72,889,45,27.2,28.7,,29,62,0.25,996,88,26.1,0,1,52
2025-07-19T21:00:00,7/20/2025 4:00,Hoàn Kiếm,VN,Asia/Ho_Chi_Minh,85,965,38.3,23.9,39,,27.3,75,0,996,87,26.1,0,1,70
2025-07-19T22:00:00,7/20/2025 5:00,Hoàn Kiếm,VN,Asia/Ho_Chi_Minh,75,1092,40.3,6.9,33,,30.7,62,0,996,87,26.3,0,1,88
2025-07-19T23:00:00,7/20/2025 6:00,Hoàn Kiếm,VN,Asia/Ho_Chi_Minh,78,1621,56,12.3,34.7,,29.7,50,0,996,88,26.5,0.6,1,73.33
2025-07-20T00:00:00,7/20/2025 7:00,Hoàn Kiếm,VN,Asia/Ho_Chi_Minh,129,222.9,22,57,46,,82,37,0,996,88,26.7,0.8,1,20.25
2025-07-20T01:00:00,7/20/2025 8:00,Hoàn Kiếm,VN,Asia/Ho_Chi_Minh,89,2928,46,12.8,46,,43,58,0.25,996,84,27.5,1.2,1.33,44
2025-07-20T02:00:00,7/20/2025 9:00,Hoàn Kiếm,VN,Asia/Ho_Chi_Minh,72,3138,53.3,10.5,32,,30.7,79,0.5,996,81,28.4,1.9,1.66,14
2025-07-20T03:00:00,7/20/2025 10:00,Hoàn Kiếm,VN,Asia/Ho_Chi_Minh,83,3004,56,8.3,39,,29.3,100,0.5,996,77,29.2,2.8,2,22
2025-07-20T04:00:00,7/20/2025 11:00,Hoàn Kiếm,VN,Asia/Ho_Chi_Minh,74,1863,53.7,14.7,33.7,,30,95,0,996,75,30.2,3.5,2,28
2025-07-20T05:00:00,7/20/2025 12:00,Hoàn Kiếm,VN,Asia/Ho_Chi_Minh,124,2305,31.7,19,59.3,,14,91,0.25,995,74,31.2,3.8,2,23.75
2025-07-20T06:00:00,7/20/2025 13:00,Hoàn Kiếm,VN,Asia/Ho_Chi_Minh,82,3801,63.5,26.4,34.5,,43.5,87,0.5,995,72,32.2,3.5,2,25
2025-07-20T07:00:00,7/20/2025 14:00,Hoàn Kiếm,VN,Asia/Ho_Chi_Minh,93,1226.5,62.3,19.5,45.7,,35,91,0.5,994,73,32.2,2.9,2,46
2025-07-20T08:00:00,7/20/2025 15:00,Hoàn Kiếm,VN,Asia/Ho_Chi_Minh,90,1559.5,53.3,47.9,42.5,,27.3,95,0,994,75,32.1,2,2,30.25
2025-07-20T09:00:00,7/20/2025 16:00,Hoàn Kiếm,VN,Asia/Ho_Chi_Minh,89,1054.5,51.8,30.5,40.8,,29,100,0,993,76,32.1,1.3,2,22
2025-07-20T10:00:00,7/20/2025 17:00,Hoàn Kiếm,VN,Asia/Ho_Chi_Minh,92,1657,51,30.6,40,,29.7,100,2.75,993,80,31.1,0.8,1.66,27.33
2025-07-20T11:00:00,7/20/2025 18:00,Hoàn Kiếm,VN,Asia/Ho_Chi_Minh,100,2886.5,21,11.3,47,,7,100,4.75,994,83,30.2,0.6,1.33,23.33
2025-07-20T12:00:00,7/20/2025 19:00,Hoàn Kiếm,VN,Asia/Ho_Chi_Minh,112,218.3,25,111,50,,85,100,3.5,995,87,29.2,0,1,44.33
2025-07-20T13:00:00,7/20/2025 20:00,Hoàn Kiếm,VN,Asia/Ho_Chi_Minh,75,3464,44,9.4,33,,28,100,2,995,90,29,0,0.66,27
2025-07-20T14:00:00,7/20/2025 21:00,Hoàn Kiếm,VN,Asia/Ho_Chi_Minh,74,3430.5,57,7.5,73.5,,29.7,100,0.75,995,92,28.7,0,0.33,32
2025-07-20T15:00:00,7/20/2025 22:00,Hoàn Kiếm,VN,Asia/Ho_Chi_Minh,88,3137,47.3,8.6,89,,31,100,0.5,995,95,28.5,0,1.6,30.6
2025-07-20T16:00:00,7/20/2025 23:00,Hoàn Kiếm,VN,Asia/Ho_Chi_Minh,97,4137,53,5.9,44.7,,44,100,1.25,995,95,28.6,0,1.2,30
2025-07-20T17:00:00,7/21/2025 0:00,Hoàn Kiếm,VN,Asia/Ho_Chi_Minh,146,1204.5,26.3,24.3,69.7,,12.7,100,1,994,95,28.6,0,1.6,31.5
2025-07-20T18:00:00,7/21/2025 1:00,Hoàn Kiếm,VN,Asia/Ho_Chi_Minh,94,200.8,85,6.5,35,,74,100,1.25,994,96,28.7,0,2.4,35
2025-07-20T19:00:00,7/21/2025 2:00,Hoàn Kiếm,VN,Asia/Ho_Chi_Minh,140,1276,41,23.5,70,,28,95,0,994,95,28.8,0,2.8,40
2025-07-20T20:00:00,7/21/2025 3:00,Hoàn Kiếm,VN,Asia/Ho_Chi_Minh,141,974.5,47.8,20.6,69.3,,30.3,91,2.5,993,94,28.9,0,2.4,23.67
2025-07-20T21:00:00,7/21/2025 4:00,Hoàn Kiếm,VN,Asia/Ho_Chi_Minh,147,1162,44.8,20.5,67,,24.5,87,3,993,93,29,0,2,23
2025-07-20T22:00:00,7/21/2025 5:00,Hoàn Kiếm,VN,Asia/Ho_Chi_Minh,161,1316.5,19.7,6.4,83,,12.3,91,1.5,993,92,28.9,0,2,29.67
2025-07-20T23:00:00,7/21/2025 6:00,Hoàn Kiếm,VN,Asia/Ho_Chi_Minh,148,472.5,108,9.9,73.5,,74,95,0.5,993,91,28.8,0.6,1.6,33.75
2025-07-21T00:00:00,7/21/2025 7:00,Hoàn Kiếm,VN,Asia/Ho_Chi_Minh,95,127.8,116,6.5,43,,79,100,0.5,993,91,28.7,0.8,1.6,52.33
2025-07-21T01:00:00,7/21/2025 8:00,Hoàn Kiếm,VN,Asia/Ho_Chi_Minh,132,3224,52.3,33.6,69.3,,29.5,100,1,994,91,28.7,1.2,0.66,32.5
2025-07-21T02:00:00,7/21/2025 9:00,Hoàn Kiếm,VN,Asia/Ho_Chi_Minh,96,3922.5,66,8.3,49,,28,100,2,994,91,28.6,1.9,1.33,50.2
2025-07-21T03:00:00,7/21/2025 10:00,Hoàn Kiếm,VN,Asia/Ho_Chi_Minh,86,3422.5,70,10.2,38.3,,32.7,100,1.5,994,91,28.6,2.8,2,50.4
2025-07-21T04:00:00,7/21/2025 11:00,Hoàn Kiếm,VN,Asia/Ho_Chi_Minh,137,1462.5,35,9.7,65.3,,14,100,0.75,994,90,28.6,3.5,1.66,52.8
2025-07-21T05:00:00,7/21/2025 12:00,Hoàn Kiếm,VN,Asia/Ho_Chi_Minh,77,1941.8,154,8.6,26,,74,100,1.25,993,89,28.5,3.7,1.33,64
2025-07-21T06:00:00,7/21/2025 13:00,Hoàn Kiếm,VN,Asia/Ho_Chi_Minh,93,1201.5,52,6,46.3,,28.8,100,3.25,993,88,28.5,3.5,1,53
2025-07-21T07:00:00,7/21/2025 14:00,Hoàn Kiếm,VN,Asia/Ho_Chi_Minh,82,4250,49.5,11.1,36.5,,41.5,100,2.5,993,90,27.8,2.9,1.66,33
2025-07-21T08:00:00,7/21/2025 15:00,Hoàn Kiếm,VN,Asia/Ho_Chi_Minh,72,1641,46,40.6,31.8,,28,100,2,993,92,27.2,2,2.33,47.2
2025-07-21T09:00:00,7/21/2025 16:00,Hoàn Kiếm,VN,Asia/Ho_Chi_Minh,75,882,42.3,23.3,31.3,,28,100,4.75,992,94,26.5,1.3,3,33.25
2025-07-21T10:00:00,7/21/2025 17:00,Hoàn Kiếm,VN,Asia/Ho_Chi_Minh,58,3884,28,6,20.5,,8,100,4.5,992,95,26.5,0.8,3,28.75
2025-07-21T11:00:00,7/21/2025 18:00,Hoàn Kiếm,VN,Asia/Ho_Chi_Minh,63,2723,100,9.7,18,,74,100,4.25,992,95,26.5,0.6,3,49
2025-07-21T12:00:00,7/21/2025 19:00,Hoàn Kiếm,VN,Asia/Ho_Chi_Minh,59,3643.5,41.7,8.1,17.7,,29.3,100,5,992,95,26.5,0,3,24.5
2025-07-21T13:00:00,7/21/2025 20:00,Hoàn Kiếm,VN,Asia/Ho_Chi_Minh,56,2484.5,36,9.5,17.7,,30,100,4,992,95,26.4,0,2.33,32
2025-07-21T14:00:00,7/21/2025 21:00,Hoàn Kiếm,VN,Asia/Ho_Chi_Minh,47,2254,30.7,10.1,13,,27.3,100,5.25,992,94,26.3,0,1.66,26.8
2025-07-21T15:00:00,7/21/2025 22:00,Hoàn Kiếm,VN,Asia/Ho_Chi_Minh,23,2176,15.5,16.8,5.5,,6.5,100,5.75,992,94,26.2,0,1,22.25
2025-07-21T16:00:00,7/21/2025 23:00,Hoàn Kiếm,VN,Asia/Ho_Chi_Minh,42,2048.5,15.5,9,13,,6,100,2.25,991,94,26.3,0,2,23.6
2025-07-21T17:00:00,7/22/2025 0:00,Hoàn Kiếm,VN,Asia/Ho_Chi_Minh,66,1287.3,5,13.8,22,,8,100,1.75,990,94,26.5,0,3,15.5
2025-07-21T18:00:00,7/22/2025 1:00,Hoàn Kiếm,VN,Asia/Ho_Chi_Minh,63,843,54,8.1,20.5,,40,100,1.75,989,94,26.6,0,4,18
2025-07-21T19:00:00,7/22/2025 2:00,Hoàn Kiếm,VN,Asia/Ho_Chi_Minh,68,848,38.7,28,26,,27.3,100,1.25,989,93,26.9,0,3.66,16
2025-07-21T20:00:00,7/22/2025 3:00,Hoàn Kiếm,VN,Asia/Ho_Chi_Minh,79,650.5,26.7,22.1,35,,28,100,1.25,988,92,27.2,0,3.33,14.75
2025-07-21T21:00:00,7/22/2025 4:00,Hoàn Kiếm,VN,Asia/Ho_Chi_Minh,64,864,1,15.9,18.5,,7,100,2,987,92,27.5,0,3,11.25
2025-07-21T22:00:00,7/22/2025 5:00,Hoàn Kiếm,VN,Asia/Ho_Chi_Minh,49,941,35.5,8.7,18,,27,100,1.25,988,90,27.5,0,3.66,5.5
2025-07-21T23:00:00,7/22/2025 6:00,Hoàn Kiếm,VN,Asia/Ho_Chi_Minh,52,753,2.3,8.8,16.3,,6.3,100,1,988,89,27.6,0.6,4.33,10
2025-07-22T00:00:00,7/22/2025 7:00,Hoàn Kiếm,VN,Asia/Ho_Chi_Minh,62,697.5,3,5.3,17.5,,6,100,0.5,988,87,27.6,0.8,5,19.5
2025-07-22T01:00:00,7/22/2025 8:00,Hoàn Kiếm,VN,Asia/Ho_Chi_Minh,61,2353,4,10.3,20.5,,7.5,100,0.25,989,88,27.6,1.2,4.33,18
2025-07-22T02:00:00,7/22/2025 9:00,Hoàn Kiếm,VN,Asia/Ho_Chi_Minh,154,726.5,70,36.1,131,,36,100,0.25,989,88,27.6,1.9,3.66,20.5
2025-07-22T03:00:00,7/22/2025 10:00,Hoàn Kiếm,VN,Asia/Ho_Chi_Minh,37,682.3,7.5,23.2,11,,12.7,100,0,990,88,27.6,2.8,3,25.4
2025-07-22T04:00:00,7/22/2025 11:00,Hoàn Kiếm,VN,Asia/Ho_Chi_Minh,72,1367,7.2,9.8,30,,5,100,0.25,989,90,27.6,3.5,3,18.5
2025-07-22T05:00:00,7/22/2025 12:00,Hoàn Kiếm,VN,Asia/Ho_Chi_Minh,51,302.5,6.5,55.6,15.5,,16,100,0,989,91,27.5,3.7,3,11.67
2025-07-22T06:00:00,7/22/2025 13:00,Hoàn Kiếm,VN,Asia/Ho_Chi_Minh,54,503,6.5,55.9,14.3,,13,100,0,989,92,27.5,3.5,3,13
2025-07-22T07:00:00,7/22/2025 14:00,Hoàn Kiếm,VN,Asia/Ho_Chi_Minh,50,389.3,4.5,22.8,13.3,,12.3,100,0,989,91,27.4,2.9,3.33,17.5
2025-07-22T08:00:00,7/22/2025 15:00,Hoàn Kiếm,VN,Asia/Ho_Chi_Minh,53,397.7,8,28.2,16.7,,12.3,100,0,989,90,27.3,2,3.66,17
2025-07-22T09:00:00,7/22/2025 16:00,Hoàn Kiếm,VN,Asia/Ho_Chi_Minh,42,468,6.5,30.8,13.7,,12,100,0,989,89,27.2,1.3,4,58.5
2025-07-22T10:00:00,7/22/2025 17:00,Hoàn Kiếm,VN,Asia/Ho_Chi_Minh,37,530.7,11.2,26.7,13.7,,14.8,100,0,990,90,26.8,0.8,3.66,9
2025-07-22T11:00:00,7/22/2025 18:00,Hoàn Kiếm,VN,Asia/Ho_Chi_Minh,43,961.5,7,43.2,14,,12.7,100,0,991,92,26.4,0.6,3.33,22
2025-07-22T12:00:00,7/22/2025 19:00,Hoàn Kiếm,VN,Asia/Ho_Chi_Minh,27,656,20.7,18.6,13.8,,20.3,100,0,992,93,26,0,3,12.67
2025-07-22T13:00:00,7/22/2025 20:00,Hoàn Kiếm,VN,Asia/Ho_Chi_Minh,22,520.7,16.3,17.5,11.8,,20,100,0,993,93,25.8,0,3,13.75
2025-07-22T14:00:00,7/22/2025 21:00,Hoàn Kiếm,VN,Asia/Ho_Chi_Minh,30,552.3,9,21.6,9,,13,100,0,994,93,25.7,0,3,12
2025-07-22T15:00:00,7/22/2025 22:00,Hoàn Kiếm,VN,Asia/Ho_Chi_Minh,15,524.5,5.5,20.9,4.7,,12.3,100,0,996,93,25.5,0,3,13.25
2025-07-22T16:00:00,7/22/2025 23:00,Hoàn Kiếm,VN,Asia/Ho_Chi_Minh,34,485.5,16.7,24,15,,15.4,91,0,996,92,25.8,0,2.66,10
2025-07-22T17:00:00,7/23/2025 0:00,Hoàn Kiếm,VN,Asia/Ho_Chi_Minh,29,434.3,22.7,46.5,18.8,,21,83,0.25,996,91,26.2,0,2.33,8.83
2025-07-22T18:00:00,7/23/2025 1:00,Hoàn Kiếm,VN,Asia/Ho_Chi_Minh,61,407.5,39,30.1,35.8,,21.5,75,0.5,996,90,26.5,0,2,10.33
2025-07-22T19:00:00,7/23/2025 2:00,Hoàn Kiếm,VN,Asia/Ho_Chi_Minh,73,401,40,53.8,52.5,,22.5,79,0.5,996,91,26.3,0,1.33,6.5
2025-07-22T20:00:00,7/23/2025 3:00,Hoàn Kiếm,VN,Asia/Ho_Chi_Minh,70,513,29.7,28.7,50.5,,33.5,83,0.5,996,91,26.2,0,0.66,5.25
2025-07-22T21:00:00,7/23/2025 4:00,Hoàn Kiếm,VN,Asia/Ho_Chi_Minh,33,647,6,32.2,10.7,,13,87,0.25,996,91,26,0,2.8,7.25
2025-07-22T22:00:00,7/23/2025 5:00,Hoàn Kiếm,VN,Asia/Ho_Chi_Minh,77,206.5,85,13,108,,63,83,0,996,92,26.2,0,2.8,3.67
2025-07-22T23:00:00,7/23/2025 6:00,Hoàn Kiếm,VN,Asia/Ho_Chi_Minh,71,956,48.3,36.6,42,,23.3,79,0,997,92,26.4,0.7,2.8,8.11
2025-07-23T00:00:00,7/23/2025 7:00,Hoàn Kiếm,VN,Asia/Ho_Chi_Minh,75,1746.2,38.3,26.2,46.8,,23.3,75,0,997,93,26.6,0.8,2.8,7
2025-07-23T01:00:00,7/23/2025 8:00,Hoàn Kiếm,VN,Asia/Ho_Chi_Minh,82,2546.3,43,28.4,53,,35.3,83,0,998,88,27.3,1.2,1,17
2025-07-23T02:00:00,7/23/2025 9:00,Hoàn Kiếm,VN,Asia/Ho_Chi_Minh,85,1052.7,44.3,27.2,50.8,,24.5,91,0,998,83,27.9,2.2,2,22.8
2025-07-23T03:00:00,7/23/2025 10:00,Hoàn Kiếm,VN,Asia/Ho_Chi_Minh,69,67.1,8,77,26.3,,34,100,0.25,999,79,28.6,2.8,3,21.2
2025-07-23T04:00:00,7/23/2025 11:00,Hoàn Kiếm,VN,Asia/Ho_Chi_Minh,69,1739.3,45.3,29.4,41.5,,18.5,87,0.5,998,75,29.8,3.6,2.66,8
2025-07-23T05:00:00,7/23/2025 12:00,Hoàn Kiếm,VN,Asia/Ho_Chi_Minh,77,993.8,43.5,28.2,38.8,,20.8,75,0.25,997,72,31,3.8,2.33,22.5
2025-07-23T06:00:00,7/23/2025 13:00,Hoàn Kiếm,VN,Asia/Ho_Chi_Minh,66,830.3,32.8,26,31.3,,36,62,0.5,997,69,32.2,3.5,2,21.75
2025-07-23T07:00:00,7/23/2025 14:00,Hoàn Kiếm,VN,Asia/Ho_Chi_Minh,56,932.3,41.8,31.2,23.8,,26,62,0.25,996,72,31.5,2.9,2,23.8
2025-07-23T08:00:00,7/23/2025 15:00,Hoàn Kiếm,VN,Asia/Ho_Chi_Minh,51,1854.3,49.8,35.3,21.5,,20.3,62,0,996,76,30.9,2,2,27
2025-07-23T09:00:00,7/23/2025 16:00,Hoàn Kiếm,VN,Asia/Ho_Chi_Minh,21,1960,5,11.4,5,,10,62,0,996,79,30.2,1.3,2,28.25
2025-07-23T10:00:00,7/23/2025 17:00,Hoàn Kiếm,VN,Asia/Ho_Chi_Minh,64,2048.5,27.5,52.4,26.5,,15.5,75,0,997,84,29.6,0.8,1.66,21
2025-07-23T11:00:00,7/23/2025 18:00,Hoàn Kiếm,VN,Asia/Ho_Chi_Minh,62,2930.5,55.5,17.9,58.8,,36.5,87,0,997,88,29.1,0.7,1.33,20.6
2025-07-23T12:00:00,7/23/2025 19:00,Hoàn Kiếm,VN,Asia/Ho_Chi_Minh,68,1636.3,54.3,13.9,53.8,,24.8,100,0,998,93,28.5,0,1,24.4
2025-07-23T13:00:00,7/23/2025 20:00,Hoàn Kiếm,VN,Asia/Ho_Chi_Minh,71,2004.8,42,22.3,64.2,,20,95,0,999,92,28.4,0,1.33,19.6
2025-07-23T14:00:00,7/23/2025 21:00,Hoàn Kiếm,VN,Asia/Ho_Chi_Minh,79,1520.5,16.3,19.2,32.7,,13.3,91,0,1000,90,28.3,0,1.66,15
2025-07-23T15:00:00,7/23/2025 22:00,Hoàn Kiếm,VN,Asia/Ho_Chi_Minh,41,504,77,16.2,44,,47,87,0,1001,88,28.2,0,2,12.25
2025-07-23T16:00:00,7/23/2025 23:00,Hoàn Kiếm,VN,Asia/Ho_Chi_Minh,62,1554.8,44.3,14.7,48.4,,36.3,83,0,1001,90,28.2,0,1.33,5
2025-07-23T17:00:00,7/24/2025 0:00,Hoàn Kiếm,VN,Asia/Ho_Chi_Minh,79,860,44.5,29.3,52,,25,79,0,1000,91,28.2,0,0.66,18.67
2025-07-23T18:00:00,7/24/2025 1:00,Hoàn Kiếm,VN,Asia/Ho_Chi_Minh,76,594.7,38.8,16.9,72.8,,21.5,75,0.5,1000,93,28.2,0,2,17.75
2025-07-23T19:00:00,7/24/2025 2:00,Hoàn Kiếm,VN,Asia/Ho_Chi_Minh,78,709,41.5,20.7,85.4,,47,75,0.5,1000,92,28,0,0.33,20.5
2025-07-23T20:00:00,7/24/2025 3:00,Hoàn Kiếm,VN,Asia/Ho_Chi_Minh,85,624,15,22.3,38.3,,12.3,75,0.25,1000,92,27.9,0,0.66,21.75
2025-07-23T21:00:00,7/24/2025 4:00,Hoàn Kiếm,VN,Asia/Ho_Chi_Minh,80,681.7,43.3,22.9,86.2,,22.5,75,0,1000,92,27.7,0,1,25.5
2025-07-23T22:00:00,7/24/2025 5:00,Hoàn Kiếm,VN,Asia/Ho_Chi_Minh,104,504,116,7.9,163,,63,75,0,1000,90,27.6,0,0.66,6
2025-07-23T23:00:00,7/24/2025 6:00,Hoàn Kiếm,VN,Asia/Ho_Chi_Minh,95,844,35.3,32.9,62,,23.3,75,0,1000,88,27.6,0.7,0.33,17.75
2025-07-24T00:00:00,7/24/2025 7:00,Hoàn Kiếm,VN,Asia/Ho_Chi_Minh,87,1054,41.5,28.4,57.8,,23,75,0,1001,86,27.5,0.8,1.6,25.4
2025-07-24T01:00:00,7/24/2025 8:00,Hoàn Kiếm,VN,Asia/Ho_Chi_Minh,86,1458.5,44.3,29.8,38.3,,14,83,0,1001,89,27.2,1.2,0.66,24
2025-07-24T02:00:00,7/24/2025 9:00,Hoàn Kiếm,VN,Asia/Ho_Chi_Minh,67,1297,53.3,22.1,59.8,,22.5,91,0,1001,92,26.9,2,1.33,24.75
2025-07-24T03:00:00,7/24/2025 10:00,Hoàn Kiếm,VN,Asia/Ho_Chi_Minh,70,504,100,10.1,93,,58,100,0,1002,95,26.6,3,2,28.33
2025-07-24T04:00:00,7/24/2025 11:00,Hoàn Kiếm,VN,Asia/Ho_Chi_Minh,48,887,37.5,16,21.3,,19,95,0.25,1001,92,27.2,3.5,2,25.75
2025-07-24T05:00:00,7/24/2025 12:00,Hoàn Kiếm,VN,Asia/Ho_Chi_Minh,51,1600.5,28,26.1,16.7,,12.3,91,0.25,1001,88,27.9,3.8,2,25
2025-07-24T06:00:00,7/24/2025 13:00,Hoàn Kiếm,VN,Asia/Ho_Chi_Minh,56,1176.5,25.3,23.3,46.3,,13.7,87,0,1001,85,28.5,3.5,2,33
2025-07-24T07:00:00,7/24/2025 14:00,Hoàn Kiếm,VN,Asia/Ho_Chi_Minh,46,1614.5,25.7,26.1,50.3,,13.7,75,0.25,1000,82,29.2,2.9,2,29.2
2025-07-24T08:00:00,7/24/2025 15:00,Hoàn Kiếm,VN,Asia/Ho_Chi_Minh,52,1453.2,29.1,24,51.1,,13.7,62,0.5,999,80,29.8,2,2,28.67
2025-07-24T09:00:00,7/24/2025 16:00,Hoàn Kiếm,VN,Asia/Ho_Chi_Minh,51,1591.5,31,24.4,53.5,,13.7,50,0.5,998,77,30.5,1.3,2,20
2025-07-24T10:00:00,7/24/2025 17:00,Hoàn Kiếm,VN,Asia/Ho_Chi_Minh,64,3572,38,21.2,58.8,,25,66,0.75,999,80,30.1,0.8,1.66,8
2025-07-24T11:00:00,7/24/2025 18:00,Hoàn Kiếm,VN,Asia/Ho_Chi_Minh,73,1751.5,26,32.1,30,,14,83,0.75,1000,83,29.6,0.6,1.33,11.5
2025-07-24T12:00:00,7/24/2025 19:00,Hoàn Kiếm,VN,Asia/Ho_Chi_Minh,68,1296,56,14.7,56.6,,36.8,100,0.25,1000,86,29.2,0,1,12.67
2025-07-24T13:00:00,7/24/2025 20:00,Hoàn Kiếm,VN,Asia/Ho_Chi_Minh,82,2223.7,21.7,17.6,36,,13.3,100,0,1001,87,28.9,0,1.33,14.67
2025-07-24T14:00:00,7/24/2025 21:00,Hoàn Kiếm,VN,Asia/Ho_Chi_Minh,82,706,123,9.5,119,,58,100,0,1001,88,28.5,0,1.66,9.33
2025-07-24T15:00:00,7/24/2025 22:00,Hoàn Kiếm,VN,Asia/Ho_Chi_Minh,75,900.3,57.8,13.7,36.3,,24.5,100,0,1002,89,28.2,0,2,13.11
2025-07-24T16:00:00,7/24/2025 23:00,Hoàn Kiếm,VN,Asia/Ho_Chi_Minh,79,1901.8,62.3,16,40.5,,23.5,100,0,1002,90,28,0,1.33,12.33
2025-07-24T17:00:00,7/25/2025 0:00,Hoàn Kiếm,VN,Asia/Ho_Chi_Minh,79,1069.7,50.3,27.7,40.5,,38.3,100,0.5,1001,91,27.7,0,0.66,18.33
2025-07-24T18:00:00,7/25/2025 1:00,Hoàn Kiếm,VN,Asia/Ho_Chi_Minh,87,798.3,48.5,22.5,47,,25.5,100,0.5,1001,92,27.5,0,0.8,22.75
2025-07-24T19:00:00,7/25/2025 2:00,Hoàn Kiếm,VN,Asia/Ho_Chi_Minh,86,843.5,13.7,34.9,38,,13.7,75,0.25,1001,93,27.2,0,0.8,20.5
2025-07-24T20:00:00,7/25/2025 3:00,Hoàn Kiếm,VN,Asia/Ho_Chi_Minh,93,706,154,9.7,72,,47,50,0.25,1000,94,27,0,1.2,26.67
2025-07-24T21:00:00,7/25/2025 4:00,Hoàn Kiếm,VN,Asia/Ho_Chi_Minh,88,753,52,18.8,47.3,,23.3,25,0,1000,95,26.7,0,1.6,4
2025-07-24T22:00:00,7/25/2025 5:00,Hoàn Kiếm,VN,Asia/Ho_Chi_Minh,86,867.3,55.5,25.9,45.5,,37.3,45,0.25,1000,95,26.7,0,0.33,23.6
2025-07-24T23:00:00,7/25/2025 6:00,Hoàn Kiếm,VN,Asia/Ho_Chi_Minh,111,806,177,7.4,63.8,,63,66,0,1001,95,26.7,0.7,0.66,25.2
2025-07-25T00:00:00,7/25/2025 7:00,Hoàn Kiếm,VN,Asia/Ho_Chi_Minh,137,1273,49,28.9,77.5,,22.3,87,0,1001,95,26.7,0.8,1,25.2
2025-07-25T01:00:00,7/25/2025 8:00,Hoàn Kiếm,VN,Asia/Ho_Chi_Minh,151,1341.5,25,31.6,75.7,,17.7,83,0,1001,88,28,1.2,0.66,29
2025-07-25T02:00:00,7/25/2025 9:00,Hoàn Kiếm,VN,Asia/Ho_Chi_Minh,129,1109,162,10.8,114,,47,79,0,1001,82,29.4,2,0.33,28.67
2025-07-25T03:00:00,7/25/2025 10:00,Hoàn Kiếm,VN,Asia/Ho_Chi_Minh,114,963,72.3,15,76,,32.8,75,0,1002,77,30.7,2.8,1.6,32
2025-07-25T04:00:00,7/25/2025 11:00,Hoàn Kiếm,VN,Asia/Ho_Chi_Minh,102,1184,52.8,29.1,59,,21.3,70,0,1001,80,30.5,3.5,2,29.6
2025-07-25T05:00:00,7/25/2025 12:00,Hoàn Kiếm,VN,Asia/Ho_Chi_Minh,100,1419.3,65,25.4,58.5,,21,66,0.25,1001,83,30.4,3.7,1.2,28.6
2025-07-25T06:00:00,7/25/2025 13:00,Hoàn Kiếm,VN,Asia/Ho_Chi_Minh,85,929,48.3,37.3,41.3,,44,62,0.5,1001,86,30.2,3.8,1.2,39.6
2025-07-25T07:00:00,7/25/2025 14:00,Hoàn Kiếm,VN,Asia/Ho_Chi_Minh,111,1824.5,39.7,26.7,52.7,,14,75,0.75,1000,85,30.5,3.4,1.2,49
2025-07-25T08:00:00,7/25/2025 15:00,Hoàn Kiếm,VN,Asia/Ho_Chi_Minh,71,907,85,29.2,38,,79,87,0,999,83,30.7,2.7,1.6,56.33
2025-07-25T09:00:00,7/25/2025 16:00,Hoàn Kiếm,VN,Asia/Ho_Chi_Minh,112,2448.5,48.3,29.3,53.7,,13.7,100,3,999,82,31,1.6,1.2,46
2025-07-25T10:00:00,7/25/2025 17:00,Hoàn Kiếm,VN,Asia/Ho_Chi_Minh,116,2426,28.3,24.5,52.7,,13.3,87,5,999,85,29.8,0.9,0.66,40.5
2025-07-25T11:00:00,7/25/2025 18:00,Hoàn Kiếm,VN,Asia/Ho_Chi_Minh,93,2156.5,28.7,23.6,39,,13.7,75,1.5,1000,87,28.7,0.6,1.33,36
2025-07-25T12:00:00,7/25/2025 19:00,Hoàn Kiếm,VN,Asia/Ho_Chi_Minh,97,3026.7,25,26.7,45.3,,13.3,62,1.5,1000,90,27.5,0,2,35.5
2025-07-25T13:00:00,7/25/2025 20:00,Hoàn Kiếm,VN,Asia/Ho_Chi_Minh,100,2564.7,32,15.4,47,,14,75,1.25,1001,92,27.2,0,1.33,28.2
2025-07-25T14:00:00,7/25/2025 21:00,Hoàn Kiếm,VN,Asia/Ho_Chi_Minh,118,2697.1,29.7,18.8,52.5,,13.6,87,0.75,1001,93,27,0,0.66,39.33
2025-07-25T15:00:00,7/25/2025 22:00,Hoàn Kiếm,VN,Asia/Ho_Chi_Minh,110,2532.3,32,14.9,48.3,,13.7,100,0.5,1002,95,26.7,0,0.8,21.5
2025-07-25T16:00:00,7/25/2025 23:00,Hoàn Kiếm,VN,Asia/Ho_Chi_Minh,97,2327,24.7,16.8,44.3,,13,87,0.25,1002,95,26.7,0,0.8,40
2025-07-25T17:00:00,7/26/2025 0:00,Hoàn Kiếm,VN,Asia/Ho_Chi_Minh,93,889,16.7,32.6,40.7,,12.3,75,0,1001,95,26.6,0,0.8,41.5
2025-07-25T18:00:00,7/26/2025 1:00,Hoàn Kiếm,VN,Asia/Ho_Chi_Minh,77,705.5,13.7,30.3,32.7,,12,62,0,1001,95,26.6,0,0.8,31.75
2025-07-25T19:00:00,7/26/2025 2:00,Hoàn Kiếm,VN,Asia/Ho_Chi_Minh,102,804.5,12.9,28.1,45,,12.1,75,0,1001,95,26.6,0,0.4,33.67
2025-07-25T20:00:00,7/26/2025 3:00,Hoàn Kiếm,VN,Asia/Ho_Chi_Minh,90,864.5,12.7,68,36.7,,13.3,87,0,1001,94,26.5,0,0.4,35
2025-07-25T21:00:00,7/26/2025 4:00,Hoàn Kiếm,VN,Asia/Ho_Chi_Minh,114,1002.5,11.3,23.9,51,,12.3,100,0,1000,94,26.5,0,0.8,42
2025-07-25T22:00:00,7/26/2025 5:00,Hoàn Kiếm,VN,Asia/Ho_Chi_Minh,126,1290,11.7,34.3,59,,13.7,91,0,1001,92,26.9,0,0.33,39
2025-07-25T23:00:00,7/26/2025 6:00,Hoàn Kiếm,VN,Asia/Ho_Chi_Minh,129,1543,9.3,36,61.7,,13,83,0,1001,90,27.2,0.6,0.66,33.75
2025-07-26T00:00:00,7/26/2025 7:00,Hoàn Kiếm,VN,Asia/Ho_Chi_Minh,155,2008,21.3,39.2,78.7,,14.3,75,0,1001,89,27.6,1.3,1,32
2025-07-26T01:00:00,7/26/2025 8:00,Hoàn Kiếm,VN,Asia/Ho_Chi_Minh,137,1812.5,25.4,34.7,61.3,,14.3,79,0,1001,85,28.5,2.6,1.66,24.67
2025-07-26T02:00:00,7/26/2025 9:00,Hoàn Kiếm,VN,Asia/Ho_Chi_Minh,146,2580.7,31.3,25.4,74.3,,15,83,0.5,1001,82,29.3,4.8,2.33,36
2025-07-26T03:00:00,7/26/2025 10:00,Hoàn Kiếm,VN,Asia/Ho_Chi_Minh,126,1421.5,33.7,25.7,62.3,,14.3,87,0.25,1001,78,30.2,6.6,3,30.5
2025-07-26T04:00:00,7/26/2025 11:00,Hoàn Kiếm,VN,Asia/Ho_Chi_Minh,111,2416.7,44.7,43.5,51.3,,13,83,0,1001,71,31.4,9.1,2.66,40.75
2025-07-26T05:00:00,7/26/2025 12:00,Hoàn Kiếm,VN,Asia/Ho_Chi_Minh,112,1432.2,29.4,45.6,51.7,,25,79,0,1000,65,32.5,9.3,2.33,45
2025-07-26T06:00:00,7/26/2025 13:00,Hoàn Kiếm,VN,Asia/Ho_Chi_Minh,112,1437.5,27.3,55.6,53,,13,75,0,1000,60,33.7,8.1,2,46
2025-07-26T07:00:00,7/26/2025 14:00,Hoàn Kiếm,VN,Asia/Ho_Chi_Minh,137,10,30.9,52.2,61.3,,13.3,70,0,999,61,33.5,6.3,2,59
2025-07-26T08:00:00,7/26/2025 15:00,Hoàn Kiếm,VN,Asia/Ho_Chi_Minh,110,1874.8,30.3,47.4,51,,13.7,66,0,998,63,33.4,4.4,2,49
2025-07-26T09:00:00,7/26/2025 16:00,Hoàn Kiếm,VN,Asia/Ho_Chi_Minh,110,1589,38,45.4,52.7,,14,62,1.25,998,65,33.2,1.5,2,52.5
2025-07-26T10:00:00,7/26/2025 17:00,Hoàn Kiếm,VN,Asia/Ho_Chi_Minh,110,1371.5,30,30.7,51.7,,14,75,2.75,999,73,30.7,0.8,2,45
2025-07-26T11:00:00,7/26/2025 18:00,Hoàn Kiếm,VN,Asia/Ho_Chi_Minh,89,1267.5,24,37.6,39.3,,13.3,87,5,1000,83,28.1,0.7,2,39.5
2025-07-26T12:00:00,7/26/2025 19:00,Hoàn Kiếm,VN,Asia/Ho_Chi_Minh,69,210.1,21,29.7,27.7,,104,100,3.5,1001,94,25.6,0,2,40
2025-07-26T13:00:00,7/26/2025 20:00,Hoàn Kiếm,VN,Asia/Ho_Chi_Minh,104,10,26.8,25.3,46.3,,73.7,100,1.75,1001,94,25.8,0,1.33,39.67
2025-07-26T14:00:00,7/26/2025 21:00,Hoàn Kiếm,VN,Asia/Ho_Chi_Minh,71,1318.7,37.7,42.4,23,,13.7,100,0.5,1001,94,26,0,0.66,49
2025-07-26T15:00:00,7/26/2025 22:00,Hoàn Kiếm,VN,Asia/Ho_Chi_Minh,74,1013.7,38.3,16.5,29.3,,13,100,0.5,1001,94,26.2,0,0.8,39.25
2025-07-26T16:00:00,7/26/2025 23:00,Hoàn Kiếm,VN,Asia/Ho_Chi_Minh,69,1142.5,72,9.5,33.3,,22.7,100,0.25,1001,94,26.2,0,0.33,39
2025-07-26T17:00:00,7/27/2025 0:00,Hoàn Kiếm,VN,Asia/Ho_Chi_Minh,69,961.5,22,30.2,25.7,,12.7,100,0,1001,94,26.2,0,0.66,39.25
2025-07-26T18:00:00,7/27/2025 1:00,Hoàn Kiếm,VN,Asia/Ho_Chi_Minh,223,313.4,37,44,111,,101,100,0,1001,94,26.2,0,1,30
2025-07-26T19:00:00,7/27/2025 2:00,Hoàn Kiếm,VN,Asia/Ho_Chi_Minh,100,848,57,27,58,,19,79,0.5,1001,94,26,0,1.33,20.67
2025-07-26T20:00:00,7/27/2025 3:00,Hoàn Kiếm,VN,Asia/Ho_Chi_Minh,111,706,177,10.8,102,,26,58,0,1000,94,25.9,0,1.66,37
2025-07-26T21:00:00,7/27/2025 4:00,Hoàn Kiếm,VN,Asia/Ho_Chi_Minh,98,735,55.3,23.1,55,,15.8,37,0,1000,94,25.7,0,2,21.5
2025-07-26T22:00:00,7/27/2025 5:00,Hoàn Kiếm,VN,Asia/Ho_Chi_Minh,100,846,53,27.5,54,,15.8,37,0,1000,94,26,0,2.33,23.25
2025-07-26T23:00:00,7/27/2025 6:00,Hoàn Kiếm,VN,Asia/Ho_Chi_Minh,114,2322,19.3,45.6,52,,13.7,37,0,1001,94,26.2,0.6,2.66,20.67
2025-07-27T00:00:00,7/27/2025 7:00,Hoàn Kiếm,VN,Asia/Ho_Chi_Minh,110,806,162,10.8,88,,32,37,0,1001,93,26.5,0.8,3,20.75
2025-07-27T01:00:00,7/27/2025 8:00,Hoàn Kiếm,VN,Asia/Ho_Chi_Minh,113,2010.5,56.5,28.1,61,,24.3,50,0,1001,87,27.8,1.2,2.66,110
2025-07-27T02:00:00,7/27/2025 9:00,Hoàn Kiếm,VN,Asia/Ho_Chi_Minh,115,561,30,61.9,53.3,,26,62,0,1001,81,29.2,2,2.33,35.2
2025-07-27T03:00:00,7/27/2025 10:00,Hoàn Kiếm,VN,Asia/Ho_Chi_Minh,115,4138,5,23.1,48,,9,75,0,1002,75,30.5,3,2,39.5
2025-07-27T04:00:00,7/27/2025 11:00,Hoàn Kiếm,VN,Asia/Ho_Chi_Minh,106,1113,23.7,46.5,48,,13.3,75,0.25,1001,70,31.4,4.3,1.66,34.4
2025-07-27T05:00:00,7/27/2025 12:00,Hoàn Kiếm,VN,Asia/Ho_Chi_Minh,95,1101,24,44.5,41.3,,13,75,0,1001,65,32.3,8.5,1.33,35.2
2025-07-27T06:00:00,7/27/2025 13:00,Hoàn Kiếm,VN,Asia/Ho_Chi_Minh,105,89.9,4,177,34,,126,75,0,1000,61,33.2,7.5,1,40.75
2025-07-27T07:00:00,7/27/2025 14:00,Hoàn Kiếm,VN,Asia/Ho_Chi_Minh,100,1320,14.3,49.3,44.7,,13,70,0,999,60,33.7,7.1,1.33,39
2025-07-27T08:00:00,7/27/2025 15:00,Hoàn Kiếm,VN,Asia/Ho_Chi_Minh,93,730.5,12,45.8,39.7,,14,66,0,998,59,34.2,5.1,1.66,40.2
2025-07-27T09:00:00,7/27/2025 16:00,Hoàn Kiếm,VN,Asia/Ho_Chi_Minh,95,1289,24.3,42.2,42.3,,14.3,62,0,997,58,34.7,2.5,2,41
2025-07-27T10:00:00,7/27/2025 17:00,Hoàn Kiếm,VN,Asia/Ho_Chi_Minh,91,1166,40.8,37.8,42.8,,26.8,62,0.25,998,63,33.6,1.2,2,41
2025-07-27T11:00:00,7/27/2025 18:00,Hoàn Kiếm,VN,Asia/Ho_Chi_Minh,105,2645,37.7,31.4,50.3,,13.7,62,0.5,998,69,32.6,1.2,2,37.5
2025-07-27T12:00:00,7/27/2025 19:00,Hoàn Kiếm,VN,Asia/Ho_Chi_Minh,76,605,69,33.5,29,,26,62,0,999,75,31.5,0,2,33
2025-07-27T13:00:00,7/27/2025 20:00,Hoàn Kiếm,VN,Asia/Ho_Chi_Minh,98,986,53.5,24,50.3,,15,54,0,999,79,30.6,0,1.33,34
2025-07-27T14:00:00,7/27/2025 21:00,Hoàn Kiếm,VN,Asia/Ho_Chi_Minh,85,720.5,33.3,19.7,41.5,,16.3,45,0,1000,83,29.6,0,0.66,35
2025-07-27T15:00:00,7/27/2025 22:00,Hoàn Kiếm,VN,Asia/Ho_Chi_Minh,90,2313.3,38,9.6,46,,24,37,0,1001,87,28.7,0,1.2,31.75
2025-07-27T16:00:00,7/27/2025 23:00,Hoàn Kiếm,VN,Asia/Ho_Chi_Minh,91,1030,38.5,22.1,48.8,,14.8,45,0,1000,89,28.4,0,0.8,33
2025-07-27T17:00:00,7/28/2025 0:00,Hoàn Kiếm,VN,Asia/Ho_Chi_Minh,89,848.7,43,31.2,49,,14.5,54,0,1000,90,28,0,0.8,30.8
2025-07-27T18:00:00,7/28/2025 1:00,Hoàn Kiếm,VN,Asia/Ho_Chi_Minh,113,733,15,44.6,59,,16.5,62,0,1000,92,27.7,0,0.8,37.33
2025-07-27T19:00:00,7/28/2025 2:00,Hoàn Kiếm,VN,Asia/Ho_Chi_Minh,100,817.5,90.5,6.9,77,,19,54,0,999,93,27.5,0,0.8,24
2025-07-27T20:00:00,7/28/2025 3:00,Hoàn Kiếm,VN,Asia/Ho_Chi_Minh,114,731,53.3,41.7,71.3,,23.8,45,0,999,94,27.4,0,1.2,34
2025-07-27T21:00:00,7/28/2025 4:00,Hoàn Kiếm,VN,Asia/Ho_Chi_Minh,119,1034.3,58.3,20.8,76.8,,15.3,37,0,999,94,27.2,0,0.8,28.2
2025-07-27T22:00:00,7/28/2025 5:00,Hoàn Kiếm,VN,Asia/Ho_Chi_Minh,129,1060.7,63.5,28.4,80.5,,15,43,0,999,94,27.3,0,0.4,30.4
2025-07-27T23:00:00,7/28/2025 6:00,Hoàn Kiếm,VN,Asia/Ho_Chi_Minh,149,3090.7,20.3,42.1,71.3,,14.7,50,0,999,94,27.5,0.7,0.4,31.2
2025-07-28T00:00:00,7/28/2025 7:00,Hoàn Kiếm,VN,Asia/Ho_Chi_Minh,152,907,185,9.7,162,,21,56,0,999,94,27.6,0.8,0.4,30.25
2025-07-28T01:00:00,7/28/2025 8:00,Hoàn Kiếm,VN,Asia/Ho_Chi_Minh,153,2463.8,86,27.2,95.8,,24,62,0,999,86,29.1,1.4,0.66,40.33
2025-07-28T02:00:00,7/28/2025 9:00,Hoàn Kiếm,VN,Asia/Ho_Chi_Minh,154,2534,94,17.5,93.5,,23.3,68,0,1000,78,30.6,3.4,1.33,35.33
2025-07-28T03:00:00,7/28/2025 10:00,Hoàn Kiếm,VN,Asia/Ho_Chi_Minh,138,706,185,15.1,88,,21,75,0,1000,71,32.1,6.4,2,40.6
2025-07-28T04:00:00,7/28/2025 11:00,Hoàn Kiếm,VN,Asia/Ho_Chi_Minh,125,2019,67,37.3,68.3,,15.8,70,0,1000,68,33.1,10.2,2.33,42.4
2025-07-28T05:00:00,7/28/2025 12:00,Hoàn Kiếm,VN,Asia/Ho_Chi_Minh,146,1252,28.7,44.6,70,,13.3,66,0,999,64,34,10.6,2.66,46
2025-07-28T06:00:00,7/28/2025 13:00,Hoàn Kiếm,VN,Asia/Ho_Chi_Minh,193,152.3,5,254,88,,143,62,0,998,61,35,9,3,53.67
2025-07-28T07:00:00,7/28/2025 14:00,Hoàn Kiếm,VN,Asia/Ho_Chi_Minh,144,1482,37.3,40,68.7,,13.3,50,0,997,57,35.4,8,2.33,57
2025-07-28T08:00:00,7/28/2025 15:00,Hoàn Kiếm,VN,Asia/Ho_Chi_Minh,132,2287.7,23.7,51.2,63.3,,14,37,0,996,53,35.8,5.5,1.66,57.6
2025-07-28T09:00:00,7/28/2025 16:00,Hoàn Kiếm,VN,Asia/Ho_Chi_Minh,105,2302.3,35.7,18.7,50.7,,14,25,0,995,49,36.2,3.2,1,58.4
2025-07-28T10:00:00,7/28/2025 17:00,Hoàn Kiếm,VN,Asia/Ho_Chi_Minh,106,3571.3,51.7,40.4,49.7,,14.7,25,0,996,53,35.3,2.4,1,49.5
2025-07-28T11:00:00,7/28/2025 18:00,Hoàn Kiếm,VN,Asia/Ho_Chi_Minh,109,3565.3,41.7,38,51.7,,14,25,0,996,56,34.4,1.5,1,44.8
2025-07-28T12:00:00,7/28/2025 19:00,Hoàn Kiếm,VN,Asia/Ho_Chi_Minh,110,218.3,21,130,48.8,,107,25,0,996,60,33.5,0,1,52.33
2025-07-28T13:00:00,7/28/2025 20:00,Hoàn Kiếm,VN,Asia/Ho_Chi_Minh,112,2513,45.7,22.7,52.7,,13,64,0,997,67,32.7,0,0.66,88
2025-07-28T14:00:00,7/28/2025 21:00,Hoàn Kiếm,VN,Asia/Ho_Chi_Minh,144,1430.5,37,34.7,69,,13.7,52,0,997,75,32,0,0.33,51.67
2025-07-28T15:00:00,7/28/2025 22:00,Hoàn Kiếm,VN,Asia/Ho_Chi_Minh,148,1274.5,35,27.5,70.7,,13,54,0,998,83,31.2,0,0.8,47.33
2025-07-28T16:00:00,7/28/2025 23:00,Hoàn Kiếm,VN,Asia/Ho_Chi_Minh,125,1025,32,25.4,59.7,,11.7,66,0,998,85,30.8,0,0.33,37.25
2025-07-28T17:00:00,7/29/2025 0:00,Hoàn Kiếm,VN,Asia/Ho_Chi_Minh,140,919.7,43.5,24.1,72.6,,14,66,0,997,86,30.4,0,0.66,37.75
2025-07-28T18:00:00,7/29/2025 1:00,Hoàn Kiếm,VN,Asia/Ho_Chi_Minh,136,742.3,47.8,22.4,73.5,,14.5,93,0,997,88,30,0,1,38.67
2025-07-28T19:00:00,7/29/2025 2:00,Hoàn Kiếm,VN,Asia/Ho_Chi_Minh,137,784.3,52.5,23.3,75,,13.3,96,0,997,90,29.4,0,0.66,39
2025-07-28T20:00:00,7/29/2025 3:00,Hoàn Kiếm,VN,Asia/Ho_Chi_Minh,146,757,57.3,22.5,81.8,,14.3,95,0,997,91,28.8,0,0.33,39.75
2025-07-28T21:00:00,7/29/2025 4:00,Hoàn Kiếm,VN,Asia/Ho_Chi_Minh,159,839,65.5,22,84.8,,22.5,95,0,996,93,28.2,0,0.8,51.67
2025-07-28T22:00:00,7/29/2025 5:00,Hoàn Kiếm,VN,Asia/Ho_Chi_Minh,177,1897.5,62,31.2,100.5,,14.8,100,0,997,93,28.7,0,1.2,53
2025-07-28T23:00:00,7/29/2025 6:00,Hoàn Kiếm,VN,Asia/Ho_Chi_Minh,176,1589.8,61.5,28.1,101.6,,16.5,94,0,997,93,29.2,0.7,1.2,44.67
2025-07-29T00:00:00,7/29/2025 7:00,Hoàn Kiếm,VN,Asia/Ho_Chi_Minh,185,1965.3,59.5,31.1,110,,13.5,90,0,997,94,29.7,0.9,0.8,50.07
2025-07-29T01:00:00,7/29/2025 8:00,Hoàn Kiếm,VN,Asia/Ho_Chi_Minh,177,2505.3,47.8,26.3,97.3,,29.5,96,0,998,86,31,1.3,0.66,48.6
2025-07-29T02:00:00,7/29/2025 9:00,Hoàn Kiếm,VN,Asia/Ho_Chi_Minh,177,2258.5,63.8,33.6,98.8,,23,97,0,998,80,32.2,2.1,1.33,49.2
2025-07-29T03:00:00,7/29/2025 10:00,Hoàn Kiếm,VN,Asia/Ho_Chi_Minh,179,2559.7,59,26.6,97.5,,31.3,75,0,998,73,33.5,2.9,2,52.4
2025-07-29T04:00:00,7/29/2025 11:00,Hoàn Kiếm,VN,Asia/Ho_Chi_Minh,172,2371,26.7,26.3,95.7,,14.3,79,0,997,67,34.5,3.7,2,62
2025-07-29T05:00:00,7/29/2025 12:00,Hoàn Kiếm,VN,Asia/Ho_Chi_Minh,169,2435.5,58,36.2,82,,35.7,83,0,997,62,35.5,3.7,2,76
2025-07-29T06:00:00,7/29/2025 13:00,Hoàn Kiếm,VN,Asia/Ho_Chi_Minh,145,1693,42,21.2,69,,8,87,0,996,57,36.5,3.5,2,75.07
2025-07-29T07:00:00,7/29/2025 14:00,Hoàn Kiếm,VN,Asia/Ho_Chi_Minh,142,1131.5,21.3,52.3,68,,13.3,87,0,995,55,36.7,2.9,1.66,81.6
2025-07-29T08:00:00,7/29/2025 15:00,Hoàn Kiếm,VN,Asia/Ho_Chi_Minh,125,2488.7,53,51.2,62.3,,15,87,0,995,52,37,2.1,1.33,76
2025-07-29T09:00:00,7/29/2025 16:00,Hoàn Kiếm,VN,Asia/Ho_Chi_Minh,134,1375,29.7,60,64.3,,14,87,0,994,50,37.2,1.3,1,75.8
2025-07-29T10:00:00,7/29/2025 17:00,Hoàn Kiếm,VN,Asia/Ho_Chi_Minh,130,3596.3,44.3,41.1,61.7,,14,99,0.25,994,54,36.3,0.8,0.66,77.4
2025-07-29T11:00:00,7/29/2025 18:00,Hoàn Kiếm,VN,Asia/Ho_Chi_Minh,139,2681.2,46.8,40,66.8,,14,99,0,995,58,35.4,0.7,0.33,71.67
2025-07-29T12:00:00,7/29/2025 19:00,Hoàn Kiếm,VN,Asia/Ho_Chi_Minh,142,3334.3,55.3,29.9,68,,14,91,0,995,63,34.5,0,2.4,70
2025-07-29T13:00:00,7/29/2025 20:00,Hoàn Kiếm,VN,Asia/Ho_Chi_Minh,153,2789.3,39,36.8,77.7,,14,89,0.5,996,68,33.9,0,0.66,52
2025-07-29T14:00:00,7/29/2025 21:00,Hoàn Kiếm,VN,Asia/Ho_Chi_Minh,152,2240,61,15.8,84.8,,33.3,97,0.25,996,73,33.3,0,1.33,51
2025-07-29T15:00:00,7/29/2025 22:00,Hoàn Kiếm,VN,Asia/Ho_Chi_Minh,132,2232.3,33.7,19.9,65.3,,13.7,96,0,997,78,32.7,0,2,44.5
2025-07-29T16:00:00,7/29/2025 23:00,Hoàn Kiếm,VN,Asia/Ho_Chi_Minh,121,1777.6,32.9,23.8,58.9,,13.9,98,0,997,81,32.2,0,2,48
2025-07-29T17:00:00,7/30/2025 0:00,Hoàn Kiếm,VN,Asia/Ho_Chi_Minh,111,990,30.7,28.8,51.7,,12.7,91,0,997,85,31.7,0,2,46.33
2025-07-29T18:00:00,7/30/2025 1:00,Hoàn Kiếm,VN,Asia/Ho_Chi_Minh,99,868,31.5,31.4,46,,14.5,37,0,997,89,31.2,0,2,50
2025-07-29T19:00:00,7/30/2025 2:00,Hoàn Kiếm,VN,Asia/Ho_Chi_Minh,98,984.5,15.7,24.5,45.3,,12.7,90,0,997,88,31,0,1.33,51
2025-07-29T20:00:00,7/30/2025 3:00,Hoàn Kiếm,VN,Asia/Ho_Chi_Minh,103,910.5,16.3,27.8,49,,12,97,0,996,88,30.7,0,0.66,58
2025-07-29T21:00:00,7/30/2025 4:00,Hoàn Kiếm,VN,Asia/Ho_Chi_Minh,105,834,16.3,5.8,49.3,,12.3,99,0,996,87,30.5,0,0.4,57.25
2025-07-29T22:00:00,7/30/2025 5:00,Hoàn Kiếm,VN,Asia/Ho_Chi_Minh,117,1114.5,17.1,12.1,141.6,,12.7,99,0,996,88,30.6,0,0.8,47.25
2025-07-29T23:00:00,7/30/2025 6:00,Hoàn Kiếm,VN,Asia/Ho_Chi_Minh,110,2273.7,17,59.6,52,,13.3,99,0,997,88,30.6,0.6,0.8,43
2025-07-30T00:00:00,7/30/2025 7:00,Hoàn Kiếm,VN,Asia/Ho_Chi_Minh,186,1675.5,18.7,24.8,326.3,,13.3,95,0,997,89,30.7,0.9,0.8,39.5
2025-07-30T01:00:00,7/30/2025 8:00,Hoàn Kiếm,VN,Asia/Ho_Chi_Minh,166,1504.7,68.5,22.4,286.8,,16.3,97,0,997,82,32,1.3,0.66,34.5
2025-07-30T02:00:00,7/30/2025 9:00,Hoàn Kiếm,VN,Asia/Ho_Chi_Minh,195,1914,43,23.5,344.5,,18.7,97,0,997,76,33.4,2.1,1.33,34.33
2025-07-30T03:00:00,7/30/2025 10:00,Hoàn Kiếm,VN,Asia/Ho_Chi_Minh,167,2565.7,37,43.8,90.7,,17.7,75,0,998,71,34.7,3.3,2,36.33
2025-07-30T04:00:00,7/30/2025 11:00,Hoàn Kiếm,VN,Asia/Ho_Chi_Minh,194,2661.7,46.3,27.8,342.3,,16.3,79,0,997,67,35.3,3.8,2,37.33
2025-07-30T05:00:00,7/30/2025 12:00,Hoàn Kiếm,VN,Asia/Ho_Chi_Minh,149,1515.5,35.7,37.9,71.3,,14,83,0,996,62,35.9,4.1,2,41.67
2025-07-30T06:00:00,7/30/2025 13:00,Hoàn Kiếm,VN,Asia/Ho_Chi_Minh,144,152.3,7,247,68.7,,136,87,0,996,59,36.5,4.1,2,39
2025-07-30T07:00:00,7/30/2025 14:00,Hoàn Kiếm,VN,Asia/Ho_Chi_Minh,131,1022,21.3,52.3,62,,13.3,87,0,995,58,36.7,4.1,2,50.33
2025-07-30T08:00:00,7/30/2025 15:00,Hoàn Kiếm,VN,Asia/Ho_Chi_Minh,128,1184.8,30.3,118.2,61.3,,55.1,87,0,994,58,37,2.5,2,52.25
2025-07-30T09:00:00,7/30/2025 16:00,Hoàn Kiếm,VN,Asia/Ho_Chi_Minh,121,1701,42,53.8,57.7,,14.7,87,0,994,57,37.2,1.5,2,68.33
2025-07-30T10:00:00,7/30/2025 17:00,Hoàn Kiếm,VN,Asia/Ho_Chi_Minh,116,3527.3,56.7,21.9,55,,14.7,83,0.75,994,60,36.5,0.9,1.66,68
2025-07-30T11:00:00,7/30/2025 18:00,Hoàn Kiếm,VN,Asia/Ho_Chi_Minh,110,2326,41,28.4,56.3,,14.7,79,7,994,63,35.7,0.7,1.33,66.67
2025-07-30T12:00:00,7/30/2025 19:00,Hoàn Kiếm,VN,Asia/Ho_Chi_Minh,123,3501.7,44,23.5,58.7,,14.7,75,21.75,995,66,35,0,1,53.67
2025-07-30T13:00:00,7/30/2025 20:00,Hoàn Kiếm,VN,Asia/Ho_Chi_Minh,139,504,43.4,71.2,90,,274,75,24.5,996,73,32.2,0,1.33,51.67
2025-07-30T14:00:00,7/30/2025 21:00,Hoàn Kiếm,VN,Asia/Ho_Chi_Minh,154,1987,41.8,35.8,86.8,,29,75,22.5,997,81,29.3,0,1.66,47
2025-07-30T15:00:00,7/30/2025 22:00,Hoàn Kiếm,VN,Asia/Ho_Chi_Minh,73,2853.7,42.3,20.4,36.3,,27,75,11.25,998,90,26.5,0,2,45.89
2025-07-30T16:00:00,7/30/2025 23:00,Hoàn Kiếm,VN,Asia/Ho_Chi_Minh,63,1164.7,60.3,20.7,26.3,,11.8,83,5,998,91,26.5,0,1.66,43
2025-07-30T17:00:00,7/31/2025 0:00,Hoàn Kiếm,VN,Asia/Ho_Chi_Minh,55,811.7,29.8,35.2,25.8,,14.8,91,2.75,998,92,26.6,0,1.33,41.33
2025-07-30T18:00:00,7/31/2025 1:00,Hoàn Kiếm,VN,Asia/Ho_Chi_Minh,45,633,29.8,29.5,20.5,,21.3,100,1.25,998,93,26.6,0,1,39.25
2025-07-30T19:00:00,7/31/2025 2:00,Hoàn Kiếm,VN,Asia/Ho_Chi_Minh,64,623.7,58.5,24,39,,19.5,100,0,997,93,26.6,0,0.66,44
2025-07-30T20:00:00,7/31/2025 3:00,Hoàn Kiếm,VN,Asia/Ho_Chi_Minh,56,717,47,44.9,25,,13,100,0,997,93,26.5,0,0.33,50
2025-07-30T21:00:00,7/31/2025 4:00,Hoàn Kiếm,VN,Asia/Ho_Chi_Minh,96,605,116,13,76,,16,100,0,997,94,26.5,0,0.8,58.75
2025-07-30T22:00:00,7/31/2025 5:00,Hoàn Kiếm,VN,Asia/Ho_Chi_Minh,84,1073.7,40.8,30.6,42,,13.5,91,0.25,997,93,26.8,0,0.33,22.5
2025-07-30T23:00:00,7/31/2025 6:00,Hoàn Kiếm,VN,Asia/Ho_Chi_Minh,106,1310.7,57.5,34.1,62.3,,20.3,83,0.5,998,93,27.2,0.6,0.66,17.8
2025-07-31T00:00:00,7/31/2025 7:00,Hoàn Kiếm,VN,Asia/Ho_Chi_Minh,144,3470.3,28.3,36.4,69,,14.7,75,0.5,998,92,27.5,0.8,1,14.25
2025-07-31T01:00:00,7/31/2025 8:00,Hoàn Kiếm,VN,Asia/Ho_Chi_Minh,148,2573.8,59.8,23.5,84,,13,70,0.5,999,87,28.4,1.3,1,10.75
2025-07-31T02:00:00,7/31/2025 9:00,Hoàn Kiếm,VN,Asia/Ho_Chi_Minh,122,2794.8,154,6.5,72,,79,66,0.5,999,82,29.3,1.9,1,18.33
2025-07-31T03:00:00,7/31/2025 10:00,Hoàn Kiếm,VN,Asia/Ho_Chi_Minh,121,2457,90.3,19,70,,40.3,62,0.5,999,77,30.2,2.9,1,14.8
2025-07-31T04:00:00,7/31/2025 11:00,Hoàn Kiếm,VN,Asia/Ho_Chi_Minh,106,1456.5,38.7,40.9,52.3,,13.3,66,0.5,998,72,31.3,3.5,1.33,33.5
2025-07-31T05:00:00,7/31/2025 12:00,Hoàn Kiếm,VN,Asia/Ho_Chi_Minh,92,2152.7,23,59.4,43,,13.7,70,0.25,998,67,32.4,3.7,1.66,27.6
2025-07-31T06:00:00,7/31/2025 13:00,Hoàn Kiếm,VN,Asia/Ho_Chi_Minh,92,1396.5,32,44.8,42,,13,75,0,997,62,33.5,3.6,2,37.6
2025-07-31T07:00:00,7/31/2025 14:00,Hoàn Kiếm,VN,Asia/Ho_Chi_Minh,80,1300,32.8,43.7,32.5,,33.4,58,0,996,63,33.9,3,2,51.67
2025-07-31T08:00:00,7/31/2025 15:00,Hoàn Kiếm,VN,Asia/Ho_Chi_Minh,80,1445.5,27,35.9,35,,13.7,41,0,995,63,34.2,2,2,53
2025-07-31T09:00:00,7/31/2025 16:00,Hoàn Kiếm,VN,Asia/Ho_Chi_Minh,82,1107,34.3,41.6,39,,74.3,25,0,995,64,34.6,1.3,2,43.5
2025-07-31T10:00:00,7/31/2025 17:00,Hoàn Kiếm,VN,Asia/Ho_Chi_Minh,108,1052,25,39.5,55,,75,37,0,995,67,34.1,0.8,2,43
2025-07-31T11:00:00,7/31/2025 18:00,Hoàn Kiếm,VN,Asia/Ho_Chi_Minh,104,1393.7,42.3,54.2,53,,75.8,50,0,996,71,33.5,0.6,2,37.75
2025-07-31T12:00:00,7/31/2025 19:00,Hoàn Kiếm,VN,Asia/Ho_Chi_Minh,161,208.9,24,81,64,,99,62,0,996,75,33,0,2,31.25
2025-07-31T13:00:00,7/31/2025 20:00,Hoàn Kiếm,VN,Asia/Ho_Chi_Minh,111,1443.5,34.7,23.8,54.3,,13.7,45,0.25,996,76,32.2,0,2,31.67
2025-07-31T14:00:00,7/31/2025 21:00,Hoàn Kiếm,VN,Asia/Ho_Chi_Minh,93,1244.5,35.3,16.4,42.7,,13.7,29,0,997,78,31.4,0,2,26
2025-07-31T15:00:00,7/31/2025 22:00,Hoàn Kiếm,VN,Asia/Ho_Chi_Minh,93,2635,27.5,10.6,44.3,,7,12,0.25,997,79,30.6,0,2,25.75
2025-07-31T16:00:00,7/31/2025 23:00,Hoàn Kiếm,VN,Asia/Ho_Chi_Minh,89,1335.5,29.7,22.2,41,,13.3,41,0.75,997,83,29.1,0,2,26.75
2025-07-31T17:00:00,8/1/2025 0:00,Hoàn Kiếm,VN,Asia/Ho_Chi_Minh,87,736,15.3,56.6,39.3,,12.3,70,2.75,998,86,27.7,0,2,38.5
2025-07-31T18:00:00,8/1/2025 1:00,Hoàn Kiếm,VN,Asia/Ho_Chi_Minh,72,302,162,10.8,53,,53,100,2.25,998,90,26.2,0,2,36.75
2025-07-31T19:00:00,8/1/2025 2:00,Hoàn Kiếm,VN,Asia/Ho_Chi_Minh,47,460.5,19,18,25,,20.7,100,2,998,92,26,0,2,64
2025-07-31T20:00:00,8/1/2025 3:00,Hoàn Kiếm,VN,Asia/Ho_Chi_Minh,41,505,40.8,37.1,19.8,,32.8,100,3,998,93,25.7,0,2,39.5
2025-07-31T21:00:00,8/1/2025 4:00,Hoàn Kiếm,VN,Asia/Ho_Chi_Minh,39,596.5,46,31.2,19,,34.3,100,2.5,998,94,25.5,0,2,31.75
2025-07-31T22:00:00,8/1/2025 5:00,Hoàn Kiếm,VN,Asia/Ho_Chi_Minh,28,805.5,25.3,9.7,9,,12.7,87,0.25,998,94,25.6,0,1.66,32
2025-07-31T23:00:00,8/1/2025 6:00,Hoàn Kiếm,VN,Asia/Ho_Chi_Minh,54,2034.7,50.8,30.6,25.5,,37.8,75,0,998,94,25.6,0.6,1.33,30.25
2025-08-01T00:00:00,8/1/2025 7:00,Hoàn Kiếm,VN,Asia/Ho_Chi_Minh,53,126.6,154,8.6,33,,79,62,0,998,94,25.7,0.8,1,29.33
2025-08-01T01:00:00,8/1/2025 8:00,Hoàn Kiếm,VN,Asia/Ho_Chi_Minh,82,2815.7,59.8,29.7,41,,34.3,58,0.5,999,87,27.1,1.2,1.33,22
2025-08-01T02:00:00,8/1/2025 9:00,Hoàn Kiếm,VN,Asia/Ho_Chi_Minh,81,2862.3,63.5,21.4,38,,36.5,54,0.5,999,80,28.6,1.9,1.66,11.33
2025-08-01T03:00:00,8/1/2025 10:00,Hoàn Kiếm,VN,Asia/Ho_Chi_Minh,76,1244.5,62.3,22,34.8,,34.8,50,0.25,999,73,30,2.8,2,9.8
2025-08-01T04:00:00,8/1/2025 11:00,Hoàn Kiếm,VN,Asia/Ho_Chi_Minh,84,1262.5,25.3,27.3,37,,12.7,54,0,998,69,31.2,3.5,2.33,9.4
2025-08-01T05:00:00,8/1/2025 12:00,Hoàn Kiếm,VN,Asia/Ho_Chi_Minh,66,1267,59.8,30.3,28,,45.8,58,0,998,66,32.3,3.7,2.66,6.67
2025-08-01T06:00:00,8/1/2025 13:00,Hoàn Kiếm,VN,Asia/Ho_Chi_Minh,107,155.2,8,185,23.8,,125,62,0,998,62,33.5,3.5,3,14
2025-08-01T07:00:00,8/1/2025 14:00,Hoàn Kiếm,VN,Asia/Ho_Chi_Minh,67,1218.5,26.3,41.1,26.7,,14.3,58,0,997,61,33.7,2.9,2,13.5
2025-08-01T08:00:00,8/1/2025 15:00,Hoàn Kiếm,VN,Asia/Ho_Chi_Minh,63,949.3,40,49.5,31.5,,13,54,0,997,60,34,2,1,26.8
2025-08-01T09:00:00,8/1/2025 16:00,Hoàn Kiếm,VN,Asia/Ho_Chi_Minh,76,2465,39.3,47,32.3,,13.3,50,0,996,58,34.2,1.3,2,26.4
2025-08-01T10:00:00,8/1/2025 17:00,Hoàn Kiếm,VN,Asia/Ho_Chi_Minh,51,605,92,32.4,38,,16,58,0,997,65,33,0.8,0.66,24.2
2025-08-01T11:00:00,8/1/2025 18:00,Hoàn Kiếm,VN,Asia/Ho_Chi_Minh,80,3644.7,39.3,24.1,33,,15,66,0,997,72,31.9,0.7,1.33,27.67
2025-08-01T12:00:00,8/1/2025 19:00,Hoàn Kiếm,VN,Asia/Ho_Chi_Minh,81,3442,33.7,15.3,37.3,,14.7,75,0,998,80,30.7,0,2,19.4
2025-08-01T13:00:00,8/1/2025 20:00,Hoàn Kiếm,VN,Asia/Ho_Chi_Minh,91,2932.3,33,12.1,46,,13.7,68,0,998,81,30.3,0,1.33,19
2025-08-01T14:00:00,8/1/2025 21:00,Hoàn Kiếm,VN,Asia/Ho_Chi_Minh,96,2820.3,39.7,17.2,50,,13.3,62,0,999,83,30,0,0.66,20
2025-08-01T15:00:00,8/1/2025 22:00,Hoàn Kiếm,VN,Asia/Ho_Chi_Minh,120,2330,34.7,15.3,56.7,,13.7,56,0,1000,85,29.6,0,1.2,18.2
2025-08-01T16:00:00,8/1/2025 23:00,Hoàn Kiếm,VN,Asia/Ho_Chi_Minh,89,2165.4,37,14.2,37.5,,15.8,50,0,1000,84,29.4,0,0.66,24
2025-08-01T17:00:00,8/2/2025 0:00,Hoàn Kiếm,VN,Asia/Ho_Chi_Minh,98,1887.3,14.3,54,46.3,,13,43,0,999,84,29.2,0,1.33,12.5
2025-08-01T18:00:00,8/2/2025 1:00,Hoàn Kiếm,VN,Asia/Ho_Chi_Minh,100,1836.3,41.7,11.9,56.3,,20,37,0,999,83,29,0,2,26
2025-08-01T19:00:00,8/2/2025 2:00,Hoàn Kiếm,VN,Asia/Ho_Chi_Minh,90,1545.7,65.8,13.1,52.8,,47,97,0,999,85,28.6,0,1.33,26.5
2025-08-01T20:00:00,8/2/2025 3:00,Hoàn Kiếm,VN,Asia/Ho_Chi_Minh,74,1528.3,25,15.6,40,,20.7,98,0,999,87,28.1,0,0.66,31
2025-08-01T21:00:00,8/2/2025 4:00,Hoàn Kiếm,VN,Asia/Ho_Chi_Minh,88,595,85.5,50.8,49.5,,51.5,99,0,999,88,27.7,0,1.2,33.5
2025-08-01T22:00:00,8/2/2025 5:00,Hoàn Kiếm,VN,Asia/Ho_Chi_Minh,67,2120,37.3,10.5,31.3,,36.7,100,0,999,88,28,0,0.8,42.67
2025-08-01T23:00:00,8/2/2025 6:00,Hoàn Kiếm,VN,Asia/Ho_Chi_Minh,93,1408,97,61.9,50.8,,67,100,0,1000,88,28.4,0.6,0.8,30
2025-08-02T00:00:00,8/2/2025 7:00,Hoàn Kiếm,VN,Asia/Ho_Chi_Minh,115,2231.7,53.5,24.1,61.8,,42.5,96,0,1000,88,28.7,0.8,0.8,34.25
2025-08-02T01:00:00,8/2/2025 8:00,Hoàn Kiếm,VN,Asia/Ho_Chi_Minh,129,2049.7,21.3,26.8,65,,14,97,0,1001,81,30.1,1.3,0.66,35
2025-08-02T02:00:00,8/2/2025 9:00,Hoàn Kiếm,VN,Asia/Ho_Chi_Minh,122,2209.7,23.3,36.5,58,,15.7,94,0,1001,74,31.6,2.2,1.33,30.75
2025-08-02T03:00:00,8/2/2025 10:00,Hoàn Kiếm,VN,Asia/Ho_Chi_Minh,118,182.7,8,208,52.5,,116,50,0,1001,68,33,3,2,23.33
2025-08-02T04:00:00,8/2/2025 11:00,Hoàn Kiếm,VN,Asia/Ho_Chi_Minh,125,2549,38,49.3,61.3,,15,54,0,1000,67,33.7,3.8,2,29.5
2025-08-02T05:00:00,8/2/2025 12:00,Hoàn Kiếm,VN,Asia/Ho_Chi_Minh,129,2737.7,46.3,68.2,65.3,,15,58,0,1000,65,34.3,3.8,2,20
2025-08-02T06:00:00,8/2/2025 13:00,Hoàn Kiếm,VN,Asia/Ho_Chi_Minh,141,2247.3,20.3,51.8,67,,13.3,62,0,999,64,35,3.5,2,32
2025-08-02T07:00:00,8/2/2025 14:00,Hoàn Kiếm,VN,Asia/Ho_Chi_Minh,134,2218.7,20.3,61.6,63.7,,13.7,50,0,999,60,35.5,2.9,2,40.8
2025-08-02T08:00:00,8/2/2025 15:00,Hoàn Kiếm,VN,Asia/Ho_Chi_Minh,100,1180,18,38.8,47,,7,37,0,998,57,36,2,2,46.25
2025-08-02T09:00:00,8/2/2025 16:00,Hoàn Kiếm,VN,Asia/Ho_Chi_Minh,132,2757.5,37,81.4,69,,17,25,0,998,54,36.5,1.3,2,43.67
2025-08-02T10:00:00,8/2/2025 17:00,Hoàn Kiếm,VN,Asia/Ho_Chi_Minh,107,2139.7,115.7,41.9,58.3,,23,41,0,998,58,35.7,0.8,2,42
2025-08-02T11:00:00,8/2/2025 18:00,Hoàn Kiếm,VN,Asia/Ho_Chi_Minh,108,2470.3,132,32.8,58.3,,23.3,58,0,998,63,35,0.7,2,44.75
2025-08-02T12:00:00,8/2/2025 19:00,Hoàn Kiếm,VN,Asia/Ho_Chi_Minh,125,2828,37.7,39.2,60,,14,75,0,998,68,34.2,0,2,46.25
2025-08-02T13:00:00,8/2/2025 20:00,Hoàn Kiếm,VN,Asia/Ho_Chi_Minh,123,2404.3,26,28.2,58.7,,13.7,97,0,999,70,33.5,0,2,50.67
2025-08-02T14:00:00,8/2/2025 21:00,Hoàn Kiếm,VN,Asia/Ho_Chi_Minh,118,2442.2,31.7,31.2,56.4,,13.8,96,0,1000,72,32.9,0,2,48
2025-08-02T15:00:00,8/2/2025 22:00,Hoàn Kiếm,VN,Asia/Ho_Chi_Minh,115,2249.3,28.7,27.2,54.7,,13.7,98,0,1000,74,32.2,0,2,35
2025-08-02T16:00:00,8/2/2025 23:00,Hoàn Kiếm,VN,Asia/Ho_Chi_Minh,102,2168.7,37.3,24.5,49.7,,13,93,0,1000,78,31.7,0,1.33,47.33
2025-08-02T17:00:00,8/3/2025 0:00,Hoàn Kiếm,VN,Asia/Ho_Chi_Minh,104,1863.3,26.3,28.6,52,,13,97,0,1000,82,31.2,0,0.66,38
2025-08-02T18:00:00,8/3/2025 1:00,Hoàn Kiếm,VN,Asia/Ho_Chi_Minh,111,1785,19,32.9,57,,12.7,93,0,999,86,30.7,0,1.2,38.33
2025-08-02T19:00:00,8/3/2025 2:00,Hoàn Kiếm,VN,Asia/Ho_Chi_Minh,115,2160,19.3,24.2,55,,13,94,0,999,88,30.5,0,1.2,44.67
2025-08-02T20:00:00,8/3/2025 3:00,Hoàn Kiếm,VN,Asia/Ho_Chi_Minh,93,1816.1,18.6,29.7,40,,12.4,98,0,999,90,30.2,0,1.2,44
2025-08-02T21:00:00,8/3/2025 4:00,Hoàn Kiếm,VN,Asia/Ho_Chi_Minh,121,1831.7,18.3,28.1,60,,12.3,99,0,999,92,30,0,0.8,42.22
2025-08-02T22:00:00,8/3/2025 5:00,Hoàn Kiếm,VN,Asia/Ho_Chi_Minh,126,2050.3,18.3,37.6,62.7,,12.7,98,0,999,90,30.2,0,0.4,41
2025-08-02T23:00:00,8/3/2025 6:00,Hoàn Kiếm,VN,Asia/Ho_Chi_Minh,118,2691.7,12,52.5,55.3,,13,97,0,999,88,30.4,0.7,0.8,36
2025-08-03T00:00:00,8/3/2025 7:00,Hoàn Kiếm,VN,Asia/Ho_Chi_Minh,130,2736,21.3,37.3,65,,13.7,98,0,1000,86,30.6,0.8,0.8,37
2025-08-03T01:00:00,8/3/2025 8:00,Hoàn Kiếm,VN,Asia/Ho_Chi_Minh,118,2500.3,33.5,34.6,61.2,,15.2,99,0,1000,76,32,1.2,1.6,39.5
2025-08-03T02:00:00,8/3/2025 9:00,Hoàn Kiếm,VN,Asia/Ho_Chi_Minh,125,2751.7,35.7,38,59.7,,15.7,94,0,1000,68,33.3,2.2,2.4,41
2025-08-03T03:00:00,8/3/2025 10:00,Hoàn Kiếm,VN,Asia/Ho_Chi_Minh,96,2028.8,57.8,29.2,53.5,,18.3,92,0,1000,61,34.7,3.3,3.2,32
2025-08-03T04:00:00,8/3/2025 11:00,Hoàn Kiếm,VN,Asia/Ho_Chi_Minh,112,2184,38.7,48.2,53,,15.3,95,0,1000,58,35.5,3.8,0.66,43
2025-08-03T05:00:00,8/3/2025 12:00,Hoàn Kiếm,VN,Asia/Ho_Chi_Minh,104,1811,16.3,21.8,49.3,,15,99,0,999,55,36.4,3.8,1.33,45
2025-08-03T06:00:00,8/3/2025 13:00,Hoàn Kiếm,VN,Asia/Ho_Chi_Minh,90,2021,24.7,33.2,40.7,,14,87,0,999,52,37.2,3.7,2,42
2025-08-03T07:00:00,8/3/2025 14:00,Hoàn Kiếm,VN,Asia/Ho_Chi_Minh,80,2139.2,27.3,31.9,34.4,,14.2,83,0,998,51,37.7,3,2,46.5
2025-08-03T08:00:00,8/3/2025 15:00,Hoàn Kiếm,VN,Asia/Ho_Chi_Minh,74,2197,33,24.8,30.3,,13.7,79,0,997,49,38.1,2.2,2,42.08
2025-08-03T09:00:00,8/3/2025 16:00,Hoàn Kiếm,VN,Asia/Ho_Chi_Minh,60,2375.7,32.7,29.3,22,,14.7,75,0,996,47,38.6,2.3,2,44.67
2025-08-03T10:00:00,8/3/2025 17:00,Hoàn Kiếm,VN,Asia/Ho_Chi_Minh,71,2209.7,27.7,19.7,29,,15.3,66,0,997,49,37.6,1,2,33.25
2025-08-03T11:00:00,8/3/2025 18:00,Hoàn Kiếm,VN,Asia/Ho_Chi_Minh,77,2530.7,24.3,16.5,33,,14.3,58,0,997,51,36.7,0.8,2,40
2025-08-03T12:00:00,8/3/2025 19:00,Hoàn Kiếm,VN,Asia/Ho_Chi_Minh,107,1928,31,3,51,,7,50,0,998,54,35.7,0,2,37
2025-08-03T13:00:00,8/3/2025 20:00,Hoàn Kiếm,VN,Asia/Ho_Chi_Minh,59,2385.7,54.7,16.7,36.3,,20.7,89,0,998,55,35.1,0,2,30.67
2025-08-03T14:00:00,8/3/2025 21:00,Hoàn Kiếm,VN,Asia/Ho_Chi_Minh,64,1976.5,48,12.6,34.8,,17,94,0,999,57,34.6,0,2,26
2025-08-03T15:00:00,8/3/2025 22:00,Hoàn Kiếm,VN,Asia/Ho_Chi_Minh,55,1749,42.8,12.8,29.5,,15.5,97,0,999,58,34,0,2,23
2025-08-03T16:00:00,8/3/2025 23:00,Hoàn Kiếm,VN,Asia/Ho_Chi_Minh,58,1803,53.3,12.1,24.8,,45.5,99,0,999,61,33.2,0,1.33,16.67
2025-08-03T17:00:00,8/4/2025 0:00,Hoàn Kiếm,VN,Asia/Ho_Chi_Minh,62,1581,14,15.6,23,,13.3,98,0,999,64,32.4,0,0.66,21.67
2025-08-03T18:00:00,8/4/2025 1:00,Hoàn Kiếm,VN,Asia/Ho_Chi_Minh,50,161.1,162,5.4,31,,47,98,0,998,67,31.6,0,2.4,24.67
2025-08-03T19:00:00,8/4/2025 2:00,Hoàn Kiếm,VN,Asia/Ho_Chi_Minh,62,1516.3,46.8,15.4,28,,37,99,0,998,70,30.9,0,2,38
2025-08-03T20:00:00,8/4/2025 3:00,Hoàn Kiếm,VN,Asia/Ho_Chi_Minh,60,1518.3,45.3,17.9,26.8,,35.8,94,0,998,74,30.3,0,2,16.33
2025-08-03T21:00:00,8/4/2025 4:00,Hoàn Kiếm,VN,Asia/Ho_Chi_Minh,64,1732,39.3,22.9,29,,43,94,0,998,77,29.6,0,2,18.25
2025-08-03T22:00:00,8/4/2025 5:00,Hoàn Kiếm,VN,Asia/Ho_Chi_Minh,68,2359.7,38,11.3,30.3,,25.5,79,0,998,74,30.1,0,2,14.5
2025-08-03T23:00:00,8/4/2025 6:00,Hoàn Kiếm,VN,Asia/Ho_Chi_Minh,77,2547.2,44.6,16.2,40.2,,25.8,88,0,999,72,30.7,0.8,2,15.75
2025-08-04T00:00:00,8/4/2025 7:00,Hoàn Kiếm,VN,Asia/Ho_Chi_Minh,84,2954.8,47.3,12.9,45.8,,17.3,89,0,999,69,31.2,0.9,2.8,17.33
2025-08-04T01:00:00,8/4/2025 8:00,Hoàn Kiếm,VN,Asia/Ho_Chi_Minh,91,3255.8,66.5,12.9,53.8,,18.8,91,0,999,63,32.8,1.4,2.8,12
2025-08-04T02:00:00,8/4/2025 9:00,Hoàn Kiếm,VN,Asia/Ho_Chi_Minh,96,2675,89,14,55.7,,26.7,96,0,999,58,34.4,2.1,3.2,17.75
2025-08-04T03:00:00,8/4/2025 10:00,Hoàn Kiếm,VN,Asia/Ho_Chi_Minh,92,2380.7,82.3,17,53,,25.7,99,0,999,53,36,2.8,4,16.5
2025-08-04T04:00:00,8/4/2025 11:00,Hoàn Kiếm,VN,Asia/Ho_Chi_Minh,103,2117.7,27,41.6,48.7,,14,100,0,999,52,36.7,3.5,1,18.25
2025-08-04T05:00:00,8/4/2025 12:00,Hoàn Kiếm,VN,Asia/Ho_Chi_Minh,83,2075.1,45.2,21.9,40.3,,17.9,99,0,999,50,37.5,3.8,2,20.25
2025-08-04T06:00:00,8/4/2025 13:00,Hoàn Kiếm,VN,Asia/Ho_Chi_Minh,79,1922.3,26.7,24.3,34,,14,37,0,998,48,38.2,3.5,3,24.58
2025-08-04T07:00:00,8/4/2025 14:00,Hoàn Kiếm,VN,Asia/Ho_Chi_Minh,82,1027.5,26.3,26.1,35.3,,14.3,50,0,997,47,38.4,2.8,3,27.75
2025-08-04T08:00:00,8/4/2025 15:00,Hoàn Kiếm,VN,Asia/Ho_Chi_Minh,81,2446.3,33,16.6,35,,14.3,62,0,997,46,38.5,2,3,31
2025-08-04T09:00:00,8/4/2025 16:00,Hoàn Kiếm,VN,Asia/Ho_Chi_Minh,54,1255.5,31,16,18.7,,14.7,75,0,996,45,38.7,1.3,3,33.33
2025-08-04T10:00:00,8/4/2025 17:00,Hoàn Kiếm,VN,Asia/Ho_Chi_Minh,65,1973.5,38.7,14.8,25.7,,14.3,70,0,996,48,37.7,0.8,2.66,31.33
2025-08-04T11:00:00,8/4/2025 18:00,Hoàn Kiếm,VN,Asia/Ho_Chi_Minh,74,1641.5,30.3,16.8,30.9,,14.4,66,0,997,51,36.6,0.6,2.33,36.67
2025-08-04T12:00:00,8/4/2025 19:00,Hoàn Kiếm,VN,Asia/Ho_Chi_Minh,85,1834.5,30,17.2,37,,14.3,62,0,998,54,35.6,0,2,27.33
2025-08-04T13:00:00,8/4/2025 20:00,Hoàn Kiếm,VN,Asia/Ho_Chi_Minh,94,1872,28,3.4,43,,7,70,0,999,55,35.1,0,2,25.33
2025-08-04T14:00:00,8/4/2025 21:00,Hoàn Kiếm,VN,Asia/Ho_Chi_Minh,100,1522,21.3,13.6,47,,14,79,0,999,55,34.5,0,2,26.67
2025-08-04T15:00:00,8/4/2025 22:00,Hoàn Kiếm,VN,Asia/Ho_Chi_Minh,96,1369,21.3,13.3,44.7,,14,87,0,1000,56,34,0,2,26.33
2025-08-04T16:00:00,8/4/2025 23:00,Hoàn Kiếm,VN,Asia/Ho_Chi_Minh,93,1064.6,19.7,16.4,42,,13.6,75,0,1000,60,33.2,0,1.33,14
2025-08-04T17:00:00,8/5/2025 0:00,Hoàn Kiếm,VN,Asia/Ho_Chi_Minh,62,845.5,19.3,15.4,22.7,,13.3,62,0.25,999,64,32.5,0,0.66,19
2025-08-04T18:00:00,8/5/2025 1:00,Hoàn Kiếm,VN,Asia/Ho_Chi_Minh,87,455.7,16.3,22.7,36.7,,12.7,50,0,999,68,31.7,0,1.2,23.33
2025-08-04T19:00:00,8/5/2025 2:00,Hoàn Kiếm,VN,Asia/Ho_Chi_Minh,71,408,13,18.8,28.3,,12.7,37,0.25,999,70,31.3,0,1.2,28
2025-08-04T20:00:00,8/5/2025 3:00,Hoàn Kiếm,VN,Asia/Ho_Chi_Minh,77,655.5,16,23.5,32.3,,13,25,0,998,71,30.9,0,0.8,32.33
2025-08-04T21:00:00,8/5/2025 4:00,Hoàn Kiếm,VN,Asia/Ho_Chi_Minh,95,10,23,30,41.3,,60,12,0,998,72,30.5,0,0.4,35
2025-08-04T22:00:00,8/5/2025 5:00,Hoàn Kiếm,VN,Asia/Ho_Chi_Minh,79,632.7,16.3,15.4,35,,13,33,0,999,75,30.6,0,0,33.33
2025-08-04T23:00:00,8/5/2025 6:00,Hoàn Kiếm,VN,Asia/Ho_Chi_Minh,88,1345,19.7,19.1,40,,27,54,0,1000,78,30.6,0.6,0.8,31.97
2025-08-05T00:00:00,8/5/2025 7:00,Hoàn Kiếm,VN,Asia/Ho_Chi_Minh,127,2917.7,22,18.5,60.7,,15.7,75,0,1000,82,30.7,0.8,0.8,17.33
2025-08-05T01:00:00,8/5/2025 8:00,Hoàn Kiếm,VN,Asia/Ho_Chi_Minh,129,2893.3,29.7,14.9,61.3,,15.7,79,0,1000,73,32.1,1.2,0.66,29.25
2025-08-05T02:00:00,8/5/2025 9:00,Hoàn Kiếm,VN,Asia/Ho_Chi_Minh,115,1618.5,33.7,24.9,55,,15.7,83,0.25,1001,66,33.6,1.9,1.33,21.75
2025-08-05T03:00:00,8/5/2025 10:00,Hoàn Kiếm,VN,Asia/Ho_Chi_Minh,121,153.5,24,65,45,,121,87,0,1001,59,35,2.8,2,24.33
2025-08-05T04:00:00,8/5/2025 11:00,Hoàn Kiếm,VN,Asia/Ho_Chi_Minh,116,1296,31,44.4,55.3,,14.3,87,0,1001,57,35.2,3.5,2,33
2025-08-05T05:00:00,8/5/2025 12:00,Hoàn Kiếm,VN,Asia/Ho_Chi_Minh,121,1249.5,29,20.1,57.3,,15,87,0.25,1001,56,35.3,3.7,2,25.25
2025-08-05T06:00:00,8/5/2025 13:00,Hoàn Kiếm,VN,Asia/Ho_Chi_Minh,110,898.5,19.3,33.8,51.7,,13.3,87,0,1000,55,35.5,3.5,2,29.67
2025-08-05T07:00:00,8/5/2025 14:00,Hoàn Kiếm,VN,Asia/Ho_Chi_Minh,90,933.5,54.7,24.3,49,,23,79,0,1000,56,35.5,2.8,1.66,45.33
2025-08-05T08:00:00,8/5/2025 15:00,Hoàn Kiếm,VN,Asia/Ho_Chi_Minh,99,1161.5,34,34.7,45.7,,14.7,70,0,999,58,35.6,2,1.33,46
2025-08-05T09:00:00,8/5/2025 16:00,Hoàn Kiếm,VN,Asia/Ho_Chi_Minh,96,1135.5,31,39.7,44.7,,14,62,0,999,60,35.6,1.2,1,41
2025-08-05T10:00:00,8/5/2025 17:00,Hoàn Kiếm,VN,Asia/Ho_Chi_Minh,103,1391.3,40.6,33.4,55.9,,14.4,66,0,999,61,34.3,0.8,1.33,43
2025-08-05T11:00:00,8/5/2025 18:00,Hoàn Kiếm,VN,Asia/Ho_Chi_Minh,98,2413.8,72.5,41,56.8,,16.5,70,1.5,999,61,33,0.6,1.66,41.33
2025-08-05T12:00:00,8/5/2025 19:00,Hoàn Kiếm,VN,Asia/Ho_Chi_Minh,122,1903,59.8,20.7,78.5,,15.3,75,5,1000,62,31.7,0,2,43
2025-08-05T13:00:00,8/5/2025 20:00,Hoàn Kiếm,VN,Asia/Ho_Chi_Minh,103,973,19.7,25,48.3,,12.7,75,5,1001,70,30,0,2,39
2025-08-05T14:00:00,8/5/2025 21:00,Hoàn Kiếm,VN,Asia/Ho_Chi_Minh,66,504,100,15.7,63,,37,75,5.75,1002,80,28.4,0,2,30.67
2025-08-05T15:00:00,8/5/2025 22:00,Hoàn Kiếm,VN,Asia/Ho_Chi_Minh,61,810.5,64.8,17.5,32.8,,37.8,75,5.25,1003,92,26.7,0,2,34.67
2025-08-05T16:00:00,8/5/2025 23:00,Hoàn Kiếm,VN,Asia/Ho_Chi_Minh,52,834.3,57.5,13.4,29.8,,20.5,83,3.25,1003,92,26.7,0,1.33,33.33
2025-08-05T17:00:00,8/6/2025 0:00,Hoàn Kiếm,VN,Asia/Ho_Chi_Minh,69,618,42.5,26.9,41.3,,14,91,0.75,1003,92,26.7,0,0.66,36.69
2025-08-05T18:00:00,8/6/2025 1:00,Hoàn Kiếm,VN,Asia/Ho_Chi_Minh,74,634,25.3,29.6,38,,16,100,1,1003,93,26.7,0,2,34
2025-08-05T19:00:00,8/6/2025 2:00,Hoàn Kiếm,VN,Asia/Ho_Chi_Minh,50,867,13.7,40.9,16,,11.7,100,0,1002,93,26.6,0,0.33,43.4
2025-08-05T20:00:00,8/6/2025 3:00,Hoàn Kiếm,VN,Asia/Ho_Chi_Minh,72,711.7,34.3,21.7,35.5,,22.3,100,0,1002,93,26.6,0,0.66,36.33
2025-08-05T21:00:00,8/6/2025 4:00,Hoàn Kiếm,VN,Asia/Ho_Chi_Minh,150,706,116,10.8,134,,21,100,0.75,1001,93,26.5,0,1,19.5
2025-08-05T22:00:00,8/6/2025 5:00,Hoàn Kiếm,VN,Asia/Ho_Chi_Minh,116,880,41,30.6,62.5,,14.5,100,1,1002,93,26.7,0,0.66,17.25
2025-08-05T23:00:00,8/6/2025 6:00,Hoàn Kiếm,VN,Asia/Ho_Chi_Minh,117,1965.3,40,38.1,64.5,,16.3,100,1.5,1003,94,26.8,0.6,0.33,13
2025-08-06T00:00:00,8/6/2025 7:00,Hoàn Kiếm,VN,Asia/Ho_Chi_Minh,116,2924.8,70.5,11,62.8,,24.3,100,2.5,1003,94,27,0.8,1.6,21
2025-08-06T01:00:00,8/6/2025 8:00,Hoàn Kiếm,VN,Asia/Ho_Chi_Minh,91,3184,15.3,33.1,41.7,,14.3,100,1.5,1003,93,27.4,1.2,0.66,23
2025-08-06T02:00:00,8/6/2025 9:00,Hoàn Kiếm,VN,Asia/Ho_Chi_Minh,88,2143.3,75,30.9,44.7,,18.3,100,2.75,1004,91,27.8,1.9,1.33,12
2025-08-06T03:00:00,8/6/2025 10:00,Hoàn Kiếm,VN,Asia/Ho_Chi_Minh,92,1731.5,137,8,50.5,,13,100,2.25,1004,90,28.2,2.8,2,22.2
2025-08-06T04:00:00,8/6/2025 11:00,Hoàn Kiếm,VN,Asia/Ho_Chi_Minh,104,2415.3,74,21.8,54.3,,14,100,1.5,1004,89,28.4,3.5,2.4,54
2025-08-06T05:00:00,8/6/2025 12:00,Hoàn Kiếm,VN,Asia/Ho_Chi_Minh,98,1799.7,70.3,37.2,47.5,,23,100,0.75,1004,88,28.7,3.7,2.4,41.2
2025-08-06T06:00:00,8/6/2025 13:00,Hoàn Kiếm,VN,Asia/Ho_Chi_Minh,99,1420.7,61.3,26.3,49,,15.3,100,0.75,1003,87,29,3.5,2.4,41.6
2025-08-06T07:00:00,8/6/2025 14:00,Hoàn Kiếm,VN,Asia/Ho_Chi_Minh,101,1657,48.3,32.2,48.9,,14.5,100,0.5,1003,87,29.2,2.8,2.4,41.4
2025-08-06T08:00:00,8/6/2025 15:00,Hoàn Kiếm,VN,Asia/Ho_Chi_Minh,104,2522.3,31,47.4,45,,12.7,100,0,1003,86,29.5,2,2.4,31
2025-08-06T09:00:00,8/6/2025 16:00,Hoàn Kiếm,VN,Asia/Ho_Chi_Minh,106,2129.7,22.3,44,48.7,,13,100,0,1003,85,29.7,1.2,2.4,29.5
2025-08-06T10:00:00,8/6/2025 17:00,Hoàn Kiếm,VN,Asia/Ho_Chi_Minh,106,2653,21,50.9,47.7,,13,100,0,1003,84,30,0.8,2.4,31.33
2025-08-06T11:00:00,8/6/2025 18:00,Hoàn Kiếm,VN,Asia/Ho_Chi_Minh,112,2696,33.7,58.3,49.7,,13.3,100,0.5,1002,83,30.2,0.6,2.4,36.8
2025-08-06T12:00:00,8/6/2025 19:00,Hoàn Kiếm,VN,Asia/Ho_Chi_Minh,133,2000.5,36.3,39.1,62.3,,14,100,0.25,1002,83,30.5,0,1,34
2025-08-06T13:00:00,8/6/2025 20:00,Hoàn Kiếm,VN,Asia/Ho_Chi_Minh,101,1287.3,67.3,25,57,,15.3,91,0.25,1003,83,30.2,0,1,34.6
2025-08-06T14:00:00,8/6/2025 21:00,Hoàn Kiếm,VN,Asia/Ho_Chi_Minh,87,907,170,15.1,54,,16,83,0.5,1004,84,30,0,1,35.65
2025-08-06T15:00:00,8/6/2025 22:00,Hoàn Kiếm,VN,Asia/Ho_Chi_Minh,112,1249.5,27.3,22.1,49.7,,14.7,75,1.75,1005,84,29.7,0,1,37
2025-08-06T16:00:00,8/6/2025 23:00,Hoàn Kiếm,VN,Asia/Ho_Chi_Minh,70,650.5,46,12.7,39.3,,23.3,83,2,1005,88,27.9,0,1,37.75
2025-08-06T17:00:00,8/7/2025 0:00,Hoàn Kiếm,VN,Asia/Ho_Chi_Minh,50,467,16.3,37.3,12,,12,91,1.75,1005,92,26,0,1,37.75
2025-08-06T18:00:00,8/7/2025 1:00,Hoàn Kiếm,VN,Asia/Ho_Chi_Minh,24,725.5,19.3,22.9,7.3,,12.3,100,4.5,1005,95,24.2,0,1,40
2025-08-06T19:00:00,8/7/2025 2:00,Hoàn Kiếm,VN,Asia/Ho_Chi_Minh,69,10,26.8,24.8,26.3,,13.1,100,4.5,1005,95,24.4,0,0.83,47.75
2025-08-06T20:00:00,8/7/2025 3:00,Hoàn Kiếm,VN,Asia/Ho_Chi_Minh,33,686.3,39.5,71.9,15,,22.5,100,3.5,1005,95,24.6,0,0.66,35.75
2025-08-06T21:00:00,8/7/2025 4:00,Hoàn Kiếm,VN,Asia/Ho_Chi_Minh,64,781.3,41.8,28.4,31.3,,14.8,100,3.25,1005,94,24.9,0,0.5,29
2025-08-06T22:00:00,8/7/2025 5:00,Hoàn Kiếm,VN,Asia/Ho_Chi_Minh,60,1917,36.5,29.2,28.8,,15.3,100,1.25,1005,94,25.1,0,0.33,39.75
2025-08-06T23:00:00,8/7/2025 6:00,Hoàn Kiếm,VN,Asia/Ho_Chi_Minh,71,1880,15,33.3,28.7,,13.3,100,1.75,1006,94,25.3,0.6,0.16,21.33
2025-08-07T00:00:00,8/7/2025 7:00,Hoàn Kiếm,VN,Asia/Ho_Chi_Minh,65,706,131,10.8,58,,21,100,0.75,1006,93,25.5,0.8,1.6,12
2025-08-07T01:00:00,8/7/2025 8:00,Hoàn Kiếm,VN,Asia/Ho_Chi_Minh,106,3940,16.7,29.3,54.3,,14.7,100,0.5,1006,90,26.3,1.2,0.66,5.67
2025-08-07T02:00:00,8/7/2025 9:00,Hoàn Kiếm,VN,Asia/Ho_Chi_Minh,104,2845,68.8,21.6,62,,18,100,0.5,1006,88,27.2,1.9,1.33,21
2025-08-07T03:00:00,8/7/2025 10:00,Hoàn Kiếm,VN,Asia/Ho_Chi_Minh,91,1446,19.5,14.9,37.5,,7,100,0.75,1007,85,28,2.8,2,7
2025-08-07T04:00:00,8/7/2025 11:00,Hoàn Kiếm,VN,Asia/Ho_Chi_Minh,114,997.7,14.7,66.9,55,,30,95,0.5,1006,82,29,3.4,2,18.25
2025-08-07T05:00:00,8/7/2025 12:00,Hoàn Kiếm,VN,Asia/Ho_Chi_Minh,120,2711.7,39.7,33.1,56.7,,15.3,91,0.5,1006,78,30,3.8,2,16.8
2025-08-07T06:00:00,8/7/2025 13:00,Hoàn Kiếm,VN,Asia/Ho_Chi_Minh,123,101,5,171,55,,76,87,0.5,1006,75,31,3.5,2,21.75
2025-08-07T07:00:00,8/7/2025 14:00,Hoàn Kiếm,VN,Asia/Ho_Chi_Minh,110,1289.5,24.3,37,51,,14.3,91,1.25,1005,75,31,2.9,1.66,19
2025-08-07T08:00:00,8/7/2025 15:00,Hoàn Kiếm,VN,Asia/Ho_Chi_Minh,100,1463.5,34.3,34.3,46,,15.3,95,1,1005,75,31,2,1.33,37.5
2025-08-07T09:00:00,8/7/2025 16:00,Hoàn Kiếm,VN,Asia/Ho_Chi_Minh,107,1416,37,27.1,52.3,,13.3,100,1,1004,75,31,1.3,1,36.8
2025-08-07T10:00:00,8/7/2025 17:00,Hoàn Kiếm,VN,Asia/Ho_Chi_Minh,121,3644.7,51.7,21.2,57.3,,15,95,0.75,1004,77,30.7,0.9,1.33,31
2025-08-07T11:00:00,8/7/2025 18:00,Hoàn Kiếm,VN,Asia/Ho_Chi_Minh,133,3401,49,25.3,69.3,,14.3,91,0.25,1004,79,30.5,0.7,1.66,40.75
2025-08-07T12:00:00,8/7/2025 19:00,Hoàn Kiếm,VN,Asia/Ho_Chi_Minh,131,3802,28.5,23.1,64,,7.5,87,0,1005,81,30.2,0,2,42.67
2025-08-07T13:00:00,8/7/2025 20:00,Hoàn Kiếm,VN,Asia/Ho_Chi_Minh,126,2588,44,18.8,45,,28,83,0,1005,83,29.9,0,1.66,44
2025-08-07T14:00:00,8/7/2025 21:00,Hoàn Kiếm,VN,Asia/Ho_Chi_Minh,140,2584.3,34.7,14,52.3,,13.7,79,0,1006,85,29.5,0,1.33,39
2025-08-07T15:00:00,8/7/2025 22:00,Hoàn Kiếm,VN,Asia/Ho_Chi_Minh,116,2268,32.3,17.5,55.7,,13.3,75,0,1006,87,29.2,0,1,35.5
2025-08-07T16:00:00,8/7/2025 23:00,Hoàn Kiếm,VN,Asia/Ho_Chi_Minh,113,2335.7,23,33.1,54,,12.7,79,0,1006,89,29,0,1,38
2025-08-07T17:00:00,8/8/2025 0:00,Hoàn Kiếm,VN,Asia/Ho_Chi_Minh,108,950,17.7,17,38.5,,12.3,83,0,1006,90,28.7,0,1,43.33
2025-08-07T18:00:00,8/8/2025 1:00,Hoàn Kiếm,VN,Asia/Ho_Chi_Minh,42,124.9,23,7.5,10,,42,87,0,1006,92,28.5,0,1,47.5
2025-08-07T19:00:00,8/8/2025 2:00,Hoàn Kiếm,VN,Asia/Ho_Chi_Minh,123,876.5,18.7,22.9,43.8,,12.3,87,0,1005,93,28.2,0,1,47
2025-08-07T20:00:00,8/8/2025 3:00,Hoàn Kiếm,VN,Asia/Ho_Chi_Minh,127,856.5,23,23.5,45.3,,12.7,87,0,1005,94,28,0,1,45
2025-08-07T21:00:00,8/8/2025 4:00,Hoàn Kiếm,VN,Asia/Ho_Chi_Minh,127,1274,18,32,45.5,,13,87,0,1004,95,27.7,0,1,50.25
2025-08-07T22:00:00,8/8/2025 5:00,Hoàn Kiếm,VN,Asia/Ho_Chi_Minh,112,1552.5,15.3,36.5,53,,13.3,77,0,1005,94,28,0,1.33,41.5
2025-08-07T23:00:00,8/8/2025 6:00,Hoàn Kiếm,VN,Asia/Ho_Chi_Minh,42,1416,19.8,5.1,10,,13.4,66,0,1006,94,28.3,1,1.66,40.33
2025-08-08T00:00:00,8/8/2025 7:00,Hoàn Kiếm,VN,Asia/Ho_Chi_Minh,132,1487,20.7,24.1,49.5,,13.7,56,0,1006,93,28.6,1.5,2,38.25
2025-08-08T01:00:00,8/8/2025 8:00,Hoàn Kiếm,VN,Asia/Ho_Chi_Minh,119,2302.3,24.7,29.3,57,,14.7,45,0,1006,86,29.8,3,2.33,10
2025-08-08T02:00:00,8/8/2025 9:00,Hoàn Kiếm,VN,Asia/Ho_Chi_Minh,119,1735,44,9.8,57.3,,8,35,0,1007,79,31,5.2,2.66,43.75
2025-08-08T03:00:00,8/8/2025 10:00,Hoàn Kiếm,VN,Asia/Ho_Chi_Minh,100,1114,23.7,25.8,47,,15.3,25,0,1007,73,32.2,8.2,3,45.25
2025-08-08T04:00:00,8/8/2025 11:00,Hoàn Kiếm,VN,Asia/Ho_Chi_Minh,115,1052.8,23.2,26.1,51.3,,14.9,37,0,1007,67,33.1,9.4,2.66,45.5
2025-08-08T05:00:00,8/8/2025 12:00,Hoàn Kiếm,VN,Asia/Ho_Chi_Minh,98,1342,26.7,22.4,47.7,,14.3,50,0,1006,62,34.1,10.4,2.33,40
2025-08-08T06:00:00,8/8/2025 13:00,Hoàn Kiếm,VN,Asia/Ho_Chi_Minh,89,930.5,22.3,26.9,40.3,,14,62,0,1005,56,35,10.6,2,10
2025-08-08T07:00:00,8/8/2025 14:00,Hoàn Kiếm,VN,Asia/Ho_Chi_Minh,94,1700.5,39.3,31,43.3,,14,50,0,1005,54,35.5,8.4,2,47.25
2025-08-08T08:00:00,8/8/2025 15:00,Hoàn Kiếm,VN,Asia/Ho_Chi_Minh,82,1340,26.3,27.6,36.3,,15,37,0,1004,53,36,5.1,2,42.5
2025-08-08T09:00:00,8/8/2025 16:00,Hoàn Kiếm,VN,Asia/Ho_Chi_Minh,80,1122,27.7,20.9,34.7,,13.7,25,0,1003,51,36.5,2.3,2,42.5
2025-08-08T10:00:00,8/8/2025 17:00,Hoàn Kiếm,VN,Asia/Ho_Chi_Minh,86,1185.7,27.3,22.2,38,,13.8,20,0,1003,55,35.3,1,1.66,35
2025-08-08T11:00:00,8/8/2025 18:00,Hoàn Kiếm,VN,Asia/Ho_Chi_Minh,78,1539,31.3,18.5,33.3,,13.7,16,0,1003,61,34.2,0.7,1.33,41
2025-08-08T12:00:00,8/8/2025 19:00,Hoàn Kiếm,VN,Asia/Ho_Chi_Minh,96,1313,26.7,24.9,44.7,,14,12,0,1003,66,33,0,1,34
2025-08-08T13:00:00,8/8/2025 20:00,Hoàn Kiếm,VN,Asia/Ho_Chi_Minh,104,1053.5,23.7,15.8,36.8,,13.7,14,0,1004,71,32.2,0,1.33,30
2025-08-08T14:00:00,8/8/2025 21:00,Hoàn Kiếm,VN,Asia/Ho_Chi_Minh,100,1008,26.3,18.1,47,,13.7,16,0,1005,76,31.5,0,1.66,32.33
2025-08-08T15:00:00,8/8/2025 22:00,Hoàn Kiếm,VN,Asia/Ho_Chi_Minh,103,889,31,16.7,36.5,,12.7,18,0,1006,82,30.7,0,2,27
2025-08-08T16:00:00,8/8/2025 23:00,Hoàn Kiếm,VN,Asia/Ho_Chi_Minh,42,825.3,29.4,4.6,10,,12.6,20,0,1006,81,30.4,0,2,26
2025-08-08T17:00:00,8/9/2025 0:00,Hoàn Kiếm,VN,Asia/Ho_Chi_Minh,92,1007,29.7,43.3,42,,12.7,22,0,1006,81,30,0,2,28.44
2025-08-08T18:00:00,8/9/2025 1:00,Hoàn Kiếm,VN,Asia/Ho_Chi_Minh,108,698,26.3,25,56.3,,12.3,25,0,1006,80,29.7,0,2,25
2025-08-08T19:00:00,8/9/2025 2:00,Hoàn Kiếm,VN,Asia/Ho_Chi_Minh,106,700,21.7,24.4,50.3,,12,89,0,1005,80,29.5,0,2,33.33
2025-08-08T20:00:00,8/9/2025 3:00,Hoàn Kiếm,VN,Asia/Ho_Chi_Minh,101,1728.7,56.3,15.9,53.7,,20.3,85,0,1005,79,29.3,0,2,36.75
2025-08-08T21:00:00,8/9/2025 4:00,Hoàn Kiếm,VN,Asia/Ho_Chi_Minh,85,10,20,41,35,,44,77,0,1005,79,29.1,0,2,35.33
2025-08-08T22:00:00,8/9/2025 5:00,Hoàn Kiếm,VN,Asia/Ho_Chi_Minh,96,2097.3,26,35.8,45.3,,12.3,77,0,1005,82,29.3,0,2,36.5
2025-08-08T23:00:00,8/9/2025 6:00,Hoàn Kiếm,VN,Asia/Ho_Chi_Minh,118,2303.7,22.7,30.8,42,,13.3,74,0,1005,86,29.5,1,2,10
2025-08-09T00:00:00,8/9/2025 7:00,Hoàn Kiếm,VN,Asia/Ho_Chi_Minh,132,2233.5,32.3,24.5,47.3,,14.7,66,0,1005,90,29.7,1.3,2,31.25
2025-08-09T01:00:00,8/9/2025 8:00,Hoàn Kiếm,VN,Asia/Ho_Chi_Minh,114,3020,28.3,34.8,54.7,,15.3,34,0,1005,77,31.2,2.9,1.66,38.25
2025-08-09T02:00:00,8/9/2025 9:00,Hoàn Kiếm,VN,Asia/Ho_Chi_Minh,42,1845.5,34.6,4.3,10,,16,13,0,1005,67,32.6,5.6,1.33,37.67
2025-08-09T03:00:00,8/9/2025 10:00,Hoàn Kiếm,VN,Asia/Ho_Chi_Minh,100,1651.5,35.7,20.3,53.3,,16.7,50,0,1005,58,34.1,8.3,1,35.67
2025-08-09T04:00:00,8/9/2025 11:00,Hoàn Kiếm,VN,Asia/Ho_Chi_Minh,93,1079,27.7,18.5,42.3,,14.7,54,0,1005,55,34.8,10.5,1.33,28
2025-08-09T05:00:00,8/9/2025 12:00,Hoàn Kiếm,VN,Asia/Ho_Chi_Minh,77,1024.5,26.3,25.8,32.3,,14.3,58,0,1004,53,35.5,7.8,1.66,33.5
2025-08-09T06:00:00,8/9/2025 13:00,Hoàn Kiếm,VN,Asia/Ho_Chi_Minh,86,1262.5,36,28.2,38,,13.7,62,0,1004,51,36.2,5.2,2,42
2025-08-09T07:00:00,8/9/2025 14:00,Hoàn Kiếm,VN,Asia/Ho_Chi_Minh,80,1246.8,34.3,29.4,34.4,,13.6,62,0,1003,50,36.4,3.7,2,47.25
2025-08-09T08:00:00,8/9/2025 15:00,Hoàn Kiếm,VN,Asia/Ho_Chi_Minh,72,2237.3,36.7,26.2,30,,14,62,0,1002,49,36.5,2.5,2,40.67
2025-08-09T09:00:00,8/9/2025 16:00,Hoàn Kiếm,VN,Asia/Ho_Chi_Minh,67,1215.5,31,31.7,27.3,,13.3,62,0,1001,48,36.7,1.6,2,10
2025-08-09T10:00:00,8/9/2025 17:00,Hoàn Kiếm,VN,Asia/Ho_Chi_Minh,58,918.5,84,24,28,,22.7,66,0,1001,55,35.4,1,2,35
2025-08-09T11:00:00,8/9/2025 18:00,Hoàn Kiếm,VN,Asia/Ho_Chi_Minh,93,2313,43.5,40.9,48.3,,31.8,70,0,1001,63,34,1.1,2,32
2025-08-09T12:00:00,8/9/2025 19:00,Hoàn Kiếm,VN,Asia/Ho_Chi_Minh,93,1041.5,26,34.4,42.7,,13.3,75,0,1002,73,32.7,0,2,24.33
2025-08-09T13:00:00,8/9/2025 20:00,Hoàn Kiếm,VN,Asia/Ho_Chi_Minh,85,1024.7,24.4,32.8,38.2,,13.2,84,0,1002,76,32.1,0,1.66,28.67
2025-08-09T14:00:00,8/9/2025 21:00,Hoàn Kiếm,VN,Asia/Ho_Chi_Minh,83,851.5,19.3,32.6,27.5,,13.3,58,0,1003,80,31.6,0,1.33,25.78
2025-08-09T15:00:00,8/9/2025 22:00,Hoàn Kiếm,VN,Asia/Ho_Chi_Minh,71,991,21.3,29.6,29.3,,13,54,0,1004,83,31,0,1,22.33
2025-08-09T16:00:00,8/9/2025 23:00,Hoàn Kiếm,VN,Asia/Ho_Chi_Minh,84,886,17.7,32.5,36.7,,12.7,71,0,1004,85,30.7,0,0.66,20
2025-08-09T17:00:00,8/10/2025 0:00,Hoàn Kiếm,VN,Asia/Ho_Chi_Minh,88,749.5,13.7,22.5,29.8,,11.7,84,0,1004,87,30.5,0,0.33,15.67
2025-08-09T18:00:00,8/10/2025 1:00,Hoàn Kiếm,VN,Asia/Ho_Chi_Minh,81,668.5,9.3,32,35,,12,74,0,1004,89,30.2,0,2.8,32
2025-08-09T19:00:00,8/10/2025 2:00,Hoàn Kiếm,VN,Asia/Ho_Chi_Minh,42,660.8,10,5.5,10,,12,86,0,1004,89,30,0,2.8,31.75
2025-08-09T20:00:00,8/10/2025 3:00,Hoàn Kiếm,VN,Asia/Ho_Chi_Minh,73,624.5,9,32.7,22.5,,12.7,89,0,1004,90,29.7,0,2.4,28.39
2025-08-09T21:00:00,8/10/2025 4:00,Hoàn Kiếm,VN,Asia/Ho_Chi_Minh,81,645.5,11.3,24.3,27.5,,12,12,0,1004,90,29.5,0,1.6,27.5
2025-08-09T22:00:00,8/10/2025 5:00,Hoàn Kiếm,VN,Asia/Ho_Chi_Minh,84,1773,13.3,43.7,38.3,,11.7,29,0,1004,91,29.7,0,1.2,21.67
2025-08-09T23:00:00,8/10/2025 6:00,Hoàn Kiếm,VN,Asia/Ho_Chi_Minh,83,1183,14.7,15.4,36.7,,13,45,0,1004,92,30,0.6,2,27.67
2025-08-10T00:00:00,8/10/2025 7:00,Hoàn Kiếm,VN,Asia/Ho_Chi_Minh,100,96.9,14,76,38,,42,62,0,1005,92,30.2,0.9,2,29.75
2025-08-10T01:00:00,8/10/2025 8:00,Hoàn Kiếm,VN,Asia/Ho_Chi_Minh,96,1080.5,12.7,32.1,34.5,,13.3,58,0,1005,86,31,1.4,0.66,26.33
2025-08-10T02:00:00,8/10/2025 9:00,Hoàn Kiếm,VN,Asia/Ho_Chi_Minh,90,2199.7,22.7,26.8,34,,14.3,54,0,1005,80,31.9,3,1.33,10
2025-08-10T03:00:00,8/10/2025 10:00,Hoàn Kiếm,VN,Asia/Ho_Chi_Minh,108,1298,21,25.5,38.5,,14.7,50,0.5,1005,75,32.7,5,2,22.5
2025-08-10T04:00:00,8/10/2025 11:00,Hoàn Kiếm,VN,Asia/Ho_Chi_Minh,100,1376.5,26.7,24,35.3,,14,54,1.25,1004,74,32.4,7.1,2,26.25
2025-08-10T05:00:00,8/10/2025 12:00,Hoàn Kiếm,VN,Asia/Ho_Chi_Minh,80,1146,12,21.7,34,,13,58,1.75,1004,74,32,4.7,2,27.75
2025-08-10T06:00:00,8/10/2025 13:00,Hoàn Kiếm,VN,Asia/Ho_Chi_Minh,61,894.5,10.7,27.9,17,,12.7,62,3.75,1003,73,31.7,3.9,2,27.5
2025-08-10T07:00:00,8/10/2025 14:00,Hoàn Kiếm,VN,Asia/Ho_Chi_Minh,56,593,10.7,28.6,14.7,,12.7,54,4.75,1003,76,30.2,3.9,2,35
2025-08-10T08:00:00,8/10/2025 15:00,Hoàn Kiếm,VN,Asia/Ho_Chi_Minh,42,372.9,8.2,5.5,10,,26.2,45,4.5,1002,80,28.7,3.2,2,33.25
2025-08-10T09:00:00,8/10/2025 16:00,Hoàn Kiếm,VN,Asia/Ho_Chi_Minh,42,112.1,7,7.6,10,,33,37,3.25,1002,83,27.2,3.2,2,30.75
2025-08-10T10:00:00,8/10/2025 17:00,Hoàn Kiếm,VN,Asia/Ho_Chi_Minh,42,121,11,4.8,10,,36.3,33,1.25,1002,84,27.5,1.3,2,38.5
2025-08-10T11:00:00,8/10/2025 18:00,Hoàn Kiếm,VN,Asia/Ho_Chi_Minh,79,129.9,15,7.5,26.9,,39.7,29,0,1003,85,27.7,1.5,2,35.25
2025-08-10T12:00:00,8/10/2025 19:00,Hoàn Kiếm,VN,Asia/Ho_Chi_Minh,95,138.9,19,7.5,35.3,,43,25,0,1003,85,28,0,2,25.67
2025-08-10T13:00:00,8/10/2025 20:00,Hoàn Kiếm,VN,Asia/Ho_Chi_Minh,102,1049.9,18.2,17.1,48,,31,25,0,1004,86,27.9,0,1.66,17
2025-08-10T14:00:00,8/10/2025 21:00,Hoàn Kiếm,VN,Asia/Ho_Chi_Minh,102,2976,18,16.2,36.3,,14.7,25,0,1004,88,27.8,0,1.33,14.67
2025-08-10T15:00:00,8/10/2025 22:00,Hoàn Kiếm,VN,Asia/Ho_Chi_Minh,69,2872,16.5,8,20.7,,7,25,0,1005,89,27.7,0,1,10
2025-08-10T16:00:00,8/10/2025 23:00,Hoàn Kiếm,VN,Asia/Ho_Chi_Minh,104,2041.5,16,24.4,49.3,,12.7,41,0,1005,91,27.7,0,1,10
2025-08-10T17:00:00,8/11/2025 0:00,Hoàn Kiếm,VN,Asia/Ho_Chi_Minh,95,1657,26,4.3,33,,6,58,0,1005,92,27.6,0,1,10
2025-08-10T18:00:00,8/11/2025 1:00,Hoàn Kiếm,VN,Asia/Ho_Chi_Minh,133,1083.5,72.3,24.4,53.8,,16.3,75,0,1005,94,27.6,0,1,25.33
2025-08-10T19:00:00,8/11/2025 2:00,Hoàn Kiếm,VN,Asia/Ho_Chi_Minh,154,1232,63,20.3,66,,21.5,58,0,1005,92,27.5,0,0.66,33
2025-08-10T20:00:00,8/11/2025 3:00,Hoàn Kiếm,VN,Asia/Ho_Chi_Minh,145,852.3,57.8,19.9,52,,13.5,41,0,1004,90,27.3,0,0.33,36
2025-08-10T21:00:00,8/11/2025 4:00,Hoàn Kiếm,VN,Asia/Ho_Chi_Minh,89,844.3,32.3,9.4,30.2,,12,25,0,1004,89,27.2,0,2,36.25
2025-08-10T22:00:00,8/11/2025 5:00,Hoàn Kiếm,VN,Asia/Ho_Chi_Minh,63,3604,5,2,24,,9,41,0,1004,91,27.6,0,1.2,20.67
2025-08-10T23:00:00,8/11/2025 6:00,Hoàn Kiếm,VN,Asia/Ho_Chi_Minh,113,1840,45.7,35.7,40.2,,14.3,58,0,1004,92,28.1,0.7,1.2,37
2025-08-11T00:00:00,8/11/2025 7:00,Hoàn Kiếm,VN,Asia/Ho_Chi_Minh,177,2313,217.5,35.5,86.3,,36.5,75,0,1004,94,28.5,0.9,1.6,33
2025-08-11T01:00:00,8/11/2025 8:00,Hoàn Kiếm,VN,Asia/Ho_Chi_Minh,150,2814.3,85.5,24.2,68.4,,13.3,70,0,1005,87,29.6,1.7,0.66,47.5
2025-08-11T02:00:00,8/11/2025 9:00,Hoàn Kiếm,VN,Asia/Ho_Chi_Minh,131,1267.7,47,23.7,57.4,,14.5,66,0,1005,82,30.6,2.5,1.33,58.6
2025-08-11T03:00:00,8/11/2025 10:00,Hoàn Kiếm,VN,Asia/Ho_Chi_Minh,108,2051,39.3,21.1,52,,14.7,62,0,1005,76,31.7,3,2,52
2025-08-11T04:00:00,8/11/2025 11:00,Hoàn Kiếm,VN,Asia/Ho_Chi_Minh,56,605,54,20.5,54,,5,62,0,1004,71,32.8,3.5,2,30.2
2025-08-11T05:00:00,8/11/2025 12:00,Hoàn Kiếm,VN,Asia/Ho_Chi_Minh,110,1470,40.3,37,52,,82.3,62,0,1004,67,33.9,4.6,2,18
2025-08-11T06:00:00,8/11/2025 13:00,Hoàn Kiếm,VN,Asia/Ho_Chi_Minh,127,1162,30.3,51,60.3,,11.7,62,0,1003,62,35,5.5,2,40.2
2025-08-11T07:00:00,8/11/2025 14:00,Hoàn Kiếm,VN,Asia/Ho_Chi_Minh,113,1243.5,22,32.6,54,,11,66,0,1003,63,34.9,3.9,2.33,75.67
2025-08-11T08:00:00,8/11/2025 15:00,Hoàn Kiếm,VN,Asia/Ho_Chi_Minh,95,1065.3,29,33.7,44,,211,70,0,1002,64,34.7,3,2.66,54
2025-08-11T09:00:00,8/11/2025 16:00,Hoàn Kiếm,VN,Asia/Ho_Chi_Minh,80,1155.7,26.3,47.1,34,,12,75,0.25,1001,65,34.6,1.8,3,46.8
2025-08-11T10:00:00,8/11/2025 17:00,Hoàn Kiếm,VN,Asia/Ho_Chi_Minh,101,1311.5,44,23.4,47.7,,11.3,66,1,1001,69,33.5,1.1,2.66,38.33
2025-08-11T11:00:00,8/11/2025 18:00,Hoàn Kiếm,VN,Asia/Ho_Chi_Minh,82,10,32.1,27.1,33.8,,11.6,58,0,1002,73,32.3,0.9,2.33,15
2025-08-11T12:00:00,8/11/2025 19:00,Hoàn Kiếm,VN,Asia/Ho_Chi_Minh,67,1436.7,35,17.1,25.3,,11.3,50,0,1002,78,31.2,0,2,39
2025-08-11T13:00:00,8/11/2025 20:00,Hoàn Kiếm,VN,Asia/Ho_Chi_Minh,66,1106,27,14.6,19.5,,11,45,0,1003,81,30.9,0,2,45.33
2025-08-11T14:00:00,8/11/2025 21:00,Hoàn Kiếm,VN,Asia/Ho_Chi_Minh,76,967.3,26.7,15.4,24.3,,10.3,41,0,1004,85,30.5,0,2,40.33
2025-08-11T15:00:00,8/11/2025 22:00,Hoàn Kiếm,VN,Asia/Ho_Chi_Minh,74,899,31.3,22,31,,10.3,37,0,1005,89,30.2,0,2,33
2025-08-11T16:00:00,8/11/2025 23:00,Hoàn Kiếm,VN,Asia/Ho_Chi_Minh,92,597,22.7,19.1,31.3,,9.7,33,0,1005,90,30,0,2,25.67
2025-08-11T17:00:00,8/12/2025 0:00,Hoàn Kiếm,VN,Asia/Ho_Chi_Minh,79,763,17,5.9,25.5,,2,29,0,1005,91,29.9,0,2,35.67
2025-08-11T18:00:00,8/12/2025 1:00,Hoàn Kiếm,VN,Asia/Ho_Chi_Minh,104,833.5,17.5,29,49.5,,14.5,25,0,1005,92,29.7,0,2,27
2025-08-11T19:00:00,8/12/2025 2:00,Hoàn Kiếm,VN,Asia/Ho_Chi_Minh,88,656,20,19.9,29.8,,10.3,33,0,1004,92,29.5,0,1.66,19.75
2025-08-11T20:00:00,8/12/2025 3:00,Hoàn Kiếm,VN,Asia/Ho_Chi_Minh,95,897,21,8.5,33,,14.5,41,0,1004,93,29.2,0,1.33,19.5
2025-08-11T21:00:00,8/12/2025 4:00,Hoàn Kiếm,VN,Asia/Ho_Chi_Minh,65,712,16,8.9,25,,1,50,0,1004,93,29,0,1,24.25
2025-08-11T22:00:00,8/12/2025 5:00,Hoàn Kiếm,VN,Asia/Ho_Chi_Minh,92,806.5,21.7,65.6,41.7,,10,58,0,1004,93,29.2,0,0.66,23.33
2025-08-11T23:00:00,8/12/2025 6:00,Hoàn Kiếm,VN,Asia/Ho_Chi_Minh,90,1391,15.5,84,41,,16,66,0,1004,93,29.3,0.9,0.33,31.25
2025-08-12T00:00:00,8/12/2025 7:00,Hoàn Kiếm,VN,Asia/Ho_Chi_Minh,112,1493,22,33,52.7,,11.3,75,0,1005,93,29.5,0.9,2,25.5
2025-08-12T01:00:00,8/12/2025 8:00,Hoàn Kiếm,VN,Asia/Ho_Chi_Minh,110,1598,21.3,50.1,53.3,,11.7,66,0,1005,84,30.7,1.3,0.33,37
2025-08-12T02:00:00,8/12/2025 9:00,Hoàn Kiếm,VN,Asia/Ho_Chi_Minh,98,1362.5,45.7,68.7,45.3,,12.3,58,0,1005,77,31.8,2,0.66,29.75
2025-08-12T03:00:00,8/12/2025 10:00,Hoàn Kiếm,VN,Asia/Ho_Chi_Minh,102,1035,80,40,53,,2,50,0,1005,70,33,3.2,1,33
2025-08-12T04:00:00,8/12/2025 11:00,Hoàn Kiếm,VN,Asia/Ho_Chi_Minh,80,1435,40.5,27.5,31.5,,17,58,0,1004,66,33.7,3.7,1.33,19
2025-08-12T05:00:00,8/12/2025 12:00,Hoàn Kiếm,VN,Asia/Ho_Chi_Minh,85,1522.7,62,29.8,39.7,,13,66,0,1004,62,34.3,4.3,1.66,31.33
2025-08-12T06:00:00,8/12/2025 13:00,Hoàn Kiếm,VN,Asia/Ho_Chi_Minh,82,813,63,34.7,37.7,,27,75,0,1004,59,35,4.1,2,30.5
2025-08-12T07:00:00,8/12/2025 14:00,Hoàn Kiếm,VN,Asia/Ho_Chi_Minh,60,1204,32.7,42,22.7,,12,75,0,1003,60,34.2,3,2,39.67
2025-08-12T08:00:00,8/12/2025 15:00,Hoàn Kiếm,VN,Asia/Ho_Chi_Minh,88,859,29,27.7,39.7,,11.7,75,0,1003,62,33.5,2.6,2,39.25
2025-08-12T09:00:00,8/12/2025 16:00,Hoàn Kiếm,VN,Asia/Ho_Chi_Minh,99,96.9,7,159,21.3,,37,75,0,1002,63,32.7,2.5,2,34.33
2025-08-12T10:00:00,8/12/2025 17:00,Hoàn Kiếm,VN,Asia/Ho_Chi_Minh,82,1554.3,42.7,22.3,37.7,,11,58,0,1003,68,32.2,1.2,2,36
2025-08-12T11:00:00,8/12/2025 18:00,Hoàn Kiếm,VN,Asia/Ho_Chi_Minh,91,2025,38.7,13.8,31,,11.7,41,0,1003,72,31.7,0.8,2,25.67
2025-08-12T12:00:00,8/12/2025 19:00,Hoàn Kiếm,VN,Asia/Ho_Chi_Minh,76,1794,40,11.6,24.3,,12,25,0,1003,77,31.2,0,2,28.25
2025-08-12T13:00:00,8/12/2025 20:00,Hoàn Kiếm,VN,Asia/Ho_Chi_Minh,88,1732.3,33.7,11.7,29.8,,12.3,25,0,1004,80,30.9,0,1.33,26.75
2025-08-12T14:00:00,8/12/2025 21:00,Hoàn Kiếm,VN,Asia/Ho_Chi_Minh,137,1407,44.5,18.2,65,,24,25,0,1005,82,30.5,0,0.66,16.75
2025-08-12T15:00:00,8/12/2025 22:00,Hoàn Kiếm,VN,Asia/Ho_Chi_Minh,50,862,37,5.2,12,,1,25,0,1006,85,30.2,0,1.2,29.67
2025-08-12T16:00:00,8/12/2025 23:00,Hoàn Kiếm,VN,Asia/Ho_Chi_Minh,116,830,33,19.5,41.3,,10.7,25,0,1006,88,30,0,1.2,17
2025-08-12T17:00:00,8/13/2025 0:00,Hoàn Kiếm,VN,Asia/Ho_Chi_Minh,85,424,23.5,29.2,28,,14.5,25,0,1006,90,29.7,0,1.2,26.75
2025-08-12T18:00:00,8/13/2025 1:00,Hoàn Kiếm,VN,Asia/Ho_Chi_Minh,110,844.3,26.7,58.2,39,,9.7,25,0,1006,93,29.5,0,1.2,31
2025-08-12T19:00:00,8/13/2025 2:00,Hoàn Kiếm,VN,Asia/Ho_Chi_Minh,98,776,18.3,21.7,34,,9.7,0,0,1006,93,29.4,0,0.66,24.25
2025-08-12T20:00:00,8/13/2025 3:00,Hoàn Kiếm,VN,Asia/Ho_Chi_Minh,61,460,31,13.5,23,,1,0,0,1005,93,29.3,0,1.33,29.75
2025-08-12T21:00:00,8/13/2025 4:00,Hoàn Kiếm,VN,Asia/Ho_Chi_Minh,93,672.5,29.7,20.9,32,,10,0,0,1005,92,29.2,0,2,49
2025-08-12T22:00:00,8/13/2025 5:00,Hoàn Kiếm,VN,Asia/Ho_Chi_Minh,101,1508,35.5,34.6,35.7,,14.5,0,0,1005,92,29.4,0,1.66,12
2025-08-12T23:00:00,8/13/2025 6:00,Hoàn Kiếm,VN,Asia/Ho_Chi_Minh,110,1880,30,39.6,39.3,,11,0,0,1006,93,29.5,0.6,1.33,41.25
2025-08-13T00:00:00,8/13/2025 7:00,Hoàn Kiếm,VN,Asia/Ho_Chi_Minh,121,1793,33.7,75.1,47.3,,11.3,87,0,1006,93,29.7,0.8,1,28
2025-08-13T01:00:00,8/13/2025 8:00,Hoàn Kiếm,VN,Asia/Ho_Chi_Minh,102,1057.3,41.7,32.3,46.3,,15,79,0,1007,88,30.2,1.3,1.33,39
2025-08-13T02:00:00,8/13/2025 9:00,Hoàn Kiếm,VN,Asia/Ho_Chi_Minh,92,2345,56.3,25.7,41.7,,14.3,70,0,1007,84,30.6,2.1,1.66,34
2025-08-13T03:00:00,8/13/2025 10:00,Hoàn Kiếm,VN,Asia/Ho_Chi_Minh,98,1364,45,30.4,50,,2,62,1,1007,80,31.1,3.6,2,17
2025-08-13T04:00:00,8/13/2025 11:00,Hoàn Kiếm,VN,Asia/Ho_Chi_Minh,98,1702,42,54.2,45,,15.5,66,0,1006,77,32,4.8,1.33,32
2025-08-13T05:00:00,8/13/2025 12:00,Hoàn Kiếm,VN,Asia/Ho_Chi_Minh,103,1867,49.7,46.7,48.7,,11.3,70,0,1006,74,32.8,5.9,0.66,35.67
2025-08-13T06:00:00,8/13/2025 13:00,Hoàn Kiếm,VN,Asia/Ho_Chi_Minh,104,1250.7,38,36.8,46.7,,11,75,0,1005,71,33.7,4.9,0.8,39.25
2025-08-13T07:00:00,8/13/2025 14:00,Hoàn Kiếm,VN,Asia/Ho_Chi_Minh,92,1180.5,30.5,101.5,42,,16,62,0,1004,74,32.5,4.2,0.66,43
2025-08-13T08:00:00,8/13/2025 15:00,Hoàn Kiếm,VN,Asia/Ho_Chi_Minh,110,1953.3,54.4,41.2,48.8,,10.6,50,0,1003,77,31.4,3.9,1.33,36
2025-08-13T09:00:00,8/13/2025 16:00,Hoàn Kiếm,VN,Asia/Ho_Chi_Minh,125,2304.7,62.7,43.4,62.3,,10.3,37,0,1003,80,30.2,2.1,2,31.33
2025-08-13T10:00:00,8/13/2025 17:00,Hoàn Kiếm,VN,Asia/Ho_Chi_Minh,115,1578,43.5,43,55,,16,41,0,1003,79,30.3,1,1.66,34
2025-08-13T11:00:00,8/13/2025 18:00,Hoàn Kiếm,VN,Asia/Ho_Chi_Minh,112,1414.8,48,25.6,51.7,,10.7,45,0,1003,78,30.4,0.7,1.33,34.33
2025-08-13T12:00:00,8/13/2025 19:00,Hoàn Kiếm,VN,Asia/Ho_Chi_Minh,124,2832,54.5,10.4,59,,4,50,0,1003,78,30.5,0,1,36.5
2025-08-13T13:00:00,8/13/2025 20:00,Hoàn Kiếm,VN,Asia/Ho_Chi_Minh,130,1686,50,19.1,62,,16,45,0,1004,82,30,0,1.33,36.75
2025-08-13T14:00:00,8/13/2025 21:00,Hoàn Kiếm,VN,Asia/Ho_Chi_Minh,133,2502.4,56.6,15.2,63.4,,12.3,41,0,1004,87,29.6,0,1.66,31.5
2025-08-13T15:00:00,8/13/2025 22:00,Hoàn Kiếm,VN,Asia/Ho_Chi_Minh,138,2337.7,57.7,17.6,65.7,,16.5,37,0,1005,92,29.1,0,2,39
2025-08-13T16:00:00,8/13/2025 23:00,Hoàn Kiếm,VN,Asia/Ho_Chi_Minh,141,1826,51,23.1,67.7,,10.3,0,0,1005,93,29,0,1.33,44.5
2025-08-13T17:00:00,8/14/2025 0:00,Hoàn Kiếm,VN,Asia/Ho_Chi_Minh,135,1193.7,34.3,25.1,64.3,,10.3,0,0,1004,95,28.8,0,0.66,41
2025-08-13T18:00:00,8/14/2025 1:00,Hoàn Kiếm,VN,Asia/Ho_Chi_Minh,143,1133.7,29.3,21.4,51.3,,9.7,0,0,1004,96,28.7,0,0.8,40
2025-08-13T19:00:00,8/14/2025 2:00,Hoàn Kiếm,VN,Asia/Ho_Chi_Minh,131,848.3,31,27.6,62.7,,10.3,0,0,1004,96,28.5,0,1.2,44.25
2025-08-13T20:00:00,8/14/2025 3:00,Hoàn Kiếm,VN,Asia/Ho_Chi_Minh,139,971.2,25.8,23.5,49.8,,12.9,0,0,1004,95,28.4,0,0.8,46.5
2025-08-13T21:00:00,8/14/2025 4:00,Hoàn Kiếm,VN,Asia/Ho_Chi_Minh,137,890,24,24.6,49,,14.5,0,0,1003,95,28.2,0,0.8,47.64
2025-08-13T22:00:00,8/14/2025 5:00,Hoàn Kiếm,VN,Asia/Ho_Chi_Minh,145,1393,30.7,27.6,52,,10.7,0,0,1004,95,28.4,0,0.66,49.33
2025-08-13T23:00:00,8/14/2025 6:00,Hoàn Kiếm,VN,Asia/Ho_Chi_Minh,151,1899.3,34.7,3,73,,10.7,37,0.5,1004,94,28.5,0.7,1.33,50.67
2025-08-14T00:00:00,8/14/2025 7:00,Hoàn Kiếm,VN,Asia/Ho_Chi_Minh,152,2060,35.5,44.7,75.5,,15.5,100,0.25,1004,94,28.7,0.8,2,48.33
2025-08-14T01:00:00,8/14/2025 8:00,Hoàn Kiếm,VN,Asia/Ho_Chi_Minh,171,3685,58.5,40.8,94.5,,17.5,91,0,1005,89,29.8,1.3,1.66,51.25
2025-08-14T02:00:00,8/14/2025 9:00,Hoàn Kiếm,VN,Asia/Ho_Chi_Minh,181,1629.6,58.1,29.8,98.8,,13.4,83,0,1005,85,30.9,2,1.33,47
2025-08-14T03:00:00,8/14/2025 10:00,Hoàn Kiếm,VN,Asia/Ho_Chi_Minh,177,1414.3,69.3,22.3,93.7,,12.3,75,0.25,1005,80,32,3.1,1,49.75
2025-08-14T04:00:00,8/14/2025 11:00,Hoàn Kiếm,VN,Asia/Ho_Chi_Minh,171,1770.3,95.7,32.2,100.3,,41.3,79,1.75,1005,83,29.6,4.1,1.66,49
2025-08-14T05:00:00,8/14/2025 12:00,Hoàn Kiếm,VN,Asia/Ho_Chi_Minh,172,1341,51.3,38,94,,12.7,83,2,1004,87,27.1,3.9,2.33,52
2025-08-14T06:00:00,8/14/2025 13:00,Hoàn Kiếm,VN,Asia/Ho_Chi_Minh,93,2412,67,27.6,42.7,,11.3,87,3.25,1004,90,24.7,4.1,3,56.25
2025-08-14T07:00:00,8/14/2025 14:00,Hoàn Kiếm,VN,Asia/Ho_Chi_Minh,64,2121,66,61.7,25,,32.7,83,2.75,1003,84,27,3.1,2.33,54.67
2025-08-14T08:00:00,8/14/2025 15:00,Hoàn Kiếm,VN,Asia/Ho_Chi_Minh,98,1552,46,49.1,45,,1,79,2.75,1002,78,29.4,2,1.66,71
2025-08-14T09:00:00,8/14/2025 16:00,Hoàn Kiếm,VN,Asia/Ho_Chi_Minh,93,1351,70,38.7,43,,14.5,75,0.5,1000,72,31.7,1.2,1,79
2025-08-14T10:00:00,8/14/2025 17:00,Hoàn Kiếm,VN,Asia/Ho_Chi_Minh,103,1878,80,24.7,52.5,,14,62,0.25,1001,76,31.2,0.8,1,75.5
2025-08-14T11:00:00,8/14/2025 18:00,Hoàn Kiếm,VN,Asia/Ho_Chi_Minh,115,2988,107.5,21.9,59.5,,13.5,50,1,1001,80,30.7,0.6,1,71
2025-08-14T12:00:00,8/14/2025 19:00,Hoàn Kiếm,VN,Asia/Ho_Chi_Minh,151,4450,82,24.5,83,,14.5,37,0,1001,84,30.2,0,1,72
2025-08-14T13:00:00,8/14/2025 20:00,Hoàn Kiếm,VN,Asia/Ho_Chi_Minh,172,2004,73,33.1,96,,26,58,0.5,1002,85,29.8,0,1.33,32
2025-08-14T14:00:00,8/14/2025 21:00,Hoàn Kiếm,VN,Asia/Ho_Chi_Minh,169,3139,83,12.5,105,,1,79,1.25,1002,87,29.4,0,1.66,18.67
2025-08-14T15:00:00,8/14/2025 22:00,Hoàn Kiếm,VN,Asia/Ho_Chi_Minh,160,1618.5,60.5,20.5,88,,14.5,100,0.5,1003,88,29,0,2,34
2025-08-14T16:00:00,8/14/2025 23:00,Hoàn Kiếm,VN,Asia/Ho_Chi_Minh,143,927,55,44.7,68,,24,95,0.75,1002,90,28.9,0,1.66,32
2025-08-14T17:00:00,8/15/2025 0:00,Hoàn Kiếm,VN,Asia/Ho_Chi_Minh,122,958,36.3,27,51,,12.5,91,2,1002,92,28.8,0,1.33,36.67
2025-08-14T18:00:00,8/15/2025 1:00,Hoàn Kiếm,VN,Asia/Ho_Chi_Minh,107,985.3,42,26.3,51,,8.7,87,4.5,1002,94,28.7,0,1,41
2025-08-14T19:00:00,8/15/2025 2:00,Hoàn Kiếm,VN,Asia/Ho_Chi_Minh,110,907,37,8.9,39,,2,83,11.25,1002,94,27.5,0,1.33,56.33
2025-08-14T20:00:00,8/15/2025 3:00,Hoàn Kiếm,VN,Asia/Ho_Chi_Minh,90,660.3,67,28.9,40,,17,79,7.5,1002,95,26.4,0,1.66,72
2025-08-14T21:00:00,8/15/2025 4:00,Hoàn Kiếm,VN,Asia/Ho_Chi_Minh,51,654.7,47,63,25,,30,75,1.75,1003,95,25.2,0,2,70
2025-08-14T22:00:00,8/15/2025 5:00,Hoàn Kiếm,VN,Asia/Ho_Chi_Minh,25,872.3,51.3,32.4,12,,34.7,79,1.25,1003,95,25.2,0,2,62.67
2025-08-14T23:00:00,8/15/2025 6:00,Hoàn Kiếm,VN,Asia/Ho_Chi_Minh,60,1117.5,64.7,24.8,18.3,,36,83,0.25,1004,95,25.2,0.6,2,51.5
2025-08-15T00:00:00,8/15/2025 7:00,Hoàn Kiếm,VN,Asia/Ho_Chi_Minh,43,1166,31.7,38.2,13.7,,14,87,0,1005,95,25.2,0.8,2,43.5
2025-08-15T01:00:00,8/15/2025 8:00,Hoàn Kiếm,VN,Asia/Ho_Chi_Minh,51,1299,76.5,11.2,29,,16.5,87,0.5,1005,93,26,1.2,1.33,38
2025-08-15T02:00:00,8/15/2025 9:00,Hoàn Kiếm,VN,Asia/Ho_Chi_Minh,51,1442.7,118.3,36.2,24,,15.7,87,0.5,1005,91,26.7,1.9,0.66,39
2025-08-15T03:00:00,8/15/2025 10:00,Hoàn Kiếm,VN,Asia/Ho_Chi_Minh,74,1484.3,88.5,37.9,36.5,,12.5,87,0.75,1005,88,27.5,2.7,1.6,30.75
2025-08-15T04:00:00,8/15/2025 11:00,Hoàn Kiếm,VN,Asia/Ho_Chi_Minh,80,1371,68,32.3,41,,13.3,87,0.5,1005,87,28,3.4,0.33,12.33
2025-08-15T05:00:00,8/15/2025 12:00,Hoàn Kiếm,VN,Asia/Ho_Chi_Minh,89,1515,71,36,46.3,,18,87,0.5,1005,85,28.5,3.7,0.66,6
2025-08-15T06:00:00,8/15/2025 13:00,Hoàn Kiếm,VN,Asia/Ho_Chi_Minh,98,1438.7,61,40.6,45,,11,87,0.5,1004,83,29,3.5,1,16.5
2025-08-15T07:00:00,8/15/2025 14:00,Hoàn Kiếm,VN,Asia/Ho_Chi_Minh,86,1270.5,100,14,45.5,,13.5,83,0.5,1004,81,29.4,2.8,1,10.33
2025-08-15T08:00:00,8/15/2025 15:00,Hoàn Kiếm,VN,Asia/Ho_Chi_Minh,88,910.5,49,45.9,42,,13,79,0.25,1003,78,29.8,1.9,1,12.5
2025-08-15T09:00:00,8/15/2025 16:00,Hoàn Kiếm,VN,Asia/Ho_Chi_Minh,82,1318.3,55.3,38,39.7,,19.7,75,0.5,1003,76,30.2,1.2,1,12.67
2025-08-15T10:00:00,8/15/2025 17:00,Hoàn Kiếm,VN,Asia/Ho_Chi_Minh,90,1211.3,74.5,29.5,46,,16.3,70,0.5,1003,78,29.6,0.8,0.66,23
2025-08-15T11:00:00,8/15/2025 18:00,Hoàn Kiếm,VN,Asia/Ho_Chi_Minh,87,1615.3,78.8,29.6,43.3,,14,66,0,1004,80,29.1,0.6,0.33,25.8
2025-08-15T12:00:00,8/15/2025 19:00,Hoàn Kiếm,VN,Asia/Ho_Chi_Minh,91,2174,42,20.4,41.5,,18.5,62,0,1004,82,28.5,0,1.2,30
2025-08-15T13:00:00,8/15/2025 20:00,Hoàn Kiếm,VN,Asia/Ho_Chi_Minh,94,1111,67.3,16.4,32.5,,13.5,62,0,1005,84,28,0,0.33,34
2025-08-15T14:00:00,8/15/2025 21:00,Hoàn Kiếm,VN,Asia/Ho_Chi_Minh,65,1148,96.5,6.4,19,,13.5,62,0.5,1006,87,27.5,0,0.66,28.67
2025-08-15T15:00:00,8/15/2025 22:00,Hoàn Kiếm,VN,Asia/Ho_Chi_Minh,96,1108.3,77.5,11.2,33.5,,16,62,0.5,1007,90,27,0,1,29.8
2025-08-15T16:00:00,8/15/2025 23:00,Hoàn Kiếm,VN,Asia/Ho_Chi_Minh,82,1150.3,133.3,19,43,,17,50,0.25,1007,91,26.7,0,0.66,27
2025-08-15T17:00:00,8/16/2025 0:00,Hoàn Kiếm,VN,Asia/Ho_Chi_Minh,72,1046.8,103,28.8,40.5,,14,37,0,1006,93,26.5,0,0.33,30.6
2025-08-15T18:00:00,8/16/2025 1:00,Hoàn Kiếm,VN,Asia/Ho_Chi_Minh,89,133.1,21,31.5,47,,43,25,0,1006,94,26.2,0,0.4,29
2025-08-15T19:00:00,8/16/2025 2:00,Hoàn Kiếm,VN,Asia/Ho_Chi_Minh,72,911.3,126,23.3,41.8,,16.5,41,0,1006,93,26.4,0,0.33,31
2025-08-15T20:00:00,8/16/2025 3:00,Hoàn Kiếm,VN,Asia/Ho_Chi_Minh,63,1109,285,9.7,60,,26,58,0,1005,92,26.5,0,0.66,32.5
2025-08-15T21:00:00,8/16/2025 4:00,Hoàn Kiếm,VN,Asia/Ho_Chi_Minh,85,786,59.3,20.4,43.7,,15.7,75,0,1005,92,26.7,0,1,19
2025-08-15T22:00:00,8/16/2025 5:00,Hoàn Kiếm,VN,Asia/Ho_Chi_Minh,72,820.8,40.3,37.6,32,,15,75,0,1006,93,26,0,0.66,33.5
2025-08-15T23:00:00,8/16/2025 6:00,Hoàn Kiếm,VN,Asia/Ho_Chi_Minh,82,1168.5,42.5,32,34,,26,75,0.25,1006,94,25.3,0.6,0.33,27
2025-08-16T00:00:00,8/16/2025 7:00,Hoàn Kiếm,VN,Asia/Ho_Chi_Minh,89,2647,39,6.6,40,,2,75,0.25,1007,96,24.6,0.8,1.6,22
2025-08-16T01:00:00,8/16/2025 8:00,Hoàn Kiếm,VN,Asia/Ho_Chi_Minh,67,1920.7,100.3,17.7,43.3,,16.7,83,0,1008,95,25.1,1.2,0.8,30
2025-08-16T02:00:00,8/16/2025 9:00,Hoàn Kiếm,VN,Asia/Ho_Chi_Minh,73,2462.8,104.3,42.9,42.3,,13.5,91,0.5,1008,94,25.5,1.9,1.2,22
2025-08-16T03:00:00,8/16/2025 10:00,Hoàn Kiếm,VN,Asia/Ho_Chi_Minh,71,2138.7,66.3,19.8,38.3,,22,100,1,1009,94,26,2.7,1.6,18
2025-08-16T04:00:00,8/16/2025 11:00,Hoàn Kiếm,VN,Asia/Ho_Chi_Minh,67,1961.3,80,27.8,27,,14.7,91,0.25,1008,86,27.3,3.4,0.33,28
2025-08-16T05:00:00,8/16/2025 12:00,Hoàn Kiếm,VN,Asia/Ho_Chi_Minh,88,1709,51.3,24.9,39,,13,83,0.75,1007,80,28.7,3.8,0.66,22.4
2025-08-16T06:00:00,8/16/2025 13:00,Hoàn Kiếm,VN,Asia/Ho_Chi_Minh,82,1171.5,96.5,14.1,41.5,,9,75,0,1006,74,30,4.1,1,26.8
2025-08-16T07:00:00,8/16/2025 14:00,Hoàn Kiếm,VN,Asia/Ho_Chi_Minh,77,1009.7,40.3,32.5,35,,21,79,0.5,1006,75,29.7,3,1.66,30
2025-08-16T08:00:00,8/16/2025 15:00,Hoàn Kiếm,VN,Asia/Ho_Chi_Minh,73,1409.3,78.3,31.4,32,,17.7,83,0.5,1005,77,29.5,2,2.33,20
2025-08-16T09:00:00,8/16/2025 16:00,Hoàn Kiếm,VN,Asia/Ho_Chi_Minh,63,940.3,54.5,26.8,27.8,,11.3,87,1,1005,79,29.2,1.2,3,22.5
2025-08-16T10:00:00,8/16/2025 17:00,Hoàn Kiếm,VN,Asia/Ho_Chi_Minh,50,1056,54,20.8,20,,15,91,0.25,1005,81,28.4,0.8,2.33,21.67
2025-08-16T11:00:00,8/16/2025 18:00,Hoàn Kiếm,VN,Asia/Ho_Chi_Minh,39,1269,78.3,24.9,24,,21.7,95,0,1006,82,27.5,0.6,1.66,19.75
2025-08-16T12:00:00,8/16/2025 19:00,Hoàn Kiếm,VN,Asia/Ho_Chi_Minh,59,940.3,34.7,18.7,22.3,,15,100,0,1006,84,26.7,0,1,29.67
2025-08-16T13:00:00,8/16/2025 20:00,Hoàn Kiếm,VN,Asia/Ho_Chi_Minh,45,1310,131,11.9,49,,16,79,0,1007,87,26.4,0,0.66,27
2025-08-16T14:00:00,8/16/2025 21:00,Hoàn Kiếm,VN,Asia/Ho_Chi_Minh,100,1207.3,54.8,12.2,35.5,,14.7,58,0,1008,91,26,0,0.33,24.5
2025-08-16T15:00:00,8/16/2025 22:00,Hoàn Kiếm,VN,Asia/Ho_Chi_Minh,89,1159,67,11.7,30.3,,17.7,37,0,1009,94,25.7,0,2,22.75
2025-08-16T16:00:00,8/16/2025 23:00,Hoàn Kiếm,VN,Asia/Ho_Chi_Minh,81,1302.8,58.8,26.6,26.3,,21,45,0,1008,94,25.8,0,2,18
2025-08-16T17:00:00,8/17/2025 0:00,Hoàn Kiếm,VN,Asia/Ho_Chi_Minh,75,1079,29.3,23.5,31.7,,12.5,54,0,1008,94,25.9,0,2,12
2025-08-16T18:00:00,8/17/2025 1:00,Hoàn Kiếm,VN,Asia/Ho_Chi_Minh,117,1099,58.7,12.4,41.7,,6.3,62,0,1007,93,26,0,2.8,9.33
2025-08-16T19:00:00,8/17/2025 2:00,Hoàn Kiếm,VN,Asia/Ho_Chi_Minh,65,822.5,68.5,33.8,40,,22,75,0,1007,94,26,0,2.8,16.25
2025-08-16T20:00:00,8/17/2025 3:00,Hoàn Kiếm,VN,Asia/Ho_Chi_Minh,101,852.3,52,21.4,58,,20.7,87,0,1007,95,26,0,2.8,10.5
2025-08-16T21:00:00,8/17/2025 4:00,Hoàn Kiếm,VN,Asia/Ho_Chi_Minh,83,831.8,52.5,20.9,43.8,,11.8,100,0,1007,95,26,0,2.8,35.5
2025-08-16T22:00:00,8/17/2025 5:00,Hoàn Kiếm,VN,Asia/Ho_Chi_Minh,83,846.5,55.5,48.6,43,,20,91,0,1007,95,26,0,0.66,30.25
2025-08-16T23:00:00,8/17/2025 6:00,Hoàn Kiếm,VN,Asia/Ho_Chi_Minh,93,1298.5,17,40.7,43,,14.5,83,0,1007,95,26,0.6,1.33,26.25
2025-08-17T00:00:00,8/17/2025 7:00,Hoàn Kiếm,VN,Asia/Ho_Chi_Minh,97,1592.8,49,29.8,53.5,,14.7,75,0,1008,94,26,0.8,2,23.67
2025-08-17T01:00:00,8/17/2025 8:00,Hoàn Kiếm,VN,Asia/Ho_Chi_Minh,86,1531.5,86.5,5.7,49.5,,17,83,0,1008,92,26.7,1.2,2,41.67
2025-08-17T02:00:00,8/17/2025 9:00,Hoàn Kiếm,VN,Asia/Ho_Chi_Minh,94,1628,65,25.4,55.7,,15.7,91,0,1009,91,27.3,2.1,2,19
2025-08-17T03:00:00,8/17/2025 10:00,Hoàn Kiếm,VN,Asia/Ho_Chi_Minh,88,1775.3,58,14.9,49.5,,11.3,100,0,1009,89,28,2.8,2,35.67
2025-08-17T04:00:00,8/17/2025 11:00,Hoàn Kiếm,VN,Asia/Ho_Chi_Minh,81,1375,52.3,26.3,45.7,,18,95,0.5,1008,85,28.9,3.5,2,27.5
2025-08-17T05:00:00,8/17/2025 12:00,Hoàn Kiếm,VN,Asia/Ho_Chi_Minh,88,1468,51.5,37.9,40,,13.5,91,0,1007,81,29.8,3.8,2,27.33
2025-08-17T06:00:00,8/17/2025 13:00,Hoàn Kiếm,VN,Asia/Ho_Chi_Minh,79,1114.7,51,26.1,42,,16.3,87,0,1007,78,30.7,3.4,2,32
2025-08-17T07:00:00,8/17/2025 14:00,Hoàn Kiếm,VN,Asia/Ho_Chi_Minh,78,1157.9,49.5,26.1,31.3,,15.2,91,0.25,1006,81,30.6,2.8,2.33,33.8
2025-08-17T08:00:00,8/17/2025 15:00,Hoàn Kiếm,VN,Asia/Ho_Chi_Minh,78,1305,40,26.8,37,,9.7,95,0.25,1006,84,30.6,1.9,2.66,28.67
2025-08-17T09:00:00,8/17/2025 16:00,Hoàn Kiếm,VN,Asia/Ho_Chi_Minh,67,1244.3,46.5,26.1,31.5,,13,100,2.5,1006,88,30.5,1.2,3,32.5
2025-08-17T10:00:00,8/17/2025 17:00,Hoàn Kiếm,VN,Asia/Ho_Chi_Minh,80,2204,70,15.9,42,,15.7,100,1.25,1006,90,28.8,0.8,2,29.6
2025-08-17T11:00:00,8/17/2025 18:00,Hoàn Kiếm,VN,Asia/Ho_Chi_Minh,99,3468.7,49.7,14.1,46.3,,13,100,0,1006,93,27.2,0.6,1,26.25
2025-08-17T12:00:00,8/17/2025 19:00,Hoàn Kiếm,VN,Asia/Ho_Chi_Minh,161,3479,53,12.2,64,,10,100,0,1006,96,25.5,0,1.2,29.5
2025-08-17T13:00:00,8/17/2025 20:00,Hoàn Kiếm,VN,Asia/Ho_Chi_Minh,127,2535,153.5,5.3,45.5,,8.5,79,0,1006,96,25.5,0,0.66,25.6
2025-08-17T14:00:00,8/17/2025 21:00,Hoàn Kiếm,VN,Asia/Ho_Chi_Minh,121,2370,135.3,13.1,75,,18,58,0,1007,95,25.5,0,1.33,25
2025-08-17T15:00:00,8/17/2025 22:00,Hoàn Kiếm,VN,Asia/Ho_Chi_Minh,103,2257,105.5,15.3,58,,11,37,0,1007,95,25.5,0,2,24.75
2025-08-17T16:00:00,8/17/2025 23:00,Hoàn Kiếm,VN,Asia/Ho_Chi_Minh,104,2146.7,74,21.1,60.3,,13.7,58,0.25,1007,94,25.7,0,2,20
2025-08-17T17:00:00,8/18/2025 0:00,Hoàn Kiếm,VN,Asia/Ho_Chi_Minh,87,1053,27.5,35,39.5,,12,79,1,1007,93,25.9,0,2,26
2025-08-17T18:00:00,8/18/2025 1:00,Hoàn Kiếm,VN,Asia/Ho_Chi_Minh,43,1613,92,10.8,47,,21,100,2.75,1007,92,26.1,0,2,34.67
2025-08-17T19:00:00,8/18/2025 2:00,Hoàn Kiếm,VN,Asia/Ho_Chi_Minh,81,928.8,42,24.4,42.8,,19,100,2,1006,94,25.6,0,2,64
2025-08-17T20:00:00,8/18/2025 3:00,Hoàn Kiếm,VN,Asia/Ho_Chi_Minh,67,923.8,56.3,16.8,39,,13.3,100,1,1006,95,25.2,0,2,45.5
2025-08-17T21:00:00,8/18/2025 4:00,Hoàn Kiếm,VN,Asia/Ho_Chi_Minh,75,968.3,58,20.7,44.5,,15,100,0.5,1005,97,24.7,0,2,43
2025-08-17T22:00:00,8/18/2025 5:00,Hoàn Kiếm,VN,Asia/Ho_Chi_Minh,75,1089.8,58.3,34.8,42.5,,18.7,100,0.75,1006,96,25,0,2.33,36.6
2025-08-17T23:00:00,8/18/2025 6:00,Hoàn Kiếm,VN,Asia/Ho_Chi_Minh,90,1661,45.7,48.9,39.7,,8.7,100,0.5,1006,95,25.3,0.6,2.66,37
2025-08-18T00:00:00,8/18/2025 7:00,Hoàn Kiếm,VN,Asia/Ho_Chi_Minh,92,149.4,154,8.6,53,,68,100,0,1006,94,25.6,0.8,3,29
2025-08-18T01:00:00,8/18/2025 8:00,Hoàn Kiếm,VN,Asia/Ho_Chi_Minh,100,1740,76,33.5,54.3,,35.7,87,0.25,1006,87,27.1,1.2,2.66,9
2025-08-18T02:00:00,8/18/2025 9:00,Hoàn Kiếm,VN,Asia/Ho_Chi_Minh,92,2553.7,56.7,46.9,42.3,,14,75,0,1006,80,28.7,1.9,2.33,26.5
2025-08-18T03:00:00,8/18/2025 10:00,Hoàn Kiếm,VN,Asia/Ho_Chi_Minh,103,1843,69.3,15.1,53,,14,62,0,1007,74,30.2,2.7,2,20
2025-08-18T04:00:00,8/18/2025 11:00,Hoàn Kiếm,VN,Asia/Ho_Chi_Minh,96,1465,45.3,23.2,48,,9,75,0,1006,78,29.5,3.4,1.33,23.75
2025-08-18T05:00:00,8/18/2025 12:00,Hoàn Kiếm,VN,Asia/Ho_Chi_Minh,77,1558,50.5,30.2,32.5,,12.5,87,0.25,1005,82,28.9,3.7,0.66,23.75
2025-08-18T06:00:00,8/18/2025 13:00,Hoàn Kiếm,VN,Asia/Ho_Chi_Minh,71,550,26,44.5,24,,23,100,0,1005,87,28.2,3.4,2.4,30.75
2025-08-18T07:00:00,8/18/2025 14:00,Hoàn Kiếm,VN,Asia/Ho_Chi_Minh,110,1354,43,6.6,39,,2,100,0.25,1004,81,29,2.8,0.66,31.5
2025-08-18T08:00:00,8/18/2025 15:00,Hoàn Kiếm,VN,Asia/Ho_Chi_Minh,102,1294,64.5,20.7,40,,13,100,0.5,1004,75,29.7,1.9,1.33,35
2025-08-18T09:00:00,8/18/2025 16:00,Hoàn Kiếm,VN,Asia/Ho_Chi_Minh,86,824,28,20.6,33.5,,12,100,1.5,1003,69,30.5,1.2,2,31.5
2025-08-18T10:00:00,8/18/2025 17:00,Hoàn Kiếm,VN,Asia/Ho_Chi_Minh,56,2305.7,46.7,15,20,,12.5,91,0.5,1003,77,29,0.8,1.66,36.5
2025-08-18T11:00:00,8/18/2025 18:00,Hoàn Kiếm,VN,Asia/Ho_Chi_Minh,62,2788.5,52.7,29.1,18.3,,10,83,1,1004,85,27.5,0.6,1.33,33.5
2025-08-18T12:00:00,8/18/2025 19:00,Hoàn Kiếm,VN,Asia/Ho_Chi_Minh,90,1788.5,120,7,30.5,,16.5,75,1.5,1004,94,26,0,1,24.5
2025-08-18T13:00:00,8/18/2025 20:00,Hoàn Kiếm,VN,Asia/Ho_Chi_Minh,100,1752,96.3,14.2,44.7,,30.7,83,1,1004,94,25.9,0,1.33,21.5
2025-08-18T14:00:00,8/18/2025 21:00,Hoàn Kiếm,VN,Asia/Ho_Chi_Minh,88,1523,76.3,22.7,50,,29,91,2,1005,95,25.8,0,1.66,39
2025-08-18T15:00:00,8/18/2025 22:00,Hoàn Kiếm,VN,Asia/Ho_Chi_Minh,70,1169,87.5,6.7,37.3,,40,100,2.25,1005,95,25.7,0,2,36
2025-08-18T16:00:00,8/18/2025 23:00,Hoàn Kiếm,VN,Asia/Ho_Chi_Minh,64,1301,89.3,19.5,36.8,,20.8,100,3.5,1005,95,25.7,0,2,28.67
2025-08-18T17:00:00,8/19/2025 0:00,Hoàn Kiếm,VN,Asia/Ho_Chi_Minh,62,956,30.5,39.8,23.5,,12.5,100,3,1005,96,25.7,0,2,15
2025-08-18T18:00:00,8/19/2025 1:00,Hoàn Kiếm,VN,Asia/Ho_Chi_Minh,74,1310,146,9.7,52,,11,100,2.5,1004,97,25.7,0,2,17.5
2025-08-18T19:00:00,8/19/2025 2:00,Hoàn Kiếm,VN,Asia/Ho_Chi_Minh,75,732.5,65,46.1,30.3,,29.3,100,2.5,1004,96,25.7,0,2.33,30.5
2025-08-18T20:00:00,8/19/2025 3:00,Hoàn Kiếm,VN,Asia/Ho_Chi_Minh,69,727.7,49.8,21.9,26,,30.7,100,2,1003,95,25.6,0,2.66,35.5
2025-08-18T21:00:00,8/19/2025 4:00,Hoàn Kiếm,VN,Asia/Ho_Chi_Minh,75,961.5,54.5,22,33.8,,10.3,100,1.25,1003,95,25.6,0,3,29.5
2025-08-18T22:00:00,8/19/2025 5:00,Hoàn Kiếm,VN,Asia/Ho_Chi_Minh,67,964,33.7,32.2,26,,9,100,2.25,1004,95,25.6,0,2.33,21.25
2025-08-18T23:00:00,8/19/2025 6:00,Hoàn Kiếm,VN,Asia/Ho_Chi_Minh,77,1516,52,18.7,37,,8.5,100,3.25,1004,95,25.5,0.6,1.66,18.5
2025-08-19T00:00:00,8/19/2025 7:00,Hoàn Kiếm,VN,Asia/Ho_Chi_Minh,62,1821,49.7,30.5,32.7,,19.7,100,2.5,1005,95,25.5,0.7,1,17.5
2025-08-19T01:00:00,8/19/2025 8:00,Hoàn Kiếm,VN,Asia/Ho_Chi_Minh,68,2952.8,62,23.9,32.8,,10.8,100,1.25,1005,94,25.8,1.2,1,23
2025-08-19T02:00:00,8/19/2025 9:00,Hoàn Kiếm,VN,Asia/Ho_Chi_Minh,62,2425.3,55.8,21.3,26,,9.8,100,1.5,1006,93,26.2,1.9,1,23.5
2025-08-19T03:00:00,8/19/2025 10:00,Hoàn Kiếm,VN,Asia/Ho_Chi_Minh,58,1838.3,58.3,29.7,25,,14,100,1.25,1007,92,26.5,2.7,1,20.8
2025-08-19T04:00:00,8/19/2025 11:00,Hoàn Kiếm,VN,Asia/Ho_Chi_Minh,55,1645.7,39.7,17,19,,9,100,0.75,1006,90,26.9,3.4,1.33,23.4
2025-08-19T05:00:00,8/19/2025 12:00,Hoàn Kiếm,VN,Asia/Ho_Chi_Minh,52,1400.3,55.3,35.4,20.3,,17.3,100,0.5,1006,88,27.3,3.7,1.66,19.67
2025-08-19T06:00:00,8/19/2025 13:00,Hoàn Kiếm,VN,Asia/Ho_Chi_Minh,63,1907,39,7.7,33,,1,100,0.75,1005,86,27.7,3.4,2,24.33
2025-08-19T07:00:00,8/19/2025 14:00,Hoàn Kiếm,VN,Asia/Ho_Chi_Minh,64,1197,50,45.4,19.5,,12.5,95,1,1004,85,28.2,2.7,2.33,17.75
2025-08-19T08:00:00,8/19/2025 15:00,Hoàn Kiếm,VN,Asia/Ho_Chi_Minh,62,1473.5,49.7,22.7,23,,9.3,91,0.5,1004,84,28.7,1.9,2.66,20.2
2025-08-19T09:00:00,8/19/2025 16:00,Hoàn Kiếm,VN,Asia/Ho_Chi_Minh,52,994.7,40,35.3,17.5,,13,87,0.5,1003,82,29.2,1.2,3,17.4
2025-08-19T10:00:00,8/19/2025 17:00,Hoàn Kiếm,VN,Asia/Ho_Chi_Minh,64,1781,40.7,12.9,25,,14,91,0.75,1004,84,28.6,0.8,2.66,15.5
2025-08-19T11:00:00,8/19/2025 18:00,Hoàn Kiếm,VN,Asia/Ho_Chi_Minh,50,1424.2,40.9,27.4,15,,10.8,95,1,1004,85,28.1,0.6,2.33,14.33
2025-08-19T12:00:00,8/19/2025 19:00,Hoàn Kiếm,VN,Asia/Ho_Chi_Minh,73,1639,41.3,23.4,34.3,,9.7,100,0.75,1005,87,27.5,0,2,12.75
2025-08-19T13:00:00,8/19/2025 20:00,Hoàn Kiếm,VN,Asia/Ho_Chi_Minh,82,1874,30,22.6,43.5,,13.5,91,0.5,1006,87,27.4,0,2,18
2025-08-19T14:00:00,8/19/2025 21:00,Hoàn Kiếm,VN,Asia/Ho_Chi_Minh,70,1503.3,61,12.4,35,,11,83,0.5,1006,88,27.3,0,2,18.67
2025-08-19T15:00:00,8/19/2025 22:00,Hoàn Kiếm,VN,Asia/Ho_Chi_Minh,73,1232,40.3,17.7,30.7,,9.3,75,0.5,1007,89,27.2,0,2,17.5
2025-08-19T16:00:00,8/19/2025 23:00,Hoàn Kiếm,VN,Asia/Ho_Chi_Minh,69,1328,48,19.3,33.5,,9,83,0.25,1007,91,27,0,2,13
2025-08-19T17:00:00,8/20/2025 0:00,Hoàn Kiếm,VN,Asia/Ho_Chi_Minh,59,1411,69,11.9,31,,11,91,0.5,1006,93,26.9,0,2,18.67
2025-08-19T18:00:00,8/20/2025 1:00,Hoàn Kiếm,VN,Asia/Ho_Chi_Minh,73,997.7,50.3,27.2,35.3,,17,100,0,1005,95,26.7,0,2,12
2025-08-19T19:00:00,8/20/2025 2:00,Hoàn Kiếm,VN,Asia/Ho_Chi_Minh,73,990.7,45,37,36.7,,11.7,100,0.25,1005,95,26.7,0,2,22.75
2025-08-19T20:00:00,8/20/2025 3:00,Hoàn Kiếm,VN,Asia/Ho_Chi_Minh,79,920.5,40.8,19.5,38.8,,12,100,0,1005,95,26.7,0,2,27
2025-08-19T21:00:00,8/20/2025 4:00,Hoàn Kiếm,VN,Asia/Ho_Chi_Minh,71,952.8,34.3,36.6,32.8,,11.8,100,0,1005,95,26.7,0,2,21.4
2025-08-19T22:00:00,8/20/2025 5:00,Hoàn Kiếm,VN,Asia/Ho_Chi_Minh,81,1197,42,13.7,35.5,,1,87,0,1005,94,27,0,2,22.5
2025-08-19T23:00:00,8/20/2025 6:00,Hoàn Kiếm,VN,Asia/Ho_Chi_Minh,75,1424.3,43,39.1,41,,19,75,0,1006,93,27.2,0.7,2,20.75
2025-08-20T00:00:00,8/20/2025 7:00,Hoàn Kiếm,VN,Asia/Ho_Chi_Minh,112,2948,44,60,54,,1,62,0,1006,92,27.5,0.8,2,16
2025-08-20T01:00:00,8/20/2025 8:00,Hoàn Kiếm,VN,Asia/Ho_Chi_Minh,90,1981.3,53.3,23,53.8,,10,66,0,1006,86,28.8,1.3,2,22.5
2025-08-20T02:00:00,8/20/2025 9:00,Hoàn Kiếm,VN,Asia/Ho_Chi_Minh,68,1795.3,76,47.5,41.3,,18.3,70,0,1007,81,30.2,2,2,22.75
2025-08-20T03:00:00,8/20/2025 10:00,Hoàn Kiếm,VN,Asia/Ho_Chi_Minh,91,811,48,23.2,37,,14.5,75,0,1007,76,31.5,2.9,2,25.6
2025-08-20T04:00:00,8/20/2025 11:00,Hoàn Kiếm,VN,Asia/Ho_Chi_Minh,104,1476,43,4.9,50,,1,70,0,1006,72,32.2,3.4,2,21.6
2025-08-20T05:00:00,8/20/2025 12:00,Hoàn Kiếm,VN,Asia/Ho_Chi_Minh,92,990.7,47.7,39.9,42.3,,9.3,66,0,1006,68,32.8,3.7,2,26.5
2025-08-20T06:00:00,8/20/2025 13:00,Hoàn Kiếm,VN,Asia/Ho_Chi_Minh,82,539.3,52,34.9,32,,44,62,0,1005,65,33.5,3.6,2,23.5
2025-08-20T07:00:00,8/20/2025 14:00,Hoàn Kiếm,VN,Asia/Ho_Chi_Minh,94,724.5,44.3,30.8,42,,10,75,0,1005,67,32.9,2.8,2.33,40
2025-08-20T08:00:00,8/20/2025 15:00,Hoàn Kiếm,VN,Asia/Ho_Chi_Minh,94,1699,73,39.6,43,,13,87,0,1004,68,32.3,1.9,2.66,30.75
2025-08-20T09:00:00,8/20/2025 16:00,Hoàn Kiếm,VN,Asia/Ho_Chi_Minh,73,1395.3,55,37.5,30,,9.3,100,0.5,1003,70,31.7,1.2,3,20.33
2025-08-20T10:00:00,8/20/2025 17:00,Hoàn Kiếm,VN,Asia/Ho_Chi_Minh,67,744,30,38.8,22,,25,100,0.5,1004,77,30.2,0.8,2,31
2025-08-20T11:00:00,8/20/2025 18:00,Hoàn Kiếm,VN,Asia/Ho_Chi_Minh,87,2396.4,72,54.7,39,,1,100,0.5,1005,85,28.7,0.6,1,37
2025-08-20T12:00:00,8/20/2025 19:00,Hoàn Kiếm,VN,Asia/Ho_Chi_Minh,130,2897,51.5,4.2,46.5,,1,100,1,1005,94,27.2,0,2.8,31.67
2025-08-20T13:00:00,8/20/2025 20:00,Hoàn Kiếm,VN,Asia/Ho_Chi_Minh,122,1613,72.5,9.6,43.5,,6.5,100,1,1006,94,27.1,0,2.8,27
2025-08-20T14:00:00,8/20/2025 21:00,Hoàn Kiếm,VN,Asia/Ho_Chi_Minh,131,1613,68.5,7.9,53,,9,100,1,1007,94,27.1,0,2.8,32.25
2025-08-20T15:00:00,8/20/2025 22:00,Hoàn Kiếm,VN,Asia/Ho_Chi_Minh,72,1600,43,33.2,29.5,,2,100,0.5,1008,94,27,0,2.8,32.5
2025-08-20T16:00:00,8/20/2025 23:00,Hoàn Kiếm,VN,Asia/Ho_Chi_Minh,107,1546.5,40,19.7,38,,1.5,87,0.5,1008,94,27.1,0,0.66,22.67
2025-08-20T17:00:00,8/21/2025 0:00,Hoàn Kiếm,VN,Asia/Ho_Chi_Minh,92,648,25.5,28.9,31.5,,12,75,0.5,1008,95,27.1,0,1.33,20
2025-08-20T18:00:00,8/21/2025 1:00,Hoàn Kiếm,VN,Asia/Ho_Chi_Minh,85,937.5,30,37.2,37,,12.5,62,0.5,1007,95,27.2,0,2,29
2025-08-20T19:00:00,8/21/2025 2:00,Hoàn Kiếm,VN,Asia/Ho_Chi_Minh,94,837.8,30.7,39.8,43.5,,12.3,75,0.25,1007,95,27.5,0,2,46.5
2025-08-20T20:00:00,8/21/2025 3:00,Hoàn Kiếm,VN,Asia/Ho_Chi_Minh,81,851.3,34,24,35,,12.5,87,0.5,1007,94,27.7,0,2,43.5
2025-08-20T21:00:00,8/21/2025 4:00,Hoàn Kiếm,VN,Asia/Ho_Chi_Minh,79,638.5,32,52.8,33.7,,12,100,0,1007,94,28,0,2,47
2025-08-20T22:00:00,8/21/2025 5:00,Hoàn Kiếm,VN,Asia/Ho_Chi_Minh,85,1101.3,31.7,34.1,36.7,,13,100,0,1007,94,28,0,1.33,22
2025-08-20T23:00:00,8/21/2025 6:00,Hoàn Kiếm,VN,Asia/Ho_Chi_Minh,110,1920,39,3.8,52,,1,100,0.25,1007,94,28,0.6,0.66,38
2025-08-21T00:00:00,8/21/2025 7:00,Hoàn Kiếm,VN,Asia/Ho_Chi_Minh,88,1210.5,35,50,39,,13.5,100,1.5,1007,94,28,0.7,2.8,31.5
2025-08-21T01:00:00,8/21/2025 8:00,Hoàn Kiếm,VN,Asia/Ho_Chi_Minh,107,1615.5,40,39.6,50.5,,14,100,2.25,1007,92,28.2,1.2,0.66,28
2025-08-21T02:00:00,8/21/2025 9:00,Hoàn Kiếm,VN,Asia/Ho_Chi_Minh,115,2246,46.7,25.8,54.7,,13.5,100,2,1007,90,28.5,1.9,1.33,32.5
2025-08-21T03:00:00,8/21/2025 10:00,Hoàn Kiếm,VN,Asia/Ho_Chi_Minh,109,1839.3,41.3,19.8,51.7,,9.3,100,1.75,1008,88,28.7,2.7,2,26.33
2025-08-21T04:00:00,8/21/2025 11:00,Hoàn Kiếm,VN,Asia/Ho_Chi_Minh,116,1591.5,52,43,55.5,,2,95,2,1007,86,29.3,3.4,2,25.33
2025-08-21T05:00:00,8/21/2025 12:00,Hoàn Kiếm,VN,Asia/Ho_Chi_Minh,118,1242,38,35,61,,13,91,0.75,1007,84,29.9,3.7,2,28
2025-08-21T06:00:00,8/21/2025 13:00,Hoàn Kiếm,VN,Asia/Ho_Chi_Minh,102,1353.7,63.3,42.1,69.3,,10.3,87,0,1007,82,30.5,3.4,2,39
2025-08-21T07:00:00,8/21/2025 14:00,Hoàn Kiếm,VN,Asia/Ho_Chi_Minh,93,1171.3,49.7,26.8,61,,12.7,91,0,1007,82,30.3,2.7,2,29.5
2025-08-21T08:00:00,8/21/2025 15:00,Hoàn Kiếm,VN,Asia/Ho_Chi_Minh,98,1069.5,34.7,20.5,49.3,,13.5,95,1,1006,83,30.2,1.9,2,38
2025-08-21T09:00:00,8/21/2025 16:00,Hoàn Kiếm,VN,Asia/Ho_Chi_Minh,89,1202,39.3,51.3,40.3,,13,100,1.5,1006,84,30,1.2,2,41
2025-08-21T10:00:00,8/21/2025 17:00,Hoàn Kiếm,VN,Asia/Ho_Chi_Minh,93,1384.6,42.2,46.2,40,,13.4,83,1.5,1006,85,29.7,0.7,1.66,38.67
2025-08-21T11:00:00,8/21/2025 18:00,Hoàn Kiếm,VN,Asia/Ho_Chi_Minh,108,1839,37.3,64.2,52.3,,9.3,66,0,1006,86,29.5,0.6,1.33,41.5
2025-08-21T12:00:00,8/21/2025 19:00,Hoàn Kiếm,VN,Asia/Ho_Chi_Minh,90,1749.7,48,36,53.3,,14.3,50,0,1006,87,29.2,0,1,42
2025-08-21T13:00:00,8/21/2025 20:00,Hoàn Kiếm,VN,Asia/Ho_Chi_Minh,82,1383.5,52,35.1,54.3,,17.7,61,0,1007,88,28.9,0,1.66,36
2025-08-21T14:00:00,8/21/2025 21:00,Hoàn Kiếm,VN,Asia/Ho_Chi_Minh,92,1131,33.3,16.6,41.3,,9.3,60,0,1007,90,28.5,0,2.33,32
2025-08-21T15:00:00,8/21/2025 22:00,Hoàn Kiếm,VN,Asia/Ho_Chi_Minh,67,1212.3,62.7,54,50,,12.7,61,0,1008,91,28.2,0,3,34
2025-08-21T16:00:00,8/21/2025 23:00,Hoàn Kiếm,VN,Asia/Ho_Chi_Minh,78,1169.3,48.3,24.9,53,,4.7,56,0,1008,92,28,0,2.66,30
2025-08-21T17:00:00,8/22/2025 0:00,Hoàn Kiếm,VN,Asia/Ho_Chi_Minh,85,344,10,68.4,40,,23,48,0,1008,93,27.9,0,2.33,32
2025-08-21T18:00:00,8/22/2025 1:00,Hoàn Kiếm,VN,Asia/Ho_Chi_Minh,77,286,22.5,32,31,,13.5,25,0,1008,94,27.7,0,2,38.5
2025-08-21T19:00:00,8/22/2025 2:00,Hoàn Kiếm,VN,Asia/Ho_Chi_Minh,74,956,25,31.9,28,,12,41,0,1007,93,27.6,0,1.66,30.5
2025-08-21T20:00:00,8/22/2025 3:00,Hoàn Kiếm,VN,Asia/Ho_Chi_Minh,67,549,27.3,24.2,27,,8.7,58,0,1007,92,27.6,0,1.33,27
2025-08-21T21:00:00,8/22/2025 4:00,Hoàn Kiếm,VN,Asia/Ho_Chi_Minh,76,1026.5,23.5,50.3,31.5,,13,75,0,1006,92,27.5,0,1,31.33
2025-08-21T22:00:00,8/22/2025 5:00,Hoàn Kiếm,VN,Asia/Ho_Chi_Minh,69,1224,30.3,31,49.7,,8,79,0,1007,93,27.6,0,1,19.67
2025-08-21T23:00:00,8/22/2025 6:00,Hoàn Kiếm,VN,Asia/Ho_Chi_Minh,64,1098.5,52,55,59,,23,83,0,1007,93,27.6,0.6,1,24.75
2025-08-22T00:00:00,8/22/2025 7:00,Hoàn Kiếm,VN,Asia/Ho_Chi_Minh,87,1897.5,42.3,26.4,58.3,,10,87,0.25,1008,94,27.7,0.7,1,28
2025-08-22T01:00:00,8/22/2025 8:00,Hoàn Kiếm,VN,Asia/Ho_Chi_Minh,81,1428,47,38.1,57.3,,13.7,79,1,1008,90,28.6,1.2,1.33,24.33
2025-08-22T02:00:00,8/22/2025 9:00,Hoàn Kiếm,VN,Asia/Ho_Chi_Minh,88,1600,54.5,34.2,55.3,,14.5,70,0.5,1008,85,29.6,1.9,1.66,23.33
2025-08-22T03:00:00,8/22/2025 10:00,Hoàn Kiếm,VN,Asia/Ho_Chi_Minh,89,1310.3,32.7,15,40.3,,10.7,62,0.5,1008,81,30.5,2.8,2,20
2025-08-22T04:00:00,8/22/2025 11:00,Hoàn Kiếm,VN,Asia/Ho_Chi_Minh,67,761,92,12.1,51,,6.5,62,0.25,1008,76,31.3,3.4,2,24
2025-08-22T05:00:00,8/22/2025 12:00,Hoàn Kiếm,VN,Asia/Ho_Chi_Minh,68,1210,123,10.6,46.5,,5,62,0,1008,71,32.2,3.7,2,21
2025-08-22T06:00:00,8/22/2025 13:00,Hoàn Kiếm,VN,Asia/Ho_Chi_Minh,63,917.3,36.3,23.4,31.8,,13.8,62,0,1007,67,33,3.4,2,18.67
2025-08-22T07:00:00,8/22/2025 14:00,Hoàn Kiếm,VN,Asia/Ho_Chi_Minh,56,1017,42.3,27.2,27.7,,14.3,66,0,1006,66,33.1,2.7,2,29.2
2025-08-22T08:00:00,8/22/2025 15:00,Hoàn Kiếm,VN,Asia/Ho_Chi_Minh,59,1210.3,30,59.7,22.3,,9.7,70,0,1006,66,33.1,1.9,2,26.5
2025-08-22T09:00:00,8/22/2025 16:00,Hoàn Kiếm,VN,Asia/Ho_Chi_Minh,55,1061.3,48,34.2,25.5,,11,75,0,1005,65,33.2,1.2,2,29.4
2025-08-22T10:00:00,8/22/2025 17:00,Hoàn Kiếm,VN,Asia/Ho_Chi_Minh,35,1210,46,16.2,26,,11,70,0,1005,68,32.1,0.7,2,30
2025-08-22T11:00:00,8/22/2025 18:00,Hoàn Kiếm,VN,Asia/Ho_Chi_Minh,56,1405.7,74,44.9,26.8,,13.8,66,0.25,1005,71,31.1,0.6,2,19.67
2025-08-22T12:00:00,8/22/2025 19:00,Hoàn Kiếm,VN,Asia/Ho_Chi_Minh,63,802,51,31,27,,13,62,0.25,1006,75,30,0,2,20.33
2025-08-22T13:00:00,8/22/2025 20:00,Hoàn Kiếm,VN,Asia/Ho_Chi_Minh,70,1122.7,51,19.9,37.5,,7.5,58,0,1006,79,29.5,0,2,18.2
2025-08-22T14:00:00,8/22/2025 21:00,Hoàn Kiếm,VN,Asia/Ho_Chi_Minh,80,1324,27.3,21.8,35,,8.7,54,0,1007,82,29,0,2,14.75
2025-08-22T15:00:00,8/22/2025 22:00,Hoàn Kiếm,VN,Asia/Ho_Chi_Minh,80,1180,36.3,24.8,49.3,,14,50,0,1008,86,28.5,0,2,16.25
2025-08-22T16:00:00,8/22/2025 23:00,Hoàn Kiếm,VN,Asia/Ho_Chi_Minh,60,660,62,13,48,,26,41,0,1008,88,28.2,0,1.33,14.5
2025-08-22T17:00:00,8/23/2025 0:00,Hoàn Kiếm,VN,Asia/Ho_Chi_Minh,72,583,31.7,59.8,40.7,,9.7,33,0,1008,90,28,0,0.66,8.5
2025-08-22T18:00:00,8/23/2025 1:00,Hoàn Kiếm,VN,Asia/Ho_Chi_Minh,71,1015,24.7,24.5,43,,11.7,25,0,1008,92,27.7,0,2,14.8
2025-08-22T19:00:00,8/23/2025 2:00,Hoàn Kiếm,VN,Asia/Ho_Chi_Minh,78,867,32,23.4,51.7,,17,4,0,1007,92,27.5,0,0.33,18
2025-08-22T20:00:00,8/23/2025 3:00,Hoàn Kiếm,VN,Asia/Ho_Chi_Minh,71,786.7,20,22.3,28.3,,13,0,0,1007,92,27.4,0,0.66,21.4
2025-08-22T21:00:00,8/23/2025 4:00,Hoàn Kiếm,VN,Asia/Ho_Chi_Minh,71,1042.8,39.5,28.7,40,,10.8,100,0,1006,93,27.2,0,1,26
2025-08-22T22:00:00,8/23/2025 5:00,Hoàn Kiếm,VN,Asia/Ho_Chi_Minh,69,1310,154,9.7,72,,5,100,0,1007,93,27.3,0,1,26
2025-08-22T23:00:00,8/23/2025 6:00,Hoàn Kiếm,VN,Asia/Ho_Chi_Minh,112,1330.8,83.7,45.9,69.5,,12.5,100,0,1008,93,27.4,0.7,1,16.5
2025-08-23T00:00:00,8/23/2025 7:00,Hoàn Kiếm,VN,Asia/Ho_Chi_Minh,123,1613,200,48.4,91,,23.5,87,0,1008,94,27.5,1.5,1,22
2025-08-23T01:00:00,8/23/2025 8:00,Hoàn Kiếm,VN,Asia/Ho_Chi_Minh,105,1312,79.3,23.8,63.5,,9,75,0,1009,85,28.9,2.1,1.66,21.5
2025-08-23T02:00:00,8/23/2025 9:00,Hoàn Kiếm,VN,Asia/Ho_Chi_Minh,102,1059.5,33,41.9,48,,16,62,0,1009,77,30.2,3.4,2.33,24.75
2025-08-23T03:00:00,8/23/2025 10:00,Hoàn Kiếm,VN,Asia/Ho_Chi_Minh,73,1153.3,51.5,19.4,50.8,,16.5,50,0,1009,69,31.6,4.1,3,21.67
2025-08-23T04:00:00,8/23/2025 11:00,Hoàn Kiếm,VN,Asia/Ho_Chi_Minh,63,1449,54.7,37.5,47.3,,25,54,0.5,1008,74,30.8,5.3,2.33,21.6
2025-08-23T05:00:00,8/23/2025 12:00,Hoàn Kiếm,VN,Asia/Ho_Chi_Minh,56,1680,36.3,33.8,25.3,,10.7,58,0,1008,78,30,5.4,1.66,21
2025-08-23T06:00:00,8/23/2025 13:00,Hoàn Kiếm,VN,Asia/Ho_Chi_Minh,79,1451.5,50,23.1,37,,10,62,0,1007,83,29.2,3.6,1,40
2025-08-23T07:00:00,8/23/2025 14:00,Hoàn Kiếm,VN,Asia/Ho_Chi_Minh,77,730,74.5,26.5,38.3,,12.3,62,0,1006,78,30,2.8,1.33,44
2025-08-23T08:00:00,8/23/2025 15:00,Hoàn Kiếm,VN,Asia/Ho_Chi_Minh,75,1421.3,40,29.3,31.7,,15.5,62,0,1005,73,30.7,1.9,1.66,37.4
2025-08-23T09:00:00,8/23/2025 16:00,Hoàn Kiếm,VN,Asia/Ho_Chi_Minh,72,1120.8,82,20.5,39,,17.7,62,0.25,1005,68,31.5,1.2,2,36
2025-08-23T10:00:00,8/23/2025 17:00,Hoàn Kiếm,VN,Asia/Ho_Chi_Minh,50,1310,85,22.7,35,,5,66,0.75,1005,71,30.6,0.9,2,22.5
2025-08-23T11:00:00,8/23/2025 18:00,Hoàn Kiếm,VN,Asia/Ho_Chi_Minh,66,1297.3,66,20.8,32.7,,10.3,70,1,1005,75,29.6,0.9,2,18
2025-08-23T12:00:00,8/23/2025 19:00,Hoàn Kiếm,VN,Asia/Ho_Chi_Minh,88,2445.5,41,51.1,40.7,,9.7,75,1,1005,79,28.7,0,2,14.75
2025-08-23T13:00:00,8/23/2025 20:00,Hoàn Kiếm,VN,Asia/Ho_Chi_Minh,108,4305,1,36.8,53.3,,13.5,62,0.75,1006,82,28.5,0,1.66,25.5
2025-08-23T14:00:00,8/23/2025 21:00,Hoàn Kiếm,VN,Asia/Ho_Chi_Minh,125,2622,24.5,16.6,59.7,,9,50,0,1007,85,28.3,0,1.33,24.5
2025-08-23T15:00:00,8/23/2025 22:00,Hoàn Kiếm,VN,Asia/Ho_Chi_Minh,88,1845.5,22.5,8.6,50.5,,29.5,37,0,1008,89,28.1,0,1,23.67
2025-08-23T16:00:00,8/23/2025 23:00,Hoàn Kiếm,VN,Asia/Ho_Chi_Minh,110,1638.5,51,17.9,66.3,,14.3,33,0,1007,91,27.6,0,0.66,22
2025-08-23T17:00:00,8/24/2025 0:00,Hoàn Kiếm,VN,Asia/Ho_Chi_Minh,91,1597.8,56.7,26.6,51.8,,10.5,29,0,1007,92,27.2,0,0.33,12
2025-08-23T18:00:00,8/24/2025 1:00,Hoàn Kiếm,VN,Asia/Ho_Chi_Minh,111,1964,86.3,39,64.3,,8,25,0,1007,94,26.7,0,0.8,19.5
2025-08-23T19:00:00,8/24/2025 2:00,Hoàn Kiếm,VN,Asia/Ho_Chi_Minh,141,1547.7,164,27.1,77.3,,10,25,0,1007,95,26.5,0,0.66,29.75
2025-08-23T20:00:00,8/24/2025 3:00,Hoàn Kiếm,VN,Asia/Ho_Chi_Minh,157,1337,198.1,33.4,81,,13,25,0,1006,95,26.4,0,1.33,38.25
2025-08-23T21:00:00,8/24/2025 4:00,Hoàn Kiếm,VN,Asia/Ho_Chi_Minh,129,1814,254,9.7,82,,11,25,0,1006,95,26.2,0,2,44.67
2025-08-23T22:00:00,8/24/2025 5:00,Hoàn Kiếm,VN,Asia/Ho_Chi_Minh,150,1410.3,127,29.1,79.8,,9.5,0,0,1006,93,26.2,0,2.22,29.5
2025-08-23T23:00:00,8/24/2025 6:00,Hoàn Kiếm,VN,Asia/Ho_Chi_Minh,157,1430.5,216,45.4,90.3,,12.7,0,0,1006,92,26.1,1.7,2.45,39
2025-08-24T00:00:00,8/24/2025 7:00,Hoàn Kiếm,VN,Asia/Ho_Chi_Minh,180,2033,25,62.7,102.5,,14.5,0,0,1006,89,26.9,1.8,3.3,31
2025-08-24T01:00:00,8/24/2025 8:00,Hoàn Kiếm,VN,Asia/Ho_Chi_Minh,161,1728.7,40,35.9,84.3,,14,0,0,1007,85,28.3,2.9,3.87,39.5
2025-08-24T02:00:00,8/24/2025 9:00,Hoàn Kiếm,VN,Asia/Ho_Chi_Minh,163,1882,21.5,20.3,80,,15,0,0,1007,79,29.9,5.1,4.19,50.5
2025-08-24T03:00:00,8/24/2025 10:00,Hoàn Kiếm,VN,Asia/Ho_Chi_Minh,150,1140.5,20.5,26,68,,13.5,0,0,1006,77,31.2,6.5,4.03,61
2025-08-24T04:00:00,8/24/2025 11:00,Hoàn Kiếm,VN,Asia/Ho_Chi_Minh,148,1826,36,15.8,74,,1,26,0,1006,80,30.5,7,4.65,46
2025-08-24T05:00:00,8/24/2025 12:00,Hoàn Kiếm,VN,Asia/Ho_Chi_Minh,107,403,8,12.1,66.5,,30,24,0.5,1006,78,30.8,7.1,3.65,53.8
2025-08-24T06:00:00,8/24/2025 13:00,Hoàn Kiếm,VN,Asia/Ho_Chi_Minh,107,765.5,24,40.1,52,,12.5,22,6.25,1004,77,31,4.9,3.19,61
2025-08-24T07:00:00,8/24/2025 14:00,Hoàn Kiếm,VN,Asia/Ho_Chi_Minh,75,667.3,57,16.8,30,,14,31,6.75,1004,84,29.3,3.2,2.71,77.67
2025-08-24T08:00:00,8/24/2025 15:00,Hoàn Kiếm,VN,Asia/Ho_Chi_Minh,62,1645.3,67.5,9.6,33.3,,4.3,40,2,1004,85,28.7,1.9,1.88,63.67
2025-08-24T09:00:00,8/24/2025 16:00,Hoàn Kiếm,VN,Asia/Ho_Chi_Minh,63,1345,123,26.5,36,,11,38,1.25,1004,84,28.6,1.1,0.85,65
2025-08-24T10:00:00,8/24/2025 17:00,Hoàn Kiếm,VN,Asia/Ho_Chi_Minh,75,1810,33,3.3,39,,1,100,0.5,1004,86,28,0.7,1.94,55.67
2025-08-24T11:00:00,8/24/2025 18:00,Hoàn Kiếm,VN,Asia/Ho_Chi_Minh,76,2180,118.3,37.4,36.5,,13.5,41,0,1004,88,27.3,0.6,1.16,53.33
2025-08-24T12:00:00,8/24/2025 19:00,Hoàn Kiếm,VN,Asia/Ho_Chi_Minh,85,1334,116,28,47.7,,11,24,0,1004,91,27,0,1.39,38
2025-08-24T13:00:00,8/24/2025 20:00,Hoàn Kiếm,VN,Asia/Ho_Chi_Minh,82,1604.8,77,15.3,42.3,,11,29,0,1006,92,26.8,0,1.24,38
2025-08-24T14:00:00,8/24/2025 21:00,Hoàn Kiếm,VN,Asia/Ho_Chi_Minh,95,1420,34,12.9,43,,14,32,0.25,1006,93,26.6,0,2.16,23.67
2025-08-24T15:00:00,8/24/2025 22:00,Hoàn Kiếm,VN,Asia/Ho_Chi_Minh,87,1748.5,14,19.9,38.5,,12.5,31,0,1006,95,26.3,0,2.33,17.5
2025-08-24T16:00:00,8/24/2025 23:00,Hoàn Kiếm,VN,Asia/Ho_Chi_Minh,59,2439,40,52.7,21,,1,32,0,1006,94,26.3,0,3.08,18
2025-08-24T17:00:00,8/25/2025 0:00,Hoàn Kiếm,VN,Asia/Ho_Chi_Minh,67,1054,10.7,49.2,27,,13,38,0,1006,94,26.1,0,3.55,23.5
2025-08-24T18:00:00,8/25/2025 1:00,Hoàn Kiếm,VN,Asia/Ho_Chi_Minh,64,746.5,9,31.2,25,,13,4,0,1005,92,26.2,0,3.83,24
2025-08-24T19:00:00,8/25/2025 2:00,Hoàn Kiếm,VN,Asia/Ho_Chi_Minh,79,743.7,31,33.9,33,,12.5,0,0,1004,91,26.1,0,3.41,28.33
2025-08-24T20:00:00,8/25/2025 3:00,Hoàn Kiếm,VN,Asia/Ho_Chi_Minh,69,530,26,28.6,27.7,,12.5,0,0,1004,91,25.8,0,3.5,26.75
2025-08-24T21:00:00,8/25/2025 4:00,Hoàn Kiếm,VN,Asia/Ho_Chi_Minh,71,342.5,28,34.4,26.7,,13,59,0,1004,93,25.4,0,3.65,32.67
2025-08-24T22:00:00,8/25/2025 5:00,Hoàn Kiếm,VN,Asia/Ho_Chi_Minh,66,1321.5,60,46.7,38.5,,6,67,0.25,1003,92,25.4,0,3.87,29
2025-08-24T23:00:00,8/25/2025 6:00,Hoàn Kiếm,VN,Asia/Ho_Chi_Minh,80,1144,76.3,41.6,38,,13,92,0.75,1004,90,25.5,0.6,4.05,16
2025-08-25T00:00:00,8/25/2025 7:00,Hoàn Kiếm,VN,Asia/Ho_Chi_Minh,90,1903.7,100.5,27.3,60.3,,28.5,100,0.5,1004,88,25.7,0.7,4.35,20
2025-08-25T01:00:00,8/25/2025 8:00,Hoàn Kiếm,VN,Asia/Ho_Chi_Minh,85,1594.7,123,22.9,44.3,,8.8,100,0.75,1005,85,25.9,1.2,4.92,18.5
2025-08-25T02:00:00,8/25/2025 9:00,Hoàn Kiếm,VN,Asia/Ho_Chi_Minh,93,1968,71.5,4.5,62.5,,37.5,99,0.75,1005,83,26.3,1.9,5.53,25.25
2025-08-25T03:00:00,8/25/2025 10:00,Hoàn Kiếm,VN,Asia/Ho_Chi_Minh,77,1270,131,20.9,47.3,,27.3,100,0.5,1004,84,26.6,2.7,5.42,21
2025-08-25T04:00:00,8/25/2025 11:00,Hoàn Kiếm,VN,Asia/Ho_Chi_Minh,51,1613,154,13,34,,21,100,1,1004,86,26.7,3.4,5.1,21.75
2025-08-25T05:00:00,8/25/2025 12:00,Hoàn Kiếm,VN,Asia/Ho_Chi_Minh,60,1020.5,54.5,20,28,,10.7,100,4.25,1004,85,26.8,3.6,5.12,19.33
2025-08-25T06:00:00,8/25/2025 13:00,Hoàn Kiếm,VN,Asia/Ho_Chi_Minh,62,1243,70,13,33.3,,11,100,4,1004,89,26.5,3.4,4.55,26
2025-08-25T07:00:00,8/25/2025 14:00,Hoàn Kiếm,VN,Asia/Ho_Chi_Minh,58,1158,93,26.6,21.5,,13,100,3.75,1002,90,26.5,2.7,5.01,30.75
2025-08-25T08:00:00,8/25/2025 15:00,Hoàn Kiếm,VN,Asia/Ho_Chi_Minh,51,1279.5,108,8.7,39,,6.5,100,3.5,1002,89,26.5,1.8,5.25,28.25
2025-08-25T09:00:00,8/25/2025 16:00,Hoàn Kiếm,VN,Asia/Ho_Chi_Minh,56,1254,139,26.2,37.3,,15.7,100,1.5,1002,89,26.1,1.1,5.37,32
2025-08-25T10:00:00,8/25/2025 17:00,Hoàn Kiếm,VN,Asia/Ho_Chi_Minh,55,1512,131,11.9,37,,5,100,1.5,1002,88,26.1,0.7,5.01,24.5
2025-08-25T11:00:00,8/25/2025 18:00,Hoàn Kiếm,VN,Asia/Ho_Chi_Minh,50,1229,139,24.6,30,,15,100,1,1003,87,26,0.6,4.53,12.5
2025-08-25T12:00:00,8/25/2025 19:00,Hoàn Kiếm,VN,Asia/Ho_Chi_Minh,51,1716,9,27.1,15.5,,12.5,100,1,1004,88,25.7,0,3.85,16.5
2025-08-25T13:00:00,8/25/2025 20:00,Hoàn Kiếm,VN,Asia/Ho_Chi_Minh,31,1255,9,35.3,10,,12.5,100,1,1004,89,25.4,0,3.73,17.5
2025-08-25T14:00:00,8/25/2025 21:00,Hoàn Kiếm,VN,Asia/Ho_Chi_Minh,52,1343.3,9,23.1,16.3,,12.8,100,1,1005,90,25.1,0,3.42,15.67
2025-08-25T15:00:00,8/25/2025 22:00,Hoàn Kiếm,VN,Asia/Ho_Chi_Minh,39,1157,9,21.1,11.5,,13,100,2.5,1006,94,24.7,0,3.67,12.5
2025-08-25T16:00:00,8/25/2025 23:00,Hoàn Kiếm,VN,Asia/Ho_Chi_Minh,50,905,54,11.9,37,,20,100,6,1006,94,24.6,0,3.7,15
2025-08-25T17:00:00,8/26/2025 0:00,Hoàn Kiếm,VN,Asia/Ho_Chi_Minh,54,805.5,53.5,56.9,31,,14,100,7.5,1005,94,24.4,0,3.9,14.33
2025-08-25T18:00:00,8/26/2025 1:00,Hoàn Kiếm,VN,Asia/Ho_Chi_Minh,53,820,28.3,40.5,29,,10.3,100,4.25,1004,93,24.4,0,4.3,12
2025-08-25T19:00:00,8/26/2025 2:00,Hoàn Kiếm,VN,Asia/Ho_Chi_Minh,31,487,1,33.5,9.5,,14,100,3,1004,93,24.3,0,3.63,12.33
2025-08-25T20:00:00,8/26/2025 3:00,Hoàn Kiếm,VN,Asia/Ho_Chi_Minh,46,1063,39,10.3,37,,3.5,100,2,1004,93,24.3,0,3.32,7.5
2025-08-25T21:00:00,8/26/2025 4:00,Hoàn Kiếm,VN,Asia/Ho_Chi_Minh,50,791.5,16,29.9,27,,12.3,100,0.75,1004,94,24.2,0,3.25,13
2025-08-25T22:00:00,8/26/2025 5:00,Hoàn Kiếm,VN,Asia/Ho_Chi_Minh,39,252,44,83.3,10,,24,100,1.5,1004,95,24.1,0,3.31,9.33
2025-08-25T23:00:00,8/26/2025 6:00,Hoàn Kiếm,VN,Asia/Ho_Chi_Minh,34,1156,72,73.3,9,,25,100,3,1004,95,24.1,0.6,3.32,12
2025-08-26T00:00:00,8/26/2025 7:00,Hoàn Kiếm,VN,Asia/Ho_Chi_Minh,56,1978,100,30.6,41.3,,12.7,100,2,1005,95,24.2,0.7,3.45,14
2025-08-26T01:00:00,8/26/2025 8:00,Hoàn Kiếm,VN,Asia/Ho_Chi_Minh,22,2207.5,110.3,43.1,6.5,,13.5,100,4.75,1006,95,24.5,1.2,3.5,13.25
2025-08-26T02:00:00,8/26/2025 9:00,Hoàn Kiếm,VN,Asia/Ho_Chi_Minh,51,1079,100,9.4,43.5,,11,100,3.5,1006,95,24.8,1.9,3.15,7.5
2025-08-26T03:00:00,8/26/2025 10:00,Hoàn Kiếm,VN,Asia/Ho_Chi_Minh,55,1245.3,131,20.3,30.3,,24.3,100,4.5,1007,95,25.8,2.7,3.04,11
2025-08-26T04:00:00,8/26/2025 11:00,Hoàn Kiếm,VN,Asia/Ho_Chi_Minh,59,592.7,146,32.7,38.5,,49.5,100,3.75,1007,95,26.2,3.4,3.07,12
2025-08-26T05:00:00,8/26/2025 12:00,Hoàn Kiếm,VN,Asia/Ho_Chi_Minh,51,907,154,10.8,40,,189,100,2.75,1006,95,26.5,3.6,2.85,8
2025-08-26T06:00:00,8/26/2025 13:00,Hoàn Kiếm,VN,Asia/Ho_Chi_Minh,58,1346.5,7,47.2,22,,13.5,100,3,1006,95,26.9,3.4,3.25,7
2025-08-26T07:00:00,8/26/2025 14:00,Hoàn Kiếm,VN,Asia/Ho_Chi_Minh,58,1064.5,5,53.1,20.5,,13.5,100,3,1005,94,26.6,2.7,3.21,15
2025-08-26T08:00:00,8/26/2025 15:00,Hoàn Kiếm,VN,Asia/Ho_Chi_Minh,56,2048.2,3,42.8,18.8,,13.8,100,2.25,1004,95,26.6,1.8,3.23,5
2025-08-26T09:00:00,8/26/2025 16:00,Hoàn Kiếm,VN,Asia/Ho_Chi_Minh,62,2399,1,40.6,22.5,,14,100,1.25,1005,94,26.6,1.1,3.12,12.33
2025-08-26T10:00:00,8/26/2025 17:00,Hoàn Kiếm,VN,Asia/Ho_Chi_Minh,73,1477.5,100.5,32.7,40,,89,100,0.5,1005,94,26.3,0.7,3.17,14.33
2025-08-26T11:00:00,8/26/2025 18:00,Hoàn Kiếm,VN,Asia/Ho_Chi_Minh,64,1109,216,11.9,66,,79,100,1.25,1006,94,26,0.6,2.9,16
2025-08-26T12:00:00,8/26/2025 19:00,Hoàn Kiếm,VN,Asia/Ho_Chi_Minh,53,1022,100,26.9,30.7,,31.3,100,4.75,1006,95,25.8,0,2.32,12.5
2025-08-26T13:00:00,8/26/2025 20:00,Hoàn Kiếm,VN,Asia/Ho_Chi_Minh,33,1032.7,83.5,21.5,11,,1,25,3.25,1007,95,25.6,0,1.94,15.67
2025-08-26T14:00:00,8/26/2025 21:00,Hoàn Kiếm,VN,Asia/Ho_Chi_Minh,51,743.5,100,27.3,40.5,,46.5,25,2.25,1008,96,25.5,0,1.63,15.5
2025-08-26T15:00:00,8/26/2025 22:00,Hoàn Kiếm,VN,Asia/Ho_Chi_Minh,47,1054,50.5,18.9,29.7,,31.7,43,1,1008,97,25.5,0,1.31,15
2025-08-26T16:00:00,8/26/2025 23:00,Hoàn Kiếm,VN,Asia/Ho_Chi_Minh,31,2116.5,1,30.5,10,,13.5,43,0.5,1008,97,25.2,0,1,17.33
2025-08-26T17:00:00,8/27/2025 0:00,Hoàn Kiếm,VN,Asia/Ho_Chi_Minh,31,1008.5,25.5,30.9,10.5,,12.5,100,3,1008,97,25.1,0,0.99,22.75
2025-08-26T18:00:00,8/27/2025 1:00,Hoàn Kiếm,VN,Asia/Ho_Chi_Minh,76,78.2,13,41,25,,29,100,5,1007,97,24.9,0,0.66,18.5
2025-08-26T19:00:00,8/27/2025 2:00,Hoàn Kiếm,VN,Asia/Ho_Chi_Minh,76,877,26,39.7,32,,2,100,3.5,1006,97,24.8,0,0.69,13.5
2025-08-26T20:00:00,8/27/2025 3:00,Hoàn Kiếm,VN,Asia/Ho_Chi_Minh,31,563,42,42.4,10.5,,12.5,100,3,1006,98,24.7,0,0.85,8
2025-08-26T21:00:00,8/27/2025 4:00,Hoàn Kiếm,VN,Asia/Ho_Chi_Minh,23,715.5,15.5,38.4,7,,12.5,100,1.75,1006,98,24.6,0,0.63,12.67
2025-08-26T22:00:00,8/27/2025 5:00,Hoàn Kiếm,VN,Asia/Ho_Chi_Minh,50,630,1,83.3,15,,25,100,3.75,1006,98,24.6,0,0.83,11.33
2025-08-26T23:00:00,8/27/2025 6:00,Hoàn Kiếm,VN,Asia/Ho_Chi_Minh,35,554,15.5,41.9,8.5,,13,100,4.5,1006,98,24.5,0.6,0.95,7.5
2025-08-27T00:00:00,8/27/2025 7:00,Hoàn Kiếm,VN,Asia/Ho_Chi_Minh,31,2457.5,15.5,53.4,10,,14,100,2.25,1007,97,24.8,0.7,1.22,7.5
2025-08-27T01:00:00,8/27/2025 8:00,Hoàn Kiếm,VN,Asia/Ho_Chi_Minh,29,2181,26.7,36.7,9.3,,10,100,2,1008,96,25.2,1.2,1.52,24
2025-08-27T02:00:00,8/27/2025 9:00,Hoàn Kiếm,VN,Asia/Ho_Chi_Minh,56,2552,1,45.3,18,,13.5,100,2,1008,95,25.6,1.9,1.64,24
2025-08-27T03:00:00,8/27/2025 10:00,Hoàn Kiếm,VN,Asia/Ho_Chi_Minh,25,1628,49,3.4,8,,2,100,1.5,1008,94,26.2,2.7,2.24,7.5
2025-08-27T04:00:00,8/27/2025 11:00,Hoàn Kiếm,VN,Asia/Ho_Chi_Minh,67,2416,41.7,58.8,22,,26,100,0.25,1008,92,26.7,3.4,2.54,5.5
2025-08-27T05:00:00,8/27/2025 12:00,Hoàn Kiếm,VN,Asia/Ho_Chi_Minh,44,1431,29,43.6,10.5,,14,100,0.25,1008,92,26.9,3.6,2.32,12
2025-08-27T06:00:00,8/27/2025 13:00,Hoàn Kiếm,VN,Asia/Ho_Chi_Minh,55,1850,27,72,19.5,,14,100,0,1006,92,26.9,3.3,2.38,8.33
2025-08-27T07:00:00,8/27/2025 14:00,Hoàn Kiếm,VN,Asia/Ho_Chi_Minh,63,2080.7,23,73.1,22.5,,18,99,0,1006,93,26.3,2.7,2.03,7.5
2025-08-27T08:00:00,8/27/2025 15:00,Hoàn Kiếm,VN,Asia/Ho_Chi_Minh,80,1797.5,30,36,36.5,,13.5,98,0,1005,94,26.1,1.8,1.57,7
2025-08-27T09:00:00,8/27/2025 16:00,Hoàn Kiếm,VN,Asia/Ho_Chi_Minh,76,2542,15,75.3,26,,26,8,0,1005,90,27.1,1.2,1.44,14.67
2025-08-27T10:00:00,8/27/2025 17:00,Hoàn Kiếm,VN,Asia/Ho_Chi_Minh,78,2091,22.5,43.2,29.5,,14.5,1,0,1005,90,26.9,0.7,1.22,6
2025-08-27T11:00:00,8/27/2025 18:00,Hoàn Kiếm,VN,Asia/Ho_Chi_Minh,95,2118,30,38.6,45,,27,0,0,1006,93,26.3,0.7,0.9,20
2025-08-27T12:00:00,8/27/2025 19:00,Hoàn Kiếm,VN,Asia/Ho_Chi_Minh,96,2343,37.5,24.6,44,,13.5,12,0,1006,95,25.7,0,0.75,10.5
2025-08-27T13:00:00,8/27/2025 20:00,Hoàn Kiếm,VN,Asia/Ho_Chi_Minh,90,5576,2,42.7,43,,29,12,0,1007,96,25.4,0,0.55,14.5
2025-08-27T14:00:00,8/27/2025 21:00,Hoàn Kiếm,VN,Asia/Ho_Chi_Minh,112,4010,80,20.9,63,,3,12,0,1008,97,25.2,0,0.64,18
2025-08-27T15:00:00,8/27/2025 22:00,Hoàn Kiếm,VN,Asia/Ho_Chi_Minh,143,6696.5,62,22.1,78.5,,15,0,0,1008,97,25.1,0,0.76,26
2025-08-27T16:00:00,8/27/2025 23:00,Hoàn Kiếm,VN,Asia/Ho_Chi_Minh,145,3967,59,32.8,73.5,,15,0,0,1008,97,24.9,0,0.6,24
2025-08-27T17:00:00,8/28/2025 0:00,Hoàn Kiếm,VN,Asia/Ho_Chi_Minh,168,3730.8,55.3,39.9,86.3,,13.7,0,0,1008,98,24.8,0,0.42,25
2025-08-27T18:00:00,8/28/2025 1:00,Hoàn Kiếm,VN,Asia/Ho_Chi_Minh,143,2248,52,48.8,68.5,,13,13,0,1007,98,24.6,0,0.48,33
2025-08-27T19:00:00,8/28/2025 2:00,Hoàn Kiếm,VN,Asia/Ho_Chi_Minh,176,2054.7,58.5,39.9,93.8,,15.8,19,0,1006,99,24.3,0,0.64,33.5
2025-08-27T20:00:00,8/28/2025 3:00,Hoàn Kiếm,VN,Asia/Ho_Chi_Minh,129,2357,71.5,43.8,54,,20,88,0,1006,99,24.2,0,0.57,30.5
2025-08-27T21:00:00,8/28/2025 4:00,Hoàn Kiếm,VN,Asia/Ho_Chi_Minh,139,1668,71.5,22.2,56,,21.3,100,0,1006,98,24.5,0,0.16,40
2025-08-27T22:00:00,8/28/2025 5:00,Hoàn Kiếm,VN,Asia/Ho_Chi_Minh,141,2146,92,33.7,58.7,,13,4,0,1006,98,24.4,0,0.06,51.33
2025-08-27T23:00:00,8/28/2025 6:00,Hoàn Kiếm,VN,Asia/Ho_Chi_Minh,141,2694,108,35.5,65,,17.7,5,0,1007,98,24.3,0.8,0.4,52
2025-08-28T00:00:00,8/28/2025 7:00,Hoàn Kiếm,VN,Asia/Ho_Chi_Minh,150,1878,34,77.6,72,,25,2,0,1008,96,25.1,1.1,0.65,69
2025-08-28T01:00:00,8/28/2025 8:00,Hoàn Kiếm,VN,Asia/Ho_Chi_Minh,144,2426,116,9.2,69,,20,93,0,1008,92,26.2,1.9,0.69,51.5
2025-08-28T02:00:00,8/28/2025 9:00,Hoàn Kiếm,VN,Asia/Ho_Chi_Minh,145,2162.5,116,40.6,70.7,,47,6,0,1008,89,27.3,3.1,0.5,75
2025-08-28T03:00:00,8/28/2025 10:00,Hoàn Kiếm,VN,Asia/Ho_Chi_Minh,157,1425,17,27.9,78.5,,16.5,100,0,1008,85,28.4,5.8,0.96,46
2025-08-28T04:00:00,8/28/2025 11:00,Hoàn Kiếm,VN,Asia/Ho_Chi_Minh,106,2239.5,85,28.6,52,,18,100,0.25,1008,81,29.1,7.7,0.96,50
2025-08-28T05:00:00,8/28/2025 12:00,Hoàn Kiếm,VN,Asia/Ho_Chi_Minh,86,1700.5,2,24.3,38,,14.5,100,1,1006,77,29.8,8.1,0.72,50.5
2025-08-28T06:00:00,8/28/2025 13:00,Hoàn Kiếm,VN,Asia/Ho_Chi_Minh,86,10,62,16.2,36,,32,76,0,1006,76,30,7.8,0.35,50.75
2025-08-28T07:00:00,8/28/2025 14:00,Hoàn Kiếm,VN,Asia/Ho_Chi_Minh,91,1318.3,32,22.9,43.7,,34,100,0,1005,76,30,6.2,0.11,54
2025-08-28T08:00:00,8/28/2025 15:00,Hoàn Kiếm,VN,Asia/Ho_Chi_Minh,150,2480,36,27.3,116,,29,100,0,1004,81,29.1,4.1,0.57,51.67
2025-08-28T09:00:00,8/28/2025 16:00,Hoàn Kiếm,VN,Asia/Ho_Chi_Minh,158,79.4,77,14.1,125,,47,0,0,1004,79,29.4,2.2,1.41,52.25
2025-08-28T10:00:00,8/28/2025 17:00,Hoàn Kiếm,VN,Asia/Ho_Chi_Minh,129,2469.3,39.5,18.2,75,,25.7,0,0,1004,81,29,0.9,1.32,60.33
2025-08-28T11:00:00,8/28/2025 18:00,Hoàn Kiếm,VN,Asia/Ho_Chi_Minh,105,2817.7,2,25.6,49.7,,13.5,0,0,1004,84,28.1,1,1.26,37.75
2025-08-28T12:00:00,8/28/2025 19:00,Hoàn Kiếm,VN,Asia/Ho_Chi_Minh,145,2807,77,11.1,92.3,,25,0,0.5,1006,89,27.3,0,0.81,28.5
2025-08-28T13:00:00,8/28/2025 20:00,Hoàn Kiếm,VN,Asia/Ho_Chi_Minh,112,3641,61.7,36.8,54,,26,0,0,1006,91,27,0,0.67,28.5
2025-08-28T14:00:00,8/28/2025 21:00,Hoàn Kiếm,VN,Asia/Ho_Chi_Minh,98,2444.3,46.3,20.8,44.7,,13.5,0,0,1008,93,26.5,0,0.54,31
2025-08-28T15:00:00,8/28/2025 22:00,Hoàn Kiếm,VN,Asia/Ho_Chi_Minh,111,2591,31,5.2,50,,1,0,0,1008,91,26.5,0,0.89,53.75
2025-08-28T16:00:00,8/28/2025 23:00,Hoàn Kiếm,VN,Asia/Ho_Chi_Minh,115,1788.8,30.3,12.8,51.3,,22.7,0,0,1007,92,26.3,0,0.34,61.33
2025-08-28T17:00:00,8/29/2025 0:00,Hoàn Kiếm,VN,Asia/Ho_Chi_Minh,140,986.6,55,14.1,67,,44.3,0,0,1007,95,25.7,0,0.86,46
2025-08-28T18:00:00,8/29/2025 1:00,Hoàn Kiếm,VN,Asia/Ho_Chi_Minh,118,184.4,29,28,52.5,,66,0,0,1006,96,25.4,0,1.43,37.33
2025-08-28T19:00:00,8/29/2025 2:00,Hoàn Kiếm,VN,Asia/Ho_Chi_Minh,128,1481,42,33.5,61,,24,0,0,1006,96,25.1,0,1.82,52.25
2025-08-28T20:00:00,8/29/2025 3:00,Hoàn Kiếm,VN,Asia/Ho_Chi_Minh,116,1067,55,30.8,50.5,,24,0,0,1006,95,24.8,0,1.94,40
2025-08-28T21:00:00,8/29/2025 4:00,Hoàn Kiếm,VN,Asia/Ho_Chi_Minh,128,1097.3,68,26,59.3,,13,0,0,1006,95,24.8,0,1.89,34
2025-08-28T22:00:00,8/29/2025 5:00,Hoàn Kiếm,VN,Asia/Ho_Chi_Minh,119,1558.3,68,65,56.3,,13.5,0,0,1008,94,24.4,0,1.86,39.5
2025-08-28T23:00:00,8/29/2025 6:00,Hoàn Kiếm,VN,Asia/Ho_Chi_Minh,153,1923.3,36.7,29,68.8,,14,0,0,1008,94,24.3,0.9,1.85,41
2025-08-29T00:00:00,8/29/2025 7:00,Hoàn Kiếm,VN,Asia/Ho_Chi_Minh,151,2336.3,21,30.5,75.3,,14.5,0,0,1008,91,25.3,1,2.57,50.33
2025-08-29T01:00:00,8/29/2025 8:00,Hoàn Kiếm,VN,Asia/Ho_Chi_Minh,157,2223,52.7,41.5,85,,14,0,0,1009,85,26.5,1.3,3.89,42
2025-08-29T02:00:00,8/29/2025 9:00,Hoàn Kiếm,VN,Asia/Ho_Chi_Minh,145,1629,84.3,6.1,66,,1,0,0,1010,81,27.1,3.2,4.13,45.67
2025-08-29T03:00:00,8/29/2025 10:00,Hoàn Kiếm,VN,Asia/Ho_Chi_Minh,173,3491,116,14.4,300.5,,17.5,52,0,1009,83,27,4,3.8,41.33
2025-08-29T04:00:00,8/29/2025 11:00,Hoàn Kiếm,VN,Asia/Ho_Chi_Minh,155,2662.3,103,14.7,79,,1,100,0,1008,77,28.4,3.4,3.82,45.75
2025-08-29T05:00:00,8/29/2025 12:00,Hoàn Kiếm,VN,Asia/Ho_Chi_Minh,263,962,92,35.9,244,,20.3,5,0,1008,74,29.8,3.6,3.92,42.33
2025-08-29T06:00:00,8/29/2025 13:00,Hoàn Kiếm,VN,Asia/Ho_Chi_Minh,252,1005,77,15.3,224,,9.7,13,0.75,1006,74,30.5,3.3,3.68,55
2025-08-29T07:00:00,8/29/2025 14:00,Hoàn Kiếm,VN,Asia/Ho_Chi_Minh,233,966.5,77,30.3,207.7,,18,100,0.75,1006,74,30.3,2.7,3.47,56.25
2025-08-29T08:00:00,8/29/2025 15:00,Hoàn Kiếm,VN,Asia/Ho_Chi_Minh,231,864,77,33.9,205.3,,17.3,100,0.5,1006,82,28.7,1.8,3.24,61
2025-08-29T09:00:00,8/29/2025 16:00,Hoàn Kiếm,VN,Asia/Ho_Chi_Minh,59,2396.7,9,31.7,22,,9.7,47,0.25,1006,83,27.8,1.1,3.67,52
2025-08-29T10:00:00,8/29/2025 17:00,Hoàn Kiếm,VN,Asia/Ho_Chi_Minh,65,2088,11.3,32.2,25,,1,91,0.25,1006,87,27,0.7,3.17,162.67
2025-08-29T11:00:00,8/29/2025 18:00,Hoàn Kiếm,VN,Asia/Ho_Chi_Minh,82,2305,13.7,48.6,37.5,,14,91,0,1006,91,26.2,0.6,2.17,59
2025-08-29T12:00:00,8/29/2025 19:00,Hoàn Kiếm,VN,Asia/Ho_Chi_Minh,74,104.5,16,50,28.8,,80,84,0.25,1007,93,25.9,0,2.02,140.25
2025-08-29T13:00:00,8/29/2025 20:00,Hoàn Kiếm,VN,Asia/Ho_Chi_Minh,100,1880,16,17.5,49.7,,15,59,0.5,1008,93,25.8,0,2.12,132
2025-08-29T14:00:00,8/29/2025 21:00,Hoàn Kiếm,VN,Asia/Ho_Chi_Minh,99,1127.5,16,15,44.7,,14,99,0.5,1008,93,25.6,0,2.4,118
2025-08-29T15:00:00,8/29/2025 22:00,Hoàn Kiếm,VN,Asia/Ho_Chi_Minh,123,927,16,22.8,58.5,,14,80,0.25,1008,92,26,0,2.45,116.5
2025-08-29T16:00:00,8/29/2025 23:00,Hoàn Kiếm,VN,Asia/Ho_Chi_Minh,123,856.8,14.7,25.1,55,,13.7,78,0,1008,92,25.7,0,3.08,16.25
2025-08-29T17:00:00,8/30/2025 0:00,Hoàn Kiếm,VN,Asia/Ho_Chi_Minh,112,1673.5,13.3,52.4,53.5,,13,100,0.5,1008,92,25.5,0,3.3,19
2025-08-29T18:00:00,8/30/2025 1:00,Hoàn Kiếm,VN,Asia/Ho_Chi_Minh,93,716.3,12,29.7,41.3,,13,31,0.75,1007,92,25.2,0,3.28,26.67
2025-08-29T19:00:00,8/30/2025 2:00,Hoàn Kiếm,VN,Asia/Ho_Chi_Minh,77,847.3,9,19.2,33.3,,9,34,0.25,1006,92,25.2,0,3.12,23
2025-08-29T20:00:00,8/30/2025 3:00,Hoàn Kiếm,VN,Asia/Ho_Chi_Minh,76,439,3,20.1,32.3,,1,5,0,1006,92,25.3,0,3.18,35.5
2025-08-29T21:00:00,8/30/2025 4:00,Hoàn Kiếm,VN,Asia/Ho_Chi_Minh,65,745.5,3,54.1,25.5,,13,4,0.25,1006,92,25.3,0,2.94,34.5
2025-08-29T22:00:00,8/30/2025 5:00,Hoàn Kiếm,VN,Asia/Ho_Chi_Minh,66,681,4.7,48.9,26.2,,11.8,9,0,1006,92,25.2,0,2.89,44
2025-08-29T23:00:00,8/30/2025 6:00,Hoàn Kiếm,VN,Asia/Ho_Chi_Minh,52,573,6.3,66.5,17.5,,13.5,99,0,1007,92,25.3,0.6,2.82,44
2025-08-30T00:00:00,8/30/2025 7:00,Hoàn Kiếm,VN,Asia/Ho_Chi_Minh,67,552,8,38.5,27.7,,9.3,98,0,1007,91,25.7,0.8,3.07,39.67
2025-08-30T01:00:00,8/30/2025 8:00,Hoàn Kiếm,VN,Asia/Ho_Chi_Minh,69,916,7,73.5,28,,26,97,0,1008,90,26.5,1.3,3.3,31.75
2025-08-30T02:00:00,8/30/2025 9:00,Hoàn Kiếm,VN,Asia/Ho_Chi_Minh,81,233.4,6,79.5,38.3,,3.8,5,0.25,1008,85,27.9,2,3.86,24.5
2025-08-30T03:00:00,8/30/2025 10:00,Hoàn Kiếm,VN,Asia/Ho_Chi_Minh,88,74.1,5,100,43.7,,1,0,0.25,1007,83,29.2,2.9,3.83,24.25
2025-08-30T04:00:00,8/30/2025 11:00,Hoàn Kiếm,VN,Asia/Ho_Chi_Minh,88,781,5.3,11.9,49,,1,100,0,1006,77,29.5,3.5,4.45,19
2025-08-30T05:00:00,8/30/2025 12:00,Hoàn Kiếm,VN,Asia/Ho_Chi_Minh,78,962,5.7,58,35,,12.5,100,0,1006,76,29.9,3.6,4.01,19.33
2025-08-30T06:00:00,8/30/2025 13:00,Hoàn Kiếm,VN,Asia/Ho_Chi_Minh,77,843.5,6,32.1,34,,13,0,0.25,1006,77,29.9,3.3,3.7,13
2025-08-30T07:00:00,8/30/2025 14:00,Hoàn Kiếm,VN,Asia/Ho_Chi_Minh,67,633,6,21.6,26,,13,100,0,1004,79,29.7,2.6,3.24,20
2025-08-30T08:00:00,8/30/2025 15:00,Hoàn Kiếm,VN,Asia/Ho_Chi_Minh,64,899.3,6,36,24.3,,13,100,0,1004,77,30.3,1.8,3.2,21
2025-08-30T09:00:00,8/30/2025 16:00,Hoàn Kiếm,VN,Asia/Ho_Chi_Minh,55,1293.3,6,18.5,19.3,,10,0,0.75,1004,82,29.5,1.1,2.72,26.5
2025-08-30T10:00:00,8/30/2025 17:00,Hoàn Kiếm,VN,Asia/Ho_Chi_Minh,63,1071.4,4.3,20.8,22.5,,11.2,0,0.75,1005,81,28.9,0.7,2.85,29.75
2025-08-30T11:00:00,8/30/2025 18:00,Hoàn Kiếm,VN,Asia/Ho_Chi_Minh,74,849.6,2.7,23.1,28.8,,12.3,0,1,1006,85,28.2,0.6,2.03,29.5
2025-08-30T12:00:00,8/30/2025 19:00,Hoàn Kiếm,VN,Asia/Ho_Chi_Minh,71,627.7,1,25.5,28.3,,13.5,0,0.5,1006,86,27.6,0,1.84,25
2025-08-30T13:00:00,8/30/2025 20:00,Hoàn Kiếm,VN,Asia/Ho_Chi_Minh,60,1020,1,18.6,22.3,,13.5,0,0,1007,85,27.2,0,1.64,24.67
2025-08-30T14:00:00,8/30/2025 21:00,Hoàn Kiếm,VN,Asia/Ho_Chi_Minh,47,1093,8,6,22.7,,27.5,0,0.75,1008,86,26.8,0,1.64,20
2025-08-30T15:00:00,8/30/2025 22:00,Hoàn Kiếm,VN,Asia/Ho_Chi_Minh,29,1248,14,37,9,,1,5,1.5,1008,92,26.1,0,0.99,18.33
2025-08-30T16:00:00,8/30/2025 23:00,Hoàn Kiếm,VN,Asia/Ho_Chi_Minh,51,1713.5,14.3,21.7,18.5,,13,1,1.5,1008,92,26,0,0.57,14.33
2025-08-30T17:00:00,8/31/2025 0:00,Hoàn Kiếm,VN,Asia/Ho_Chi_Minh,59,870,14.7,58,21,,24,1,0.5,1008,92,26,0,0.33,18
2025-08-30T18:00:00,8/31/2025 1:00,Hoàn Kiếm,VN,Asia/Ho_Chi_Minh,102,82.3,15,26,37,,36,8,0.25,1008,94,25.6,0,0.53,23
2025-08-30T19:00:00,8/31/2025 2:00,Hoàn Kiếm,VN,Asia/Ho_Chi_Minh,54,1016.3,15.3,41.5,18.3,,13,100,0,1007,96,25.2,0,0.65,21.5
2025-08-30T20:00:00,8/31/2025 3:00,Hoàn Kiếm,VN,Asia/Ho_Chi_Minh,53,612.3,15.7,27.8,17.7,,8.7,64,0,1006,97,25.1,0,0.67,16.5
2025-08-30T21:00:00,8/31/2025 4:00,Hoàn Kiếm,VN,Asia/Ho_Chi_Minh,52,770,16,23.2,16.5,,1,100,0,1007,97,24.9,0,0.88,11.33
2025-08-30T22:00:00,8/31/2025 5:00,Hoàn Kiếm,VN,Asia/Ho_Chi_Minh,72,618,15.3,87.4,29,,24,100,0,1008,97,24.8,0,0.97,7
2025-08-30T23:00:00,8/31/2025 6:00,Hoàn Kiếm,VN,Asia/Ho_Chi_Minh,81,836,14.7,54.3,28.5,,13.5,0,0,1008,97,24.8,0.6,0.91,12.33
2025-08-31T00:00:00,8/31/2025 7:00,Hoàn Kiếm,VN,Asia/Ho_Chi_Minh,98,82.3,14,28,42.5,,37,0,0,1008,96,25.4,0.7,1.31,16
2025-08-31T01:00:00,8/31/2025 8:00,Hoàn Kiếm,VN,Asia/Ho_Chi_Minh,100,76.1,12,43,43.8,,43.3,0,0,1008,93,26.2,1.2,1.53,36
2025-08-31T02:00:00,8/31/2025 9:00,Hoàn Kiếm,VN,Asia/Ho_Chi_Minh,78,953.7,2,40,33.3,,10,0,0,1009,92,26.9,1.9,1.45,14
2025-08-31T03:00:00,8/31/2025 10:00,Hoàn Kiếm,VN,Asia/Ho_Chi_Minh,65,63.6,8,73,23.8,,56,86,0,1008,88,28.1,2.7,1.68,13.33
2025-08-31T04:00:00,8/31/2025 11:00,Hoàn Kiếm,VN,Asia/Ho_Chi_Minh,64,875,2,32.7,24.5,,13.5,0,0,1008,85,28.9,3.4,1.68,13
2025-08-31T05:00:00,8/31/2025 12:00,Hoàn Kiếm,VN,Asia/Ho_Chi_Minh,62,728.3,2,28.9,20.5,,13,0,0.25,1008,85,28.7,3.7,1.32,22
2025-08-31T06:00:00,8/31/2025 13:00,Hoàn Kiếm,VN,Asia/Ho_Chi_Minh,65,506.3,2,32.5,25,,9.3,0,0.75,1006,87,28.7,3.4,1.52,26.33
2025-08-31T07:00:00,8/31/2025 14:00,Hoàn Kiếm,VN,Asia/Ho_Chi_Minh,64,1210,4,33.5,27,,14,0,1.75,1006,82,29.9,2.7,1.73,34
2025-08-31T08:00:00,8/31/2025 15:00,Hoàn Kiếm,VN,Asia/Ho_Chi_Minh,61,1164.1,6,17.4,27,,16.4,0,0,1004,81,29.7,1.8,2.43,35
2025-08-31T09:00:00,8/31/2025 16:00,Hoàn Kiếm,VN,Asia/Ho_Chi_Minh,59,1493,8,9.9,28,,20,0,0,1004,83,29.1,1.1,2.05,25
2025-08-31T10:00:00,8/31/2025 17:00,Hoàn Kiếm,VN,Asia/Ho_Chi_Minh,64,1088,5.7,34.3,23,,26,23,0,1005,85,28.4,0.7,1.51,19
2025-08-31T11:00:00,8/31/2025 18:00,Hoàn Kiếm,VN,Asia/Ho_Chi_Minh,63,1282,2,23.2,20.5,,14.5,30,0,1006,89,27.8,0.6,0.64,18.67
2025-08-31T12:00:00,8/31/2025 19:00,Hoàn Kiếm,VN,Asia/Ho_Chi_Minh,82,2132,1,26.2,35.3,,14,38,0,1006,90,27.2,0,0.62,17.33
2025-08-31T13:00:00,8/31/2025 20:00,Hoàn Kiếm,VN,Asia/Ho_Chi_Minh,84,2249.7,2,26.8,38.7,,14.5,35,0,1006,94,26.5,0,0.85,18.75
2025-08-31T14:00:00,8/31/2025 21:00,Hoàn Kiếm,VN,Asia/Ho_Chi_Minh,47,1637,1.7,101.9,11,,1,27,1.25,1007,95,26.3,0,1.06,18.67
2025-08-31T15:00:00,8/31/2025 22:00,Hoàn Kiếm,VN,Asia/Ho_Chi_Minh,99,2121,2,18.9,52.5,,13.5,59,1.75,1008,96,26,0,1.12,16.92
2025-08-31T16:00:00,8/31/2025 23:00,Hoàn Kiếm,VN,Asia/Ho_Chi_Minh,74,1285,8,23.5,41.5,,27,100,1.5,1008,96,25.8,0,0.94,16
2025-08-31T17:00:00,9/1/2025 0:00,Hoàn Kiếm,VN,Asia/Ho_Chi_Minh,90,836,22.7,43.5,42.5,,12.5,37,0.25,1007,97,25.7,0,0.83,18.5
2025-08-31T17:00:00,9/1/2025 0:00,Hoàn Kiếm,VN,Asia/Ho_Chi_Minh,90,836,31.3,43.5,42.5,,12.5,37,0.25,1007,97,25.7,0,0.83,18
2025-08-31T18:00:00,9/1/2025 1:00,Hoàn Kiếm,VN,Asia/Ho_Chi_Minh,106,653,33,34.9,48,,13.5,0,0,1006,97,25.5,0,0.95,26.75
2025-08-31T19:00:00,9/1/2025 2:00,Hoàn Kiếm,VN,Asia/Ho_Chi_Minh,100,672,31,34.9,46.7,,13.5,0,0,1006,97,25.4,0,1.13,27.75
2025-08-31T20:00:00,9/1/2025 3:00,Hoàn Kiếm,VN,Asia/Ho_Chi_Minh,138,637.3,29,3.9,68,,2,0,0,1006,96,25.3,0,1.24,8
2025-08-31T21:00:00,9/1/2025 4:00,Hoàn Kiếm,VN,Asia/Ho_Chi_Minh,104,629.5,27,30.7,41.5,,24,0,0,1006,97,25.3,0,1.23,34.67
2025-08-31T22:00:00,9/1/2025 5:00,Hoàn Kiếm,VN,Asia/Ho_Chi_Minh,128,1174.7,24.7,71.8,59.3,,8.7,0,0.25,1006,96,25.2,0,1.23,23
2025-08-31T23:00:00,9/1/2025 6:00,Hoàn Kiếm,VN,Asia/Ho_Chi_Minh,132,290.8,22.3,14.4,61.5,,49.3,0,0,1006,95,25,0.6,1.02,30.33
2025-09-01T00:00:00,9/1/2025 7:00,Hoàn Kiếm,VN,Asia/Ho_Chi_Minh,131,121.4,20,35,58.8,,62,28,0,1007,94,25.3,0.7,1.05,30.33
2025-09-01T01:00:00,9/1/2025 8:00,Hoàn Kiếm,VN,Asia/Ho_Chi_Minh,130,1015.5,16.3,28.4,62.3,,10,28,0.25,1007,94,25.3,1.1,1.05,37.67
2025-09-01T02:00:00,9/1/2025 9:00,Hoàn Kiếm,VN,Asia/Ho_Chi_Minh,114,1594,12.7,96.8,45,,1,100,0.25,1008,89,26.8,1.9,1.92,35
2025-09-01T03:00:00,9/1/2025 10:00,Hoàn Kiếm,VN,Asia/Ho_Chi_Minh,140,1099,9,33.5,68,,14.5,100,0.75,1007,89,27.4,2.7,1.61,49.5
2025-09-01T04:00:00,9/1/2025 11:00,Hoàn Kiếm,VN,Asia/Ho_Chi_Minh,132,2014,7.7,36.8,62,,13.5,81,0.75,1006,87,28.1,3.3,1.49,37
2025-09-01T05:00:00,9/1/2025 12:00,Hoàn Kiếm,VN,Asia/Ho_Chi_Minh,142,408.7,6.3,93.8,63.8,,5.5,48,0,1006,85,28.9,3.6,1.27,45.75
2025-09-01T06:00:00,9/1/2025 13:00,Hoàn Kiếm,VN,Asia/Ho_Chi_Minh,121,63.6,5,124,57,,1,33,0.75,1005,81,30.1,3.3,0.77,47.33
2025-09-01T07:00:00,9/1/2025 14:00,Hoàn Kiếm,VN,Asia/Ho_Chi_Minh,85,1494.5,6,31.3,37,,13,28,0,1004,80,29.8,2.7,0.7,47
2025-09-01T08:00:00,9/1/2025 15:00,Hoàn Kiếm,VN,Asia/Ho_Chi_Minh,76,857,7,61.5,24,,1,0,1.25,1004,84,28.6,1.8,1.81,46.67
2025-09-01T09:00:00,9/1/2025 16:00,Hoàn Kiếm,VN,Asia/Ho_Chi_Minh,78,1478.5,8,30.2,28.3,,9.3,100,1.75,1004,88,28,1.1,0.76,40.5
2025-09-01T10:00:00,9/1/2025 17:00,Hoàn Kiếm,VN,Asia/Ho_Chi_Minh,68,3042.5,1,27.2,21.3,,9.3,100,1.75,1004,89,27.4,0.7,0.64,50.33
2025-09-01T11:00:00,9/1/2025 18:00,Hoàn Kiếm,VN,Asia/Ho_Chi_Minh,46,2959.5,20,27.6,11,,2,100,1.75,1005,92,27.1,0.7,0.69,47.33
2025-09-01T12:00:00,9/1/2025 19:00,Hoàn Kiếm,VN,Asia/Ho_Chi_Minh,114,3700,26,26.3,56,,15,100,0.75,1006,94,26.7,0,0.79,51
2025-09-01T13:00:00,9/1/2025 20:00,Hoàn Kiếm,VN,Asia/Ho_Chi_Minh,104,2710,17.7,20.8,49,,1,78,0,1006,95,26.3,0,0.73,43.25
2025-09-01T14:00:00,9/1/2025 21:00,Hoàn Kiếm,VN,Asia/Ho_Chi_Minh,119,2549,1,22.5,57,,14.5,50,0,1006,95,26.1,0,0.57,28
2025-09-01T15:00:00,9/1/2025 22:00,Hoàn Kiếm,VN,Asia/Ho_Chi_Minh,111,1764,1,21.2,49.5,,14,0,0,1006,93,26.6,0,0.21,24
2025-09-01T16:00:00,9/1/2025 23:00,Hoàn Kiếm,VN,Asia/Ho_Chi_Minh,129,1246.2,13.3,47.8,63,,25,0,0,1006,93,26.5,0,0.21,25
2025-09-01T17:00:00,9/2/2025 0:00,Hoàn Kiếm,VN,Asia/Ho_Chi_Minh,90,1385,1,20.5,35.7,,9,0,0,1006,94,26.3,0,0.15,20.25
2025-09-01T18:00:00,9/2/2025 1:00,Hoàn Kiếm,VN,Asia/Ho_Chi_Minh,95,210.7,38,13,41.3,,67,0,0,1006,95,26.1,0,0.41,11
2025-09-01T19:00:00,9/2/2025 2:00,Hoàn Kiếm,VN,Asia/Ho_Chi_Minh,98,667.1,36.3,28,41.2,,53,0,0,1006,97,25.7,0,0.67,40.67
2025-09-01T20:00:00,9/2/2025 3:00,Hoàn Kiếm,VN,Asia/Ho_Chi_Minh,78,1422.5,34.7,41.6,29,,12.5,0,0,1006,97,25.5,0,0.93,37
2025-09-01T21:00:00,9/2/2025 4:00,Hoàn Kiếm,VN,Asia/Ho_Chi_Minh,102,1580,33,58,41,,25,0,0,1006,97,25.7,0,1.07,42.33
2025-09-01T22:00:00,9/2/2025 5:00,Hoàn Kiếm,VN,Asia/Ho_Chi_Minh,100,1675.5,28,46.1,41,,13.5,0,0,1006,98,25.4,0,1.17,39.33
2025-09-01T23:00:00,9/2/2025 6:00,Hoàn Kiếm,VN,Asia/Ho_Chi_Minh,109,1921,23,53.9,47,,14,0,0,1006,98,25.4,0.9,1.09,46
2025-09-02T00:00:00,9/2/2025 7:00,Hoàn Kiếm,VN,Asia/Ho_Chi_Minh,110,1980.5,18,40.5,52.5,,14,0,0,1006,96,26.1,1.1,1.21,30.75
2025-09-02T01:00:00,9/2/2025 8:00,Hoàn Kiếm,VN,Asia/Ho_Chi_Minh,142,1343.7,16,53.7,63.8,,33,0,0,1007,91,27.4,1.7,1.54,33
2025-09-02T02:00:00,9/2/2025 9:00,Hoàn Kiếm,VN,Asia/Ho_Chi_Minh,112,676,14,51,46.5,,14,0,0,1008,88,28.2,3.3,1.51,34
2025-09-02T03:00:00,9/2/2025 10:00,Hoàn Kiếm,VN,Asia/Ho_Chi_Minh,104,70,12,80,46.3,,71,0,0,1008,86,29,5,1.21,25
2025-09-02T04:00:00,9/2/2025 11:00,Hoàn Kiếm,VN,Asia/Ho_Chi_Minh,72,721,10.3,29.5,29,,13,0,0,1007,82,29.8,7,1.11,36
2025-09-02T05:00:00,9/2/2025 12:00,Hoàn Kiếm,VN,Asia/Ho_Chi_Minh,64,2310.5,8.7,35.7,24,,13.5,0,0,1006,80,30.5,7.5,1.71,35
2025-09-02T06:00:00,9/2/2025 13:00,Hoàn Kiếm,VN,Asia/Ho_Chi_Minh,89,1721.5,7,43.1,40,,13.5,24,0,1005,77,30.8,7.4,1.67,38.67
2025-09-02T07:00:00,9/2/2025 14:00,Hoàn Kiếm,VN,Asia/Ho_Chi_Minh,80,1174.7,7.3,77.4,32.5,,30,0,0,1004,75,31.2,6.2,1.57,39
2025-09-02T08:00:00,9/2/2025 15:00,Hoàn Kiếm,VN,Asia/Ho_Chi_Minh,88,1312.5,7.7,41.2,41,,14,0,0,1004,74,31.4,4,2.25,51
2025-09-02T09:00:00,9/2/2025 16:00,Hoàn Kiếm,VN,Asia/Ho_Chi_Minh,89,81.1,8,146,37.5,,63,30,0,1004,74,30.7,2.1,2.34,39.67
2025-09-02T10:00:00,9/2/2025 17:00,Hoàn Kiếm,VN,Asia/Ho_Chi_Minh,95,10,6,105.8,41.3,,46.5,35,1.25,1004,81,29.5,0.9,2.36,37
2025-09-02T11:00:00,9/2/2025 18:00,Hoàn Kiếm,VN,Asia/Ho_Chi_Minh,76,1191.3,4,26.6,25,,14,76,0,1004,85,28.9,0.8,1.89,22
2025-09-02T12:00:00,9/2/2025 19:00,Hoàn Kiếm,VN,Asia/Ho_Chi_Minh,79,1990.5,2,25.4,34,,13.5,0,0,1005,89,28.1,0,1.66,18.33
2025-09-02T13:00:00,9/2/2025 20:00,Hoàn Kiếm,VN,Asia/Ho_Chi_Minh,91,976.5,2,32,37,,2,0,0,1006,90,27.6,0,1.85,30
2025-09-02T14:00:00,9/2/2025 21:00,Hoàn Kiếm,VN,Asia/Ho_Chi_Minh,75,1281.5,2,32.7,37,,26,0,0,1006,91,27.3,0,2,26
2025-09-02T15:00:00,9/2/2025 22:00,Hoàn Kiếm,VN,Asia/Ho_Chi_Minh,108,1915,2,20.5,38.5,,14,0,0,1007,93,27.3,0,1.86,29.67
2025-09-02T16:00:00,9/2/2025 23:00,Hoàn Kiếm,VN,Asia/Ho_Chi_Minh,171,1569.8,11,27.9,88.8,,13.5,0,0,1007,94,27.1,0,1.79,30
2025-09-02T17:00:00,9/3/2025 0:00,Hoàn Kiếm,VN,Asia/Ho_Chi_Minh,99,1394,20,47.2,46.5,,13,0,0,1007,94,26.8,0,1.58,33
2025-09-02T18:00:00,9/3/2025 1:00,Hoàn Kiếm,VN,Asia/Ho_Chi_Minh,107,879.5,29,42.6,47,,12.5,0,0,1006,94,26.4,0,1.2,24
2025-09-02T19:00:00,9/3/2025 2:00,Hoàn Kiếm,VN,Asia/Ho_Chi_Minh,72,1204,30,22.3,29,,2,0,0,1006,94,26,0,0.89,25.5
2025-09-02T20:00:00,9/3/2025 3:00,Hoàn Kiếm,VN,Asia/Ho_Chi_Minh,98,492,31,58.2,46,,24,0,0,1006,95,25.9,0,1.05,31
2025-09-02T21:00:00,9/3/2025 4:00,Hoàn Kiếm,VN,Asia/Ho_Chi_Minh,80,893,32,58,34,,24,0,0,1006,96,25.9,0,1.13,23.5
2025-09-02T22:00:00,9/3/2025 5:00,Hoàn Kiếm,VN,Asia/Ho_Chi_Minh,73,1776,29.7,90.2,29.5,,13,0,0,1006,98,25.8,0,1.16,38.5
2025-09-02T23:00:00,9/3/2025 6:00,Hoàn Kiếm,VN,Asia/Ho_Chi_Minh,96,2403,27.3,45.6,43.5,,13.5,0,0,1006,98,25.7,1.7,1.08,71
2025-09-03T00:00:00,9/3/2025 7:00,Hoàn Kiếm,VN,Asia/Ho_Chi_Minh,156,162.2,25,33,62,,79,0,0,1007,96,26.4,2.1,1.37,34.5
2025-09-03T01:00:00,9/3/2025 8:00,Hoàn Kiếm,VN,Asia/Ho_Chi_Minh,108,1446.5,1,35.8,50,,9.7,0,0,1008,90,27.9,3.2,0.99,38
2025-09-03T02:00:00,9/3/2025 9:00,Hoàn Kiếm,VN,Asia/Ho_Chi_Minh,121,2808.5,1,47.3,59.5,,17,0,0,1008,83,29.4,5.4,0.97,22
2025-09-03T03:00:00,9/3/2025 10:00,Hoàn Kiếm,VN,Asia/Ho_Chi_Minh,103,2269,2,19,49.5,,15,0,0,1008,76,30.7,8,1.52,34
2025-09-03T04:00:00,9/3/2025 11:00,Hoàn Kiếm,VN,Asia/Ho_Chi_Minh,98,1216.3,2,16.7,44.7,,9.3,0,0,1007,73,31.6,9.4,1.4,26
2025-09-03T05:00:00,9/3/2025 12:00,Hoàn Kiếm,VN,Asia/Ho_Chi_Minh,88,866.7,14.7,12.4,38.3,,9.7,0,0,1006,68,32.3,8.9,1.73,22.5
2025-09-03T06:00:00,9/3/2025 13:00,Hoàn Kiếm,VN,Asia/Ho_Chi_Minh,81,1201.7,21,21.8,35,,10.7,0,0,1005,65,32.8,8.4,2.21,33.33
2025-09-03T07:00:00,9/3/2025 14:00,Hoàn Kiếm,VN,Asia/Ho_Chi_Minh,59,10,62,16.2,27,,53,0,0,1004,68,32.8,6.7,2.48,60
2025-09-03T08:00:00,9/3/2025 15:00,Hoàn Kiếm,VN,Asia/Ho_Chi_Minh,48,10,62,16.2,27,,53,0,0,1004,69,32.7,5.2,2.7,38.25
2025-09-03T09:00:00,9/3/2025 16:00,Hoàn Kiếm,VN,Asia/Ho_Chi_Minh,66,610.5,51.3,23,31.5,,19.8,0,0,1004,62,32.8,3.2,2.85,43.33
2025-09-03T10:00:00,9/3/2025 17:00,Hoàn Kiếm,VN,Asia/Ho_Chi_Minh,81,2059,625,22.5,26.5,,14.5,0,0,1004,65,32.1,1.3,2.83,36.67
2025-09-03T11:00:00,9/3/2025 18:00,Hoàn Kiếm,VN,Asia/Ho_Chi_Minh,62,1019,53.3,16.8,23,,9.7,0,0,1003,73,30.6,1.1,2.29,34
2025-09-03T12:00:00,9/3/2025 19:00,Hoàn Kiếm,VN,Asia/Ho_Chi_Minh,69,141.8,54,15.1,48,,58,0,0,1004,80,29.3,0,2.13,29.5
2025-09-03T13:00:00,9/3/2025 20:00,Hoàn Kiếm,VN,Asia/Ho_Chi_Minh,75,1451,37.3,34.3,35.3,,13.5,0,0,1005,83,28.6,0,2.76,26.33
2025-09-03T14:00:00,9/3/2025 21:00,Hoàn Kiếm,VN,Asia/Ho_Chi_Minh,69,156.2,46,10.8,39,,47,0,0,1006,85,27.9,0,2.82,16
2025-09-03T15:00:00,9/3/2025 22:00,Hoàn Kiếm,VN,Asia/Ho_Chi_Minh,85,163.4,28,28,35,,64,0,0,1007,86,27.7,0,2.51,11.5
2025-09-03T16:00:00,9/3/2025 23:00,Hoàn Kiếm,VN,Asia/Ho_Chi_Minh,86,1033,19.7,31.5,38.3,,8.7,0,0,1007,89,27.3,0,2.2,19.2
2025-09-03T17:00:00,9/4/2025 0:00,Hoàn Kiếm,VN,Asia/Ho_Chi_Minh,74,537,14,56.4,30.7,,8.7,0,0,1006,91,26.9,0,1.92,18.67
2025-09-03T18:00:00,9/4/2025 1:00,Hoàn Kiếm,VN,Asia/Ho_Chi_Minh,137,175.1,33,13,50,,64,0,0,1006,92,26.6,0,1.95,17.33
2025-09-03T19:00:00,9/4/2025 2:00,Hoàn Kiếm,VN,Asia/Ho_Chi_Minh,75,406.5,29.8,56.4,35.5,,18.8,0,0.5,1006,93,26.4,0,2,21
2025-09-03T20:00:00,9/4/2025 3:00,Hoàn Kiếm,VN,Asia/Ho_Chi_Minh,66,857,86,33.9,44.5,,173,0,0,1006,95,26.2,0,2,23.6
2025-09-03T21:00:00,9/4/2025 4:00,Hoàn Kiếm,VN,Asia/Ho_Chi_Minh,82,953.5,81.5,20.4,45.5,,55.5,0,0,1006,96,26,0,1.98,21
2025-09-03T22:00:00,9/4/2025 5:00,Hoàn Kiếm,VN,Asia/Ho_Chi_Minh,82,1210,247,81.1,44.8,,110,0,0,1006,96,25.9,0,1.83,28
2025-09-03T23:00:00,9/4/2025 6:00,Hoàn Kiếm,VN,Asia/Ho_Chi_Minh,87,1455,16.3,52.7,39,,11,0,0,1006,96,25.8,2,1.71,28.67
2025-09-04T00:00:00,9/4/2025 7:00,Hoàn Kiếm,VN,Asia/Ho_Chi_Minh,83,1977.5,124,42.3,56.5,,71.5,0,0,1006,93,27,2.3,1.98,23
2025-09-04T01:00:00,9/4/2025 8:00,Hoàn Kiếm,VN,Asia/Ho_Chi_Minh,74,1864.3,106.3,10.8,43,,61.3,0,0,1008,84,28.6,3.4,2.62,49
2025-09-04T02:00:00,9/4/2025 9:00,Hoàn Kiếm,VN,Asia/Ho_Chi_Minh,79,1414.7,12,24.6,36,,10.7,0,0,1008,77,30.1,5.7,2.61,23.5
2025-09-04T03:00:00,9/4/2025 10:00,Hoàn Kiếm,VN,Asia/Ho_Chi_Minh,72,1492.7,19.7,16.1,32,,11,0,0,1008,71,31.5,8.3,2.57,19.5
2025-09-04T04:00:00,9/4/2025 11:00,Hoàn Kiếm,VN,Asia/Ho_Chi_Minh,76,1041,22.3,46,32,,15.3,0,0,1007,64,32.4,10,2.58,26.75
2025-09-04T05:00:00,9/4/2025 12:00,Hoàn Kiếm,VN,Asia/Ho_Chi_Minh,61,10,26.6,47.7,21.3,,58.8,0,0,1006,60,33.4,10.6,2.43,26.8
2025-09-04T06:00:00,9/4/2025 13:00,Hoàn Kiếm,VN,Asia/Ho_Chi_Minh,73,864,30,63.5,36,,82.7,0,0,1005,56,34.2,8.8,2.18,29.33
2025-09-04T07:00:00,9/4/2025 14:00,Hoàn Kiếm,VN,Asia/Ho_Chi_Minh,76,1225.5,40.3,32.1,39.3,,72.7,0,0,1004,53,34.8,7.8,2.39,27.33
2025-09-04T08:00:00,9/4/2025 15:00,Hoàn Kiếm,VN,Asia/Ho_Chi_Minh,82,1232,38.3,30.3,43.3,,289,0,0,1003,51,34.8,5.4,3.03,23.25
2025-09-04T09:00:00,9/4/2025 16:00,Hoàn Kiếm,VN,Asia/Ho_Chi_Minh,74,1292.5,44.7,45.5,40.7,,116.3,0,0,1003,58,33.5,3.3,3.43,25.5
2025-09-04T10:00:00,9/4/2025 17:00,Hoàn Kiếm,VN,Asia/Ho_Chi_Minh,80,1161.7,111.5,17.7,36,,49.3,0,0,1003,65,32.3,2.2,3.75,22
2025-09-04T11:00:00,9/4/2025 18:00,Hoàn Kiếm,VN,Asia/Ho_Chi_Minh,95,1275.3,59.6,8.1,44,,71,0,0,1003,72,30.9,2,2.96,24
2025-09-04T12:00:00,9/4/2025 19:00,Hoàn Kiếm,VN,Asia/Ho_Chi_Minh,78,1266.7,67,31,31.5,,14.5,0,0,1004,78,29.6,0,2.51,17
2025-09-04T13:00:00,9/4/2025 20:00,Hoàn Kiếm,VN,Asia/Ho_Chi_Minh,93,1291.4,58.2,29.7,40,,15.6,0,0,1004,83,28.7,0,2.89,22.5
2025-09-04T14:00:00,9/4/2025 21:00,Hoàn Kiếm,VN,Asia/Ho_Chi_Minh,98,656.3,80.7,13.3,59.8,,54.8,0,0,1006,86,27.9,0,2.68,24.25
2025-09-04T15:00:00,9/4/2025 22:00,Hoàn Kiếm,VN,Asia/Ho_Chi_Minh,85,1341,40.5,27.3,37,,17.7,0,0,1006,86,27.9,0,2.61,27
2025-09-04T16:00:00,9/4/2025 23:00,Hoàn Kiếm,VN,Asia/Ho_Chi_Minh,88,858,13.5,51.1,39,,15.7,0,0,1006,88,27.4,0,2.37,23.33
2025-09-04T17:00:00,9/5/2025 0:00,Hoàn Kiếm,VN,Asia/Ho_Chi_Minh,92,680.3,33.2,52.8,39.9,,16.3,0,0,1006,91,27.1,0,2.11,25.67
2025-09-04T18:00:00,9/5/2025 1:00,Hoàn Kiếm,VN,Asia/Ho_Chi_Minh,96,350,29.5,65.6,41.3,,15.7,0,0,1005,92,26.8,0,1.96,33
2025-09-04T19:00:00,9/5/2025 2:00,Hoàn Kiếm,VN,Asia/Ho_Chi_Minh,81,681,63,32.5,48,,33.3,0,0,1004,94,26.5,0,1.87,25
2025-09-04T20:00:00,9/5/2025 3:00,Hoàn Kiếm,VN,Asia/Ho_Chi_Minh,63,504,100,9.7,58,,84,0,0,1004,95,26.3,0,1.85,32
2025-09-04T21:00:00,9/5/2025 4:00,Hoàn Kiếm,VN,Asia/Ho_Chi_Minh,81,826.5,66,20.3,45,,35.3,0,0,1006,96,26.3,0,1.78,34
2025-09-04T22:00:00,9/5/2025 5:00,Hoàn Kiếm,VN,Asia/Ho_Chi_Minh,92,1423.7,34.5,34,42,,14.7,0,0,1006,96,26.3,0,1.72,28
2025-09-04T23:00:00,9/5/2025 6:00,Hoàn Kiếm,VN,Asia/Ho_Chi_Minh,73,504,123,7.6,64,,163,0,0,1006,96,26.3,1.7,1.52,29.67
2025-09-05T00:00:00,9/5/2025 7:00,Hoàn Kiếm,VN,Asia/Ho_Chi_Minh,92,1897,80.3,55.4,61.5,,32.8,0,0,1008,92,27.5,1.8,1.6,31.5
2025-09-05T01:00:00,9/5/2025 8:00,Hoàn Kiếm,VN,Asia/Ho_Chi_Minh,97,1485.3,103.7,15.6,66.8,,34.3,0,0,1008,85,29.1,2.3,2.07,33.25
2025-09-05T02:00:00,9/5/2025 9:00,Hoàn Kiếm,VN,Asia/Ho_Chi_Minh,88,1377.5,69,37.1,56.5,,41.5,0,0,1008,77,30.3,2.1,2.14,26.25
2025-09-05T03:00:00,9/5/2025 10:00,Hoàn Kiếm,VN,Asia/Ho_Chi_Minh,78,1158.8,95.7,18.4,46.8,,28.3,0,0,1008,74,31.3,3,1.71,18
2025-09-05T04:00:00,9/5/2025 11:00,Hoàn Kiếm,VN,Asia/Ho_Chi_Minh,85,1017.7,58.5,24,37.3,,14.7,0,0,1007,69,32.3,3.5,1.44,26.4
2025-09-05T05:00:00,9/5/2025 12:00,Hoàn Kiếm,VN,Asia/Ho_Chi_Minh,45,504,170,16.2,49,,42,0,0,1006,64,33.1,4.2,1.49,31.33
2025-09-05T06:00:00,9/5/2025 13:00,Hoàn Kiếm,VN,Asia/Ho_Chi_Minh,81,895.3,62,22.9,36.3,,14,0,0,1005,60,33.9,4.5,1.74,22.5
2025-09-05T07:00:00,9/5/2025 14:00,Hoàn Kiếm,VN,Asia/Ho_Chi_Minh,85,980.7,56.5,50.3,41.3,,14.3,0,0,1004,57,34.5,3.3,2.13,31.4
2025-09-05T08:00:00,9/5/2025 15:00,Hoàn Kiếm,VN,Asia/Ho_Chi_Minh,74,1197.7,135.5,37.6,37.7,,23.3,0,0,1003,55,34.6,2.5,2.31,33.6
2025-09-05T09:00:00,9/5/2025 16:00,Hoàn Kiếm,VN,Asia/Ho_Chi_Minh,77,955,121.5,44.7,37,,23.3,30,0.5,1003,59,33.8,2.6,2.35,29.4
2025-09-05T10:00:00,9/5/2025 17:00,Hoàn Kiếm,VN,Asia/Ho_Chi_Minh,35,605,139,32.4,38,,37,0,0,1003,60,33.2,0.8,2.52,24.75
2025-09-05T11:00:00,9/5/2025 18:00,Hoàn Kiếm,VN,Asia/Ho_Chi_Minh,59,1286.5,151.7,21,43,,39.3,0,0,1004,67,31.8,1.1,2.27,28
2025-09-05T12:00:00,9/5/2025 19:00,Hoàn Kiếm,VN,Asia/Ho_Chi_Minh,83,1567.3,55,45,33,,13.7,0,0,1004,75,30.2,0,2.71,6
2025-09-05T13:00:00,9/5/2025 20:00,Hoàn Kiếm,VN,Asia/Ho_Chi_Minh,95,1211,55.5,17.4,43,,13.3,0,0,1005,82,29.2,0,3.18,26.25
2025-09-05T14:00:00,9/5/2025 21:00,Hoàn Kiếm,VN,Asia/Ho_Chi_Minh,99,840,42,20.5,47,,13,0,0,1006,85,28.4,0,2.76,28
2025-09-05T15:00:00,9/5/2025 22:00,Hoàn Kiếm,VN,Asia/Ho_Chi_Minh,90,588.5,42,16.1,40.7,,10.7,0,0,1006,86,28.4,0,2.27,23.33
2025-09-05T16:00:00,9/5/2025 23:00,Hoàn Kiếm,VN,Asia/Ho_Chi_Minh,55,504,100,11.9,64,,68,0,0,1007,89,27.9,0,1.95,24.67
2025-09-05T17:00:00,9/6/2025 0:00,Hoàn Kiếm,VN,Asia/Ho_Chi_Minh,72,737.8,74.3,32.9,42.5,,23,0,0,1006,91,27.5,0,1.66,3
2025-09-05T18:00:00,9/6/2025 1:00,Hoàn Kiếm,VN,Asia/Ho_Chi_Minh,65,598.8,55.3,33.2,37,,17.3,0,0,1006,93,27.3,0,1.49,16.25
2025-09-05T19:00:00,9/6/2025 2:00,Hoàn Kiếm,VN,Asia/Ho_Chi_Minh,65,601.3,85,30.8,38.3,,53,0,0,1006,93,27.2,0,1.38,27.5
2025-09-05T20:00:00,9/6/2025 3:00,Hoàn Kiếm,VN,Asia/Ho_Chi_Minh,66,704.8,64,26.8,40.3,,26.8,0,0,1006,94,27,0,1.23,33
2025-09-05T21:00:00,9/6/2025 4:00,Hoàn Kiếm,VN,Asia/Ho_Chi_Minh,76,830,27,42.3,32.3,,10.7,0,0,1006,94,27,0,1.06,34.75
2025-09-05T22:00:00,9/6/2025 5:00,Hoàn Kiếm,VN,Asia/Ho_Chi_Minh,66,605,254,5.4,86,,37,0,0,1006,95,26.9,0,1.09,30.33
2025-09-05T23:00:00,9/6/2025 6:00,Hoàn Kiếm,VN,Asia/Ho_Chi_Minh,83,1164.3,100,80,64.8,,18.3,0,0,1006,95,26.9,0.8,1.09,9
2025-09-06T00:00:00,9/6/2025 7:00,Hoàn Kiếm,VN,Asia/Ho_Chi_Minh,92,1452.3,136.3,34.7,77.5,,30.5,0,0,1008,93,27.8,1,1.31,22.25
2025-09-06T01:00:00,9/6/2025 8:00,Hoàn Kiếm,VN,Asia/Ho_Chi_Minh,75,1023,177.7,18.1,64.8,,37.3,0,0,1008,87,29.1,1.6,1.53,19
2025-09-06T02:00:00,9/6/2025 9:00,Hoàn Kiếm,VN,Asia/Ho_Chi_Minh,70,1046.8,92.3,19.8,52,,32,0,0,1009,81,29.8,2.2,1.54,19
2025-09-06T03:00:00,9/6/2025 10:00,Hoàn Kiếm,VN,Asia/Ho_Chi_Minh,76,924.7,39.5,29.1,32.3,,13,0,0,1008,77,30.6,2.9,1.46,19.25
2025-09-06T04:00:00,9/6/2025 11:00,Hoàn Kiếm,VN,Asia/Ho_Chi_Minh,68,504,162,16.2,90,,37,0,0,1008,72,31.4,3.7,1.25,24
2025-09-06T05:00:00,9/6/2025 12:00,Hoàn Kiếm,VN,Asia/Ho_Chi_Minh,80,761.3,87,36.5,46.3,,25.3,0,0,1008,69,32.2,4.3,1.09,19
2025-09-06T06:00:00,9/6/2025 13:00,Hoàn Kiếm,VN,Asia/Ho_Chi_Minh,78,536,72,35,40.8,,17,0,0,1006,65,32.8,4.3,0.95,27.2
2025-09-06T07:00:00,9/6/2025 14:00,Hoàn Kiếm,VN,Asia/Ho_Chi_Minh,87,1797,65.5,33.8,39,,9,0,0,1004,63,33.2,3,1.14,31.6
2025-09-06T08:00:00,9/6/2025 15:00,Hoàn Kiếm,VN,Asia/Ho_Chi_Minh,87,1037.8,59,28,36.3,,15.2,0,0,1004,63,33,2.2,1.31,23.75
2025-09-06T09:00:00,9/6/2025 16:00,Hoàn Kiếm,VN,Asia/Ho_Chi_Minh,96,1288.7,52.5,24.5,44.7,,14.3,0,0,1004,58,33.5,1.3,1.98,21.25
2025-09-06T10:00:00,9/6/2025 17:00,Hoàn Kiếm,VN,Asia/Ho_Chi_Minh,95,1112.5,56,28.6,41.3,,15.5,18,0,1004,60,32.8,0.7,2.14,24
2025-09-06T11:00:00,9/6/2025 18:00,Hoàn Kiếm,VN,Asia/Ho_Chi_Minh,93,1449.3,49.5,30.4,40,,12.7,0,0,1004,71,31.2,0.7,2.15,11
2025-09-06T12:00:00,9/6/2025 19:00,Hoàn Kiếm,VN,Asia/Ho_Chi_Minh,79,760.2,63,37,40.5,,17.8,28,0,1004,80,29.8,0,1.79,25.8
2025-09-06T13:00:00,9/6/2025 20:00,Hoàn Kiếm,VN,Asia/Ho_Chi_Minh,78,712.4,56.3,17.3,40.3,,26,0,0,1006,81,29.2,0,2.16,25
2025-09-06T14:00:00,9/6/2025 21:00,Hoàn Kiếm,VN,Asia/Ho_Chi_Minh,43,504,146,16.2,47,,42,0,0,1006,82,28.5,0,2.32,29
2025-09-06T15:00:00,9/6/2025 22:00,Hoàn Kiếm,VN,Asia/Ho_Chi_Minh,160,179.2,28,34,66,,76,0,0,1007,86,28,0,2.05,29
2025-09-06T16:00:00,9/6/2025 23:00,Hoàn Kiếm,VN,Asia/Ho_Chi_Minh,71,647.2,58.3,20,37.3,,14,0,0,1006,89,27.7,0,1.93,33.33
2025-09-06T17:00:00,9/7/2025 0:00,Hoàn Kiếm,VN,Asia/Ho_Chi_Minh,71,487,55,48.5,38,,21.5,0,0,1006,90,27.4,0,1.68,33
2025-09-06T18:00:00,9/7/2025 1:00,Hoàn Kiếm,VN,Asia/Ho_Chi_Minh,65,754.8,70.3,30.1,35.3,,21.5,0,0,1006,92,27.2,0,1.14,31.75
2025-09-06T19:00:00,9/7/2025 2:00,Hoàn Kiếm,VN,Asia/Ho_Chi_Minh,69,957,58.3,54.7,39,,13.8,0,0,1005,93,26.9,0,0.7,25.6
2025-09-06T20:00:00,9/7/2025 3:00,Hoàn Kiếm,VN,Asia/Ho_Chi_Minh,76,820,56.3,25.5,43.3,,15,0,0,1005,95,26.4,0,0.95,25
2025-09-06T21:00:00,9/7/2025 4:00,Hoàn Kiếm,VN,Asia/Ho_Chi_Minh,211,235.8,37,8,104,,66,0,0,1006,97,26.1,0,0.87,5
2025-09-06T22:00:00,9/7/2025 5:00,Hoàn Kiếm,VN,Asia/Ho_Chi_Minh,75,862.3,55.7,82.2,47.8,,24,0,0,1006,97,25.8,0,0.88,63
2025-09-06T23:00:00,9/7/2025 6:00,Hoàn Kiếm,VN,Asia/Ho_Chi_Minh,79,806,127.5,5.4,56.8,,32,0,0,1006,97,25.6,0.8,0.82,21.6
2025-09-07T00:00:00,9/7/2025 7:00,Hoàn Kiếm,VN,Asia/Ho_Chi_Minh,90,1172.5,78.3,29.3,63.8,,18.8,0,0,1007,95,26.7,2,1.11,21.8
2025-09-07T01:00:00,9/7/2025 8:00,Hoàn Kiếm,VN,Asia/Ho_Chi_Minh,91,1027.7,82.7,17.1,64.5,,24.5,0,0,1008,85,28.6,3,1.31,19
2025-09-07T02:00:00,9/7/2025 9:00,Hoàn Kiếm,VN,Asia/Ho_Chi_Minh,79,1247.7,45,20.5,36.3,,25,0,0,1008,77,30,4.4,1.68,21
2025-09-07T03:00:00,9/7/2025 10:00,Hoàn Kiếm,VN,Asia/Ho_Chi_Minh,98,806,185,6.5,138,,32,0,0,1007,67,31.6,5.7,1.59,24.25
2025-09-07T04:00:00,9/7/2025 11:00,Hoàn Kiếm,VN,Asia/Ho_Chi_Minh,86,934,57.5,57.5,37.7,,18.7,0,0,1006,61,32.6,8.3,1.76,101
2025-09-07T05:00:00,9/7/2025 12:00,Hoàn Kiếm,VN,Asia/Ho_Chi_Minh,113,871.3,99.7,203.8,79.6,,12,0,0,1006,57,33.7,10.1,1.6,23.5
2025-09-07T06:00:00,9/7/2025 13:00,Hoàn Kiếm,VN,Asia/Ho_Chi_Minh,142,904,57,302.4,50.3,,2,0,0,1004,53,34.3,9.8,1.35,25.6
2025-09-07T07:00:00,9/7/2025 14:00,Hoàn Kiếm,VN,Asia/Ho_Chi_Minh,116,1381,65,50.8,55.7,,16.3,0,0,1002,50,34.8,7.3,1.09,30.6
2025-09-07T08:00:00,9/7/2025 15:00,Hoàn Kiếm,VN,Asia/Ho_Chi_Minh,107,1414.7,72.5,37.2,51,,14.3,0,0,1002,50,34.9,5,1,31
2025-09-07T09:00:00,9/7/2025 16:00,Hoàn Kiếm,VN,Asia/Ho_Chi_Minh,100,79.4,6,161,35,,92,0,0,1002,50,34.8,2.3,1.35,25.25
2025-09-07T10:00:00,9/7/2025 17:00,Hoàn Kiếm,VN,Asia/Ho_Chi_Minh,146,1231.8,67.5,42.2,52.3,,15,0,0,1002,51,34.2,1,1.39,34
2025-09-07T11:00:00,9/7/2025 18:00,Hoàn Kiếm,VN,Asia/Ho_Chi_Minh,109,2114,90,48.8,52.3,,13,0,0,1002,60,32.6,0.8,0.82,28.67
2025-09-07T12:00:00,9/7/2025 19:00,Hoàn Kiếm,VN,Asia/Ho_Chi_Minh,115,263.8,37,95,51.3,,132,0,0,1002,67,31.1,0,0.86,36.44
2025-09-07T13:00:00,9/7/2025 20:00,Hoàn Kiếm,VN,Asia/Ho_Chi_Minh,139,291.8,99,66.2,66.7,,121.3,0,0,1004,72,29.8,0,1.04,37.67
2025-09-07T14:00:00,9/7/2025 21:00,Hoàn Kiếm,VN,Asia/Ho_Chi_Minh,154,1616.5,70,27.3,78.3,,12,0,0,1004,77,28.7,0,2.1,41.33
2025-09-07T15:00:00,9/7/2025 22:00,Hoàn Kiếm,VN,Asia/Ho_Chi_Minh,168,347.8,223,8.6,126,,100,0,0,1004,81,28.4,0,2.26,38
2025-09-07T16:00:00,9/7/2025 23:00,Hoàn Kiếm,VN,Asia/Ho_Chi_Minh,164,1524.7,106,17.8,96.3,,30.3,0,0,1004,82,28,0,1.81,34
2025-09-07T17:00:00,9/8/2025 0:00,Hoàn Kiếm,VN,Asia/Ho_Chi_Minh,155,1512,64.3,43.5,88.8,,28.5,0,0,1004,83,27.7,0,1.68,52.33
2025-09-07T18:00:00,9/8/2025 1:00,Hoàn Kiếm,VN,Asia/Ho_Chi_Minh,158,1225,71.5,35.6,101.5,,54.5,0,0.25,1004,83,27.4,0,1.43,38.75
2025-09-07T19:00:00,9/8/2025 2:00,Hoàn Kiếm,VN,Asia/Ho_Chi_Minh,95,605,146.5,12.4,92,,53,0,0,1003,85,27.2,0,0.87,41
2025-09-07T20:00:00,9/8/2025 3:00,Hoàn Kiếm,VN,Asia/Ho_Chi_Minh,156,912.3,50,38.6,80,,9.3,0,0,1004,86,27,0,0.8,50
2025-09-07T21:00:00,9/8/2025 4:00,Hoàn Kiếm,VN,Asia/Ho_Chi_Minh,93,605,231,6.5,92,,53,0,0,1004,88,26.5,0,1.36,58.67
2025-09-07T22:00:00,9/8/2025 5:00,Hoàn Kiếm,VN,Asia/Ho_Chi_Minh,145,1059.8,68.3,35.8,89,,14,0,0,1004,88,26.3,0,1.7,69
2025-09-07T23:00:00,9/8/2025 6:00,Hoàn Kiếm,VN,Asia/Ho_Chi_Minh,153,1477.5,97.3,56.3,102,,20,0,0,1004,90,26,0.8,1.48,65.75
2025-09-08T00:00:00,9/8/2025 7:00,Hoàn Kiếm,VN,Asia/Ho_Chi_Minh,169,2898.3,127,32,119.5,,26.5,0,0,1004,87,26.9,0.8,1.34,59
2025-09-08T01:00:00,9/8/2025 8:00,Hoàn Kiếm,VN,Asia/Ho_Chi_Minh,182,2659.8,139.7,44.8,131.5,,16,0,0,1006,82,28.8,1.3,1.17,61.5
2025-09-08T02:00:00,9/8/2025 9:00,Hoàn Kiếm,VN,Asia/Ho_Chi_Minh,179,1722.1,112.3,36.2,129.3,,19.3,0,0,1006,74,30.5,2,0.87,33
2025-09-08T03:00:00,9/8/2025 10:00,Hoàn Kiếm,VN,Asia/Ho_Chi_Minh,184,1134,105,38.3,134.3,,15.8,0,0,1006,69,32.7,2.9,0.78,60
2025-09-08T04:00:00,9/8/2025 11:00,Hoàn Kiếm,VN,Asia/Ho_Chi_Minh,178,1096,54.5,10.7,102.3,,11.3,0,0,1005,66,33.7,3.5,0.91,32
2025-09-08T05:00:00,9/8/2025 12:00,Hoàn Kiếm,VN,Asia/Ho_Chi_Minh,168,940.5,39.5,200.1,92.3,,11.3,0,0,1004,62,34.3,4,0.83,52.2
2025-09-08T06:00:00,9/8/2025 13:00,Hoàn Kiếm,VN,Asia/Ho_Chi_Minh,151,636,92.5,73.2,86.7,,20.7,0,0,1002,60,34.8,3.5,0.45,57.6
2025-09-08T07:00:00,9/8/2025 14:00,Hoàn Kiếm,VN,Asia/Ho_Chi_Minh,127,554,74.5,67.2,71.3,,21.7,0,1.75,1002,57,35.2,2.6,0.36,69.8
2025-09-08T08:00:00,9/8/2025 15:00,Hoàn Kiếm,VN,Asia/Ho_Chi_Minh,129,1068.9,92.2,78.6,69.4,,26.4,27,0.5,1000,55,35.2,1.7,0.38,79.2
2025-09-08T09:00:00,9/8/2025 16:00,Hoàn Kiếm,VN,Asia/Ho_Chi_Minh,115,1285.3,92,81.3,60.8,,29.3,100,0.75,1000,60,34.6,1,0.79,77.13
2025-09-08T10:00:00,9/8/2025 17:00,Hoàn Kiếm,VN,Asia/Ho_Chi_Minh,129,941.5,116,8.6,92,,89,93,2.5,1001,63,33.6,0.7,1.88,80.8
2025-09-08T11:00:00,9/8/2025 18:00,Hoàn Kiếm,VN,Asia/Ho_Chi_Minh,128,2453.3,95.7,28.7,60.7,,13.3,89,0,1002,76,31.2,0.7,1.95,76.67
2025-09-08T12:00:00,9/8/2025 19:00,Hoàn Kiếm,VN,Asia/Ho_Chi_Minh,189,253.9,21,145,106.3,,125,33,0,1002,80,30.4,0,2.21,69
2025-09-08T13:00:00,9/8/2025 20:00,Hoàn Kiếm,VN,Asia/Ho_Chi_Minh,192,225.9,20.3,37.1,105,,112,44,0,1004,84,29.8,0,2.47,56.33
2025-09-08T14:00:00,9/8/2025 21:00,Hoàn Kiếm,VN,Asia/Ho_Chi_Minh,186,1312.3,61.3,29.6,115,,12.7,0,0,1004,87,29.4,0,2.76,45.33
2025-09-08T15:00:00,9/8/2025 22:00,Hoàn Kiếm,VN,Asia/Ho_Chi_Minh,224,169.8,19,93,138.8,,86,0,0.5,1004,83,29.1,0,3.04,46.11
2025-09-08T16:00:00,9/8/2025 23:00,Hoàn Kiếm,VN,Asia/Ho_Chi_Minh,158,885.7,81,75.2,93,,36.3,100,0,1004,85,28.7,0,2.79,41
2025-09-08T17:00:00,9/9/2025 0:00,Hoàn Kiếm,VN,Asia/Ho_Chi_Minh,120,822.3,68,53.4,72.8,,27.5,100,0,1004,86,28.3,0,2.54,46
2025-09-08T18:00:00,9/9/2025 1:00,Hoàn Kiếm,VN,Asia/Ho_Chi_Minh,74,544,90,65.1,57.5,,19.5,0,0,1004,88,27.9,0,2.31,45.67
2025-09-08T19:00:00,9/9/2025 2:00,Hoàn Kiếm,VN,Asia/Ho_Chi_Minh,79,605,100,15.1,66,,21,0,0.25,1004,90,27.7,0,1.92,85
2025-09-08T20:00:00,9/9/2025 3:00,Hoàn Kiếm,VN,Asia/Ho_Chi_Minh,91,771.7,38.7,44.1,41,,9.7,64,0.5,1003,91,27.5,0,2.02,87
2025-09-08T21:00:00,9/9/2025 4:00,Hoàn Kiếm,VN,Asia/Ho_Chi_Minh,75,358,100,13,66,,21,0,0,1004,93,27.5,0,2.19,82.33
2025-09-08T22:00:00,9/9/2025 5:00,Hoàn Kiếm,VN,Asia/Ho_Chi_Minh,79,568.7,62.8,42.5,49.8,,20,0,0,1004,93,27.4,0,2.28,111
2025-09-08T23:00:00,9/9/2025 6:00,Hoàn Kiếm,VN,Asia/Ho_Chi_Minh,101,1046,82,7.9,67.5,,12.8,77,1.25,1004,94,27.4,0.6,2.04,61.75
2025-09-09T00:00:00,9/9/2025 7:00,Hoàn Kiếm,VN,Asia/Ho_Chi_Minh,112,1365,104.5,47.8,75.3,,15.3,100,0.75,1004,93,28,0.7,1.75,42.75
2025-09-09T01:00:00,9/9/2025 8:00,Hoàn Kiếm,VN,Asia/Ho_Chi_Minh,105,1384.7,48,28.2,49.7,,13.3,79,0.25,1006,90,28.9,1.1,1.97,23
2025-09-09T02:00:00,9/9/2025 9:00,Hoàn Kiếm,VN,Asia/Ho_Chi_Minh,100,907,177,5.4,106,,32,56,0,1006,86,29.6,1.8,1.03,25.5
2025-09-09T03:00:00,9/9/2025 10:00,Hoàn Kiếm,VN,Asia/Ho_Chi_Minh,101,1346,80.8,37.2,60,,24.5,30,0,1006,87,29.3,2.6,1.07,31
2025-09-09T04:00:00,9/9/2025 11:00,Hoàn Kiếm,VN,Asia/Ho_Chi_Minh,95,1337,74.5,23.5,53.5,,13.3,27,0.75,1006,86,29.8,3.3,0.69,23.5
2025-09-09T05:00:00,9/9/2025 12:00,Hoàn Kiếm,VN,Asia/Ho_Chi_Minh,86,741,97,18.9,83.3,,33.3,93,3.5,1006,84,30.3,3.5,0.83,25.5
2025-09-09T06:00:00,9/9/2025 13:00,Hoàn Kiếm,VN,Asia/Ho_Chi_Minh,69,691,80.5,30.1,66.5,,39.5,0,6.25,1004,82,30.7,3.2,0.43,35.8
2025-09-09T07:00:00,9/9/2025 14:00,Hoàn Kiếm,VN,Asia/Ho_Chi_Minh,84,2364,68.5,22.4,35,,13.5,0,8.5,1004,82,30.6,2.5,0.09,39.8
2025-09-09T08:00:00,9/9/2025 15:00,Hoàn Kiếm,VN,Asia/Ho_Chi_Minh,53,806,216,9.7,60,,32,0,17.75,1004,82,30.8,1.7,0.84,37.33
2025-09-09T09:00:00,9/9/2025 16:00,Hoàn Kiếm,VN,Asia/Ho_Chi_Minh,77,2539.3,116.5,26.8,39.8,,14,0,7.75,1004,84,29.2,1,1.51,35
2025-09-09T10:00:00,9/9/2025 17:00,Hoàn Kiếm,VN,Asia/Ho_Chi_Minh,98,706,262,4.3,72,,47,0,3.25,1004,82,29.4,0.7,1.28,35.8
2025-09-09T11:00:00,9/9/2025 18:00,Hoàn Kiếm,VN,Asia/Ho_Chi_Minh,109,2534,107.8,54.8,57.5,,19.8,100,2.5,1004,84,28.8,0.7,1.32,32.8
2025-09-09T12:00:00,9/9/2025 19:00,Hoàn Kiếm,VN,Asia/Ho_Chi_Minh,114,2822.3,101,23.1,58.8,,13.3,100,1.75,1006,89,28.1,0,1.3,28.75
2025-09-09T13:00:00,9/9/2025 20:00,Hoàn Kiếm,VN,Asia/Ho_Chi_Minh,141,2366,58.3,73.5,67.7,,10.7,70,0.5,1006,91,27.7,0,1.01,20.75
2025-09-09T14:00:00,9/9/2025 21:00,Hoàn Kiếm,VN,Asia/Ho_Chi_Minh,91,1910,180.5,11.7,58.5,,11.5,27,0.5,1007,93,27.4,0,0.85,27.67
2025-09-09T15:00:00,9/9/2025 22:00,Hoàn Kiếm,VN,Asia/Ho_Chi_Minh,98,1046.5,152,46.9,48.5,,19,32,0.5,1008,94,27,0,1.1,10
2025-09-09T16:00:00,9/9/2025 23:00,Hoàn Kiếm,VN,Asia/Ho_Chi_Minh,122,1467.8,105.3,19.3,66.5,,13.5,34,1.25,1008,95,26.9,0,1.08,24.4
2025-09-09T17:00:00,9/10/2025 0:00,Hoàn Kiếm,VN,Asia/Ho_Chi_Minh,110,605,193,4.3,82,,21,29,0.5,1007,96,26.7,0,1.06,34
2025-09-09T18:00:00,9/10/2025 1:00,Hoàn Kiếm,VN,Asia/Ho_Chi_Minh,111,743.3,97.5,24.5,62,,13.8,27,0.5,1006,97,26.6,0,1.18,38.6
2025-09-09T19:00:00,9/10/2025 2:00,Hoàn Kiếm,VN,Asia/Ho_Chi_Minh,112,645.5,58,37.1,53,,9.7,26,0.5,1006,98,26.4,0,1.24,40.6
2025-09-09T20:00:00,9/10/2025 3:00,Hoàn Kiếm,VN,Asia/Ho_Chi_Minh,110,605,141.5,6.7,72.5,,29.5,21,0.5,1006,97,26.3,0,1.71,50.5
2025-09-09T21:00:00,9/10/2025 4:00,Hoàn Kiếm,VN,Asia/Ho_Chi_Minh,100,614.3,90.3,27.4,56,,15.3,0,0,1006,96,26.1,0,1.79,31
2025-09-09T22:00:00,9/10/2025 5:00,Hoàn Kiếm,VN,Asia/Ho_Chi_Minh,100,719.7,77,48.4,56.7,,15.7,28,0,1006,95,26.1,0,1.79,34
2025-09-09T23:00:00,9/10/2025 6:00,Hoàn Kiếm,VN,Asia/Ho_Chi_Minh,89,605,200,3.2,78,,47,0,0,1006,95,26.1,0.7,1.66,43.6
2025-09-10T00:00:00,9/10/2025 7:00,Hoàn Kiếm,VN,Asia/Ho_Chi_Minh,112,806,277,4.3,72.5,,47,0,0,1008,93,26.6,0.8,1.84,39
2025-09-10T01:00:00,9/10/2025 8:00,Hoàn Kiếm,VN,Asia/Ho_Chi_Minh,125,2063.3,60.3,18.7,59.7,,12.7,33,0.25,1008,91,27.4,1.2,2.23,39.6
2025-09-10T02:00:00,9/10/2025 9:00,Hoàn Kiếm,VN,Asia/Ho_Chi_Minh,114,1739,140.3,7.2,70.7,,6,35,0,1008,87,28.6,2,2.17,39.67
2025-09-10T03:00:00,9/10/2025 10:00,Hoàn Kiếm,VN,Asia/Ho_Chi_Minh,108,1361.5,121,21.8,78,,33.5,0,0,1008,86,29.3,2.9,1.91,39
2025-09-10T04:00:00,9/10/2025 11:00,Hoàn Kiếm,VN,Asia/Ho_Chi_Minh,121,1280,105.3,24.5,66,,22.8,0,0,1008,83,30.1,3.3,2.18,35
2025-09-10T05:00:00,9/10/2025 12:00,Hoàn Kiếm,VN,Asia/Ho_Chi_Minh,115,1498,61.5,34.3,56,,27.3,0,0,1006,80,30.6,3.7,2.43,35.5
2025-09-10T06:00:00,9/10/2025 13:00,Hoàn Kiếm,VN,Asia/Ho_Chi_Minh,133,1813,49,74.5,66,,1,0,0,1006,76,31.4,3.3,2.42,30
2025-09-10T07:00:00,9/10/2025 14:00,Hoàn Kiếm,VN,Asia/Ho_Chi_Minh,135,1522,52.1,64.8,66.1,,3.9,0,0,1005,75,31.1,2.5,2.77,40
2025-09-10T08:00:00,9/10/2025 15:00,Hoàn Kiếm,VN,Asia/Ho_Chi_Minh,129,998.5,62,36.7,63,,9.7,37,0,1004,77,30.8,1.7,2.97,44.67
2025-09-10T09:00:00,9/10/2025 16:00,Hoàn Kiếm,VN,Asia/Ho_Chi_Minh,140,940,58.3,45.4,66.3,,9.7,23,0,1004,79,30.2,1,3.2,40.67
2025-09-10T10:00:00,9/10/2025 17:00,Hoàn Kiếm,VN,Asia/Ho_Chi_Minh,122,1685.8,104.8,38.8,61.8,,12,0,0,1004,81,29.5,0.7,2.88,38.5
2025-09-10T11:00:00,9/10/2025 18:00,Hoàn Kiếm,VN,Asia/Ho_Chi_Minh,126,1220.3,103,26.3,62.8,,12,29,0,1004,85,28.6,0.6,2.17,43.2
2025-09-10T12:00:00,9/10/2025 19:00,Hoàn Kiếm,VN,Asia/Ho_Chi_Minh,144,3121.5,64,38.5,69,,11,0,0,1006,88,28,0,1.81,41
2025-09-10T13:00:00,9/10/2025 20:00,Hoàn Kiếm,VN,Asia/Ho_Chi_Minh,86,706,116,17.3,38,,42,0,0,1006,91,27.6,0,1.2,47.5
2025-09-10T14:00:00,9/10/2025 21:00,Hoàn Kiếm,VN,Asia/Ho_Chi_Minh,76,358,220.5,43,35,,42,56,1,1008,92,27.3,0,1.41,48.42
2025-09-10T15:00:00,9/10/2025 22:00,Hoàn Kiếm,VN,Asia/Ho_Chi_Minh,27,605,123,7.6,29,,16,48,0.5,1008,91,27.4,0,1.77,46.25
2025-09-10T16:00:00,9/10/2025 23:00,Hoàn Kiếm,VN,Asia/Ho_Chi_Minh,74,449.5,105.2,31.2,35.8,,14.8,0,0,1008,92,27,0,1.69,50.25
2025-09-10T17:00:00,9/11/2025 0:00,Hoàn Kiếm,VN,Asia/Ho_Chi_Minh,67,342.8,104.6,28,32.3,,20.3,0,0,1008,93,26.8,0,1.73,43.6
2025-09-10T18:00:00,9/11/2025 1:00,Hoàn Kiếm,VN,Asia/Ho_Chi_Minh,62,431.3,53.5,23.6,30.5,,12.3,0,0,1007,93,26.6,0,1.65,45
2025-09-10T19:00:00,9/11/2025 2:00,Hoàn Kiếm,VN,Asia/Ho_Chi_Minh,60,506.6,61,17.6,31.1,,14.3,0,0,1007,94,26.3,0,1.58,51.67
2025-09-10T20:00:00,9/11/2025 3:00,Hoàn Kiếm,VN,Asia/Ho_Chi_Minh,56,424,50.3,30.2,27.7,,13.7,0,0,1007,95,26,0,1.88,28.5
2025-09-10T21:00:00,9/11/2025 4:00,Hoàn Kiếm,VN,Asia/Ho_Chi_Minh,56,657,76,5.7,32.3,,18.3,0,0,1006,95,26.1,0,2.13,24
2025-09-10T22:00:00,9/11/2025 5:00,Hoàn Kiếm,VN,Asia/Ho_Chi_Minh,58,403,108,46.9,34.3,,26.7,0,0,1008,94,26.1,0,2.17,5
2025-09-10T23:00:00,9/11/2025 6:00,Hoàn Kiếm,VN,Asia/Ho_Chi_Minh,60,1135.3,54,33.1,28.3,,11.5,0,0,1008,94,26,0.6,2.17,23.2
2025-09-11T00:00:00,9/11/2025 7:00,Hoàn Kiếm,VN,Asia/Ho_Chi_Minh,65,1946,41,71.1,25.3,,10.3,0,0,1008,93,26.3,0.7,2.5,20
2025-09-11T01:00:00,9/11/2025 8:00,Hoàn Kiếm,VN,Asia/Ho_Chi_Minh,52,1719,111,11.5,28,,11,77,0,1009,90,27.4,1.2,3.28,17.6
2025-09-11T02:00:00,9/11/2025 9:00,Hoàn Kiếm,VN,Asia/Ho_Chi_Minh,68,1992,33,19.6,33,,16.5,100,0.25,1010,86,28.4,2,3.11,16.73
2025-09-11T03:00:00,9/11/2025 10:00,Hoàn Kiếm,VN,Asia/Ho_Chi_Minh,63,86.4,11,96,22.5,,54,95,0,1009,89,28.5,2.8,3,15
2025-09-11T04:00:00,9/11/2025 11:00,Hoàn Kiếm,VN,Asia/Ho_Chi_Minh,65,421,21.4,76.3,23.8,,39.3,100,1.5,1009,84,29.7,3.4,3.13,15
2025-09-11T05:00:00,9/11/2025 12:00,Hoàn Kiếm,VN,Asia/Ho_Chi_Minh,77,706,185,7.8,39.8,,16.5,100,1.25,1008,82,29.9,3.5,2.96,15.5
2025-09-11T06:00:00,9/11/2025 13:00,Hoàn Kiếm,VN,Asia/Ho_Chi_Minh,92,1090.3,42.3,36.8,42,,10,100,0.5,1007,80,30.9,3.5,2.72,16.4
2025-09-11T07:00:00,9/11/2025 14:00,Hoàn Kiếm,VN,Asia/Ho_Chi_Minh,67,1181.5,157,37.1,36.5,,27,100,0.5,1006,79,30.5,2.7,3.76,19
2025-09-11T08:00:00,9/11/2025 15:00,Hoàn Kiếm,VN,Asia/Ho_Chi_Minh,73,1150.7,89.7,25.9,39.7,,14.7,100,0.75,1006,80,29.8,1.7,3.07,13
2025-09-11T09:00:00,9/11/2025 16:00,Hoàn Kiếm,VN,Asia/Ho_Chi_Minh,74,1168,86.8,23.2,36.5,,12.8,100,0.75,1005,78,30.1,1,2.94,20.33
2025-09-11T10:00:00,9/11/2025 17:00,Hoàn Kiếm,VN,Asia/Ho_Chi_Minh,65,1021,49,53.4,39,,42.5,64,0.75,1005,79,29.6,0.7,2.63,18
2025-09-11T11:00:00,9/11/2025 18:00,Hoàn Kiếm,VN,Asia/Ho_Chi_Minh,40,806,208,6.5,43,,32,54,0,1006,83,28.7,0.6,2.04,19
2025-09-11T12:00:00,9/11/2025 19:00,Hoàn Kiếm,VN,Asia/Ho_Chi_Minh,111,110.3,22,195.7,43,,2,44,0,1006,88,27.9,0,2.06,24.4
2025-09-11T13:00:00,9/11/2025 20:00,Hoàn Kiếm,VN,Asia/Ho_Chi_Minh,56,991.5,153,4.3,43.5,,6,31,0,1008,91,27.4,0,1.77,31.33
2025-09-11T14:00:00,9/11/2025 21:00,Hoàn Kiếm,VN,Asia/Ho_Chi_Minh,89,1563,92.7,29.1,57.7,,24.3,29,0,1008,92,27.1,0,1.35,19.67
2025-09-11T15:00:00,9/11/2025 22:00,Hoàn Kiếm,VN,Asia/Ho_Chi_Minh,85,1180.3,77,15.4,50.3,,18.5,25,0,1009,94,26.9,0,1.46,22.75
2025-09-11T16:00:00,9/11/2025 23:00,Hoàn Kiếm,VN,Asia/Ho_Chi_Minh,74,594.7,107.3,7.6,58.3,,25,40,0,1009,94,26.6,0,1.51,23
2025-09-11T17:00:00,9/12/2025 0:00,Hoàn Kiếm,VN,Asia/Ho_Chi_Minh,72,547.3,83.7,12.4,54.7,,23.3,25,0,1009,94,26.4,0,1.47,19
2025-09-11T18:00:00,9/12/2025 1:00,Hoàn Kiếm,VN,Asia/Ho_Chi_Minh,62,599,50.5,8.4,23.5,,1,0,0,1008,95,26.3,0,1.6,5
2025-09-11T19:00:00,9/12/2025 2:00,Hoàn Kiếm,VN,Asia/Ho_Chi_Minh,64,403.5,88.5,11.9,49.7,,39.5,0,0,1008,95,26.2,0,1.87,32
2025-09-11T20:00:00,9/12/2025 3:00,Hoàn Kiếm,VN,Asia/Ho_Chi_Minh,68,502,73.7,6.8,38.3,,6.7,0,0,1008,95,26.1,0,1.76,15
2025-09-11T21:00:00,9/12/2025 4:00,Hoàn Kiếm,VN,Asia/Ho_Chi_Minh,56,441,48,32.7,27,,20,0,0,1008,96,26.1,0,1.94,30.25
2025-09-11T22:00:00,9/12/2025 5:00,Hoàn Kiếm,VN,Asia/Ho_Chi_Minh,66,1649.3,33,42.9,25.7,,9.3,31,0,1008,96,26,0,2.03,28.2
2025-09-11T23:00:00,9/12/2025 6:00,Hoàn Kiếm,VN,Asia/Ho_Chi_Minh,74,1322,30,64,30.7,,9.7,78,0.5,1008,96,25.9,0.7,1.87,23
2025-09-12T00:00:00,9/12/2025 7:00,Hoàn Kiếm,VN,Asia/Ho_Chi_Minh,67,1162,46,4,27,,2,25,0,1009,95,26.6,0.8,2,22
2025-09-12T01:00:00,9/12/2025 8:00,Hoàn Kiếm,VN,Asia/Ho_Chi_Minh,89,1192.5,10,77.6,58,,30,61,0.75,1010,92,27.4,1.4,2.52,17.5
2025-09-12T02:00:00,9/12/2025 9:00,Hoàn Kiếm,VN,Asia/Ho_Chi_Minh,65,1223,56.2,12.1,23.8,,27.5,29,0,1010,89,28.2,2,2.79,18.33
2025-09-12T03:00:00,9/12/2025 10:00,Hoàn Kiếm,VN,Asia/Ho_Chi_Minh,239,1253.5,61.3,16.1,184.5,,40.3,34,0,1010,87,28.9,2.7,3.63,20.5
2025-09-12T04:00:00,9/12/2025 11:00,Hoàn Kiếm,VN,Asia/Ho_Chi_Minh,214,971,41.3,19.7,177.8,,30.8,30,0,1010,84,30,3.3,3.51,14.67
2025-09-12T05:00:00,9/12/2025 12:00,Hoàn Kiếm,VN,Asia/Ho_Chi_Minh,76,789,43.3,22.4,32.3,,9.3,0,1.25,1008,78,31.1,3.7,3.66,19.25
2025-09-12T06:00:00,9/12/2025 13:00,Hoàn Kiếm,VN,Asia/Ho_Chi_Minh,218,10,134,30.5,232,,45,96,2.25,1008,75,31.3,3.3,4.05,23
2025-09-12T07:00:00,9/12/2025 14:00,Hoàn Kiếm,VN,Asia/Ho_Chi_Minh,85,400,98.5,38.1,58.3,,33.7,100,0.5,1007,75,31.2,2.5,4.18,20
2025-09-12T08:00:00,9/12/2025 15:00,Hoàn Kiếm,VN,Asia/Ho_Chi_Minh,66,767,35.8,27.6,35.5,,27.8,0,0,1006,74,31.1,1.7,4.26,30
2025-09-12T09:00:00,9/12/2025 16:00,Hoàn Kiếm,VN,Asia/Ho_Chi_Minh,60,837.5,38.3,30,30.5,,29.5,17,0,1006,72,30.9,1,3.98,19
2025-09-12T10:00:00,9/12/2025 17:00,Hoàn Kiếm,VN,Asia/Ho_Chi_Minh,60,1711.7,48.3,16.2,28.5,,31.8,0,0,1006,76,29.9,0.7,3.76,122.5
2025-09-12T11:00:00,9/12/2025 18:00,Hoàn Kiếm,VN,Asia/Ho_Chi_Minh,75,951.5,38.3,33.2,31.3,,10.7,0,0,1006,79,29,0,2.94,103.2
2025-09-12T12:00:00,9/12/2025 19:00,Hoàn Kiếm,VN,Asia/Ho_Chi_Minh,25,116.1,69,7.6,23,,63,0,0,1008,83,28.2,0,2.24,24
2025-09-12T13:00:00,9/12/2025 20:00,Hoàn Kiếm,VN,Asia/Ho_Chi_Minh,69,475.8,116,24.2,31.8,,14,0,0,1008,86,27.8,0,2.07,106.33
2025-09-12T14:00:00,9/12/2025 21:00,Hoàn Kiếm,VN,Asia/Ho_Chi_Minh,63,666,99.6,29.6,30,,10,0,0,1010,87,27.5,0,1.89,28.25
2025-09-12T15:00:00,9/12/2025 22:00,Hoàn Kiếm,VN,Asia/Ho_Chi_Minh,59,827.3,57.3,15.8,29.7,,15,0,0,1010,88,27.4,0,1.86,19.2
2025-09-12T16:00:00,9/12/2025 23:00,Hoàn Kiếm,VN,Asia/Ho_Chi_Minh,62,604.5,60,57.7,31.3,,13,0,0,1010,89,27.1,0,1.68,16.75
2025-09-12T17:00:00,9/13/2025 0:00,Hoàn Kiếm,VN,Asia/Ho_Chi_Minh,73,605,64.5,29.2,42,,31,0,0,1010,90,26.8,0,1.7,16.5
2025-09-12T18:00:00,9/13/2025 1:00,Hoàn Kiếm,VN,Asia/Ho_Chi_Minh,76,430.5,30,53.9,32,,8.7,0,0,1009,91,26.4,0,1.75,23.67
2025-09-12T19:00:00,9/13/2025 2:00,Hoàn Kiếm,VN,Asia/Ho_Chi_Minh,66,337.5,20.5,58,26,,13.5,0,0,1008,92,26.3,0,1.6,6
2025-09-12T20:00:00,9/13/2025 3:00,Hoàn Kiếm,VN,Asia/Ho_Chi_Minh,62,501.3,53.8,25.1,31.3,,13.3,0,0,1008,93,26.3,0,1.51,20.6
2025-09-12T21:00:00,9/13/2025 4:00,Hoàn Kiếm,VN,Asia/Ho_Chi_Minh,68,778.5,60.5,31.4,35.3,,19,0,0,1008,94,26.3,0,1.7,18.2
2025-09-12T22:00:00,9/13/2025 5:00,Hoàn Kiếm,VN,Asia/Ho_Chi_Minh,77,963.5,90.2,34.6,41.8,,16.5,0,0,1009,95,26.2,0,1.54,16.33
2025-09-12T23:00:00,9/13/2025 6:00,Hoàn Kiếm,VN,Asia/Ho_Chi_Minh,94,1008,231,3.2,102,,11,0,0,1009,95,26.1,0.6,1.46,17.67
2025-09-13T00:00:00,9/13/2025 7:00,Hoàn Kiếm,VN,Asia/Ho_Chi_Minh,94,1333.5,149.5,40.9,55,,11.5,0,0,1010,91,26.9,0.9,1.74,22.5
2025-09-13T01:00:00,9/13/2025 8:00,Hoàn Kiếm,VN,Asia/Ho_Chi_Minh,91,1575.3,87,30.4,49.3,,27.7,0,0,1010,86,28.3,1.2,2.16,24
2025-09-13T02:00:00,9/13/2025 9:00,Hoàn Kiếm,VN,Asia/Ho_Chi_Minh,76,1352.7,38.8,13.5,36.5,,30.8,0,0,1010,78,29.5,2.3,2.81,19.5
2025-09-13T03:00:00,9/13/2025 10:00,Hoàn Kiếm,VN,Asia/Ho_Chi_Minh,69,1271.7,59.3,20.9,28,,11,0,0,1010,77,29.9,3.4,3.15,17.75
2025-09-13T04:00:00,9/13/2025 11:00,Hoàn Kiếm,VN,Asia/Ho_Chi_Minh,64,1578,57,12.7,30,,45.5,0,0,1010,73,30.9,3.7,2.95,20.5
2025-09-13T05:00:00,9/13/2025 12:00,Hoàn Kiếm,VN,Asia/Ho_Chi_Minh,67,1210.5,41,34.4,24.5,,14,0,0,1010,71,31.3,4.6,2.91,24.44
2025-09-13T06:00:00,9/13/2025 13:00,Hoàn Kiếm,VN,Asia/Ho_Chi_Minh,63,1043.3,69,22.1,33.3,,17.3,0,0,1008,66,32.1,3.5,3.11,32.5
2025-09-13T07:00:00,9/13/2025 14:00,Hoàn Kiếm,VN,Asia/Ho_Chi_Minh,59,976.3,73.3,28.7,28.3,,10.3,0,0,1007,63,32.4,2.7,3.11,32.33
2025-09-13T08:00:00,9/13/2025 15:00,Hoàn Kiếm,VN,Asia/Ho_Chi_Minh,60,1160.5,74.8,25.9,31.8,,10.3,0,0,1006,64,32.3,1.9,3.25,31
2025-09-13T09:00:00,9/13/2025 16:00,Hoàn Kiếm,VN,Asia/Ho_Chi_Minh,62,1599.3,45,33.7,23.3,,10.7,29,0,1006,70,31.7,1.2,3.27,24.2
2025-09-13T10:00:00,9/13/2025 17:00,Hoàn Kiếm,VN,Asia/Ho_Chi_Minh,53,706,116,13,60,,26,41,0,1006,74,30.6,0.8,3.15,20.67
2025-09-13T11:00:00,9/13/2025 18:00,Hoàn Kiếm,VN,Asia/Ho_Chi_Minh,63,1329.8,78.3,25,41.3,,10.8,26,0,1006,76,29.9,0,1.98,18.67
2025-09-13T12:00:00,9/13/2025 19:00,Hoàn Kiếm,VN,Asia/Ho_Chi_Minh,81,738.3,73.5,13.5,56.5,,10.8,32,0,1008,81,28.9,0,1.92,19.67
2025-09-13T13:00:00,9/13/2025 20:00,Hoàn Kiếm,VN,Asia/Ho_Chi_Minh,78,806,116,9.7,110,,11,0,0,1008,83,28.1,0,2.23,17.8
2025-09-13T14:00:00,9/13/2025 21:00,Hoàn Kiếm,VN,Asia/Ho_Chi_Minh,88,1476,49,54.4,39,,10,0,0,1009,86,27.4,0,2,16
2025-09-13T15:00:00,9/13/2025 22:00,Hoàn Kiếm,VN,Asia/Ho_Chi_Minh,79,1141,66.8,36.7,58.8,,6,0,0,1010,87,27.1,0,1.56,16.6
2025-09-13T16:00:00,9/13/2025 23:00,Hoàn Kiếm,VN,Asia/Ho_Chi_Minh,73,961.7,83.3,8.2,63,,8,0,0,1010,90,26.7,0,1.42,17.67
2025-09-13T17:00:00,9/14/2025 0:00,Hoàn Kiếm,VN,Asia/Ho_Chi_Minh,87,1010,72.5,31.6,91,,17.5,0,0,1010,91,26.4,0,1.22,12
2025-09-13T18:00:00,9/14/2025 1:00,Hoàn Kiếm,VN,Asia/Ho_Chi_Minh,92,627.3,55,24,77,,21.3,0,0,1009,93,26.1,0,1.04,18
2025-09-13T19:00:00,9/14/2025 2:00,Hoàn Kiếm,VN,Asia/Ho_Chi_Minh,84,612,65.5,42.8,64.8,,21,0,0,1008,93,25.9,0,0.79,26.25
2025-09-13T20:00:00,9/14/2025 3:00,Hoàn Kiếm,VN,Asia/Ho_Chi_Minh,106,746.4,105.7,11.6,140.3,,10.4,0,0,1008,93,25.8,0,0.55,17
2025-09-13T21:00:00,9/14/2025 4:00,Hoàn Kiếm,VN,Asia/Ho_Chi_Minh,115,806,131,5.4,172,,5,0,0,1008,93,26,0,0.63,29.67
2025-09-13T22:00:00,9/14/2025 5:00,Hoàn Kiếm,VN,Asia/Ho_Chi_Minh,95,1123.7,65,38.5,76.8,,9.5,0,0,1008,94,25.7,0,0.79,25.5
2025-09-13T23:00:00,9/14/2025 6:00,Hoàn Kiếm,VN,Asia/Ho_Chi_Minh,120,1411,163,7,122.3,,42,0,0,1009,94,25.8,0.7,0.86,22.67
2025-09-14T00:00:00,9/14/2025 7:00,Hoàn Kiếm,VN,Asia/Ho_Chi_Minh,143,1460,94,30,116.5,,11.8,0,0,1010,92,26.6,0.9,0.96,29
2025-09-14T01:00:00,9/14/2025 8:00,Hoàn Kiếm,VN,Asia/Ho_Chi_Minh,125,1523.3,69.5,13.8,101,,12.8,0,0,1010,87,27.8,1.3,1.44,31.33
2025-09-14T02:00:00,9/14/2025 9:00,Hoàn Kiếm,VN,Asia/Ho_Chi_Minh,98,2420,55.7,23.5,45.7,,12.7,0,0,1010,84,28.4,1.9,1.47,27.75
2025-09-14T03:00:00,9/14/2025 10:00,Hoàn Kiếm,VN,Asia/Ho_Chi_Minh,101,1191,65,24.8,81.5,,11.8,22,0,1010,77,29.8,2.7,2.1,37.78
2025-09-14T04:00:00,9/14/2025 11:00,Hoàn Kiếm,VN,Asia/Ho_Chi_Minh,95,806,108,9.7,144,,42,0,0,1010,71,31.1,3.3,1.32,41
2025-09-14T05:00:00,9/14/2025 12:00,Hoàn Kiếm,VN,Asia/Ho_Chi_Minh,78,806,116,13,90,,5,21,0,1009,68,31.9,3.6,0.98,33
2025-09-14T06:00:00,9/14/2025 13:00,Hoàn Kiếm,VN,Asia/Ho_Chi_Minh,80,806,123,29.7,56,,6,81,0.5,1008,66,32.6,3.9,1.41,42.75
2025-09-14T07:00:00,9/14/2025 14:00,Hoàn Kiếm,VN,Asia/Ho_Chi_Minh,70,1195.3,69,27.5,42.3,,17.8,0,0,1007,65,32.6,3,2.19,51.2
2025-09-14T08:00:00,9/14/2025 15:00,Hoàn Kiếm,VN,Asia/Ho_Chi_Minh,74,1301.5,45.3,48,30.7,,10,0,2,1006,75,30.5,2.2,3.04,44.6
2025-09-14T09:00:00,9/14/2025 16:00,Hoàn Kiếm,VN,Asia/Ho_Chi_Minh,61,806,123,20.5,62,,37,39,0.25,1006,68,31.4,1.4,2.49,34.33
2025-09-14T10:00:00,9/14/2025 17:00,Hoàn Kiếm,VN,Asia/Ho_Chi_Minh,65,1198.3,94.8,18.3,52,,10.8,0,0,1006,74,30.2,0.7,2.78,35.6
2025-09-14T11:00:00,9/14/2025 18:00,Hoàn Kiếm,VN,Asia/Ho_Chi_Minh,92,1008,185,11.9,138,,21,35,0,1007,79,29.3,0,1.99,32
2025-09-14T12:00:00,9/14/2025 19:00,Hoàn Kiếm,VN,Asia/Ho_Chi_Minh,86,1008,131,13,126,,47,0,0,1008,83,28.6,0,1.86,25
2025-09-14T13:00:00,9/14/2025 20:00,Hoàn Kiếm,VN,Asia/Ho_Chi_Minh,88,907,154,9.7,62.3,,6,0,0,1008,85,28,0,2.29,26
2025-09-14T14:00:00,9/14/2025 21:00,Hoàn Kiếm,VN,Asia/Ho_Chi_Minh,97,1679.5,52.7,19.8,44.3,,10,0,0,1010,88,27.4,0,2.14,21.4
2025-09-14T15:00:00,9/14/2025 22:00,Hoàn Kiếm,VN,Asia/Ho_Chi_Minh,80,806,93.5,10,78.5,,3,0,0,1009,90,27.3,0,1.72,23.33
2025-09-14T16:00:00,9/14/2025 23:00,Hoàn Kiếm,VN,Asia/Ho_Chi_Minh,79,1395,74.7,23.2,71.3,,23,0,0,1009,92,26.9,0,1.42,17
2025-09-14T17:00:00,9/15/2025 0:00,Hoàn Kiếm,VN,Asia/Ho_Chi_Minh,81,1045,73.5,19.5,66.5,,11.5,0,0,1008,93,26.6,0,1.21,18.8
2025-09-14T18:00:00,9/15/2025 1:00,Hoàn Kiếm,VN,Asia/Ho_Chi_Minh,86,534.5,71.7,36.9,80.7,,74.7,0,0,1008,94,26.3,0,1.24,22
2025-09-14T19:00:00,9/15/2025 2:00,Hoàn Kiếm,VN,Asia/Ho_Chi_Minh,98,1486.5,91,105.9,95,,6,0,0,1008,94,26.1,0,1.17,22
2025-09-14T20:00:00,9/15/2025 3:00,Hoàn Kiếm,VN,Asia/Ho_Chi_Minh,85,1379,43.7,25.5,37,,9,0,0,1008,94,25.9,0,1.4,29.5
2025-09-14T21:00:00,9/15/2025 4:00,Hoàn Kiếm,VN,Asia/Ho_Chi_Minh,104,806,92,5.4,148,,32,0,0,1008,94,25.7,0,1.86,33.67
2025-09-14T22:00:00,9/15/2025 5:00,Hoàn Kiếm,VN,Asia/Ho_Chi_Minh,133,980,76.3,34.5,112,,10.3,0,0,1009,94,25.5,0,1.7,26
2025-09-14T23:00:00,9/15/2025 6:00,Hoàn Kiếm,VN,Asia/Ho_Chi_Minh,109,1650.7,97.7,34.8,88.3,,13,0,0,1010,94,25.4,1.1,1.38,25.33
2025-09-15T00:00:00,9/15/2025 7:00,Hoàn Kiếm,VN,Asia/Ho_Chi_Minh,114,1979,91.3,34.1,82,,16.7,0,0,1010,93,26.1,1.3,1.58,26.25
2025-09-15T01:00:00,9/15/2025 8:00,Hoàn Kiếm,VN,Asia/Ho_Chi_Minh,103,1008,177,7.6,96,,37,0,0,1010,89,26.9,2,1.66,28.67
2025-09-15T02:00:00,9/15/2025 9:00,Hoàn Kiếm,VN,Asia/Ho_Chi_Minh,100,2627,87,22,47,,3,0,0,1010,87,27.6,3.5,1.15,34
2025-09-15T03:00:00,9/15/2025 10:00,Hoàn Kiếm,VN,Asia/Ho_Chi_Minh,98,2060,85,31.7,57,,12,0,0.25,1010,84,29.1,6.8,1.66,28
2025-09-15T04:00:00,9/15/2025 11:00,Hoàn Kiếm,VN,Asia/Ho_Chi_Minh,94,710,54,18.1,53.7,,79,0,0.75,1010,79,30.1,8.5,1.66,37
2025-09-15T05:00:00,9/15/2025 12:00,Hoàn Kiếm,VN,Asia/Ho_Chi_Minh,83,1694.5,54.8,33.1,44,,28,0,1.5,1009,77,30.6,6.9,1.62,47.67
2025-09-15T06:00:00,9/15/2025 13:00,Hoàn Kiếm,VN,Asia/Ho_Chi_Minh,75,1668.3,70.5,23.8,45.5,,19.5,100,2.25,1008,75,30.9,5.3,1.87,38.67
2025-09-15T07:00:00,9/15/2025 14:00,Hoàn Kiếm,VN,Asia/Ho_Chi_Minh,80,1442,47.7,59.3,33.7,,9.3,92,6.25,1008,77,30.2,2.7,2.56,40.5
2025-09-15T08:00:00,9/15/2025 15:00,Hoàn Kiếm,VN,Asia/Ho_Chi_Minh,67,907,108,8.6,70,,5,88,8,1007,80,29.7,1.8,2.78,36.5
2025-09-15T09:00:00,9/15/2025 16:00,Hoàn Kiếm,VN,Asia/Ho_Chi_Minh,65,1312.3,68.5,21.9,33.5,,10.3,71,2.5,1007,82,29.1,1.2,3.21,35
2025-09-15T10:00:00,9/15/2025 17:00,Hoàn Kiếm,VN,Asia/Ho_Chi_Minh,58,1272.3,116,30.6,27,,25.3,38,0.5,1008,83,28.1,0.8,2.59,34.4
2025-09-15T11:00:00,9/15/2025 18:00,Hoàn Kiếm,VN,Asia/Ho_Chi_Minh,66,907,85,5.4,36,,30,26,0,1008,85,27.7,0,1.77,32.5
2025-09-15T12:00:00,9/15/2025 19:00,Hoàn Kiếm,VN,Asia/Ho_Chi_Minh,98,2018,48.8,14.3,52,,27.8,20,0,1008,88,27.2,0,1.51,27.25
2025-09-15T13:00:00,9/15/2025 20:00,Hoàn Kiếm,VN,Asia/Ho_Chi_Minh,82,1509,42.3,51.4,35.7,,11,0,0,1010,90,26.8,0,1.53,23.6
2025-09-15T14:00:00,9/15/2025 21:00,Hoàn Kiếm,VN,Asia/Ho_Chi_Minh,59,1008,63.3,4,37.3,,40.7,0,0,1010,91,26.6,0,1.35,25.67
2025-09-15T15:00:00,9/15/2025 22:00,Hoàn Kiếm,VN,Asia/Ho_Chi_Minh,64,1414.3,77,15.5,38.5,,31,0,0,1010,93,26.5,0,1.23,20
2025-09-15T16:00:00,9/15/2025 23:00,Hoàn Kiếm,VN,Asia/Ho_Chi_Minh,72,1540.7,53.4,20.1,40.8,,48.8,0,0,1010,93,26.2,0,0.94,19
2025-09-15T17:00:00,9/16/2025 0:00,Hoàn Kiếm,VN,Asia/Ho_Chi_Minh,59,907,88.5,4.3,56,,84,0,0,1010,94,26,0,0.76,15.6
2025-09-15T18:00:00,9/16/2025 1:00,Hoàn Kiếm,VN,Asia/Ho_Chi_Minh,79,907,77,29.8,44.3,,27.3,0,0,1010,94,25.7,0,0.61,19.4
2025-09-15T19:00:00,9/16/2025 2:00,Hoàn Kiếm,VN,Asia/Ho_Chi_Minh,83,595,25.5,103.6,37,,14,0,0,1010,95,25.5,0,0.65,34.25
2025-09-15T20:00:00,9/16/2025 3:00,Hoàn Kiếm,VN,Asia/Ho_Chi_Minh,85,1127.5,101.5,12.1,52.5,,19,0,0,1010,95,25.3,0,0.64,26.67
2025-09-15T21:00:00,9/16/2025 4:00,Hoàn Kiếm,VN,Asia/Ho_Chi_Minh,86,741,57.7,63.9,53.3,,10.7,0,0,1010,96,25.2,0,0.79,16.33
2025-09-15T22:00:00,9/16/2025 5:00,Hoàn Kiếm,VN,Asia/Ho_Chi_Minh,95,981.7,58.8,31.2,51,,21.5,0,0,1010,96,24.9,0,1,18.5
2025-09-15T23:00:00,9/16/2025 6:00,Hoàn Kiếm,VN,Asia/Ho_Chi_Minh,95,1515.3,79,37,50.5,,24,0,0,1010,96,24.8,0.7,0.53,22.4
2025-09-16T00:00:00,9/16/2025 7:00,Hoàn Kiếm,VN,Asia/Ho_Chi_Minh,65,1109,162,3.2,72,,5,0,0,1011,94,25.4,0.9,0.14,16
2025-09-16T01:00:00,9/16/2025 8:00,Hoàn Kiếm,VN,Asia/Ho_Chi_Minh,98,1281.2,124.2,8.1,42,,7.8,0,0,1012,87,26.6,1.4,0.4,25.4
2025-09-16T02:00:00,9/16/2025 9:00,Hoàn Kiếm,VN,Asia/Ho_Chi_Minh,79,2027,137,48.7,51.5,,6.5,0,0,1011,81,28,2.7,0.51,27.5
2025-09-16T03:00:00,9/16/2025 10:00,Hoàn Kiếm,VN,Asia/Ho_Chi_Minh,92,1625.5,48.7,17.8,42.3,,13.3,0,0,1011,79,29,5,0.65,28
2025-09-16T04:00:00,9/16/2025 11:00,Hoàn Kiếm,VN,Asia/Ho_Chi_Minh,85,1773,77.8,38.1,43.3,,28.3,0,0,1010,72,30.3,7.9,0.59,28.67
2025-09-16T05:00:00,9/16/2025 12:00,Hoàn Kiếm,VN,Asia/Ho_Chi_Minh,89,1543.5,55.3,37.6,45.3,,25,0,0,1010,67,31.4,7.1,0.2,33
2025-09-16T06:00:00,9/16/2025 13:00,Hoàn Kiếm,VN,Asia/Ho_Chi_Minh,81,1378,65,36.1,42.8,,29,0,0,1008,65,31.7,5,0.17,32.8
2025-09-16T07:00:00,9/16/2025 14:00,Hoàn Kiếm,VN,Asia/Ho_Chi_Minh,91,1456.2,70,39.8,38.8,,22.9,0,0,1007,62,32.3,4.4,0.44,19
2025-09-16T08:00:00,9/16/2025 15:00,Hoàn Kiếm,VN,Asia/Ho_Chi_Minh,77,1275.5,45.5,45.8,40.3,,26.5,0,0,1006,63,32,2.5,0.63,34.33
2025-09-16T09:00:00,9/16/2025 16:00,Hoàn Kiếm,VN,Asia/Ho_Chi_Minh,80,1612.5,80,47,37,,10.7,0,0,1006,59,32.8,1.6,1.35,25.33
2025-09-16T10:00:00,9/16/2025 17:00,Hoàn Kiếm,VN,Asia/Ho_Chi_Minh,82,2486.5,95,53.8,34.3,,12,0,0,1006,59,32.1,1.3,2.11,31.5
2025-09-16T11:00:00,9/16/2025 18:00,Hoàn Kiếm,VN,Asia/Ho_Chi_Minh,97,1868,58.3,40.7,43.3,,11,26,0,1006,69,30.2,0,2.73,28.4
2025-09-16T12:00:00,9/16/2025 19:00,Hoàn Kiếm,VN,Asia/Ho_Chi_Minh,118,2107.5,45,50.5,56,,12.3,0,0,1008,80,28.7,0,2.63,30
2025-09-16T13:00:00,9/16/2025 20:00,Hoàn Kiếm,VN,Asia/Ho_Chi_Minh,73,1008,131,13,37,,121,0,0,1008,82,28.1,0,2.45,26.5
2025-09-16T14:00:00,9/16/2025 21:00,Hoàn Kiếm,VN,Asia/Ho_Chi_Minh,100,1664.7,58.8,18.8,52.8,,33,0,0,1010,85,27.5,0,1.95,31
2025-09-16T15:00:00,9/16/2025 22:00,Hoàn Kiếm,VN,Asia/Ho_Chi_Minh,93,1095.5,58.7,12.7,49,,39.3,0,0,1010,88,27.3,0,1.71,24.6
2025-09-16T16:00:00,9/16/2025 23:00,Hoàn Kiếm,VN,Asia/Ho_Chi_Minh,134,916,28,45.9,64,,25,0,0,1009,91,26.9,0,1.49,25.75
2025-09-16T17:00:00,9/17/2025 0:00,Hoàn Kiếm,VN,Asia/Ho_Chi_Minh,80,1073,59.8,65,40.5,,21.5,0,0,1009,92,26.6,0,1.2,26.75
2025-09-16T18:00:00,9/17/2025 1:00,Hoàn Kiếm,VN,Asia/Ho_Chi_Minh,81,447,33,45.7,35.5,,13,0,0,1008,93,26.4,0,1,33.75
2025-09-16T19:00:00,9/17/2025 2:00,Hoàn Kiếm,VN,Asia/Ho_Chi_Minh,60,1133.5,69,3.9,34.5,,27,0,0,1007,93,26.2,0,0.79,42
2025-09-16T20:00:00,9/17/2025 3:00,Hoàn Kiếm,VN,Asia/Ho_Chi_Minh,69,939.3,50.3,21.9,35.5,,38.8,0,0,1007,94,25.9,0,0.71,22.5
2025-09-16T21:00:00,9/17/2025 4:00,Hoàn Kiếm,VN,Asia/Ho_Chi_Minh,89,435,58.3,24.9,44.7,,37,0,0,1008,94,25.7,0,0.9,35
2025-09-16T22:00:00,9/17/2025 5:00,Hoàn Kiếm,VN,Asia/Ho_Chi_Minh,94,807.3,108,7.6,64,,89,0,0,1008,94,25.5,0,0.94,32
2025-09-16T23:00:00,9/17/2025 6:00,Hoàn Kiếm,VN,Asia/Ho_Chi_Minh,94,1408,50.8,32.9,51.5,,30.7,0,0,1008,95,25.2,0.8,1.14,48
2025-09-17T00:00:00,9/17/2025 7:00,Hoàn Kiếm,VN,Asia/Ho_Chi_Minh,104,1552,43.7,19.8,49.3,,11.3,0,0,1009,93,25.8,0.9,1.31,26
2025-09-17T01:00:00,9/17/2025 8:00,Hoàn Kiếm,VN,Asia/Ho_Chi_Minh,83,1109,92,4.3,62,,105,0,0,1010,86,27.2,1.4,1.93,26.5
2025-09-17T02:00:00,9/17/2025 9:00,Hoàn Kiếm,VN,Asia/Ho_Chi_Minh,86,1219,61.8,25.7,45.8,,21.5,0,0,1010,85,28.1,2.3,1.73,16.5
2025-09-17T03:00:00,9/17/2025 10:00,Hoàn Kiếm,VN,Asia/Ho_Chi_Minh,95,1334.7,39.7,29.4,43.7,,11.7,89,0.25,1010,79,30,3.8,1.6,20.75
2025-09-17T04:00:00,9/17/2025 11:00,Hoàn Kiếm,VN,Asia/Ho_Chi_Minh,100,817,36.3,39,46.7,,11,0,1.5,1009,76,30.2,3.4,2.16,30.25
2025-09-17T05:00:00,9/17/2025 12:00,Hoàn Kiếm,VN,Asia/Ho_Chi_Minh,78,859,28,58.6,34,,25,25,2,1008,75,30.6,3.8,2.23,32.5
2025-09-17T06:00:00,9/17/2025 13:00,Hoàn Kiếm,VN,Asia/Ho_Chi_Minh,29,63,62,16.2,29,,79,22,5.5,1006,71,31.4,3.6,1.58,32.2
2025-09-17T07:00:00,9/17/2025 14:00,Hoàn Kiếm,VN,Asia/Ho_Chi_Minh,78,1082.7,47,49.4,33,,9.7,70,2.75,1006,73,30.9,2.9,2.06,37
2025-09-17T08:00:00,9/17/2025 15:00,Hoàn Kiếm,VN,Asia/Ho_Chi_Minh,63,1733,55.3,40.7,23.7,,9.3,100,8,1006,79,29.2,1.8,2.65,27.5
2025-09-17T09:00:00,9/17/2025 16:00,Hoàn Kiếm,VN,Asia/Ho_Chi_Minh,46,1880.8,73,23.6,20.3,,38.8,100,3,1006,83,28.7,1.1,2.43,28.75
2025-09-17T10:00:00,9/17/2025 17:00,Hoàn Kiếm,VN,Asia/Ho_Chi_Minh,56,2317.8,112.8,18.5,27,,29,100,1.75,1006,82,28.1,0.7,2.11,33
2025-09-17T11:00:00,9/17/2025 18:00,Hoàn Kiếm,VN,Asia/Ho_Chi_Minh,84,3194,69.5,42.3,28,,4.5,72,0.5,1006,86,27.6,0,1.43,35
2025-09-17T12:00:00,9/17/2025 19:00,Hoàn Kiếm,VN,Asia/Ho_Chi_Minh,54,1310,123,5.4,60,,53,30,0,1007,89,27.1,0,1.1,25
2025-09-17T13:00:00,9/17/2025 20:00,Hoàn Kiếm,VN,Asia/Ho_Chi_Minh,88,1210,116,4.3,66,,58,0,0,1008,90,26.8,0,0.92,7
2025-09-17T14:00:00,9/17/2025 21:00,Hoàn Kiếm,VN,Asia/Ho_Chi_Minh,148,2250.8,77.5,19.3,85,,34.8,0,0,1008,92,26.5,0,0.85,25
2025-09-17T15:00:00,9/17/2025 22:00,Hoàn Kiếm,VN,Asia/Ho_Chi_Minh,142,1444.3,74,18.4,80,,19,0,0.25,1008,94,26.3,0,0.63,18
2025-09-17T16:00:00,9/17/2025 23:00,Hoàn Kiếm,VN,Asia/Ho_Chi_Minh,116,1468.3,65.7,24.6,69.7,,28.3,0,0,1009,95,26.1,0,0.87,11
2025-09-17T17:00:00,9/18/2025 0:00,Hoàn Kiếm,VN,Asia/Ho_Chi_Minh,130,1598.3,38,53.3,62.7,,8.7,0,0,1008,96,25.8,0,1.14,14.8
2025-09-17T18:00:00,9/18/2025 1:00,Hoàn Kiếm,VN,Asia/Ho_Chi_Minh,100,225.3,100,8.6,58,,79,0,0,1008,97,25.6,0,1.19,27.67
2025-09-17T19:00:00,9/18/2025 2:00,Hoàn Kiếm,VN,Asia/Ho_Chi_Minh,150,1093.5,52.8,44.9,85,,40,0,0,1007,97,25.5,0,1.36,14
2025-09-17T20:00:00,9/18/2025 3:00,Hoàn Kiếm,VN,Asia/Ho_Chi_Minh,136,651.8,85,8.6,86.5,,110,0,0,1007,96,25.4,0,1.29,29.5
2025-09-17T21:00:00,9/18/2025 4:00,Hoàn Kiếm,VN,Asia/Ho_Chi_Minh,138,865,60.8,28.7,83.8,,36,0,0,1008,95,25.2,0,1.16,53
2025-09-17T22:00:00,9/18/2025 5:00,Hoàn Kiếm,VN,Asia/Ho_Chi_Minh,152,872.5,57.2,31.7,88.6,,40.4,0,0,1008,95,25.1,0,1.18,50.8
2025-09-17T23:00:00,9/18/2025 6:00,Hoàn Kiếm,VN,Asia/Ho_Chi_Minh,133,2248.7,35.7,40.9,63.3,,9.7,0,0,1008,95,25.1,0.8,1.52,41.5
2025-09-18T00:00:00,9/18/2025 7:00,Hoàn Kiếm,VN,Asia/Ho_Chi_Minh,134,1411,131,3.2,110,,63,0,0,1009,94,25.5,0.9,1.86,46.67
2025-09-18T01:00:00,9/18/2025 8:00,Hoàn Kiếm,VN,Asia/Ho_Chi_Minh,131,1536,84.8,27,74.3,,21.5,0,0,1010,89,26.5,1.3,2.52,35.5
2025-09-18T02:00:00,9/18/2025 9:00,Hoàn Kiếm,VN,Asia/Ho_Chi_Minh,122,1221,86,18.9,68.5,,31.8,0,0,1010,85,27.3,2,2.39,55.4
2025-09-18T03:00:00,9/18/2025 10:00,Hoàn Kiếm,VN,Asia/Ho_Chi_Minh,73,1008,177,11.9,54,,105,86,0,1010,84,28.7,3,2.27,48.67
2025-09-18T04:00:00,9/18/2025 11:00,Hoàn Kiếm,VN,Asia/Ho_Chi_Minh,46,1029,77,16.2,38,,79,0,0,1009,80,29.6,3.7,2.16,49.4
2025-09-18T05:00:00,9/18/2025 12:00,Hoàn Kiếm,VN,Asia/Ho_Chi_Minh,76,1050,90.8,23.9,43.7,,54.7,0,0,1008,76,29.9,4.7,1.95,54.6
2025-09-18T06:00:00,9/18/2025 13:00,Hoàn Kiếm,VN,Asia/Ho_Chi_Minh,77,1071,47.8,29.8,38.5,,29.5,0,0.5,1006,80,29.2,5,1.82,47.67
2025-09-18T07:00:00,9/18/2025 14:00,Hoàn Kiếm,VN,Asia/Ho_Chi_Minh,69,815.5,44.5,30.7,35,,26,0,0,1006,81,29.4,4.6,1.24,48
2025-09-18T08:00:00,9/18/2025 15:00,Hoàn Kiếm,VN,Asia/Ho_Chi_Minh,72,855,76,41.6,29.3,,10.7,0,0.75,1005,79,30.1,1.7,1.11,47
2025-09-18T09:00:00,9/18/2025 16:00,Hoàn Kiếm,VN,Asia/Ho_Chi_Minh,73,1635,64.3,30.4,33.8,,30.5,0,0,1005,75,30.6,1,0.86,43.4
2025-09-18T10:00:00,9/18/2025 17:00,Hoàn Kiếm,VN,Asia/Ho_Chi_Minh,82,3196.3,68,17.9,35.7,,12.3,22,0.25,1006,79,29.4,0.8,1.4,22.5
2025-09-18T11:00:00,9/18/2025 18:00,Hoàn Kiếm,VN,Asia/Ho_Chi_Minh,89,1627,74.1,20.8,37.5,,17.9,0,0.5,1006,84,28.3,0,0.81,11
2025-09-18T12:00:00,9/18/2025 19:00,Hoàn Kiếm,VN,Asia/Ho_Chi_Minh,110,1623,79,16.1,52.3,,11.7,100,0,1006,87,27.8,0,0.75,23.83
2025-09-18T13:00:00,9/18/2025 20:00,Hoàn Kiếm,VN,Asia/Ho_Chi_Minh,105,1818.7,75,41.2,62,,26.3,100,0,1008,89,27.3,0,1,24.5
2025-09-18T14:00:00,9/18/2025 21:00,Hoàn Kiếm,VN,Asia/Ho_Chi_Minh,137,2092.3,77,47.5,79,,20.3,16,0,1008,91,26.8,0,1.2,20.6
2025-09-18T15:00:00,9/18/2025 22:00,Hoàn Kiếm,VN,Asia/Ho_Chi_Minh,151,1081.7,64,11.6,85.8,,31.8,0,0,1008,92,26.6,0,1.12,22
2025-09-18T16:00:00,9/18/2025 23:00,Hoàn Kiếm,VN,Asia/Ho_Chi_Minh,158,1835,54,44.8,82.7,,9.3,0,0,1008,93,26.3,0,0.98,22.8
2025-09-18T17:00:00,9/19/2025 0:00,Hoàn Kiếm,VN,Asia/Ho_Chi_Minh,98,706,146,4.3,74,,100,0,0.25,1008,93,26.1,0,0.88,26.67
2025-09-18T18:00:00,9/19/2025 1:00,Hoàn Kiếm,VN,Asia/Ho_Chi_Minh,122,662.7,87,33.2,73.2,,40.4,0,0.5,1008,94,25.8,0,1.13,30
2025-09-18T19:00:00,9/19/2025 2:00,Hoàn Kiếm,VN,Asia/Ho_Chi_Minh,120,443,40.7,30.7,57.3,,9.7,0,0,1008,94,25.6,0,0.85,39.25
2025-09-18T20:00:00,9/19/2025 3:00,Hoàn Kiếm,VN,Asia/Ho_Chi_Minh,143,1308.5,55,62.2,65.5,,13,0,0,1007,93,25.5,0,0.8,37.25
2025-09-18T21:00:00,9/19/2025 4:00,Hoàn Kiếm,VN,Asia/Ho_Chi_Minh,159,111.5,20,34,80,,58,0,0,1008,94,25.3,0,1.26,49
2025-09-18T22:00:00,9/19/2025 5:00,Hoàn Kiếm,VN,Asia/Ho_Chi_Minh,157,1635.5,37.5,52.5,81.5,,1,0,0,1008,94,25.2,0,1.38,54.2
2025-09-18T23:00:00,9/19/2025 6:00,Hoàn Kiếm,VN,Asia/Ho_Chi_Minh,152,870,46,74.5,66,,1,0,0,1008,94,25,0.9,1.4,61.67
2025-09-19T00:00:00,9/19/2025 7:00,Hoàn Kiếm,VN,Asia/Ho_Chi_Minh,157,1867,52,42.6,80,,15,0,0,1008,92,25.6,1,1.79,34
2025-09-19T01:00:00,9/19/2025 8:00,Hoàn Kiếm,VN,Asia/Ho_Chi_Minh,152,1256,46.3,53.1,72.7,,10.3,0,0,1010,88,26.8,1.7,2.15,43.4
2025-09-19T02:00:00,9/19/2025 9:00,Hoàn Kiếm,VN,Asia/Ho_Chi_Minh,139,1923,43,18,71,,10.3,0,0,1010,82,28.1,2.5,2.05,42.75
2025-09-19T03:00:00,9/19/2025 10:00,Hoàn Kiếm,VN,Asia/Ho_Chi_Minh,116,1428.7,47.3,33.6,55,,10.7,0,0,1009,80,29.2,3.3,1.52,51.33
2025-09-19T04:00:00,9/19/2025 11:00,Hoàn Kiếm,VN,Asia/Ho_Chi_Minh,105,1143.7,82.7,15.3,57.7,,22.7,0,0,1009,76,30.4,4.3,1.24,62.5
2025-09-19T05:00:00,9/19/2025 12:00,Hoàn Kiếm,VN,Asia/Ho_Chi_Minh,54,504,146,15.7,61.5,,81.5,0,0,1008,71,31.4,4.2,0.88,61
2025-09-19T06:00:00,9/19/2025 13:00,Hoàn Kiếm,VN,Asia/Ho_Chi_Minh,76,1061.3,62,28.5,49.5,,18.5,0,0,1007,68,32.1,3.9,0.46,57
2025-09-19T07:00:00,9/19/2025 14:00,Hoàn Kiếm,VN,Asia/Ho_Chi_Minh,215,206.5,181.5,39.7,104,,47,0,0,1006,66,32.2,3.3,0.98,60.67
2025-09-19T08:00:00,9/19/2025 15:00,Hoàn Kiếm,VN,Asia/Ho_Chi_Minh,81,403,85,20.5,116,,74,0,0,1005,67,32,2,1.45,54.75
2025-09-19T09:00:00,9/19/2025 16:00,Hoàn Kiếm,VN,Asia/Ho_Chi_Minh,95,956.5,162,31.8,33,,2,0,0,1004,67,31.7,1.3,2.1,49.75
2025-09-19T10:00:00,9/19/2025 17:00,Hoàn Kiếm,VN,Asia/Ho_Chi_Minh,81,1223.3,71.3,20.8,65.3,,51.3,0,0,1004,73,30.2,1,2.05,41.33
2025-09-19T11:00:00,9/19/2025 18:00,Hoàn Kiếm,VN,Asia/Ho_Chi_Minh,91,156,205,21.7,52.5,,42,0,0,1005,77,29.5,0,1.34,37.33
2025-09-19T12:00:00,9/19/2025 19:00,Hoàn Kiếm,VN,Asia/Ho_Chi_Minh,93,1949.8,112,15.5,51.5,,20.5,0,0,1006,81,28.7,0,1.48,13
2025-09-19T13:00:00,9/19/2025 20:00,Hoàn Kiếm,VN,Asia/Ho_Chi_Minh,94,1696.2,108.8,24.6,52.3,,35.5,0,0,1007,85,28,0,1.62,24
2025-09-19T14:00:00,9/19/2025 21:00,Hoàn Kiếm,VN,Asia/Ho_Chi_Minh,103,1627.3,71.3,13.1,58.5,,25.8,52,0,1008,88,27.4,0,1.42,104
2025-09-19T15:00:00,9/19/2025 22:00,Hoàn Kiếm,VN,Asia/Ho_Chi_Minh,237,317.5,50,28,123,,125,33,0,1008,91,27.3,0,1.39,13
2025-09-19T16:00:00,9/19/2025 23:00,Hoàn Kiếm,VN,Asia/Ho_Chi_Minh,98,1606,68.8,15.1,54.5,,17.3,0,0,1008,93,26.9,0,1.19,33
2025-09-19T17:00:00,9/20/2025 0:00,Hoàn Kiếm,VN,Asia/Ho_Chi_Minh,100,374.5,98.7,12.2,47,,108.3,0,0,1007,94,26.6,0,1.08,26.25
2025-09-19T18:00:00,9/20/2025 1:00,Hoàn Kiếm,VN,Asia/Ho_Chi_Minh,82,403,123,4.3,53.5,,100,0,0,1006,95,26.3,0,0.93,31.2
2025-09-19T19:00:00,9/20/2025 2:00,Hoàn Kiếm,VN,Asia/Ho_Chi_Minh,102,595.5,73.5,30.7,57.5,,21.3,0,0.5,1006,95,26.1,0,0.79,31.8
2025-09-19T20:00:00,9/20/2025 3:00,Hoàn Kiếm,VN,Asia/Ho_Chi_Minh,130,1331.3,40.3,92.8,61.7,,9.3,0,0.25,1006,96,25.8,0,0.72,32.6
2025-09-19T21:00:00,9/20/2025 4:00,Hoàn Kiếm,VN,Asia/Ho_Chi_Minh,88,605,116,3.2,72,,68,0,0,1006,96,25.7,0,0.73,36.5
2025-09-19T22:00:00,9/20/2025 5:00,Hoàn Kiếm,VN,Asia/Ho_Chi_Minh,112,1207,60,26,65.8,,24.5,0,0,1006,97,25.4,0,0.71,121
2025-09-19T23:00:00,9/20/2025 6:00,Hoàn Kiếm,VN,Asia/Ho_Chi_Minh,170,1481.8,71.8,40.8,111.8,,19.5,0,0,1006,98,25.2,0.9,0.62,34
2025-09-20T00:00:00,9/20/2025 7:00,Hoàn Kiếm,VN,Asia/Ho_Chi_Minh,176,1252.7,92,25.5,117.3,,19.5,0,0,1008,95,26.3,1.3,0.67,35
2025-09-20T01:00:00,9/20/2025 8:00,Hoàn Kiếm,VN,Asia/Ho_Chi_Minh,156,806,185,4.3,146,,53,0,0,1008,87,28.3,3.3,0.48,27
2025-09-20T02:00:00,9/20/2025 9:00,Hoàn Kiếm,VN,Asia/Ho_Chi_Minh,164,936,113.2,24.2,102.8,,31,0,0,1008,79,30,4.1,0.59,36.25
2025-09-20T03:00:00,9/20/2025 10:00,Hoàn Kiếm,VN,Asia/Ho_Chi_Minh,157,777.7,123.8,23.6,95.5,,36.8,0,0,1008,71,31.4,5.4,0.81,46.33
2025-09-20T04:00:00,9/20/2025 11:00,Hoàn Kiếm,VN,Asia/Ho_Chi_Minh,127,1170.5,113.3,30.4,78,,28,0,0,1007,64,32.4,4.8,0.61,29.5
2025-09-20T05:00:00,9/20/2025 12:00,Hoàn Kiếm,VN,Asia/Ho_Chi_Minh,102,814.3,82,46.3,56,,19.8,0,0,1006,60,33.2,4.9,0.58,39.8
2025-09-20T06:00:00,9/20/2025 13:00,Hoàn Kiếm,VN,Asia/Ho_Chi_Minh,107,476.7,101,66.7,53.7,,11,0,0,1005,58,33.5,4.4,0.41,70.8
2025-09-20T07:00:00,9/20/2025 14:00,Hoàn Kiếm,VN,Asia/Ho_Chi_Minh,107,666,85,55.8,50.3,,11,0,0,1004,58,33.6,3.2,0.16,75.2
2025-09-20T08:00:00,9/20/2025 15:00,Hoàn Kiếm,VN,Asia/Ho_Chi_Minh,102,10,271,53.6,45,,11.4,0,0,1003,57,33.8,2.3,0.47,60
2025-09-20T09:00:00,9/20/2025 16:00,Hoàn Kiếm,VN,Asia/Ho_Chi_Minh,102,1492,144.3,63.1,51,,11.7,0,0,1002,60,33.8,1.2,0.76,65.6
2025-09-20T10:00:00,9/20/2025 17:00,Hoàn Kiếm,VN,Asia/Ho_Chi_Minh,91,1035.5,160.5,76,38.8,,35.8,0,0,1002,62,32.9,0.7,1.58,60.8
2025-09-20T11:00:00,9/20/2025 18:00,Hoàn Kiếm,VN,Asia/Ho_Chi_Minh,97,2666.5,80.5,31.7,46.5,,3,0,0,1003,70,31.3,0,1.78,45.5
2025-09-20T12:00:00,9/20/2025 19:00,Hoàn Kiếm,VN,Asia/Ho_Chi_Minh,156,122.6,193,102,88.8,,84,0,0,1004,76,30,0,2.23,36.2
2025-09-20T13:00:00,9/20/2025 20:00,Hoàn Kiếm,VN,Asia/Ho_Chi_Minh,170,2086.7,95,46.4,93.3,,11,0,0,1005,82,29.2,0,2.42,38
2025-09-20T14:00:00,9/20/2025 21:00,Hoàn Kiếm,VN,Asia/Ho_Chi_Minh,189,1104.5,145,36,121.5,,43,0,0,1006,86,28.6,0,2.17,38
2025-09-20T15:00:00,9/20/2025 22:00,Hoàn Kiếm,VN,Asia/Ho_Chi_Minh,190,1595.5,88.7,27.5,121.7,,38.3,0,0,1006,82,28.6,0,2.4,36
2025-09-20T16:00:00,9/20/2025 23:00,Hoàn Kiếm,VN,Asia/Ho_Chi_Minh,160,2081,71.3,33.9,83.7,,9.3,0,0,1006,82,28.1,0,2.04,36.25
2025-09-20T17:00:00,9/21/2025 0:00,Hoàn Kiếm,VN,Asia/Ho_Chi_Minh,150,1595.3,61.7,72.7,74,,9.3,0,0,1005,83,27.6,0,1.84,31
2025-09-20T18:00:00,9/21/2025 1:00,Hoàn Kiếm,VN,Asia/Ho_Chi_Minh,150,918,53,27.4,72,,9.3,0,0,1004,86,27,0,1.88,33.67
2025-09-20T19:00:00,9/21/2025 2:00,Hoàn Kiếm,VN,Asia/Ho_Chi_Minh,126,813.7,87,57.6,61,,2,0,0,1004,91,26.5,0,2.38,60.25
2025-09-20T20:00:00,9/21/2025 3:00,Hoàn Kiếm,VN,Asia/Ho_Chi_Minh,106,680,69,24.9,63.3,,42.3,0,0,1004,91,26.2,0,2.58,70.33
2025-09-20T21:00:00,9/21/2025 4:00,Hoàn Kiếm,VN,Asia/Ho_Chi_Minh,90,605,116,4.3,64,,32,0,0,1004,90,26.4,0,2.57,84.5
2025-09-20T22:00:00,9/21/2025 5:00,Hoàn Kiếm,VN,Asia/Ho_Chi_Minh,125,706,108,4.3,77.5,,37,0,0,1004,89,26.1,0,2.39,85.67
2025-09-20T23:00:00,9/21/2025 6:00,Hoàn Kiếm,VN,Asia/Ho_Chi_Minh,153,1507.8,59.8,62.8,78.8,,24.5,0,0,1005,88,25.9,0.9,1.98,62.67
2025-09-21T00:00:00,9/21/2025 7:00,Hoàn Kiếm,VN,Asia/Ho_Chi_Minh,154,1324.5,72,51.5,77.7,,15,0,0,1006,88,26.6,0.8,1.63,55.67
2025-09-21T01:00:00,9/21/2025 8:00,Hoàn Kiếm,VN,Asia/Ho_Chi_Minh,148,907,116,4.3,98,,116,0,0,1006,84,28,1.4,1.94,54
2025-09-21T02:00:00,9/21/2025 9:00,Hoàn Kiếm,VN,Asia/Ho_Chi_Minh,146,938.7,76.3,42.6,82.3,,18.3,0,0,1007,81,29.3,3.1,1.82,45
2025-09-21T03:00:00,9/21/2025 10:00,Hoàn Kiếm,VN,Asia/Ho_Chi_Minh,150,815,81.5,43.9,80,,20.8,0,0,1006,73,31.6,5.3,1.71,37.67
2025-09-21T04:00:00,9/21/2025 11:00,Hoàn Kiếm,VN,Asia/Ho_Chi_Minh,148,1059,63.8,52.9,77.5,,35.8,0,0,1006,70,32.3,5.6,2.13,30.5
2025-09-21T05:00:00,9/21/2025 12:00,Hoàn Kiếm,VN,Asia/Ho_Chi_Minh,152,1471.7,49.7,39.9,75.3,,11.3,0,0,1005,68,32.7,6.1,2.68,44.67
2025-09-21T06:00:00,9/21/2025 13:00,Hoàn Kiếm,VN,Asia/Ho_Chi_Minh,44,605,131,30.3,48,,74,0,0,1004,68,32.5,4.5,2.51,55.2
2025-09-21T07:00:00,9/21/2025 14:00,Hoàn Kiếm,VN,Asia/Ho_Chi_Minh,139,1237,64,86.1,65,,10.7,43,1.5,1003,68,32.4,2.5,2.08,58.33
2025-09-21T08:00:00,9/21/2025 15:00,Hoàn Kiếm,VN,Asia/Ho_Chi_Minh,123,267.4,51.7,91.4,48,,91.3,100,7,1003,71,31.7,1.6,2.65,53
2025-09-21T09:00:00,9/21/2025 16:00,Hoàn Kiếm,VN,Asia/Ho_Chi_Minh,145,98.6,12,122,65,,100,100,5.25,1003,74,30.1,1,3.28,52.6
2025-09-21T10:00:00,9/21/2025 17:00,Hoàn Kiếm,VN,Asia/Ho_Chi_Minh,110,757.6,26,92.4,53,,70,100,2,1003,77,30,0.7,3.01,54
2025-09-21T11:00:00,9/21/2025 18:00,Hoàn Kiếm,VN,Asia/Ho_Chi_Minh,115,2286,57,7.3,44,,1,94,0.25,1004,79,29.5,0,2.05,53
2025-09-21T12:00:00,9/21/2025 19:00,Hoàn Kiếm,VN,Asia/Ho_Chi_Minh,128,2075.5,54,33.2,58.3,,10,45,0,1004,81,28.8,0,1.64,56.75
2025-09-21T13:00:00,9/21/2025 20:00,Hoàn Kiếm,VN,Asia/Ho_Chi_Minh,144,1699,50,25.8,68,,16,0,0,1006,84,28.2,0,1.38,9
2025-09-21T14:00:00,9/21/2025 21:00,Hoàn Kiếm,VN,Asia/Ho_Chi_Minh,129,1918.7,68.3,50.3,60.3,,12,0,0,1006,86,27.9,0,1.2,49.75
2025-09-21T15:00:00,9/21/2025 22:00,Hoàn Kiếm,VN,Asia/Ho_Chi_Minh,131,1692.7,70.7,18.5,60,,11.3,0,0,1006,91,27.2,0,1.5,44
2025-09-21T16:00:00,9/21/2025 23:00,Hoàn Kiếm,VN,Asia/Ho_Chi_Minh,123,1297,46,28.6,58.3,,9.3,0,0,1006,92,27,0,1.31,52
2025-09-21T17:00:00,9/22/2025 0:00,Hoàn Kiếm,VN,Asia/Ho_Chi_Minh,115,1108.9,54,4.6,41,,1,0,0,1006,92,26.8,0,0.97,39
2025-09-21T18:00:00,9/22/2025 1:00,Hoàn Kiếm,VN,Asia/Ho_Chi_Minh,136,817,46,33.5,61.5,,13,0,0.5,1006,93,26.5,0,1.07,41
2025-09-21T19:00:00,9/22/2025 2:00,Hoàn Kiếm,VN,Asia/Ho_Chi_Minh,119,600,41,54.4,52.7,,9.3,0,0.5,1006,94,26.2,0,1.15,45.75
2025-09-21T20:00:00,9/22/2025 3:00,Hoàn Kiếm,VN,Asia/Ho_Chi_Minh,123,447,25,56.1,58,,24,30,0.5,1006,94,26,0,1.27,51.67
2025-09-21T21:00:00,9/22/2025 4:00,Hoàn Kiếm,VN,Asia/Ho_Chi_Minh,62,657.5,30,25.2,23.3,,9.3,97,0.75,1006,94,26.1,0,1.44,46.25
2025-09-21T22:00:00,9/22/2025 5:00,Hoàn Kiếm,VN,Asia/Ho_Chi_Minh,52,485,21,37.8,17,,25.2,38,0.25,1006,95,25.9,0,1.61,47
2025-09-21T23:00:00,9/22/2025 6:00,Hoàn Kiếm,VN,Asia/Ho_Chi_Minh,80,312.5,20.7,50.4,35,,41.1,54,0.25,1006,95,25.7,0.6,1.58,44
2025-09-22T00:00:00,9/22/2025 7:00,Hoàn Kiếm,VN,Asia/Ho_Chi_Minh,50,140.1,16,63,15.5,,57,74,0,1007,95,25.8,0.7,1.53,41
2025-09-22T01:00:00,9/22/2025 8:00,Hoàn Kiếm,VN,Asia/Ho_Chi_Minh,63,1895.5,55.5,33.9,18,,1.5,32,0.5,1008,93,26.3,1.1,1.59,48.67
2025-09-22T02:00:00,9/22/2025 9:00,Hoàn Kiếm,VN,Asia/Ho_Chi_Minh,110,1886.3,48,40,49,,11.3,38,0,1008,91,26.7,1.8,1.82,42.5
2025-09-22T03:00:00,9/22/2025 10:00,Hoàn Kiếm,VN,Asia/Ho_Chi_Minh,94,1708,47,29.8,43.3,,16.3,0,0,1008,88,27.7,2.5,1.91,44
2025-09-22T04:00:00,9/22/2025 11:00,Hoàn Kiếm,VN,Asia/Ho_Chi_Minh,110,1560.9,43.6,34.3,48.8,,14.3,32,0,1008,86,28.3,3.1,2.04,17.33
2025-09-22T05:00:00,9/22/2025 12:00,Hoàn Kiếm,VN,Asia/Ho_Chi_Minh,98,1951,46.7,30,42,,11,0,0,1006,85,28.4,3.3,2.25,13
2025-09-22T06:00:00,9/22/2025 13:00,Hoàn Kiếm,VN,Asia/Ho_Chi_Minh,100,1266.7,36.7,43.5,44,,10.3,0,0,1006,85,27.9,3,2.41,26
2025-09-22T07:00:00,9/22/2025 14:00,Hoàn Kiếm,VN,Asia/Ho_Chi_Minh,88,1077,41.7,36,37,,10.7,0,0,1004,85,27.9,2.3,2.23,12
2025-09-22T08:00:00,9/22/2025 15:00,Hoàn Kiếm,VN,Asia/Ho_Chi_Minh,100,498.5,17.6,127.2,43.8,,90.8,0,0,1004,84,28,2.4,2.37,18
2025-09-22T09:00:00,9/22/2025 16:00,Hoàn Kiếm,VN,Asia/Ho_Chi_Minh,103,114.4,8,169,36.7,,131,39,0,1004,80,28.9,1.5,2.28,39.25
2025-09-22T10:00:00,9/22/2025 17:00,Hoàn Kiếm,VN,Asia/Ho_Chi_Minh,107,1311.5,163.5,22.7,38,,3,0,0,1004,80,28.7,1,2.11,32.33
2025-09-22T11:00:00,9/22/2025 18:00,Hoàn Kiếm,VN,Asia/Ho_Chi_Minh,91,1092.3,111.7,28.5,34.5,,14.5,0,0,1004,84,28,0,1.12,39
2025-09-22T12:00:00,9/22/2025 19:00,Hoàn Kiếm,VN,Asia/Ho_Chi_Minh,93,2251.3,56.7,45.8,40,,10.7,0,0,1005,87,27.5,0,0.52,34
2025-09-22T13:00:00,9/22/2025 20:00,Hoàn Kiếm,VN,Asia/Ho_Chi_Minh,99,1662.7,47.7,52.2,44,,11.7,0,0.25,1006,89,27.2,0,0.6,35
2025-09-22T14:00:00,9/22/2025 21:00,Hoàn Kiếm,VN,Asia/Ho_Chi_Minh,90,1755.7,59.3,87,41,,11.3,0,0.5,1007,91,27,0,0.78,29.5
2025-09-22T15:00:00,9/22/2025 22:00,Hoàn Kiếm,VN,Asia/Ho_Chi_Minh,95,2180,80,5.4,39,,1,0,0.25,1007,92,26.7,0,0.85,35
2025-09-22T16:00:00,9/22/2025 23:00,Hoàn Kiếm,VN,Asia/Ho_Chi_Minh,101,1199.5,48,24.3,48,,19,0,0,1007,93,26.6,0,0.84,27.67
2025-09-22T17:00:00,9/23/2025 0:00,Hoàn Kiếm,VN,Asia/Ho_Chi_Minh,111,1263.7,57.8,26.4,53.7,,1,0,0,1007,93,26.4,0,0.78,38
2025-09-22T18:00:00,9/23/2025 1:00,Hoàn Kiếm,VN,Asia/Ho_Chi_Minh,116,805.5,46.7,36.9,54.7,,10.7,0,0,1006,93,26.2,0,1,31
2025-09-22T19:00:00,9/23/2025 2:00,Hoàn Kiếm,VN,Asia/Ho_Chi_Minh,125,956.5,47.3,44.7,57.7,,10.3,0,0,1005,94,25.9,0,1.24,31.75
2025-09-22T20:00:00,9/23/2025 3:00,Hoàn Kiếm,VN,Asia/Ho_Chi_Minh,141,862,35,62.1,55,,13.5,0,0,1004,95,25.7,0,1.6,34.5
2025-09-22T21:00:00,9/23/2025 4:00,Hoàn Kiếm,VN,Asia/Ho_Chi_Minh,157,217.7,21,39,61,,68,0,0,1005,95,25.6,0,1.17,30.67
2025-09-22T22:00:00,9/23/2025 5:00,Hoàn Kiếm,VN,Asia/Ho_Chi_Minh,141,897,30.5,50.9,61,,14,0,0,1006,95,25.5,0,0.95,33
2025-09-22T23:00:00,9/23/2025 6:00,Hoàn Kiếm,VN,Asia/Ho_Chi_Minh,155,1626.6,30.3,39,73,,34,0,0,1006,96,25.4,0.9,1.51,35.67
2025-09-23T00:00:00,9/23/2025 7:00,Hoàn Kiếm,VN,Asia/Ho_Chi_Minh,142,2331,35,39,69,,17,0,0,1006,91,26.5,1.1,2.28,39.5
2025-09-23T01:00:00,9/23/2025 8:00,Hoàn Kiếm,VN,Asia/Ho_Chi_Minh,134,1590.2,25,64,63,,42,0,0.25,1006,82,27.6,2,2.9,41.5
2025-09-23T02:00:00,9/23/2025 9:00,Hoàn Kiếm,VN,Asia/Ho_Chi_Minh,115,1824,72,10.2,55,,11.7,0,0.5,1006,75,28.9,4.6,3.23,44.5
2025-09-23T03:00:00,9/23/2025 10:00,Hoàn Kiếm,VN,Asia/Ho_Chi_Minh,112,108.5,5,114,50,,92,0,0.5,1006,69,30,5.9,3.23,50.67
2025-09-23T04:00:00,9/23/2025 11:00,Hoàn Kiếm,VN,Asia/Ho_Chi_Minh,98,958.5,39.7,36.8,48.3,,11.7,0,0.5,1006,69,30.4,7.3,2.96,61
2025-09-23T05:00:00,9/23/2025 12:00,Hoàn Kiếm,VN,Asia/Ho_Chi_Minh,89,1591,138.5,41,42,,11.3,0,0.5,1004,65,31.2,7.5,3.01,50.67
2025-09-23T06:00:00,9/23/2025 13:00,Hoàn Kiếm,VN,Asia/Ho_Chi_Minh,84,1215.5,47.7,89,37,,11,0,0.25,1004,63,31.7,8,3.48,59
2025-09-23T07:00:00,9/23/2025 14:00,Hoàn Kiếm,VN,Asia/Ho_Chi_Minh,109,1023,77,21.1,51.7,,12,0,0,1002,62,31.6,6.6,3.77,51
2025-09-23T08:00:00,9/23/2025 15:00,Hoàn Kiếm,VN,Asia/Ho_Chi_Minh,112,721,25,67,47,,27,0,0,1002,63,31.5,4,3.9,48
2025-09-23T09:00:00,9/23/2025 16:00,Hoàn Kiếm,VN,Asia/Ho_Chi_Minh,115,1336,69.5,33.5,55,,3.5,0,0.25,1001,62,31.8,1.9,3.24,41
2025-09-23T10:00:00,9/23/2025 17:00,Hoàn Kiếm,VN,Asia/Ho_Chi_Minh,114,2372,56.7,45.2,54.3,,11,0,1.25,1002,74,29.9,1.3,2.78,40
2025-09-23T11:00:00,9/23/2025 18:00,Hoàn Kiếm,VN,Asia/Ho_Chi_Minh,213,2752.7,79,57,126.3,,28.3,0,0,1002,78,29.1,0,1.46,34
2025-09-23T12:00:00,9/23/2025 19:00,Hoàn Kiếm,VN,Asia/Ho_Chi_Minh,180,2029,80,18.5,97.5,,28.3,0,0,1002,82,28.4,0,1.46,30.25
2025-09-23T13:00:00,9/23/2025 20:00,Hoàn Kiếm,VN,Asia/Ho_Chi_Minh,132,1431,59.7,38.4,63,,11,0,0,1003,83,28,0,1.68,27.75
2025-09-23T14:00:00,9/23/2025 21:00,Hoàn Kiếm,VN,Asia/Ho_Chi_Minh,160,1258.5,87.7,18.7,95.3,,69.3,0,0,1004,84,27.8,0,1.71,38.67
2025-09-23T15:00:00,9/23/2025 22:00,Hoàn Kiếm,VN,Asia/Ho_Chi_Minh,135,1255.5,102.3,5.3,79.5,,25.5,0,0,1004,83,27.9,0,1.67,40
2025-09-23T16:00:00,9/23/2025 23:00,Hoàn Kiếm,VN,Asia/Ho_Chi_Minh,127,1403.3,72,22,71.3,,11.5,0,0,1004,84,27.7,0,2.04,41
2025-09-23T17:00:00,9/24/2025 0:00,Hoàn Kiếm,VN,Asia/Ho_Chi_Minh,117,1920.3,69.7,29.3,64.8,,27.7,0,0,1004,85,27.3,0,2.19,40.75
2025-09-23T18:00:00,9/24/2025 1:00,Hoàn Kiếm,VN,Asia/Ho_Chi_Minh,123,917,74.8,37.5,65.8,,17.3,0,0,1003,87,27,0,2.13,103
2025-09-23T19:00:00,9/24/2025 2:00,Hoàn Kiếm,VN,Asia/Ho_Chi_Minh,115,598.5,31,55,55,,13.5,0,0,1002,87,26.9,0,2.45,77.75
2025-09-23T20:00:00,9/24/2025 3:00,Hoàn Kiếm,VN,Asia/Ho_Chi_Minh,122,492,40,53.8,59.5,,14,0,0,1002,87,26.8,0,2.63,47.33
2025-09-23T21:00:00,9/24/2025 4:00,Hoàn Kiếm,VN,Asia/Ho_Chi_Minh,104,932,78.5,1.4,64.5,,40,0,0,1002,88,26.8,0,2.54,63
2025-09-23T22:00:00,9/24/2025 5:00,Hoàn Kiếm,VN,Asia/Ho_Chi_Minh,102,623.5,61.8,52.7,56.5,,27.5,0,0,1002,88,26.7,0,2.53,48.25
2025-09-23T23:00:00,9/24/2025 6:00,Hoàn Kiếm,VN,Asia/Ho_Chi_Minh,90,1000,57.7,69.5,52,,36.3,0,0,1003,88,26.7,1,2.91,45.25
2025-09-24T00:00:00,9/24/2025 7:00,Hoàn Kiếm,VN,Asia/Ho_Chi_Minh,107,2411.3,42.3,34.6,52.7,,11.3,0,0,1004,86,27.5,1.1,3,41.75
2025-09-24T01:00:00,9/24/2025 8:00,Hoàn Kiếm,VN,Asia/Ho_Chi_Minh,112,1258.5,52.3,34.7,53,,12.3,0,0,1004,78,29.2,1.4,2.92,43.8
2025-09-24T02:00:00,9/24/2025 9:00,Hoàn Kiếm,VN,Asia/Ho_Chi_Minh,102,1792.8,59.4,26,45,,11.8,0,0,1004,66,30.9,3.2,3.61,41
2025-09-24T03:00:00,9/24/2025 10:00,Hoàn Kiếm,VN,Asia/Ho_Chi_Minh,127,1483.5,68,21.6,64,,12,0,0,1003,57,32.1,4.5,4.87,43.67
2025-09-24T04:00:00,9/24/2025 11:00,Hoàn Kiếm,VN,Asia/Ho_Chi_Minh,124,2082.3,82,30.7,61.7,,11.3,0,0,1003,51,33.1,5.8,5.13,37
2025-09-24T05:00:00,9/24/2025 12:00,Hoàn Kiếm,VN,Asia/Ho_Chi_Minh,117,1804.3,55.3,49.3,58,,10.7,0,0,1002,49,33.1,5.3,5.17,36.25
2025-09-24T06:00:00,9/24/2025 13:00,Hoàn Kiếm,VN,Asia/Ho_Chi_Minh,61,2704,90,15.9,54.5,,79.3,0,0.25,1001,49,33.1,5.6,5.16,30.33
2025-09-24T07:00:00,9/24/2025 14:00,Hoàn Kiếm,VN,Asia/Ho_Chi_Minh,68,2614.5,82.5,12.5,48.2,,54.4,0,0,1000,49,33.2,5.3,4.94,38
2025-09-24T08:00:00,9/24/2025 15:00,Hoàn Kiếm,VN,Asia/Ho_Chi_Minh,54,962,41.7,26.4,42.3,,38,0,0,1000,49,33.3,2.5,4.18,39.67
2025-09-24T09:00:00,9/24/2025 16:00,Hoàn Kiếm,VN,Asia/Ho_Chi_Minh,81,2435.5,67.5,5.6,35.5,,4.5,0,0,999,48,33.3,1.2,3.34,36
2025-09-24T10:00:00,9/24/2025 17:00,Hoàn Kiếm,VN,Asia/Ho_Chi_Minh,141,2453.3,72,16.8,70.2,,62.4,0,0,998,48,32.8,0.7,2.86,45.25
2025-09-24T11:00:00,9/24/2025 18:00,Hoàn Kiếm,VN,Asia/Ho_Chi_Minh,138,3247.7,71,18,73.3,,29.8,38,0,999,52,31.7,0,1.96,44.25
2025-09-24T12:00:00,9/24/2025 19:00,Hoàn Kiếm,VN,Asia/Ho_Chi_Minh,119,1913,67.7,21.6,56,,11.3,62,0.5,1000,57,30.6,0,1.57,41.75
2025-09-24T13:00:00,9/24/2025 20:00,Hoàn Kiếm,VN,Asia/Ho_Chi_Minh,160,1538.7,92,24.1,126,,84,51,0.75,1000,59,29.9,0,1.5,17.25
2025-09-24T14:00:00,9/24/2025 21:00,Hoàn Kiếm,VN,Asia/Ho_Chi_Minh,145,4003,104.5,9.6,93.5,,43,26,0,1001,61,29.4,0,1.47,20.33
2025-09-24T15:00:00,9/24/2025 22:00,Hoàn Kiếm,VN,Asia/Ho_Chi_Minh,134,790,44,29,65,,29,29,0.25,1001,65,29,0,1.61,14
2025-09-24T16:00:00,9/24/2025 23:00,Hoàn Kiếm,VN,Asia/Ho_Chi_Minh,140,1033,52.3,25.4,70,,11.3,63,0.25,1001,65,28.8,0,1.61,26.5
2025-09-24T17:00:00,9/25/2025 0:00,Hoàn Kiếm,VN,Asia/Ho_Chi_Minh,126,433.5,129.3,16.2,67,,1.5,35,0,1000,65,28.5,0,1.5,50.6
2025-09-24T18:00:00,9/25/2025 1:00,Hoàn Kiếm,VN,Asia/Ho_Chi_Minh,130,533,33.3,26.7,61.7,,9.3,16,0.5,1000,68,28.1,0,1.48,49.5
2025-09-24T19:00:00,9/25/2025 2:00,Hoàn Kiếm,VN,Asia/Ho_Chi_Minh,98,451,30.5,35.4,41.5,,14,0,0.25,999,71,27.9,0,1.68,42.33
2025-09-24T20:00:00,9/25/2025 3:00,Hoàn Kiếm,VN,Asia/Ho_Chi_Minh,129,505,56,5.1,74,,1,29,0.25,999,75,27.7,0,1.47,63
2025-09-24T21:00:00,9/25/2025 4:00,Hoàn Kiếm,VN,Asia/Ho_Chi_Minh,95,491,32,31.1,41.5,,13,22,2.25,998,77,27.8,0,1.7,52
2025-09-24T22:00:00,9/25/2025 5:00,Hoàn Kiếm,VN,Asia/Ho_Chi_Minh,100,667.5,41.3,22.6,48,,9,38,0.5,999,75,27.7,0,1.83,48
2025-09-24T23:00:00,9/25/2025 6:00,Hoàn Kiếm,VN,Asia/Ho_Chi_Minh,101,847.5,51.7,16,48.7,,2,0,1.75,999,74,27.5,0.7,1.62,50.25
2025-09-25T00:00:00,9/25/2025 7:00,Hoàn Kiếm,VN,Asia/Ho_Chi_Minh,106,2202,40.3,44.5,50.3,,10.7,51,1.75,1000,78,27.3,0.9,1.71,45
2025-09-25T01:00:00,9/25/2025 8:00,Hoàn Kiếm,VN,Asia/Ho_Chi_Minh,97,2374.8,48.8,36.8,48.4,,15.1,44,2.25,1002,78,26.2,1.1,3.4,46.33
2025-09-25T02:00:00,9/25/2025 9:00,Hoàn Kiếm,VN,Asia/Ho_Chi_Minh,99,2969,68,15.3,46.5,,2,33,1,1002,84,25.7,1.7,2.32,34.33
2025-09-25T03:00:00,9/25/2025 10:00,Hoàn Kiếm,VN,Asia/Ho_Chi_Minh,81,2720.5,65.8,21.4,44.5,,24,43,0.5,1002,89,24.9,2.5,2.14,46
2025-09-25T04:00:00,9/25/2025 11:00,Hoàn Kiếm,VN,Asia/Ho_Chi_Minh,91,1555.3,33,27.9,41.3,,10.3,37,1,1002,88,25.1,3.1,2.29,33
2025-09-25T05:00:00,9/25/2025 12:00,Hoàn Kiếm,VN,Asia/Ho_Chi_Minh,72,1025.3,67.3,23,33.3,,21.7,32,0.5,1002,89,25.1,3.2,3.15,35.25
2025-09-25T06:00:00,9/25/2025 13:00,Hoàn Kiếm,VN,Asia/Ho_Chi_Minh,69,1682,60,44.3,28.3,,14,37,0.5,1002,88,25,2.9,3.76,35.75
2025-09-25T07:00:00,9/25/2025 14:00,Hoàn Kiếm,VN,Asia/Ho_Chi_Minh,62,1019,27,48.6,19,,26,27,0.25,1002,88,24.9,2.2,3.5,37.67
2025-09-25T08:00:00,9/25/2025 15:00,Hoàn Kiếm,VN,Asia/Ho_Chi_Minh,74,1045,57.5,8.8,33.5,,1.5,29,0,1002,88,24.9,1.5,2.97,33.86
2025-09-25T09:00:00,9/25/2025 16:00,Hoàn Kiếm,VN,Asia/Ho_Chi_Minh,75,880,49.3,28.4,34,,9.7,30,0,1002,88,25.1,0.9,2.83,34.5
2025-09-25T10:00:00,9/25/2025 17:00,Hoàn Kiếm,VN,Asia/Ho_Chi_Minh,77,2595.7,63,24.8,32.3,,10,23,0,1002,88,25.1,0.7,2.53,26.25
2025-09-25T11:00:00,9/25/2025 18:00,Hoàn Kiếm,VN,Asia/Ho_Chi_Minh,73,1604,71.3,82.3,30,,11,26,0,1003,89,24.9,0,2,31
2025-09-25T12:00:00,9/25/2025 19:00,Hoàn Kiếm,VN,Asia/Ho_Chi_Minh,78,137.7,18,39,31.3,,60,27,0,1004,90,24.7,0,2.04,22
2025-09-25T13:00:00,9/25/2025 20:00,Hoàn Kiếm,VN,Asia/Ho_Chi_Minh,75,1546.5,48.3,34.5,32.3,,9.7,25,0,1004,91,24.7,0,1.66,21
2025-09-25T14:00:00,9/25/2025 21:00,Hoàn Kiếm,VN,Asia/Ho_Chi_Minh,94,1363.5,44.7,23.8,48.7,,10.3,22,0,1006,92,24.6,0,1.13,17.5
2025-09-25T15:00:00,9/25/2025 22:00,Hoàn Kiếm,VN,Asia/Ho_Chi_Minh,95,1078,60.5,9,54,,1.5,0,0,1006,94,24.7,0,1.02,23
2025-09-25T16:00:00,9/25/2025 23:00,Hoàn Kiếm,VN,Asia/Ho_Chi_Minh,95,658.5,39.3,36.6,47.3,,9.7,28,0,1006,94,24.6,0,1.01,23.75
2025-09-25T17:00:00,9/26/2025 0:00,Hoàn Kiếm,VN,Asia/Ho_Chi_Minh,81,559.5,38.3,63,35.3,,8.7,0,0.25,1006,94,24.5,0,1.07,24.5
2025-09-25T18:00:00,9/26/2025 1:00,Hoàn Kiếm,VN,Asia/Ho_Chi_Minh,78,332,32,58.2,32.5,,12.5,0,0.5,1006,94,24.4,0,1.26,22.67
2025-09-25T19:00:00,9/26/2025 2:00,Hoàn Kiếm,VN,Asia/Ho_Chi_Minh,71,590,40,115.1,22,,2,0,0.5,1006,94,24.2,0,1.27,25
2025-09-25T20:00:00,9/26/2025 3:00,Hoàn Kiếm,VN,Asia/Ho_Chi_Minh,76,605.5,35.3,55.2,30,,9,30,0.5,1006,94,24.2,0,1.17,23.5
2025-09-25T21:00:00,9/26/2025 4:00,Hoàn Kiếm,VN,Asia/Ho_Chi_Minh,92,1095,31.5,39.5,43,,13,27,0.75,1006,94,24.2,0,1.04,32.5
2025-09-25T22:00:00,9/26/2025 5:00,Hoàn Kiếm,VN,Asia/Ho_Chi_Minh,94,584,22,87.6,42.7,,26,28,0,1007,95,24,0,1.03,33
2025-09-25T23:00:00,9/26/2025 6:00,Hoàn Kiếm,VN,Asia/Ho_Chi_Minh,103,1923.7,43.3,66.8,48,,11,33,1,1008,94,24.1,0.6,1.12,33
2025-09-26T00:00:00,9/26/2025 7:00,Hoàn Kiếm,VN,Asia/Ho_Chi_Minh,91,1489,20,33.9,39,,27,49,0.25,1008,93,24.6,0.7,1.37,26.33
2025-09-26T01:00:00,9/26/2025 8:00,Hoàn Kiếm,VN,Asia/Ho_Chi_Minh,98,1801,58.7,12.1,56,,31.3,86,0.5,1010,90,25.4,1.1,1.63,25
2025-09-26T02:00:00,9/26/2025 9:00,Hoàn Kiếm,VN,Asia/Ho_Chi_Minh,98,2353.5,74.5,50.8,54.8,,34.5,97,0.25,1010,88,25.9,1.8,1.74,21.5
2025-09-26T03:00:00,9/26/2025 10:00,Hoàn Kiếm,VN,Asia/Ho_Chi_Minh,94,1265,77.3,14,52,,34,54,0,1010,90,25.8,2.7,1.96,24.25
2025-09-26T04:00:00,9/26/2025 11:00,Hoàn Kiếm,VN,Asia/Ho_Chi_Minh,79,1176,89.5,24.8,46,,66,57,0.5,1010,87,26.6,3.3,2.17,31.67
2025-09-26T05:00:00,9/26/2025 12:00,Hoàn Kiếm,VN,Asia/Ho_Chi_Minh,105,1466,58,23.7,52.2,,18.4,92,0.5,1010,85,27.5,3.2,2.09,32.25
2025-09-26T06:00:00,9/26/2025 13:00,Hoàn Kiếm,VN,Asia/Ho_Chi_Minh,111,1566.5,48.3,28.5,52.3,,10.7,84,0.25,1010,85,27.7,2.9,2.52,36.33
2025-09-26T07:00:00,9/26/2025 14:00,Hoàn Kiếm,VN,Asia/Ho_Chi_Minh,106,1142,63.3,33.7,48.3,,9.7,53,0.25,1009,86,27.3,2.2,2.44,31
2025-09-26T08:00:00,9/26/2025 15:00,Hoàn Kiếm,VN,Asia/Ho_Chi_Minh,107,2178.7,67.3,36.7,49,,10.7,100,3,1008,87,26.8,1.5,1.86,34
2025-09-26T09:00:00,9/26/2025 16:00,Hoàn Kiếm,VN,Asia/Ho_Chi_Minh,110,3020.3,70.3,33.4,52,,9.7,100,4,1008,92,26.3,0.9,2.25,34.4
2025-09-26T10:00:00,9/26/2025 17:00,Hoàn Kiếm,VN,Asia/Ho_Chi_Minh,100,3857,67.3,38.7,47.7,,10.7,97,0.75,1009,93,26.2,0.7,1.92,32.6
2025-09-26T11:00:00,9/26/2025 18:00,Hoàn Kiếm,VN,Asia/Ho_Chi_Minh,102,4307,74,151.9,45,,1,36,0.25,1010,94,25.8,0,1.86,25.33
2025-09-26T12:00:00,9/26/2025 19:00,Hoàn Kiếm,VN,Asia/Ho_Chi_Minh,93,2323,48,142.8,41,,14,61,1.25,1010,94,25.6,0,1.52,37.2
2025-09-26T13:00:00,9/26/2025 20:00,Hoàn Kiếm,VN,Asia/Ho_Chi_Minh,84,2397,49.3,35.1,37,,9.7,19,0,1012,95,25.4,0,1.36,39.5
2025-09-26T14:00:00,9/26/2025 21:00,Hoàn Kiếm,VN,Asia/Ho_Chi_Minh,85,2511,49.3,34.8,37.3,,10,0,0,1012,95,25.2,0,1.55,37.5
2025-09-26T15:00:00,9/26/2025 22:00,Hoàn Kiếm,VN,Asia/Ho_Chi_Minh,87,1210.5,39.5,21,33.5,,14.5,0,0,1012,96,25.3,0,1.44,38
2025-09-26T16:00:00,9/26/2025 23:00,Hoàn Kiếm,VN,Asia/Ho_Chi_Minh,74,1723.3,41,33.6,31,,13,0,0,1012,96,25.2,0,2.02,39
2025-09-26T17:00:00,9/27/2025 0:00,Hoàn Kiếm,VN,Asia/Ho_Chi_Minh,80,1630.5,39,132.8,26.5,,1.5,0,1.25,1012,95,25.1,0,2.1,35.33
2025-09-26T18:00:00,9/27/2025 1:00,Hoàn Kiếm,VN,Asia/Ho_Chi_Minh,69,704.7,14.5,41.3,21,,13,31,4.25,1012,95,24.9,0,2.1,36
2025-09-26T19:00:00,9/27/2025 2:00,Hoàn Kiếm,VN,Asia/Ho_Chi_Minh,67,481,12,86.8,20,,25,100,5.5,1010,95,24.8,0,1.95,32
2025-09-26T20:00:00,9/27/2025 3:00,Hoàn Kiếm,VN,Asia/Ho_Chi_Minh,65,473.8,25.9,32.9,20.6,,13,94,1.75,1010,95,24.7,0,1.83,27.67
2025-09-26T21:00:00,9/27/2025 4:00,Hoàn Kiếm,VN,Asia/Ho_Chi_Minh,62,358.3,31.7,28.7,20.3,,13,0,0,1011,95,24.9,0,2.07,28
2025-09-26T22:00:00,9/27/2025 5:00,Hoàn Kiếm,VN,Asia/Ho_Chi_Minh,58,644.5,34.3,54.5,21.3,,10,0,0,1011,95,24.8,0,2.22,29.33
2025-09-26T23:00:00,9/27/2025 6:00,Hoàn Kiếm,VN,Asia/Ho_Chi_Minh,65,844.1,77,19.5,28,,53,0,0,1012,95,24.8,0.6,2.44,23
2025-09-27T00:00:00,9/27/2025 7:00,Hoàn Kiếm,VN,Asia/Ho_Chi_Minh,66,1087,41.5,65.5,27.5,,21.3,0,0,1012,95,25.3,0.7,2.56,26
2025-09-27T01:00:00,9/27/2025 8:00,Hoàn Kiếm,VN,Asia/Ho_Chi_Minh,84,846.5,59,26.5,50.2,,33.2,0,0,1013,93,26.2,1.1,2.93,21
2025-09-27T02:00:00,9/27/2025 9:00,Hoàn Kiếm,VN,Asia/Ho_Chi_Minh,78,601,54,31.5,56.5,,79,0,0,1013,88,27.5,1.8,3.59,20
2025-09-27T03:00:00,9/27/2025 10:00,Hoàn Kiếm,VN,Asia/Ho_Chi_Minh,85,358,100,14.5,43.5,,110,0,0,1013,85,28.5,2.5,3.38,18.83
2025-09-27T04:00:00,9/27/2025 11:00,Hoàn Kiếm,VN,Asia/Ho_Chi_Minh,81,864,33,25.9,34.7,,10,0,0,1012,82,29.2,3.4,3.56,17.75
2025-09-27T05:00:00,9/27/2025 12:00,Hoàn Kiếm,VN,Asia/Ho_Chi_Minh,60,358,75,16.1,32.5,,77.5,0,0.25,1012,81,29.3,4.4,3.39,15.67
2025-09-27T06:00:00,9/27/2025 13:00,Hoàn Kiếm,VN,Asia/Ho_Chi_Minh,62,911.5,35,34.1,25.5,,14.5,0,0,1010,79,29.7,4.9,3.28,19
2025-09-27T07:00:00,9/27/2025 14:00,Hoàn Kiếm,VN,Asia/Ho_Chi_Minh,68,725.5,41.3,46.7,27.3,,10.3,0,0,1009,76,30.4,3.6,3.42,19.2
2025-09-27T08:00:00,9/27/2025 15:00,Hoàn Kiếm,VN,Asia/Ho_Chi_Minh,66,568.5,36.7,37.3,25.7,,10.7,0,0,1008,75,30.4,1.7,3.2,27.8
2025-09-27T09:00:00,9/27/2025 16:00,Hoàn Kiếm,VN,Asia/Ho_Chi_Minh,80,67.7,6,123,27,,92,0,8,1008,69,30.9,1,2.19,25
2025-09-27T10:00:00,9/27/2025 17:00,Hoàn Kiếm,VN,Asia/Ho_Chi_Minh,51,748.2,26.8,86.9,16.7,,68.2,0,9,1008,71,30.6,0.8,1.56,28
2025-09-27T11:00:00,9/27/2025 18:00,Hoàn Kiếm,VN,Asia/Ho_Chi_Minh,69,1428.7,47.7,50.8,30.2,,44.3,0,0,1008,76,29.4,0,1.84,26.33
2025-09-27T12:00:00,9/27/2025 19:00,Hoàn Kiếm,VN,Asia/Ho_Chi_Minh,64,2109.3,68.5,14.8,31.8,,20.5,0,0,1008,80,28.6,0,2.13,16.67
2025-09-27T13:00:00,9/27/2025 20:00,Hoàn Kiếm,VN,Asia/Ho_Chi_Minh,80,1925.5,54.3,45.9,38.7,,10.7,0,0,1009,85,27.9,0,2.96,17.33
2025-09-27T14:00:00,9/27/2025 21:00,Hoàn Kiếm,VN,Asia/Ho_Chi_Minh,99,1455,63,22.1,50.7,,10.3,0,0,1010,87,27.4,0,2.3,20.33
2025-09-27T15:00:00,9/27/2025 22:00,Hoàn Kiếm,VN,Asia/Ho_Chi_Minh,121,3039,62,4,57,,1,0,0,1010,88,26.9,0,2.24,19.33
2025-09-27T16:00:00,9/27/2025 23:00,Hoàn Kiếm,VN,Asia/Ho_Chi_Minh,107,2261.3,80,4.1,47.5,,6.2,0,0,1010,87,26.7,0,2.36,26
2025-09-27T17:00:00,9/28/2025 0:00,Hoàn Kiếm,VN,Asia/Ho_Chi_Minh,105,834.5,42.7,45.9,49.7,,9,0,0.25,1010,88,26.4,0,2.57,12.67
2025-09-27T18:00:00,9/28/2025 1:00,Hoàn Kiếm,VN,Asia/Ho_Chi_Minh,91,706,116,4.3,46.5,,16.5,0,1.75,1008,89,26.2,0,2.47,20.83
2025-09-27T19:00:00,9/28/2025 2:00,Hoàn Kiếm,VN,Asia/Ho_Chi_Minh,96,691.7,45.8,32.4,49,,17.5,43,0.75,1008,88,26.1,0,2.79,18.25
2025-09-27T20:00:00,9/28/2025 3:00,Hoàn Kiếm,VN,Asia/Ho_Chi_Minh,93,829.3,49.5,82.2,46.3,,25.8,0,0,1008,89,25.8,0,2.86,25.75
2025-09-27T21:00:00,9/28/2025 4:00,Hoàn Kiếm,VN,Asia/Ho_Chi_Minh,82,602,40.7,55.5,35.7,,9.3,51,0.25,1008,90,25.4,0,2.88,34.75
2025-09-27T22:00:00,9/28/2025 5:00,Hoàn Kiếm,VN,Asia/Ho_Chi_Minh,63,806,100,4.3,53,,158,26,0,1008,92,25.4,0,2.81,43
2025-09-27T23:00:00,9/28/2025 6:00,Hoàn Kiếm,VN,Asia/Ho_Chi_Minh,63,946,59,50.2,39,,32,0,0,1008,92,25.4,1.6,2.99,38
2025-09-28T00:00:00,9/28/2025 7:00,Hoàn Kiếm,VN,Asia/Ho_Chi_Minh,72,1301.7,44.3,40.6,37.3,,20.5,0,0,1008,91,25.7,1.9,3.08,37.25
2025-09-28T01:00:00,9/28/2025 8:00,Hoàn Kiếm,VN,Asia/Ho_Chi_Minh,80,1111,54.5,32.4,41.8,,43.5,0,0,1009,90,26.3,2.7,3.25,31.2
2025-09-28T02:00:00,9/28/2025 9:00,Hoàn Kiếm,VN,Asia/Ho_Chi_Minh,90,964.5,47.8,35.8,49.5,,14.5,0,0.25,1009,86,27.6,4.1,3.64,33.2
2025-09-28T03:00:00,9/28/2025 10:00,Hoàn Kiếm,VN,Asia/Ho_Chi_Minh,93,965.5,45.5,26,50,,13.8,89,0.25,1010,81,28.8,4,3.63,32
2025-09-28T04:00:00,9/28/2025 11:00,Hoàn Kiếm,VN,Asia/Ho_Chi_Minh,91,911,35,29.4,46,,2,0,0,1009,77,29.6,3.4,3.5,26.67
2025-09-28T05:00:00,9/28/2025 12:00,Hoàn Kiếm,VN,Asia/Ho_Chi_Minh,74,701.5,50.3,28.8,40,,18.3,0,4.25,1008,73,30.5,3.5,3.87,18
2025-09-28T06:00:00,9/28/2025 13:00,Hoàn Kiếm,VN,Asia/Ho_Chi_Minh,71,802,30,42.1,26,,26,45,2,1006,75,29.9,2.8,3.57,18
2025-09-28T07:00:00,9/28/2025 14:00,Hoàn Kiếm,VN,Asia/Ho_Chi_Minh,64,308.5,25,47.5,22,,26,79,1,1004,76,30.1,2.2,3.17,22
2025-09-28T08:00:00,9/28/2025 15:00,Hoàn Kiếm,VN,Asia/Ho_Chi_Minh,56,514.3,26.7,17.3,19.7,,9.7,0,0.75,1004,80,29.3,1.4,2.57,26
2025-09-28T09:00:00,9/28/2025 16:00,Hoàn Kiếm,VN,Asia/Ho_Chi_Minh,56,763.5,42,21.5,20.3,,9.7,100,0.75,1005,87,27.9,0.9,2.57,30.6
2025-09-28T10:00:00,9/28/2025 17:00,Hoàn Kiếm,VN,Asia/Ho_Chi_Minh,80,10,42.2,12.8,32.5,,9.7,80,0.75,1006,89,27.5,0.7,2.06,32
2025-09-28T11:00:00,9/28/2025 18:00,Hoàn Kiếm,VN,Asia/Ho_Chi_Minh,54,1059,52.3,58.2,22.3,,19.5,84,0,1006,89,26.8,0,2.76,31
2025-09-28T12:00:00,9/28/2025 19:00,Hoàn Kiếm,VN,Asia/Ho_Chi_Minh,75,789,42.7,140.1,22,,9.7,40,1,1006,92,25.5,0,2.55,23.25
2025-09-28T13:00:00,9/28/2025 20:00,Hoàn Kiếm,VN,Asia/Ho_Chi_Minh,57,776.5,45,81.8,20,,10.7,34,1.5,1008,94,25.1,0,1.67,21.5
2025-09-28T14:00:00,9/28/2025 21:00,Hoàn Kiếm,VN,Asia/Ho_Chi_Minh,54,401,35.7,15.4,18.7,,9.3,31,1.75,1008,94,25,0,2.11,18.5
2025-09-28T15:00:00,9/28/2025 22:00,Hoàn Kiếm,VN,Asia/Ho_Chi_Minh,51,778,31.3,31.9,17,,9.7,26,0.5,1007,93,24.9,0,3.64,15
2025-09-28T16:00:00,9/28/2025 23:00,Hoàn Kiếm,VN,Asia/Ho_Chi_Minh,98,734.1,54,38.8,86,,74,34,0.25,1006,90,25.1,0,3.91,15
2025-09-28T17:00:00,9/29/2025 0:00,Hoàn Kiếm,VN,Asia/Ho_Chi_Minh,53,402,46,72.7,27.6,,27.8,23,0.5,1006,90,25.1,0,3.55,26
2025-09-28T18:00:00,9/29/2025 1:00,Hoàn Kiếm,VN,Asia/Ho_Chi_Minh,57,646.3,38.8,52.4,29.4,,39.2,59,1,1004,90,24.9,0,3.66,13.75
2025-09-28T19:00:00,9/29/2025 2:00,Hoàn Kiếm,VN,Asia/Ho_Chi_Minh,61,614,22.5,30.3,21.5,,13.5,37,3.25,1004,92,24.7,0,3.82,16.33
2025-09-28T20:00:00,9/29/2025 3:00,Hoàn Kiếm,VN,Asia/Ho_Chi_Minh,65,1651,19,1.1,25,,2,54,4.75,1003,92,24.7,0,3.89,15.25
2025-09-28T21:00:00,9/29/2025 4:00,Hoàn Kiếm,VN,Asia/Ho_Chi_Minh,60,937.7,19.3,46.5,22,,9.3,52,2.75,1003,93,24.3,0,3.59,14
2025-09-28T22:00:00,9/29/2025 5:00,Hoàn Kiếm,VN,Asia/Ho_Chi_Minh,67,1191,21.8,51,25,,9.6,65,0.75,1004,94,24.4,0,3.94,12.67
2025-09-28T23:00:00,9/29/2025 6:00,Hoàn Kiếm,VN,Asia/Ho_Chi_Minh,48,674.5,22.3,30.6,13.3,,9.7,100,1,1004,93,24.5,0.6,4.08,34
2025-09-29T00:00:00,9/29/2025 7:00,Hoàn Kiếm,VN,Asia/Ho_Chi_Minh,50,1697.7,26.7,60.1,15,,10,100,1.25,1004,93,24.6,0.7,4.28,13.2
2025-09-29T01:00:00,9/29/2025 8:00,Hoàn Kiếm,VN,Asia/Ho_Chi_Minh,40,1714.7,33.3,67.5,12.3,,9.7,100,2.75,1004,94,24.6,1.1,4.5,15.4
2025-09-29T02:00:00,9/29/2025 9:00,Hoàn Kiếm,VN,Asia/Ho_Chi_Minh,49,1679.2,24.2,21.8,15.3,,4.7,100,6.5,1005,94,24.7,1.7,4.89,17
2025-09-29T03:00:00,9/29/2025 10:00,Hoàn Kiếm,VN,Asia/Ho_Chi_Minh,48,1670,23,2.7,15.5,,2,100,6.25,1005,94,25.7,2.5,5.01,19
2025-09-29T04:00:00,9/29/2025 11:00,Hoàn Kiếm,VN,Asia/Ho_Chi_Minh,48,1398.8,29.7,30.9,18,,8.5,100,5.5,1006,94,26.3,3,5.16,16.67
2025-09-29T05:00:00,9/29/2025 12:00,Hoàn Kiếm,VN,Asia/Ho_Chi_Minh,62,934.3,38.3,27.5,34,,21.5,100,14.75,1005,94,26.6,3.1,5.56,20
2025-09-29T06:00:00,9/29/2025 13:00,Hoàn Kiếm,VN,Asia/Ho_Chi_Minh,48,856.5,43,87.1,23,,21.5,0,13.5,1004,93,26.5,2.8,6.49,11.5
2025-09-29T07:00:00,9/29/2025 14:00,Hoàn Kiếm,VN,Asia/Ho_Chi_Minh,44,424.7,31.8,30.9,23.5,,21.5,100,6.5,1004,94,26.4,2.1,6.53,12
2025-09-29T08:00:00,9/29/2025 15:00,Hoàn Kiếm,VN,Asia/Ho_Chi_Minh,38,428.7,21.7,21.1,13,,9.3,100,3,1003,94,26.3,1.4,6.27,9.5
2025-09-29T09:00:00,9/29/2025 16:00,Hoàn Kiếm,VN,Asia/Ho_Chi_Minh,63,56,62,7.6,60,,58,100,1.5,1004,94,26.3,0.9,6.38,11.67
2025-09-29T10:00:00,9/29/2025 17:00,Hoàn Kiếm,VN,Asia/Ho_Chi_Minh,55,655,39.3,26.8,33,,29,100,2,1004,93,26.2,0.7,6.48,11.5
2025-09-29T11:00:00,9/29/2025 18:00,Hoàn Kiếm,VN,Asia/Ho_Chi_Minh,69,504,62,14.1,21,,58,100,1,1005,94,26.2,0,5.61,11.53
2025-09-29T12:00:00,9/29/2025 19:00,Hoàn Kiếm,VN,Asia/Ho_Chi_Minh,70,612.5,46.3,38.2,24,,20.3,100,0.5,1006,93,26.3,0,5.17,17.4
2025-09-29T13:00:00,9/29/2025 20:00,Hoàn Kiếm,VN,Asia/Ho_Chi_Minh,67,441,42,36.9,24.7,,20,88,0.5,1006,93,26.3,0,5.22,11.6
2025-09-29T14:00:00,9/29/2025 21:00,Hoàn Kiếm,VN,Asia/Ho_Chi_Minh,66,980,21.3,16.4,26,,10,65,0,1008,92,26.4,0,5.11,10.6
2025-09-29T15:00:00,9/29/2025 22:00,Hoàn Kiếm,VN,Asia/Ho_Chi_Minh,56,860,38.5,8.7,25.5,,29.5,49,0,1008,92,26.3,0,4.29,9.25
2025-09-29T16:00:00,9/29/2025 23:00,Hoàn Kiếm,VN,Asia/Ho_Chi_Minh,58,228.3,41.3,32.2,33.7,,19.7,51,0,1008,92,26.2,0,4.04,18
2025-09-29T17:00:00,9/30/2025 0:00,Hoàn Kiếm,VN,Asia/Ho_Chi_Minh,46,408,116,12.5,50,,74,35,0.75,1008,93,26.1,0,3.62,14.25
2025-09-29T18:00:00,9/30/2025 1:00,Hoàn Kiếm,VN,Asia/Ho_Chi_Minh,55,415,33.3,77.4,28.8,,12.3,35,2.5,1007,94,26,0,3.46,21
2025-09-29T19:00:00,9/30/2025 2:00,Hoàn Kiếm,VN,Asia/Ho_Chi_Minh,50,368.7,39.3,32.7,28.7,,17.3,48,2.5,1006,94,25.9,0,3.24,21.33
2025-09-29T20:00:00,9/30/2025 3:00,Hoàn Kiếm,VN,Asia/Ho_Chi_Minh,53,278.5,20.5,27.7,18,,13,100,1.25,1006,94,25.8,0,3.07,19.67
2025-09-29T21:00:00,9/30/2025 4:00,Hoàn Kiếm,VN,Asia/Ho_Chi_Minh,50,408,62,11.9,50,,95,100,1.75,1007,95,25.6,0,2.98,19.33
2025-09-29T22:00:00,9/30/2025 5:00,Hoàn Kiếm,VN,Asia/Ho_Chi_Minh,55,394.3,39.3,42.3,27.5,,14,100,6,1008,95,25.7,0,3.26,15
2025-09-29T23:00:00,9/30/2025 6:00,Hoàn Kiếm,VN,Asia/Ho_Chi_Minh,62,491.7,34.3,35.6,27.3,,27.3,100,9,1008,95,25.6,0.6,2.89,15.75
2025-09-30T00:00:00,9/30/2025 7:00,Hoàn Kiếm,VN,Asia/Ho_Chi_Minh,52,1391,60.5,40.5,33.5,,24.5,100,6.25,1009,95,25.7,0.7,2.88,11
2025-09-30T01:00:00,9/30/2025 8:00,Hoàn Kiếm,VN,Asia/Ho_Chi_Minh,52,2289.3,47.8,60.7,25,,40,100,9.25,1010,95,26,1.1,3.22,14.4
2025-09-30T02:00:00,9/30/2025 9:00,Hoàn Kiếm,VN,Asia/Ho_Chi_Minh,37,10,56.2,12,11.3,,71.5,100,4,1010,95,26.3,1.7,3.32,12
2025-09-30T03:00:00,9/30/2025 10:00,Hoàn Kiếm,VN,Asia/Ho_Chi_Minh,40,756,54,16.2,36,,95,100,3.75,1010,95,26.5,2.4,3.02,13.5
2025-09-30T04:00:00,9/30/2025 11:00,Hoàn Kiếm,VN,Asia/Ho_Chi_Minh,50,907,69,6.5,46,,132,100,12.25,1010,95,26.9,3,2.82,12
2025-09-30T05:00:00,9/30/2025 12:00,Hoàn Kiếm,VN,Asia/Ho_Chi_Minh,50,287.8,22.7,54.7,15,,53,0,13.25,1009,94,27.2,3.1,2.83,14.2
2025-09-30T06:00:00,9/30/2025 13:00,Hoàn Kiếm,VN,Asia/Ho_Chi_Minh,56,53.7,7,74,17,,32,0,12.25,1008,94,27.2,2.8,2.87,17.5
2025-09-30T07:00:00,9/30/2025 14:00,Hoàn Kiếm,VN,Asia/Ho_Chi_Minh,49,39.1,7.3,53,13.4,,30.7,0,13,1008,94,27.2,2.1,2.82,13
2025-09-30T08:00:00,9/30/2025 15:00,Hoàn Kiếm,VN,Asia/Ho_Chi_Minh,35,24.6,7.7,32.1,9.8,,29.3,0,9.75,1008,94,27,1.4,2.48,13
2025-09-30T09:00:00,9/30/2025 16:00,Hoàn Kiếm,VN,Asia/Ho_Chi_Minh,21,10,8,11.1,6.3,,28,0,11.5,1008,93,26.8,0.9,2.69,9
2025-09-30T10:00:00,9/30/2025 17:00,Hoàn Kiếm,VN,Asia/Ho_Chi_Minh,42,10,12.3,11.8,12.5,,35.7,0,2,1008,92,26.6,0.7,2.37,9.5
2025-09-30T11:00:00,9/30/2025 18:00,Hoàn Kiếm,VN,Asia/Ho_Chi_Minh,33,10,16.7,14.2,10,,43.3,0,1,1009,93,26.1,0,2.2,12
2025-09-30T12:00:00,9/30/2025 19:00,Hoàn Kiếm,VN,Asia/Ho_Chi_Minh,42,92.2,21,32,12.5,,51,100,0.75,1010,94,25.8,0,1.86,12
2025-09-30T13:00:00,9/30/2025 20:00,Hoàn Kiếm,VN,Asia/Ho_Chi_Minh,47,96.1,21,29.3,14.2,,51,100,0,1010,95,25.4,0,1.54,15
2025-09-30T14:00:00,9/30/2025 21:00,Hoàn Kiếm,VN,Asia/Ho_Chi_Minh,42,100,21,26.7,12.5,,51,100,0.5,1012,95,25.3,0,1.36,11.67
2025-09-30T15:00:00,9/30/2025 22:00,Hoàn Kiếm,VN,Asia/Ho_Chi_Minh,54,103.9,21,24,17.5,,51,100,0.25,1012,95,25.4,0,1.29,8.33
2025-09-30T16:00:00,9/30/2025 23:00,Hoàn Kiếm,VN,Asia/Ho_Chi_Minh,56,99.8,20.3,24.7,18.8,,47,100,0.75,1012,96,25.2,0,1.18,5
2025-09-30T17:00:00,10/1/2025 0:00,Hoàn Kiếm,VN,Asia/Ho_Chi_Minh,65,95.7,19.7,25.3,23.8,,43,100,1.25,1012,96,25.1,0,1.14,10
2025-09-30T18:00:00,10/1/2025 1:00,Hoàn Kiếm,VN,Asia/Ho_Chi_Minh,85,91.6,19,26,35,,39,100,0.75,1010,97,25,0,1.06,8
2025-09-30T19:00:00,10/1/2025 2:00,Hoàn Kiếm,VN,Asia/Ho_Chi_Minh,96,94.2,20,24.3,41.7,,40,87,0.25,1010,97,24.9,0,1.22,10
2025-09-30T20:00:00,10/1/2025 3:00,Hoàn Kiếm,VN,Asia/Ho_Chi_Minh,112,96.7,21,22.7,50,,41,88,0,1010,97,24.8,0,1.31,11.33
2025-09-30T21:00:00,10/1/2025 4:00,Hoàn Kiếm,VN,Asia/Ho_Chi_Minh,123,99.2,22,21,55,,42,29,0,1010,96,24.9,0,1.8,10
2025-09-30T22:00:00,10/1/2025 5:00,Hoàn Kiếm,VN,Asia/Ho_Chi_Minh,123,98.4,20.3,23.3,55,,44,38,0,1010,96,24.9,0,1.6,14
2025-09-30T23:00:00,10/1/2025 6:00,Hoàn Kiếm,VN,Asia/Ho_Chi_Minh,115,97.7,18.7,25.7,51.3,,46,38,0,1010,96,24.9,0.6,1.26,15
2025-10-01T00:00:00,10/1/2025 7:00,Hoàn Kiếm,VN,Asia/Ho_Chi_Minh,115,96.9,17,28,51.3,,48,0,0.25,1011,96,25.3,0.7,1.15,19
2025-10-01T01:00:00,10/1/2025 8:00,Hoàn Kiếm,VN,Asia/Ho_Chi_Minh,95,280.1,26.9,31,40.9,,35.6,37,0.5,1012,94,26,1.1,1.48,28
2025-10-01T02:00:00,10/1/2025 9:00,Hoàn Kiếm,VN,Asia/Ho_Chi_Minh,115,463.3,36.8,34,51.3,,23.1,51,1.75,1012,93,26.7,1.7,1.69,33.33
2025-10-01T03:00:00,10/1/2025 10:00,Hoàn Kiếm,VN,Asia/Ho_Chi_Minh,60,646.5,46.7,36.9,20.3,,10.7,40,1.25,1011,89,28.4,2.4,2.44,40
2025-10-01T04:00:00,10/1/2025 11:00,Hoàn Kiếm,VN,Asia/Ho_Chi_Minh,71,945.5,35,36.6,31.5,,15,66,0.25,1010,86,29.3,3.3,2.34,44
2025-10-01T05:00:00,10/1/2025 12:00,Hoàn Kiếm,VN,Asia/Ho_Chi_Minh,67,2387.3,32,22.4,25.7,,10,56,1.75,1010,84,29.3,3.2,2.89,44
2025-10-01T06:00:00,10/1/2025 13:00,Hoàn Kiếm,VN,Asia/Ho_Chi_Minh,61,1972.3,23.3,21.2,20.3,,10.3,100,2.75,1009,85,28.6,2.8,2.93,41
2025-10-01T07:00:00,10/1/2025 14:00,Hoàn Kiếm,VN,Asia/Ho_Chi_Minh,65,2279,31.5,54.9,25,,11,100,0.5,1008,83,28.7,2.2,2.93,41
2025-10-01T08:00:00,10/1/2025 15:00,Hoàn Kiếm,VN,Asia/Ho_Chi_Minh,77,1299,104,2.2,42,,18,91,0.25,1008,82,28.8,1.4,2.88,32.83
2025-10-01T09:00:00,10/1/2025 16:00,Hoàn Kiếm,VN,Asia/Ho_Chi_Minh,69,962.3,40.5,29.4,29,,14.5,32,0,1008,82,28.6,0.9,2.32,41
2025-10-01T10:00:00,10/1/2025 17:00,Hoàn Kiếm,VN,Asia/Ho_Chi_Minh,73,1310.7,61,32.8,30,,28.3,0,0,1008,84,28.1,0.7,1.91,16.5
2025-10-01T11:00:00,10/1/2025 18:00,Hoàn Kiếm,VN,Asia/Ho_Chi_Minh,78,3042.7,55.3,39.8,35,,10.7,22,0,1009,89,27.2,0,1.29,21.67
2025-10-01T12:00:00,10/1/2025 19:00,Hoàn Kiếm,VN,Asia/Ho_Chi_Minh,67,2197,53,37.3,26,,1,0,0,1010,91,26.6,0,1.41,20
2025-10-01T13:00:00,10/1/2025 20:00,Hoàn Kiếm,VN,Asia/Ho_Chi_Minh,90,2508,25,111.5,40.7,,10.7,0,0,1010,92,26.3,0,1.26,17
2025-10-01T14:00:00,10/1/2025 21:00,Hoàn Kiếm,VN,Asia/Ho_Chi_Minh,95,2333.9,31.4,24.1,41.3,,7,0,0,1011,93,26,0,1.18,19
2025-10-01T15:00:00,10/1/2025 22:00,Hoàn Kiếm,VN,Asia/Ho_Chi_Minh,92,2402.3,20.7,17.6,41,,10,0,0,1011,94,26.1,0,1.38,24.5
2025-10-01T16:00:00,10/1/2025 23:00,Hoàn Kiếm,VN,Asia/Ho_Chi_Minh,95,1584,22.7,39.7,43.3,,9,0,0,1012,95,25.9,0,1.41,20.67
2025-10-01T17:00:00,10/2/2025 0:00,Hoàn Kiếm,VN,Asia/Ho_Chi_Minh,90,902,29,104.2,38.5,,13.5,0,0,1011,95,25.6,0,1.31,22.5
2025-10-01T18:00:00,10/2/2025 1:00,Hoàn Kiếm,VN,Asia/Ho_Chi_Minh,87,1438.5,2.5,33.9,34.5,,14,0,0,1010,96,25.3,0,1.24,24.75
2025-10-01T19:00:00,10/2/2025 2:00,Hoàn Kiếm,VN,Asia/Ho_Chi_Minh,81,1354.7,16,58,35,,9.7,0,0,1010,96,25.1,0,1.16,20
2025-10-01T20:00:00,10/2/2025 3:00,Hoàn Kiếm,VN,Asia/Ho_Chi_Minh,98,962,9,64.1,41,,26,0,0,1010,96,25,0,1.22,30.67
2025-10-01T21:00:00,10/2/2025 4:00,Hoàn Kiếm,VN,Asia/Ho_Chi_Minh,106,825,44,6.9,51.5,,2.5,0,0,1010,96,24.9,0,1.38,33
2025-10-01T22:00:00,10/2/2025 5:00,Hoàn Kiếm,VN,Asia/Ho_Chi_Minh,114,1548.7,22.5,30.1,54,,10.3,0,0,1010,95,24.8,0,1.43,31.5
2025-10-01T23:00:00,10/2/2025 6:00,Hoàn Kiếm,VN,Asia/Ho_Chi_Minh,115,2002,24,78.4,50.3,,10.3,0,0,1012,95,24.8,1.1,1.47,32.75
2025-10-02T00:00:00,10/2/2025 7:00,Hoàn Kiếm,VN,Asia/Ho_Chi_Minh,98,2253,2,7.5,34,,1,0,0,1012,93,25.5,1.5,1.71,30.67
2025-10-02T01:00:00,10/2/2025 8:00,Hoàn Kiếm,VN,Asia/Ho_Chi_Minh,74,2040,26.5,10.8,30.5,,1.5,0,0,1012,88,27.1,2.3,1.98,29
2025-10-02T02:00:00,10/2/2025 9:00,Hoàn Kiếm,VN,Asia/Ho_Chi_Minh,123,1623.7,42,16.7,55,,7,0,0,1012,80,28.4,3.2,2.56,26.33
2025-10-02T03:00:00,10/2/2025 10:00,Hoàn Kiếm,VN,Asia/Ho_Chi_Minh,92,1309,62,21.3,44.5,,10,0,0,1012,74,29.7,5,2.8,34
2025-10-02T04:00:00,10/2/2025 11:00,Hoàn Kiếm,VN,Asia/Ho_Chi_Minh,75,1599.8,52.8,16.3,33,,11.5,0,0,1012,69,30.5,6.4,2.91,37.67
2025-10-02T05:00:00,10/2/2025 12:00,Hoàn Kiếm,VN,Asia/Ho_Chi_Minh,67,1053,45,23.4,26,,34.3,0,0,1010,65,31.3,6,2.79,40.5
2025-10-02T06:00:00,10/2/2025 13:00,Hoàn Kiếm,VN,Asia/Ho_Chi_Minh,59,1029,51.5,25.8,23.3,,15,0,0,1010,63,31.8,4.8,2.8,41
2025-10-02T07:00:00,10/2/2025 14:00,Hoàn Kiếm,VN,Asia/Ho_Chi_Minh,64,1136.3,47,32.3,24.7,,11.7,0,0,1008,61,32.3,3.4,2.68,34
2025-10-02T08:00:00,10/2/2025 15:00,Hoàn Kiếm,VN,Asia/Ho_Chi_Minh,68,1253,52.5,39.5,27.5,,15,0,0,1008,61,32.2,2.3,2.79,23
2025-10-02T09:00:00,10/2/2025 16:00,Hoàn Kiếm,VN,Asia/Ho_Chi_Minh,81,1381,9,29.9,46,,5,0,0,1008,60,32.2,1.3,2.3,44
2025-10-02T10:00:00,10/2/2025 17:00,Hoàn Kiếm,VN,Asia/Ho_Chi_Minh,65,1295.5,49.7,24.4,26.3,,12,0,0,1008,66,31.1,1,1.88,31.4
2025-10-02T11:00:00,10/2/2025 18:00,Hoàn Kiếm,VN,Asia/Ho_Chi_Minh,72,2898,57.5,12,31.5,,2.5,0,0,1008,73,29.3,0,3.06,23.4
2025-10-02T12:00:00,10/2/2025 19:00,Hoàn Kiếm,VN,Asia/Ho_Chi_Minh,96,2198,44,31.5,49.7,,11,0,0,1010,80,28,0,3.15,20
2025-10-02T13:00:00,10/2/2025 20:00,Hoàn Kiếm,VN,Asia/Ho_Chi_Minh,110,1570.5,38,32.3,52,,14.5,0,0,1010,84,27,0,2.63,16
2025-10-02T14:00:00,10/2/2025 21:00,Hoàn Kiếm,VN,Asia/Ho_Chi_Minh,93,1479,47,8.6,45,,3,0,0,1010,87,26.2,0,2.15,18.33
2025-10-02T15:00:00,10/2/2025 22:00,Hoàn Kiếm,VN,Asia/Ho_Chi_Minh,99,1991.5,20,20.8,49.5,,29,0,0,1010,89,25.8,0,1.89,20.33
2025-10-02T16:00:00,10/2/2025 23:00,Hoàn Kiếm,VN,Asia/Ho_Chi_Minh,104,979.3,29.7,18.4,47.7,,14,0,0,1010,91,25.3,0,1.81,26.5
2025-10-02T17:00:00,10/3/2025 0:00,Hoàn Kiếm,VN,Asia/Ho_Chi_Minh,37,806,54,5.4,27,,32,0,0,1010,93,24.9,0,1.84,19
2025-10-02T18:00:00,10/3/2025 1:00,Hoàn Kiếm,VN,Asia/Ho_Chi_Minh,77,677,37.5,32.1,43,,57.5,0,0,1010,95,24.5,0,1.88,22.33
2025-10-02T19:00:00,10/3/2025 2:00,Hoàn Kiếm,VN,Asia/Ho_Chi_Minh,87,639.3,37.4,29.6,39,,1,0,0,1010,96,24.2,0,1.9,33.25
2025-10-02T20:00:00,10/3/2025 3:00,Hoàn Kiếm,VN,Asia/Ho_Chi_Minh,63,806,108,4.3,44,,16,0,0,1010,96,24.1,0,1.92,39
2025-10-02T21:00:00,10/3/2025 4:00,Hoàn Kiếm,VN,Asia/Ho_Chi_Minh,91,564,37.3,24.7,44.5,,16,0,0,1010,97,24.8,0,2.03,32
2025-10-02T22:00:00,10/3/2025 5:00,Hoàn Kiếm,VN,Asia/Ho_Chi_Minh,79,672.3,37.3,25.5,37,,35.3,0,0,1010,97,24.9,0,1.89,34.67
2025-10-02T23:00:00,10/3/2025 6:00,Hoàn Kiếm,VN,Asia/Ho_Chi_Minh,81,2157.3,45.5,61,40,,26.3,0,0,1010,96,24.9,1.9,1.67,36.75
2025-10-03T00:00:00,10/3/2025 7:00,Hoàn Kiếm,VN,Asia/Ho_Chi_Minh,104,2493.5,33.7,33.5,52,,19,0,0,1011,93,25.9,2.1,1.72,9
2025-10-03T01:00:00,10/3/2025 8:00,Hoàn Kiếm,VN,Asia/Ho_Chi_Minh,74,1534,58,7.9,46,,5,0,0,1012,87,27.6,3.3,1.88,24.5
2025-10-03T02:00:00,10/3/2025 9:00,Hoàn Kiếm,VN,Asia/Ho_Chi_Minh,97,1455.3,67,16.1,55.7,,13.3,0,0,1012,76,28.9,5.3,2.37,29.33
2025-10-03T03:00:00,10/3/2025 10:00,Hoàn Kiếm,VN,Asia/Ho_Chi_Minh,86,1422.7,77,11.8,48,,35,38,0,1011,71,30.1,7.6,2.36,18
2025-10-03T04:00:00,10/3/2025 11:00,Hoàn Kiếm,VN,Asia/Ho_Chi_Minh,78,1756,60.3,25.4,33.3,,16.5,0,0,1011,67,31.2,9.5,2.19,31
2025-10-03T05:00:00,10/3/2025 12:00,Hoàn Kiếm,VN,Asia/Ho_Chi_Minh,82,1650.3,47.3,46.3,36,,15,0,0,1010,63,32,9.5,2.26,25.2
2025-10-03T06:00:00,10/3/2025 13:00,Hoàn Kiếm,VN,Asia/Ho_Chi_Minh,75,1339.3,44.3,27.6,31.7,,14.5,0,0,1009,60,32.5,8.5,2.55,26.2
2025-10-03T07:00:00,10/3/2025 14:00,Hoàn Kiếm,VN,Asia/Ho_Chi_Minh,76,1178.4,42,30,32.2,,14.8,0,0,1008,58,32.7,6.6,2.76,37
2025-10-03T08:00:00,10/3/2025 15:00,Hoàn Kiếm,VN,Asia/Ho_Chi_Minh,74,1049,30.7,35.6,30.7,,15.5,0,0,1008,57,32.7,4.4,2.89,23
2025-10-03T09:00:00,10/3/2025 16:00,Hoàn Kiếm,VN,Asia/Ho_Chi_Minh,78,856.5,37.3,34.7,33.3,,15.5,0,0,1007,57,32.4,2.7,2.83,33.75
2025-10-03T10:00:00,10/3/2025 17:00,Hoàn Kiếm,VN,Asia/Ho_Chi_Minh,64,1211.5,42,22.2,24.7,,13.8,0,0,1008,63,31.2,2,2.8,28.67
2025-10-03T11:00:00,10/3/2025 18:00,Hoàn Kiếm,VN,Asia/Ho_Chi_Minh,69,1166.5,49.3,29.9,28,,15.5,0,0,1008,73,28.9,0,3.44,25
2025-10-03T12:00:00,10/3/2025 19:00,Hoàn Kiếm,VN,Asia/Ho_Chi_Minh,99,1416,51.3,16.6,46.3,,10.3,0,0,1009,81,27.5,0,2.77,27
2025-10-03T13:00:00,10/3/2025 20:00,Hoàn Kiếm,VN,Asia/Ho_Chi_Minh,76,2133.7,45.9,14,30,,7.2,0,0,1010,85,26.7,0,2.27,23.67
2025-10-03T14:00:00,10/3/2025 21:00,Hoàn Kiếm,VN,Asia/Ho_Chi_Minh,105,1151.5,41.7,36,52.7,,10.3,0,0,1010,89,26.1,0,1.85,24.11
2025-10-03T15:00:00,10/3/2025 22:00,Hoàn Kiếm,VN,Asia/Ho_Chi_Minh,100,3569,35,8.9,50,,1,0,0,1011,91,26.1,0,1.43,23
2025-10-03T16:00:00,10/3/2025 23:00,Hoàn Kiếm,VN,Asia/Ho_Chi_Minh,112,873,38,22.7,55,,9.3,0,0,1011,92,26.1,0,1.24,25
2025-10-03T17:00:00,10/4/2025 0:00,Hoàn Kiếm,VN,Asia/Ho_Chi_Minh,108,717.5,32.7,35.5,51,,9,0,0,1011,93,26.1,0,1.12,18.67
2025-10-03T18:00:00,10/4/2025 1:00,Hoàn Kiếm,VN,Asia/Ho_Chi_Minh,96,741.5,27.7,63.2,44.7,,9,0,0,1010,94,25.9,0,0.87,21
2025-10-03T19:00:00,10/4/2025 2:00,Hoàn Kiếm,VN,Asia/Ho_Chi_Minh,99,497,65,21.6,54,,27.5,0,0,1010,96,25.8,0,0.85,34.67
2025-10-03T20:00:00,10/4/2025 3:00,Hoàn Kiếm,VN,Asia/Ho_Chi_Minh,115,302,39,12.4,60.5,,27,0,0,1010,96,25.6,0,1.03,24
2025-10-03T21:00:00,10/4/2025 4:00,Hoàn Kiếm,VN,Asia/Ho_Chi_Minh,104,486,23,24.2,53.7,,9.7,0,0,1010,97,25.6,0,1.42,37.25
2025-10-03T22:00:00,10/4/2025 5:00,Hoàn Kiếm,VN,Asia/Ho_Chi_Minh,108,1361.3,24.3,35,53.3,,10.7,0,0.5,1010,96,25.5,0,1.42,35.5
2025-10-03T23:00:00,10/4/2025 6:00,Hoàn Kiếm,VN,Asia/Ho_Chi_Minh,116,2236,55,58.7,52,,2,0,1,1011,96,25.5,1.9,1.22,40
2025-10-04T00:00:00,10/4/2025 7:00,Hoàn Kiếm,VN,Asia/Ho_Chi_Minh,126,1844.5,31.7,31.7,60,,45,0,3.75,1012,93,26.3,2,1.12,38.25
2025-10-04T01:00:00,10/4/2025 8:00,Hoàn Kiếm,VN,Asia/Ho_Chi_Minh,134,1246.8,24.8,40.8,60,,43.3,0,6.5,1012,88,27.5,3,1.46,33.33
2025-10-04T02:00:00,10/4/2025 9:00,Hoàn Kiếm,VN,Asia/Ho_Chi_Minh,126,1275.5,41.3,68.4,58.3,,13.7,0,6.5,1012,86,28.1,4.5,1.33,34.5
2025-10-04T03:00:00,10/4/2025 10:00,Hoàn Kiếm,VN,Asia/Ho_Chi_Minh,129,51.4,11,59,57.5,,40,0,5.25,1012,82,29.2,7,1.79,41
2025-10-04T04:00:00,10/4/2025 11:00,Hoàn Kiếm,VN,Asia/Ho_Chi_Minh,123,51.4,10.3,68.7,55,,43.3,100,4.75,1012,78,30.1,7.7,1.54,37
2025-10-04T05:00:00,10/4/2025 12:00,Hoàn Kiếm,VN,Asia/Ho_Chi_Minh,123,51.4,9.7,78.3,55,,46.7,91,0.75,1010,74,30.9,8.2,1.56,38.25
2025-10-04T06:00:00,10/4/2025 13:00,Hoàn Kiếm,VN,Asia/Ho_Chi_Minh,69,51.4,9,88,22,,50,34,0,1009,71,31.4,7.4,2.12,41.5
2025-10-04T07:00:00,10/4/2025 14:00,Hoàn Kiếm,VN,Asia/Ho_Chi_Minh,117,1572.3,43.7,50,56.3,,11,0,0,1008,71,31.2,5.5,2.66,45
2025-10-04T08:00:00,10/4/2025 15:00,Hoàn Kiếm,VN,Asia/Ho_Chi_Minh,120,1388,49,37.1,58.7,,12,0,0,1007,70,30.9,3.4,2.85,48
2025-10-04T09:00:00,10/4/2025 16:00,Hoàn Kiếm,VN,Asia/Ho_Chi_Minh,123,2033.7,55.7,51.7,61.7,,12,0,0,1006,65,31.7,2.3,2.64,45
2025-10-04T10:00:00,10/4/2025 17:00,Hoàn Kiếm,VN,Asia/Ho_Chi_Minh,105,1922,47,37.8,49.3,,12,0,0,1007,68,30.8,1.8,2.76,46
2025-10-04T11:00:00,10/4/2025 18:00,Hoàn Kiếm,VN,Asia/Ho_Chi_Minh,113,1585,46.7,27.9,53.3,,11.7,0,0,1007,76,29.3,0,2.27,44
2025-10-04T12:00:00,10/4/2025 19:00,Hoàn Kiếm,VN,Asia/Ho_Chi_Minh,153,127.8,27,48,55,,66,0,0,1008,82,28.2,0,2.11,44
2025-10-04T13:00:00,10/4/2025 20:00,Hoàn Kiếm,VN,Asia/Ho_Chi_Minh,112,1963,51,41.2,54,,11.3,0,0,1008,87,27.4,0,1.69,21
2025-10-04T14:00:00,10/4/2025 21:00,Hoàn Kiếm,VN,Asia/Ho_Chi_Minh,127,1977.5,39.7,28.5,71,,29.3,0,0,1009,90,26.8,0,1.26,41.75
2025-10-04T15:00:00,10/4/2025 22:00,Hoàn Kiếm,VN,Asia/Ho_Chi_Minh,133,2902.3,46,18.7,66.3,,11,0,0,1009,93,26.6,0,1.43,42.75
2025-10-04T16:00:00,10/4/2025 23:00,Hoàn Kiếm,VN,Asia/Ho_Chi_Minh,121,1654.5,88,9.6,66.3,,21.7,0,0,1009,95,26.3,0,1.09,44
2025-10-04T17:00:00,10/5/2025 0:00,Hoàn Kiếm,VN,Asia/Ho_Chi_Minh,149,1280.7,33,46.4,71.3,,9,20,0,1008,96,26,0,0.89,37.25
2025-10-04T18:00:00,10/5/2025 1:00,Hoàn Kiếm,VN,Asia/Ho_Chi_Minh,115,806,139,17.3,84,,53,36,0,1008,96,25.8,0,0.65,40.25
2025-10-04T19:00:00,10/5/2025 2:00,Hoàn Kiếm,VN,Asia/Ho_Chi_Minh,131,727.5,35.7,36,60.7,,9.3,55,0,1008,96,25.7,0,0.24,55
2025-10-04T20:00:00,10/5/2025 3:00,Hoàn Kiếm,VN,Asia/Ho_Chi_Minh,138,1398.5,22,32.9,62,,13.5,77,0,1007,97,25.5,0,0.64,40
2025-10-04T21:00:00,10/5/2025 4:00,Hoàn Kiếm,VN,Asia/Ho_Chi_Minh,146,1618.5,31,26.5,63.3,,10,47,0.75,1008,98,25.2,0,0.88,45.5
2025-10-04T22:00:00,10/5/2025 5:00,Hoàn Kiếm,VN,Asia/Ho_Chi_Minh,156,1757.5,26.7,36.4,73.3,,10.3,0,0.5,1008,97,25.2,0,1.03,47.5
2025-10-04T23:00:00,10/5/2025 6:00,Hoàn Kiếm,VN,Asia/Ho_Chi_Minh,161,2534.5,36.3,36.9,85.7,,11.3,0,0,1008,97,25.1,1.1,0.99,43
2025-10-05T00:00:00,10/5/2025 7:00,Hoàn Kiếm,VN,Asia/Ho_Chi_Minh,176,269.6,30,19,93.8,,63,0,0,1008,94,26.1,1.3,1.35,53.67
2025-10-05T01:00:00,10/5/2025 8:00,Hoàn Kiếm,VN,Asia/Ho_Chi_Minh,164,2048,50.3,31.4,93.3,,11.3,0,0,1009,88,27.9,2,2.01,41
2025-10-05T02:00:00,10/5/2025 9:00,Hoàn Kiếm,VN,Asia/Ho_Chi_Minh,161,2351,45.7,22.1,90.3,,12.3,0,0,1009,80,29.5,4.4,3.05,47
2025-10-05T03:00:00,10/5/2025 10:00,Hoàn Kiếm,VN,Asia/Ho_Chi_Minh,139,96.3,12,106,62.5,,167,0,0,1008,71,31.2,5,3.19,49.33
2025-10-05T04:00:00,10/5/2025 11:00,Hoàn Kiếm,VN,Asia/Ho_Chi_Minh,152,1371.5,46.7,25.1,79.3,,12,0,0,1008,70,31.9,3.9,3.23,52.5
2025-10-05T05:00:00,10/5/2025 12:00,Hoàn Kiếm,VN,Asia/Ho_Chi_Minh,149,1107,38.7,72.2,71.3,,12,0,0,1006,67,32.7,3.1,3.26,60
2025-10-05T06:00:00,10/5/2025 13:00,Hoàn Kiếm,VN,Asia/Ho_Chi_Minh,139,69.4,3,142,62.5,,86,0,0,1005,65,33.1,2.7,3.42,64
2025-10-05T07:00:00,10/5/2025 14:00,Hoàn Kiếm,VN,Asia/Ho_Chi_Minh,129,1610.5,45.3,35,66,,11.3,0,0,1004,62,33.2,2,3.79,75
2025-10-05T08:00:00,10/5/2025 15:00,Hoàn Kiếm,VN,Asia/Ho_Chi_Minh,104,1891.5,56.3,58.6,49.7,,11.3,0,0,1003,62,33,1.4,3.5,65.75
2025-10-05T09:00:00,10/5/2025 16:00,Hoàn Kiếm,VN,Asia/Ho_Chi_Minh,108,1984.5,49.3,50.4,51.3,,11.3,34,0,1002,61,33,0.9,3.25,63.75
2025-10-05T10:00:00,10/5/2025 17:00,Hoàn Kiếm,VN,Asia/Ho_Chi_Minh,116,1373.8,40.2,57.9,54.3,,36.2,0,0,1003,66,32.1,0.7,2.62,50
2025-10-05T11:00:00,10/5/2025 18:00,Hoàn Kiếm,VN,Asia/Ho_Chi_Minh,149,2510,53.3,51.2,71.3,,12,27,0,1002,73,30.5,0,2.32,57
2025-10-05T12:00:00,10/5/2025 19:00,Hoàn Kiếm,VN,Asia/Ho_Chi_Minh,118,152.3,22,73,52.5,,86,0,0,1003,79,29.6,0,2.41,53.67
2025-10-05T13:00:00,10/5/2025 20:00,Hoàn Kiếm,VN,Asia/Ho_Chi_Minh,161,2718.5,52.3,31.6,84,,11.7,0,0,1004,81,29.2,0,2.17,50
2025-10-05T14:00:00,10/5/2025 21:00,Hoàn Kiếm,VN,Asia/Ho_Chi_Minh,171,2835,45.7,31.8,98.3,,12,0,0,1004,82,28.8,0,2.08,46.25
2025-10-05T15:00:00,10/5/2025 22:00,Hoàn Kiếm,VN,Asia/Ho_Chi_Minh,200,176.8,26,48,116.3,,104,0,0,1004,84,28.6,0,1.56,37
2025-10-05T16:00:00,10/5/2025 23:00,Hoàn Kiếm,VN,Asia/Ho_Chi_Minh,200,152.1,22,51.7,116.3,,90.7,0,0,1003,86,28.3,0,0.88,38.5
2025-10-05T17:00:00,10/6/2025 0:00,Hoàn Kiếm,VN,Asia/Ho_Chi_Minh,193,1538,31.3,37.8,116.7,,10.3,0,0.25,1003,84,28.3,0,1.99,41.25
2025-10-05T18:00:00,10/6/2025 1:00,Hoàn Kiếm,VN,Asia/Ho_Chi_Minh,211,102.7,14,59,126.3,,64,26,1.5,1002,84,27.9,0,2.22,53.67
2025-10-05T19:00:00,10/6/2025 2:00,Hoàn Kiếm,VN,Asia/Ho_Chi_Minh,188,1428.5,26,35.9,105.7,,9.3,37,0.75,1002,85,27.2,0,2.56,42
2025-10-05T20:00:00,10/6/2025 3:00,Hoàn Kiếm,VN,Asia/Ho_Chi_Minh,179,1368,28,57.8,93.7,,9.3,23,0.75,1002,85,27,0,2.16,63.5
2025-10-05T21:00:00,10/6/2025 4:00,Hoàn Kiếm,VN,Asia/Ho_Chi_Minh,164,1334,21.7,29.3,84,,9,53,0.75,1000,85,27.7,0,3.42,71.25
2025-10-05T22:00:00,10/6/2025 5:00,Hoàn Kiếm,VN,Asia/Ho_Chi_Minh,157,935,22.4,32.5,75,,33.3,71,0.5,1001,84,27.5,0,3.89,93
2025-10-05T23:00:00,10/6/2025 6:00,Hoàn Kiếm,VN,Asia/Ho_Chi_Minh,150,2574.5,36.7,37.4,74,,11,98,1.25,1002,84,27.1,0.6,2.81,93
2025-10-06T00:00:00,10/6/2025 7:00,Hoàn Kiếm,VN,Asia/Ho_Chi_Minh,152,137.1,24,39,71.3,,82,83,0.25,1002,86,26.9,0.7,2.04,87.67
2025-10-06T01:00:00,10/6/2025 8:00,Hoàn Kiếm,VN,Asia/Ho_Chi_Minh,153,2778.5,37.7,44.9,76,,11.3,83,0.75,1002,86,26.9,1.1,2.04,101
2025-10-06T02:00:00,10/6/2025 9:00,Hoàn Kiếm,VN,Asia/Ho_Chi_Minh,127,2205,48,43.8,69.8,,12.8,63,2,1004,87,26.4,1.7,1.74,84.25
2025-10-06T03:00:00,10/6/2025 10:00,Hoàn Kiếm,VN,Asia/Ho_Chi_Minh,85,152.9,77,17.3,54,,16,81,2,1004,91,26.3,2.4,2.88,77
2025-10-06T04:00:00,10/6/2025 11:00,Hoàn Kiếm,VN,Asia/Ho_Chi_Minh,131,143.6,58.7,37.9,58.8,,47,93,3.75,1004,92,26.4,2.9,2.33,66
2025-10-06T05:00:00,10/6/2025 12:00,Hoàn Kiếm,VN,Asia/Ho_Chi_Minh,104,911,25.3,34.4,49.3,,10,100,7,1004,92,26.9,3,2.24,61
2025-10-06T06:00:00,10/6/2025 13:00,Hoàn Kiếm,VN,Asia/Ho_Chi_Minh,63,124.9,22,79,22.5,,109,100,7.5,1003,90,27.8,2.7,2.15,55.67
2025-10-06T07:00:00,10/6/2025 14:00,Hoàn Kiếm,VN,Asia/Ho_Chi_Minh,67,610.3,34.3,20.5,25.7,,10,100,7,1002,90,28,2,3.05,57
2025-10-06T08:00:00,10/6/2025 15:00,Hoàn Kiếm,VN,Asia/Ho_Chi_Minh,54,2140.7,31.7,56.4,17,,10.7,100,4.75,1002,90,27.5,1.3,3.45,58
2025-10-06T09:00:00,10/6/2025 16:00,Hoàn Kiếm,VN,Asia/Ho_Chi_Minh,62,1318,35,19.7,22,,9.7,84,3.25,1003,90,27.4,0.8,3.04,45.4
2025-10-06T10:00:00,10/6/2025 17:00,Hoàn Kiếm,VN,Asia/Ho_Chi_Minh,63,1066,41.3,38.2,23,,2,72,0.25,1004,90,27.1,0.6,3.67,28
2025-10-06T11:00:00,10/6/2025 18:00,Hoàn Kiếm,VN,Asia/Ho_Chi_Minh,63,1116.5,31.7,21.6,24.3,,10.7,66,1.75,1004,90,26.1,0,4.24,47
2025-10-06T12:00:00,10/6/2025 19:00,Hoàn Kiếm,VN,Asia/Ho_Chi_Minh,74,562,54,62,23,,1,58,0,1006,91,25.7,0,2.49,37
2025-10-06T13:00:00,10/6/2025 20:00,Hoàn Kiếm,VN,Asia/Ho_Chi_Minh,72,1156,16,27.9,25.5,,15,51,0.25,1007,92,25.4,0,1.04,18
2025-10-06T14:00:00,10/6/2025 21:00,Hoàn Kiếm,VN,Asia/Ho_Chi_Minh,72,1248,34,31.1,27.7,,10.3,35,0.25,1008,94,25.2,0,1.22,20
2025-10-06T15:00:00,10/6/2025 22:00,Hoàn Kiếm,VN,Asia/Ho_Chi_Minh,74,84,13,55,28.8,,35,39,0.5,1008,94,25.2,0,1.3,14
2025-10-06T16:00:00,10/6/2025 23:00,Hoàn Kiếm,VN,Asia/Ho_Chi_Minh,72,1079,29.7,24,30.3,,9.3,26,0.5,1008,95,25.2,0,1.42,17.5
2025-10-06T17:00:00,10/7/2025 0:00,Hoàn Kiếm,VN,Asia/Ho_Chi_Minh,69,683.7,20.7,38.2,27.7,,9.3,37,2.75,1007,96,25.1,0,1.81,18
2025-10-06T18:00:00,10/7/2025 1:00,Hoàn Kiếm,VN,Asia/Ho_Chi_Minh,63,1458,7,67,20,,2,95,5.75,1006,94,25.2,0,2.88,18
2025-10-06T19:00:00,10/7/2025 2:00,Hoàn Kiếm,VN,Asia/Ho_Chi_Minh,43,478,32.5,35.1,14.5,,13.5,100,5.5,1006,95,25.1,0,2.16,23
2025-10-06T20:00:00,10/7/2025 3:00,Hoàn Kiếm,VN,Asia/Ho_Chi_Minh,42,316.5,18,42.7,14,,26,0,9.5,1006,96,24.9,0,2.02,22
2025-10-06T21:00:00,10/7/2025 4:00,Hoàn Kiếm,VN,Asia/Ho_Chi_Minh,52,60.7,9,55,16.7,,1,100,11.75,1006,98,25.4,0,2.42,22
2025-10-06T22:00:00,10/7/2025 5:00,Hoàn Kiếm,VN,Asia/Ho_Chi_Minh,52,1106.3,22.7,14.5,17.7,,10,100,13,1008,95,25.8,0,2.91,23
2025-10-06T23:00:00,10/7/2025 6:00,Hoàn Kiếm,VN,Asia/Ho_Chi_Minh,56,1313,22,46.3,19.3,,10.3,100,32.5,1008,94,26,0.6,3.09,22.25
2025-10-07T00:00:00,10/7/2025 7:00,Hoàn Kiếm,VN,Asia/Ho_Chi_Minh,54,648.3,74.5,48.8,61.5,,29.5,0,40,1010,93,26.2,0.7,2.87,21
2025-10-07T01:00:00,10/7/2025 8:00,Hoàn Kiếm,VN,Asia/Ho_Chi_Minh,63,999.7,24,24.8,52.7,,17.3,0,16.25,1010,94,26.4,1,2.54,18
2025-10-07T02:00:00,10/7/2025 9:00,Hoàn Kiếm,VN,Asia/Ho_Chi_Minh,84,907,54,5.4,122,,58,0,3.25,1011,93,26.6,1.7,2.95,10.33
2025-10-07T03:00:00,10/7/2025 10:00,Hoàn Kiếm,VN,Asia/Ho_Chi_Minh,69,851.4,47.3,23.9,47.3,,12.8,100,2,1011,93,27.1,2.4,3.55,10
2025-10-07T04:00:00,10/7/2025 11:00,Hoàn Kiếm,VN,Asia/Ho_Chi_Minh,70,1098.3,42.5,21.4,46,,9.8,100,8.75,1011,92,27.2,2.9,3.81,13
2025-10-07T05:00:00,10/7/2025 12:00,Hoàn Kiếm,VN,Asia/Ho_Chi_Minh,54,1941,39.7,58.6,19,,10.3,100,8.75,1011,93,27.2,3,3.15,13
2025-10-07T06:00:00,10/7/2025 13:00,Hoàn Kiếm,VN,Asia/Ho_Chi_Minh,64,1363.5,42.5,40.3,61,,8.5,100,2.25,1010,93,27.2,2.6,3.14,14.67
2025-10-07T07:00:00,10/7/2025 14:00,Hoàn Kiếm,VN,Asia/Ho_Chi_Minh,49,1233.3,60.3,42.7,32.7,,21.7,100,2.75,1009,92,27.2,2,3.28,12.67
2025-10-07T08:00:00,10/7/2025 15:00,Hoàn Kiếm,VN,Asia/Ho_Chi_Minh,53,727.3,43.5,33.3,29.8,,8.8,100,6,1009,92,27,1.3,3.25,18
2025-10-07T09:00:00,10/7/2025 16:00,Hoàn Kiếm,VN,Asia/Ho_Chi_Minh,51,1160,41.5,19,27.3,,10,100,5.25,1010,93,26.4,0.8,2.74,20
2025-10-07T10:00:00,10/7/2025 17:00,Hoàn Kiếm,VN,Asia/Ho_Chi_Minh,49,1535.5,42.3,13.2,23.3,,15.3,94,2,1010,93,26,0.6,2.05,20.6
2025-10-07T11:00:00,10/7/2025 18:00,Hoàn Kiếm,VN,Asia/Ho_Chi_Minh,50,954,33,40.5,15.7,,9.7,93,3.75,1011,94,25.7,0,1.41,21.4
2025-10-07T12:00:00,10/7/2025 19:00,Hoàn Kiếm,VN,Asia/Ho_Chi_Minh,52,89.9,18,37,16.3,,49,100,5.25,1012,95,25.6,0,0.96,14
2025-10-07T13:00:00,10/7/2025 20:00,Hoàn Kiếm,VN,Asia/Ho_Chi_Minh,50,510.7,25.9,33.6,15,,42.3,100,4,1012,95,25.4,0,0.4,18.67
2025-10-07T14:00:00,10/7/2025 21:00,Hoàn Kiếm,VN,Asia/Ho_Chi_Minh,54,1015.5,56,5.9,31.5,,11.5,100,6.25,1013,95,25.4,0,0.49,11.75
2025-10-07T15:00:00,10/7/2025 22:00,Hoàn Kiếm,VN,Asia/Ho_Chi_Minh,62,1352.3,41.7,26.9,32,,29,100,6.75,1014,97,24.9,0,0.91,13.2
2025-10-07T16:00:00,10/7/2025 23:00,Hoàn Kiếm,VN,Asia/Ho_Chi_Minh,61,1026,49.8,35.8,27.8,,11.5,99,4.25,1014,97,24.7,0,1.13,12.4
2025-10-07T17:00:00,10/8/2025 0:00,Hoàn Kiếm,VN,Asia/Ho_Chi_Minh,42,1095,27,54.3,13.7,,9.3,100,3.5,1014,97,24.5,0,0.75,11.8
2025-10-07T18:00:00,10/8/2025 1:00,Hoàn Kiếm,VN,Asia/Ho_Chi_Minh,61,1130.3,49.3,41.8,30,,4.7,100,4.75,1012,98,24.3,0,0.22,12
2025-10-07T19:00:00,10/8/2025 2:00,Hoàn Kiếm,VN,Asia/Ho_Chi_Minh,71,653,35,39.9,45,,36.5,100,6.25,1012,98,24.1,0,0.51,13
2025-10-07T20:00:00,10/8/2025 3:00,Hoàn Kiếm,VN,Asia/Ho_Chi_Minh,77,767.5,35.5,36.7,46,,36,100,5,1012,97,24.2,0,0.56,12
2025-10-07T21:00:00,10/8/2025 4:00,Hoàn Kiếm,VN,Asia/Ho_Chi_Minh,61,1048.3,45.7,5.4,30,,4.7,50,1.25,1012,97,24.4,0,0.94,14
2025-10-07T22:00:00,10/8/2025 5:00,Hoàn Kiếm,VN,Asia/Ho_Chi_Minh,58,924,37.5,24.1,32.2,,9,41,0.25,1012,97,24.4,0,0.94,17.5
2025-10-07T23:00:00,10/8/2025 6:00,Hoàn Kiếm,VN,Asia/Ho_Chi_Minh,55,2100.5,33,62.7,18.5,,14.5,29,0,1013,96,24.3,0.7,1.04,17
2025-10-08T00:00:00,10/8/2025 7:00,Hoàn Kiếm,VN,Asia/Ho_Chi_Minh,69,1673.5,56.5,6.2,38.5,,16.5,27,0.25,1014,96,24.5,1.3,1.06,10
2025-10-08T01:00:00,10/8/2025 8:00,Hoàn Kiếm,VN,Asia/Ho_Chi_Minh,82,2268.7,47.7,31.8,43,,25.3,18,0.75,1014,94,24.9,1.3,1.26,17.25
2025-10-08T02:00:00,10/8/2025 9:00,Hoàn Kiếm,VN,Asia/Ho_Chi_Minh,89,1724.3,54.8,23.7,46.5,,10.5,0,1,1014,91,25.4,1.7,0.92,21.67
2025-10-08T03:00:00,10/8/2025 10:00,Hoàn Kiếm,VN,Asia/Ho_Chi_Minh,93,1475.5,57.5,6.7,58.5,,11.5,29,0.75,1014,89,26.1,2.3,0.71,24.33
2025-10-08T04:00:00,10/8/2025 11:00,Hoàn Kiếm,VN,Asia/Ho_Chi_Minh,86,1657.3,58.8,35.5,46.3,,22,0,0.5,1014,87,26.6,4,0.85,17.25
2025-10-08T05:00:00,10/8/2025 12:00,Hoàn Kiếm,VN,Asia/Ho_Chi_Minh,87,1822,42.3,36.6,38.7,,11,29,0.5,1012,82,28.3,4.1,0.93,15.6
2025-10-08T06:00:00,10/8/2025 13:00,Hoàn Kiếm,VN,Asia/Ho_Chi_Minh,72,907,131,14.1,46,,16,0,0.5,1012,78,29.2,5,0.67,14.5
2025-10-08T07:00:00,10/8/2025 14:00,Hoàn Kiếm,VN,Asia/Ho_Chi_Minh,75,973.7,46.5,38.9,34.5,,9.3,0,0,1010,77,29.3,4.4,0.96,20.67
2025-10-08T08:00:00,10/8/2025 15:00,Hoàn Kiếm,VN,Asia/Ho_Chi_Minh,83,1588.7,58.3,38.1,42.8,,33.3,0,0,1010,77,28.9,3.8,0.59,26.75
2025-10-08T09:00:00,10/8/2025 16:00,Hoàn Kiếm,VN,Asia/Ho_Chi_Minh,72,950,54.5,44.2,42.5,,69,0,0,1009,71,29.8,2.4,1.24,30.2
2025-10-08T10:00:00,10/8/2025 17:00,Hoàn Kiếm,VN,Asia/Ho_Chi_Minh,71,2859,64.5,23.3,46,,56,0,0,1009,77,29.2,1.9,0.65,32
2025-10-08T11:00:00,10/8/2025 18:00,Hoàn Kiếm,VN,Asia/Ho_Chi_Minh,90,4759.3,44.5,31.3,40.5,,70.3,0,0,1010,80,28.3,0,0.56,28.6
2025-10-08T12:00:00,10/8/2025 19:00,Hoàn Kiếm,VN,Asia/Ho_Chi_Minh,94,6664,39.5,24.9,57.3,,71,0,0,1010,83,27.7,0,0.56,29.33
2025-10-08T13:00:00,10/8/2025 20:00,Hoàn Kiếm,VN,Asia/Ho_Chi_Minh,83,6828,64.5,28.7,36,,4,0,0,1011,85,27.1,0,0.88,22
2025-10-08T14:00:00,10/8/2025 21:00,Hoàn Kiếm,VN,Asia/Ho_Chi_Minh,128,6075,83.3,38.2,70.3,,24,0,0,1012,89,26.4,0,0.93,23.6
2025-10-08T15:00:00,10/8/2025 22:00,Hoàn Kiếm,VN,Asia/Ho_Chi_Minh,156,5337,59.3,15.3,92,,23.3,0,0,1012,90,25.7,0,1.29,27.2
2025-10-08T16:00:00,10/8/2025 23:00,Hoàn Kiếm,VN,Asia/Ho_Chi_Minh,157,4542,52.6,31.4,92.3,,15.9,0,0,1012,92,25.1,0,1.13,22
2025-10-08T17:00:00,10/9/2025 0:00,Hoàn Kiếm,VN,Asia/Ho_Chi_Minh,142,1714,177,11.9,104,,58,0,0,1012,94,24.6,0,0.86,21.67
2025-10-08T18:00:00,10/9/2025 1:00,Hoàn Kiếm,VN,Asia/Ho_Chi_Minh,157,2952,39,63.7,93,,1,0,0,1011,94,24.4,0,0.43,30.5
2025-10-08T19:00:00,10/9/2025 2:00,Hoàn Kiếm,VN,Asia/Ho_Chi_Minh,151,1776.7,35.7,69.7,73.3,,4,0,0,1010,94,24.2,0,0.22,32.5
2025-10-08T20:00:00,10/9/2025 3:00,Hoàn Kiếm,VN,Asia/Ho_Chi_Minh,153,847,25,44.2,81.5,,13.5,0,0,1010,96,23.7,0,0.75,27.33
2025-10-08T21:00:00,10/9/2025 4:00,Hoàn Kiếm,VN,Asia/Ho_Chi_Minh,152,1125.5,29,32.9,75.3,,10,0,0,1011,100,23.4,0,0.81,45.67
2025-10-08T22:00:00,10/9/2025 5:00,Hoàn Kiếm,VN,Asia/Ho_Chi_Minh,150,1671,27.7,34.8,74.3,,11,0,0,1011,100,23.3,0,0.84,60
2025-10-08T23:00:00,10/9/2025 6:00,Hoàn Kiếm,VN,Asia/Ho_Chi_Minh,126,2305.8,51.7,15.4,56.3,,4.7,0,0,1012,100,23.3,0.6,0.93,60.33
2025-10-09T00:00:00,10/9/2025 7:00,Hoàn Kiếm,VN,Asia/Ho_Chi_Minh,152,2896,63,6.7,85,,2,0,0,1012,98,24.3,0.7,1.24,51
2025-10-09T01:00:00,10/9/2025 8:00,Hoàn Kiếm,VN,Asia/Ho_Chi_Minh,165,4236.5,24.5,27.2,93,,17.5,0,0,1013,93,26.1,1.4,1.88,61
2025-10-09T02:00:00,10/9/2025 9:00,Hoàn Kiếm,VN,Asia/Ho_Chi_Minh,155,1788.3,55.7,23.7,73.8,,8.4,0,0,1013,85,28.1,3.4,2.09,56.5
2025-10-09T03:00:00,10/9/2025 10:00,Hoàn Kiếm,VN,Asia/Ho_Chi_Minh,156,1234.5,52,32.2,84.3,,11.7,0,0,1012,74,29.7,6.2,2.2,58
2025-10-09T04:00:00,10/9/2025 11:00,Hoàn Kiếm,VN,Asia/Ho_Chi_Minh,148,1439,57.7,46.8,70.3,,11.7,0,0,1012,66,30.7,7.7,2.17,54.75
2025-10-09T05:00:00,10/9/2025 12:00,Hoàn Kiếm,VN,Asia/Ho_Chi_Minh,102,907,139,18.4,78,,47,0,0,1011,62,31.3,7.6,2.13,55.67
2025-10-09T06:00:00,10/9/2025 13:00,Hoàn Kiếm,VN,Asia/Ho_Chi_Minh,109,1258.8,48.8,42.5,60,,11.3,0,0.5,1010,61,31.4,7.2,2.07,45
2025-10-09T07:00:00,10/9/2025 14:00,Hoàn Kiếm,VN,Asia/Ho_Chi_Minh,94,1327.3,52.8,40.9,49,,13,0,0.25,1009,59,31.9,4.9,1.7,54.5
2025-10-09T08:00:00,10/9/2025 15:00,Hoàn Kiếm,VN,Asia/Ho_Chi_Minh,88,1233.5,73,23,48,,5,0,0,1008,58,31.8,3.2,1.92,67
2025-10-09T09:00:00,10/9/2025 16:00,Hoàn Kiếm,VN,Asia/Ho_Chi_Minh,89,1763.5,73.8,35.2,46.3,,10.3,0,0,1008,61,31.1,2,2.44,59
2025-10-09T10:00:00,10/9/2025 17:00,Hoàn Kiếm,VN,Asia/Ho_Chi_Minh,103,2737.3,60.7,32.3,48,,12,0,0,1008,67,29.8,1.8,2.8,60.25
2025-10-09T11:00:00,10/9/2025 18:00,Hoàn Kiếm,VN,Asia/Ho_Chi_Minh,86,1008,46,19.5,70,,47,0,0,1010,76,28.1,0,2.08,53
2025-10-09T12:00:00,10/9/2025 19:00,Hoàn Kiếm,VN,Asia/Ho_Chi_Minh,123,2764.8,78.8,28.5,74,,18,0,0,1010,83,27.1,0,1.76,36
2025-10-09T13:00:00,10/9/2025 20:00,Hoàn Kiếm,VN,Asia/Ho_Chi_Minh,134,1835.8,66.5,46.9,75.3,,17.3,0,0,1011,87,26.3,0,1.6,38.6
2025-10-09T14:00:00,10/9/2025 21:00,Hoàn Kiếm,VN,Asia/Ho_Chi_Minh,141,1780,55.5,16.1,77.5,,14.3,0,0,1011,91,25.7,0,1.37,32.2
2025-10-09T15:00:00,10/9/2025 22:00,Hoàn Kiếm,VN,Asia/Ho_Chi_Minh,142,1673.5,61.8,17.3,77.3,,19.8,0,0,1012,93,25.3,0,1.32,29.67
2025-10-09T16:00:00,10/9/2025 23:00,Hoàn Kiếm,VN,Asia/Ho_Chi_Minh,148,1503.8,54.7,21.6,81.7,,17.9,0,0,1011,94,25.4,0,1.16,30.2
2025-10-09T17:00:00,10/10/2025 0:00,Hoàn Kiếm,VN,Asia/Ho_Chi_Minh,139,1449,57.3,36.7,77.3,,19.3,0,0,1011,95,25.1,0,1.17,36.33
2025-10-09T18:00:00,10/10/2025 1:00,Hoàn Kiếm,VN,Asia/Ho_Chi_Minh,152,1164.3,40.7,30.1,90.7,,14.3,0,0,1010,96,24.8,0,1.09,28.5
2025-10-09T19:00:00,10/10/2025 2:00,Hoàn Kiếm,VN,Asia/Ho_Chi_Minh,152,863,50.3,33,88.7,,27,0,0,1010,96,24.5,0,0.97,44
2025-10-09T20:00:00,10/10/2025 3:00,Hoàn Kiếm,VN,Asia/Ho_Chi_Minh,153,991.3,57.8,34.6,84.3,,10.3,0,0,1010,97,24.3,0,0.81,48
2025-10-09T21:00:00,10/10/2025 4:00,Hoàn Kiếm,VN,Asia/Ho_Chi_Minh,162,991.7,55,28.9,91.5,,9.8,0,0,1010,98,24.2,0,0.84,50.4
2025-10-09T22:00:00,10/10/2025 5:00,Hoàn Kiếm,VN,Asia/Ho_Chi_Minh,153,1658.7,49.1,29.7,68.8,,10.4,0,0,1010,98,24,0,0.76,51
2025-10-09T23:00:00,10/10/2025 6:00,Hoàn Kiếm,VN,Asia/Ho_Chi_Minh,163,1757.3,48,56.2,96,,10.5,0,0,1010,99,23.7,0.9,0.64,53
2025-10-10T00:00:00,10/10/2025 7:00,Hoàn Kiếm,VN,Asia/Ho_Chi_Minh,170,2992.7,37.3,31.2,86,,11.7,0,0,1011,98,24.7,0.7,0.41,50
2025-10-10T01:00:00,10/10/2025 8:00,Hoàn Kiếm,VN,Asia/Ho_Chi_Minh,180,2486,54.7,32.1,98.3,,12.7,0,0,1012,91,26.8,2.4,0.35,57
2025-10-10T02:00:00,10/10/2025 9:00,Hoàn Kiếm,VN,Asia/Ho_Chi_Minh,175,1718.5,49,18,102,,14.7,0,0,1012,81,28.6,4.1,0.49,56.75
2025-10-10T03:00:00,10/10/2025 10:00,Hoàn Kiếm,VN,Asia/Ho_Chi_Minh,165,1912.5,46.3,43.7,89,,13.3,59,0,1012,73,29.9,6.8,0.93,57.8
2025-10-10T04:00:00,10/10/2025 11:00,Hoàn Kiếm,VN,Asia/Ho_Chi_Minh,145,403,154,13,108,,74,0,0,1012,66,30.8,8.7,0.93,64.25
2025-10-10T05:00:00,10/10/2025 12:00,Hoàn Kiếm,VN,Asia/Ho_Chi_Minh,152,1499,38.3,65.2,73.7,,12.3,0,0,1010,62,31.5,8.9,0.84,55
2025-10-10T06:00:00,10/10/2025 13:00,Hoàn Kiếm,VN,Asia/Ho_Chi_Minh,141,2320,53,31.7,80,,4,0,0.5,1010,60,32,8,0.83,65.2
2025-10-10T07:00:00,10/10/2025 14:00,Hoàn Kiếm,VN,Asia/Ho_Chi_Minh,122,1577.7,42,62.3,59.7,,12,0,0.25,1008,59,32.3,5.8,0.98,70.5
2025-10-10T08:00:00,10/10/2025 15:00,Hoàn Kiếm,VN,Asia/Ho_Chi_Minh,121,1679.3,49,59.7,59.3,,12,0,0,1008,57,32.4,3.7,1.34,77.75
2025-10-10T09:00:00,10/10/2025 16:00,Hoàn Kiếm,VN,Asia/Ho_Chi_Minh,127,1759,55.7,70.1,61,,12,0,0,1008,59,31.8,2.5,1.56,74.5
2025-10-10T10:00:00,10/10/2025 17:00,Hoàn Kiếm,VN,Asia/Ho_Chi_Minh,112,2390,61.4,55.6,50,,9,0,0,1008,63,30.9,2,1.65,67
2025-10-10T11:00:00,10/10/2025 18:00,Hoàn Kiếm,VN,Asia/Ho_Chi_Minh,124,2804,69.7,45.8,58.7,,12.3,0,0,1008,70,29.2,0,1.73,52
2025-10-10T12:00:00,10/10/2025 19:00,Hoàn Kiếm,VN,Asia/Ho_Chi_Minh,139,3652,73,26.5,67,,3,0,0,1009,77,27.9,0,2.63,54.5
2025-10-10T13:00:00,10/10/2025 20:00,Hoàn Kiếm,VN,Asia/Ho_Chi_Minh,150,3480.3,90,28.8,76,,11.3,0,0,1010,83,26.9,0,2.78,50.5
2025-10-10T14:00:00,10/10/2025 21:00,Hoàn Kiếm,VN,Asia/Ho_Chi_Minh,159,2582.7,64,22,83.7,,11.3,0,0,1010,86,26.2,0,2.36,43.5
2025-10-10T15:00:00,10/10/2025 22:00,Hoàn Kiếm,VN,Asia/Ho_Chi_Minh,165,1873,52.3,16.6,88.7,,11,0,0,1010,90,26.1,0,2.09,43.25
2025-10-10T16:00:00,10/10/2025 23:00,Hoàn Kiếm,VN,Asia/Ho_Chi_Minh,153,2071,36,73.2,72,,2,0,0,1010,93,25.7,0,1.76,45.33
2025-10-10T17:00:00,10/11/2025 0:00,Hoàn Kiếm,VN,Asia/Ho_Chi_Minh,143,1138.5,137.5,17.4,86.5,,30,0,0,1010,95,25.4,0,1.44,40
2025-10-10T18:00:00,10/11/2025 1:00,Hoàn Kiếm,VN,Asia/Ho_Chi_Minh,135,1199.3,61.7,27.4,74,,18.3,0,0,1010,96,25.2,0,1.09,44.25
2025-10-10T19:00:00,10/11/2025 2:00,Hoàn Kiếm,VN,Asia/Ho_Chi_Minh,122,1527.3,59.3,15.6,65.7,,19,0,0,1009,95,25.2,0,0.58,50
2025-10-10T20:00:00,10/11/2025 3:00,Hoàn Kiếm,VN,Asia/Ho_Chi_Minh,125,1402,34.7,40.9,61.3,,9.3,0,0,1009,95,25.3,0,0.21,55.75
2025-10-10T21:00:00,10/11/2025 4:00,Hoàn Kiếm,VN,Asia/Ho_Chi_Minh,142,803.5,34.3,39.9,67.7,,9.7,0,0,1009,96,25.3,0,1.08,62.25
2025-10-10T22:00:00,10/11/2025 5:00,Hoàn Kiếm,VN,Asia/Ho_Chi_Minh,112,1218.6,34.2,38.7,50,,10.1,0,0,1010,97,25.3,0,1.56,66.33
2025-10-10T23:00:00,10/11/2025 6:00,Hoàn Kiếm,VN,Asia/Ho_Chi_Minh,145,920.5,39,90,71,,10.3,0,0,1010,96,25.3,1.3,1.56,57.5
2025-10-11T00:00:00,10/11/2025 7:00,Hoàn Kiếm,VN,Asia/Ho_Chi_Minh,150,2048.7,34,36.4,70.3,,11,0,1.75,1011,93,25.8,1.6,1.66,51.5
2025-10-11T01:00:00,10/11/2025 8:00,Hoàn Kiếm,VN,Asia/Ho_Chi_Minh,151,2668.3,69.3,28.6,74.5,,25.5,58,3.75,1012,89,26.7,2.3,2.36,48.33
2025-10-11T02:00:00,10/11/2025 9:00,Hoàn Kiếm,VN,Asia/Ho_Chi_Minh,159,2405.7,63.3,18.3,79,,14.5,100,4.5,1012,84,27,3.8,2.31,43.67
2025-10-11T03:00:00,10/11/2025 10:00,Hoàn Kiếm,VN,Asia/Ho_Chi_Minh,157,1700.5,43,20.3,80,,11.7,0,2.5,1012,86,26.8,4.2,1.8,44.5
2025-10-11T04:00:00,10/11/2025 11:00,Hoàn Kiếm,VN,Asia/Ho_Chi_Minh,129,2889,68.5,28.3,52.5,,14.5,77,0.5,1012,83,28,2.9,1.28,51
2025-10-11T05:00:00,10/11/2025 12:00,Hoàn Kiếm,VN,Asia/Ho_Chi_Minh,152,2083.3,49,31,71.3,,11.2,0,0.5,1010,78,29.1,3.3,1.44,40
2025-10-11T06:00:00,10/11/2025 13:00,Hoàn Kiếm,VN,Asia/Ho_Chi_Minh,125,2274.7,52,36.4,57.3,,11,0,0.5,1010,76,29.8,3.4,1.52,52
2025-10-11T07:00:00,10/11/2025 14:00,Hoàn Kiếm,VN,Asia/Ho_Chi_Minh,91,1735.3,97.7,18.2,50.3,,20.3,0,0.75,1008,76,29.8,2.3,1.77,53.75
2025-10-11T08:00:00,10/11/2025 15:00,Hoàn Kiếm,VN,Asia/Ho_Chi_Minh,88,1840.5,61.3,29.3,38.3,,10,0,2.25,1008,76,29.6,1.4,2.06,54.4
2025-10-11T09:00:00,10/11/2025 16:00,Hoàn Kiếm,VN,Asia/Ho_Chi_Minh,91,2102.3,46.7,30.9,41.3,,10.7,0,2.5,1008,74,29.6,0.8,1.85,62
2025-10-11T10:00:00,10/11/2025 17:00,Hoàn Kiếm,VN,Asia/Ho_Chi_Minh,121,2375,52,30.3,53.8,,10.8,38,0.5,1008,76,28.9,0.6,1.56,60.33
2025-10-11T11:00:00,10/11/2025 18:00,Hoàn Kiếm,VN,Asia/Ho_Chi_Minh,117,3879.7,79.3,40.4,52.7,,11.3,47,0,1008,81,28,0,1.2,46
2025-10-11T12:00:00,10/11/2025 19:00,Hoàn Kiếm,VN,Asia/Ho_Chi_Minh,127,2920.3,62.7,29.1,58,,11,38,0,1009,86,27.3,0,1.22,57
2025-10-11T13:00:00,10/11/2025 20:00,Hoàn Kiếm,VN,Asia/Ho_Chi_Minh,139,3231,67.3,22.5,65.7,,10.7,35,0,1009,89,26.7,0,1.15,44.75
2025-10-11T14:00:00,10/11/2025 21:00,Hoàn Kiếm,VN,Asia/Ho_Chi_Minh,150,2359.3,53.7,18.4,72.7,,10.3,0,0,1010,91,26.4,0,1.08,31
2025-10-11T15:00:00,10/11/2025 22:00,Hoàn Kiếm,VN,Asia/Ho_Chi_Minh,153,1877.7,50.3,20.8,76.7,,11,0,0,1010,92,26.4,0,0.94,29.75
2025-10-11T16:00:00,10/11/2025 23:00,Hoàn Kiếm,VN,Asia/Ho_Chi_Minh,155,2459,36,59.5,72,,2,0,0,1010,93,26.1,0,0.81,31
2025-10-11T17:00:00,10/12/2025 0:00,Hoàn Kiếm,VN,Asia/Ho_Chi_Minh,155,1219.5,50,38.2,72,,14,0,0,1010,95,25.7,0,0.75,43
2025-10-11T18:00:00,10/12/2025 1:00,Hoàn Kiếm,VN,Asia/Ho_Chi_Minh,152,1122.5,44,48.4,71.3,,9.7,0,0.5,1010,96,25.4,0,0.72,41.75
2025-10-11T19:00:00,10/12/2025 2:00,Hoàn Kiếm,VN,Asia/Ho_Chi_Minh,152,1305.5,43.7,60.7,66.7,,10.3,0,0.5,1009,97,25,0,0.81,45.25
2025-10-11T20:00:00,10/12/2025 3:00,Hoàn Kiếm,VN,Asia/Ho_Chi_Minh,135,2111,36.7,44.7,64.7,,10.7,0,0,1009,98,24.7,0,0.74,50
2025-10-11T21:00:00,10/12/2025 4:00,Hoàn Kiếm,VN,Asia/Ho_Chi_Minh,179,217.1,33,9,96.3,,56,0,0,1009,99,24.4,0,0.63,54
2025-10-11T22:00:00,10/12/2025 5:00,Hoàn Kiếm,VN,Asia/Ho_Chi_Minh,152,3105.5,30.3,53.7,66.7,,12,0,0,1009,99,24.3,0,0.83,57.33
2025-10-11T23:00:00,10/12/2025 6:00,Hoàn Kiếm,VN,Asia/Ho_Chi_Minh,156,1983.5,32,71.7,70.3,,10.3,0,0,1009,99,24.1,0.9,0.93,59.5
2025-10-12T00:00:00,10/12/2025 7:00,Hoàn Kiếm,VN,Asia/Ho_Chi_Minh,158,2971.5,40.3,46.3,72.7,,10.3,100,0,1010,97,25,0.7,0.97,59.33
2025-10-12T01:00:00,10/12/2025 8:00,Hoàn Kiếm,VN,Asia/Ho_Chi_Minh,165,2836.5,52.3,46.6,82.3,,11.7,0,0,1011,91,26.9,2.3,0.83,57.25
2025-10-12T02:00:00,10/12/2025 9:00,Hoàn Kiếm,VN,Asia/Ho_Chi_Minh,165,1027.5,37,30.3,88.7,,12,62,0,1011,79,28.7,4.2,1.03,56.75
2025-10-12T03:00:00,10/12/2025 10:00,Hoàn Kiếm,VN,Asia/Ho_Chi_Minh,173,89.3,14,94,91.3,,99,71,0,1011,74,29.7,6.8,1,48.33
2025-10-12T04:00:00,10/12/2025 11:00,Hoàn Kiếm,VN,Asia/Ho_Chi_Minh,151,1909,53,48,79,,11.3,18,0,1010,68,30.7,7.5,0.66,77
2025-10-12T05:00:00,10/12/2025 12:00,Hoàn Kiếm,VN,Asia/Ho_Chi_Minh,143,1037.5,40.3,54.8,71.7,,12,0,0.25,1009,65,31.1,8,1.08,57
2025-10-12T06:00:00,10/12/2025 13:00,Hoàn Kiếm,VN,Asia/Ho_Chi_Minh,128,820,53.7,53.1,61.7,,11.3,0,0,1008,64,31.3,7.2,1.23,59.75
2025-10-12T07:00:00,10/12/2025 14:00,Hoàn Kiếm,VN,Asia/Ho_Chi_Minh,104,1295,60,50.5,56,,37.8,0,0,1008,67,31.1,5.5,1.54,61.5
2025-10-12T08:00:00,10/12/2025 15:00,Hoàn Kiếm,VN,Asia/Ho_Chi_Minh,128,1695.5,45.7,38.6,61,,11.7,20,0,1006,65,31.2,3.8,1.85,67
2025-10-12T09:00:00,10/12/2025 16:00,Hoàn Kiếm,VN,Asia/Ho_Chi_Minh,91,85.8,9,129,31,,58,0,0,1006,63,31.4,2.4,2.58,66.33
2025-10-12T10:00:00,10/12/2025 17:00,Hoàn Kiếm,VN,Asia/Ho_Chi_Minh,127,2520,60.3,31.4,61,,11.7,31,0,1006,69,30.4,2,2.99,73
2025-10-12T11:00:00,10/12/2025 18:00,Hoàn Kiếm,VN,Asia/Ho_Chi_Minh,135,2009,51.3,33.1,65.7,,11.3,0,0,1007,75,29.2,0,1.95,56.5
2025-10-12T12:00:00,10/12/2025 19:00,Hoàn Kiếm,VN,Asia/Ho_Chi_Minh,135,3159.5,54,32.1,66.7,,11.7,0,0,1008,78,28.3,0,1.97,51.5
2025-10-12T13:00:00,10/12/2025 20:00,Hoàn Kiếm,VN,Asia/Ho_Chi_Minh,125,1956.5,44.7,20.7,59.3,,10,0,0,1009,82,27.4,0,2.21,45.75
2025-10-12T14:00:00,10/12/2025 21:00,Hoàn Kiếm,VN,Asia/Ho_Chi_Minh,117,2035.5,44.7,17.6,58.3,,10.7,0,0,1010,87,26.7,0,1.8,36.8
2025-10-12T15:00:00,10/12/2025 22:00,Hoàn Kiếm,VN,Asia/Ho_Chi_Minh,115,128.4,22,40,42,,56,0,0,1010,91,26.6,0,1.66,45.75
2025-10-12T16:00:00,10/12/2025 23:00,Hoàn Kiếm,VN,Asia/Ho_Chi_Minh,111,1865,39.7,23,55.3,,10.3,0,0,1010,94,26.3,0,1.38,31
2025-10-12T17:00:00,10/13/2025 0:00,Hoàn Kiếm,VN,Asia/Ho_Chi_Minh,104,1489,34.3,39.8,51.7,,9,0,0,1010,95,26,0,1.12,45.5
2025-10-12T18:00:00,10/13/2025 1:00,Hoàn Kiếm,VN,Asia/Ho_Chi_Minh,102,893.5,50,52.9,50,,1.5,13,0,1009,96,25.9,0,0.81,48.5
2025-10-12T19:00:00,10/13/2025 2:00,Hoàn Kiếm,VN,Asia/Ho_Chi_Minh,95,1503,33,35.6,45,,10,100,0,1009,96,25.7,0,0.95,48.5
2025-10-12T20:00:00,10/13/2025 3:00,Hoàn Kiếm,VN,Asia/Ho_Chi_Minh,104,1866,28,24.5,49.3,,10,0,0,1009,95,25.6,0,1.09,44.5
2025-10-12T21:00:00,10/13/2025 4:00,Hoàn Kiếm,VN,Asia/Ho_Chi_Minh,87,115,20,35,36.3,,45,0,0,1009,95,25.6,0,0.88,41.75
2025-10-12T22:00:00,10/13/2025 5:00,Hoàn Kiếm,VN,Asia/Ho_Chi_Minh,117,1685.5,23,56,60.7,,10.3,0,0,1010,96,25.4,0,0.58,41
2025-10-12T23:00:00,10/13/2025 6:00,Hoàn Kiếm,VN,Asia/Ho_Chi_Minh,123,1935.5,27.7,64,61.3,,10.3,55,0,1010,96,25.3,1.1,0.44,39.5
2025-10-13T00:00:00,10/13/2025 7:00,Hoàn Kiếm,VN,Asia/Ho_Chi_Minh,211,1821.5,49,27.8,200.8,,22.3,61,0,1010,95,26,1.2,0.52,37
2025-10-13T01:00:00,10/13/2025 8:00,Hoàn Kiếm,VN,Asia/Ho_Chi_Minh,177,1732,50.5,37.6,189.8,,21.8,77,0,1011,89,27.4,1.6,1.35,36
2025-10-13T02:00:00,10/13/2025 9:00,Hoàn Kiếm,VN,Asia/Ho_Chi_Minh,132,1592.5,32.7,31.8,63.3,,11.3,98,0,1012,84,28.5,1.7,1.6,33
2025-10-13T03:00:00,10/13/2025 10:00,Hoàn Kiếm,VN,Asia/Ho_Chi_Minh,151,1462,54,20.4,128,,21.5,100,0,1011,80,29.7,2.4,1.87,37
2025-10-13T04:00:00,10/13/2025 11:00,Hoàn Kiếm,VN,Asia/Ho_Chi_Minh,118,1161.5,131,16.2,164,,68,100,0.25,1010,78,29.9,2.9,1.89,29
2025-10-13T05:00:00,10/13/2025 12:00,Hoàn Kiếm,VN,Asia/Ho_Chi_Minh,106,1351.5,56.8,37.9,81.3,,24.8,79,1.25,1010,82,28.8,3,2.2,41.75
2025-10-13T06:00:00,10/13/2025 13:00,Hoàn Kiếm,VN,Asia/Ho_Chi_Minh,92,560.5,71.7,36.7,77.3,,33,32,4.5,1009,81,29.3,2.5,1.6,43.75
2025-10-13T07:00:00,10/13/2025 14:00,Hoàn Kiếm,VN,Asia/Ho_Chi_Minh,79,1357,38.5,36.3,44.8,,29.3,31,3.5,1008,79,29.7,1.9,1.79,101.4
2025-10-13T08:00:00,10/13/2025 15:00,Hoàn Kiếm,VN,Asia/Ho_Chi_Minh,70,2341.5,27.7,18.5,28.3,,10.3,100,4,1008,82,28.8,1.3,2.05,75.4
2025-10-13T09:00:00,10/13/2025 16:00,Hoàn Kiếm,VN,Asia/Ho_Chi_Minh,82,76.5,69,34.6,90,,84,100,4.75,1008,85,28.6,0.8,1.7,47.33
2025-10-13T10:00:00,10/13/2025 17:00,Hoàn Kiếm,VN,Asia/Ho_Chi_Minh,69,1730.5,45.8,38,34.8,,25.3,100,3.75,1008,88,27.5,0.6,1.93,56
2025-10-13T11:00:00,10/13/2025 18:00,Hoàn Kiếm,VN,Asia/Ho_Chi_Minh,67,3106,48,29.6,36.3,,25,75,8.75,1008,90,26.9,0,0.95,42
2025-10-13T12:00:00,10/13/2025 19:00,Hoàn Kiếm,VN,Asia/Ho_Chi_Minh,71,2506,45.3,50.3,35.8,,25,100,2.5,1009,92,26.4,0,0.79,37.6
2025-10-13T13:00:00,10/13/2025 20:00,Hoàn Kiếm,VN,Asia/Ho_Chi_Minh,73,2108,42.3,18.7,25.7,,11,82,1,1010,92,26.2,0,0.35,31.25
2025-10-13T14:00:00,10/13/2025 21:00,Hoàn Kiếm,VN,Asia/Ho_Chi_Minh,65,2226.7,36.3,17.4,25.3,,11.3,71,3.25,1010,95,25.8,0,0.96,25.4
2025-10-13T15:00:00,10/13/2025 22:00,Hoàn Kiếm,VN,Asia/Ho_Chi_Minh,80,2040.7,34,16.4,29,,10.7,61,2.25,1010,95,25.7,0,1.06,21.33
2025-10-13T16:00:00,10/13/2025 23:00,Hoàn Kiếm,VN,Asia/Ho_Chi_Minh,115,1871.3,33,25.8,51.3,,10.4,57,0,1010,96,25.4,0,0.9,27
2025-10-13T17:00:00,10/14/2025 0:00,Hoàn Kiếm,VN,Asia/Ho_Chi_Minh,87,1543,34.3,50.7,32.7,,9.7,100,0,1010,96,25.2,0,0.62,20.6
2025-10-13T18:00:00,10/14/2025 1:00,Hoàn Kiếm,VN,Asia/Ho_Chi_Minh,87,1532.7,31,44.5,32.7,,10,100,0,1010,96,25.1,0,0.96,20
2025-10-13T19:00:00,10/14/2025 2:00,Hoàn Kiếm,VN,Asia/Ho_Chi_Minh,92,878.5,29.3,41.6,36.3,,10,100,0,1009,97,24.9,0,1.2,21.6
2025-10-13T20:00:00,10/14/2025 3:00,Hoàn Kiếm,VN,Asia/Ho_Chi_Minh,86,590,28.3,43.4,38.7,,9.7,100,0,1009,96,24.8,0,1.43,22.5
2025-10-13T21:00:00,10/14/2025 4:00,Hoàn Kiếm,VN,Asia/Ho_Chi_Minh,102,778,48,62,43,,2,100,0,1010,96,24.8,0,1.15,19
2025-10-13T22:00:00,10/14/2025 5:00,Hoàn Kiếm,VN,Asia/Ho_Chi_Minh,104,1179,5,45.9,49,,14.5,100,1.5,1010,96,24.7,0,1.25,26
2025-10-13T23:00:00,10/14/2025 6:00,Hoàn Kiếm,VN,Asia/Ho_Chi_Minh,92,1882.3,44.5,63.6,49.8,,25.5,96,6,1010,96,24.7,0.6,1.48,41
2025-10-14T00:00:00,10/14/2025 7:00,Hoàn Kiếm,VN,Asia/Ho_Chi_Minh,90,2474.5,46.5,27.1,44.3,,15,100,6.75,1010,96,24.8,0.7,1.47,29
2025-10-14T01:00:00,10/14/2025 8:00,Hoàn Kiếm,VN,Asia/Ho_Chi_Minh,95,1970.5,58.5,47.9,48,,13,98,12,1011,95,25.1,1,1.86,29.25
2025-10-14T02:00:00,10/14/2025 9:00,Hoàn Kiếm,VN,Asia/Ho_Chi_Minh,89,2135.7,54.2,26.9,44.1,,13,63,7.75,1012,93,25.8,1.6,2.08,31.5
2025-10-14T03:00:00,10/14/2025 10:00,Hoàn Kiếm,VN,Asia/Ho_Chi_Minh,89,1966.3,58,26.7,44,,12,100,5.75,1012,92,26.6,2.3,2.15,28.67
2025-10-14T04:00:00,10/14/2025 11:00,Hoàn Kiếm,VN,Asia/Ho_Chi_Minh,85,1716.8,49.3,36.1,41.5,,11.5,100,4.25,1012,90,27.4,2.7,2.13,36
2025-10-14T05:00:00,10/14/2025 12:00,Hoàn Kiếm,VN,Asia/Ho_Chi_Minh,78,2184.5,57.8,28.3,35.5,,13,100,1.75,1010,86,28.3,2.8,2.09,37
2025-10-14T06:00:00,10/14/2025 13:00,Hoàn Kiếm,VN,Asia/Ho_Chi_Minh,81,1195,70.3,19.5,39.3,,15.3,100,2,1010,91,26.6,2.5,3.05,31.4
2025-10-14T07:00:00,10/14/2025 14:00,Hoàn Kiếm,VN,Asia/Ho_Chi_Minh,74,2113.3,23.7,86.8,31,,11,100,4.25,1008,92,27,1.9,2.05,30.6
2025-10-14T08:00:00,10/14/2025 15:00,Hoàn Kiếm,VN,Asia/Ho_Chi_Minh,100,1607.7,39.7,24.3,43.8,,12.2,100,3,1008,90,27.3,1.2,2.61,32.8
2025-10-14T09:00:00,10/14/2025 16:00,Hoàn Kiếm,VN,Asia/Ho_Chi_Minh,82,1814,24.3,26.7,32.3,,10.7,100,1.75,1008,90,26.6,0.8,2.16,30.2
2025-10-14T10:00:00,10/14/2025 17:00,Hoàn Kiếm,VN,Asia/Ho_Chi_Minh,74,2247,39.5,16.7,34,,15.5,100,0.5,1008,92,26.1,0.6,1.49,30
2025-10-14T11:00:00,10/14/2025 18:00,Hoàn Kiếm,VN,Asia/Ho_Chi_Minh,83,3925.7,22,15.5,36.7,,14.3,24,0,1009,94,25.6,0,1.1,28.4
2025-10-14T12:00:00,10/14/2025 19:00,Hoàn Kiếm,VN,Asia/Ho_Chi_Minh,82,2105.3,43.8,22.3,42.3,,13.8,100,0.25,1010,95,25.4,0,0.98,24.8
2025-10-14T13:00:00,10/14/2025 20:00,Hoàn Kiếm,VN,Asia/Ho_Chi_Minh,95,2186.3,24,61.9,43.7,,11.7,100,0,1011,95,25.2,0,0.94,26.5
2025-10-14T14:00:00,10/14/2025 21:00,Hoàn Kiếm,VN,Asia/Ho_Chi_Minh,96,2590,41,16.2,51,,14.8,100,0,1011,95,25.1,0,0.62,23
2025-10-14T15:00:00,10/14/2025 22:00,Hoàn Kiếm,VN,Asia/Ho_Chi_Minh,95,1210,177,7.6,80,,16,100,0,1011,96,25.1,0,0.79,35
2025-10-14T16:00:00,10/14/2025 23:00,Hoàn Kiếm,VN,Asia/Ho_Chi_Minh,96,998.8,48.3,29,53.5,,12.5,100,0,1011,96,25,0,0.81,27
2025-10-14T17:00:00,10/15/2025 0:00,Hoàn Kiếm,VN,Asia/Ho_Chi_Minh,91,1109,58.5,26.2,50.3,,21,100,0.75,1010,96,24.9,0,0.79,23.2
2025-10-14T18:00:00,10/15/2025 1:00,Hoàn Kiếm,VN,Asia/Ho_Chi_Minh,86,1194.5,54.3,58.2,44.3,,12.5,64,1.5,1010,96,24.7,0,0.81,27.25
2025-10-14T19:00:00,10/15/2025 2:00,Hoàn Kiếm,VN,Asia/Ho_Chi_Minh,80,1060.3,20.7,78.5,34.7,,9.7,100,1.5,1010,96,24.6,0,0.88,26.6
2025-10-14T20:00:00,10/15/2025 3:00,Hoàn Kiếm,VN,Asia/Ho_Chi_Minh,74,777,21,16.8,27.5,,1.5,77,2,1010,96,24.5,0,0.88,32.67
2025-10-14T21:00:00,10/15/2025 4:00,Hoàn Kiếm,VN,Asia/Ho_Chi_Minh,71,668.7,44.3,17.6,32.3,,10,38,1,1010,97,24.4,0,1.08,33.4
2025-10-14T22:00:00,10/15/2025 5:00,Hoàn Kiếm,VN,Asia/Ho_Chi_Minh,58,640.5,22,34.2,21,,10.3,25,1,1010,97,24.4,0,0.98,33
2025-10-14T23:00:00,10/15/2025 6:00,Hoàn Kiếm,VN,Asia/Ho_Chi_Minh,131,1109,139,7.6,118,,21,71,0,1010,97,24.4,0.6,1.26,33.2
2025-10-15T00:00:00,10/15/2025 7:00,Hoàn Kiếm,VN,Asia/Ho_Chi_Minh,80,2617.8,46.8,38.8,40.3,,11.3,78,0,1011,97,24.5,0.7,1.4,31.2
2025-10-15T01:00:00,10/15/2025 8:00,Hoàn Kiếm,VN,Asia/Ho_Chi_Minh,79,2216.3,49,35.1,39,,13,100,0.25,1012,95,25,1,1.75,28.8
2025-10-15T02:00:00,10/15/2025 9:00,Hoàn Kiếm,VN,Asia/Ho_Chi_Minh,82,1616.3,47,14.8,41.5,,15.5,100,0,1012,94,25.7,1.6,1.63,26
2025-10-15T03:00:00,10/15/2025 10:00,Hoàn Kiếm,VN,Asia/Ho_Chi_Minh,75,1346.3,64.5,20.5,37.3,,22,100,0,1012,91,27.2,2.2,2.02,23
2025-10-15T04:00:00,10/15/2025 11:00,Hoàn Kiếm,VN,Asia/Ho_Chi_Minh,76,1524.7,40,33,31.7,,11,44,0,1012,87,27.8,2.8,2.05,21.6
2025-10-15T05:00:00,10/15/2025 12:00,Hoàn Kiếm,VN,Asia/Ho_Chi_Minh,91,1528.3,44.4,34.1,38.8,,14.9,76,0.75,1010,85,28.5,2.8,1.53,15.67
2025-10-15T06:00:00,10/15/2025 13:00,Hoàn Kiếm,VN,Asia/Ho_Chi_Minh,79,1619.3,34.3,40.9,33.7,,11.3,35,0.25,1010,85,28.4,3.6,2.19,47
2025-10-15T07:00:00,10/15/2025 14:00,Hoàn Kiếm,VN,Asia/Ho_Chi_Minh,70,1460.3,34,29.7,26.7,,10.7,25,0.5,1008,91,27.1,2.4,2.86,25.8
2025-10-15T08:00:00,10/15/2025 15:00,Hoàn Kiếm,VN,Asia/Ho_Chi_Minh,76,1919.7,25.3,32.6,35.3,,10.7,100,4.5,1008,91,27.3,1.5,2.16,25.4
2025-10-15T09:00:00,10/15/2025 16:00,Hoàn Kiếm,VN,Asia/Ho_Chi_Minh,67,1354,29,27,28,,2.5,100,7.5,1008,89,27.1,1.1,2.93,27
2025-10-15T10:00:00,10/15/2025 17:00,Hoàn Kiếm,VN,Asia/Ho_Chi_Minh,59,3861.5,31,8.6,22,,3,100,5,1009,91,26.3,1.3,2.18,23.8
2025-10-15T11:00:00,10/15/2025 18:00,Hoàn Kiếm,VN,Asia/Ho_Chi_Minh,70,2218,46,13,94,,68,69,0.75,1010,93,25.8,0,1.49,24
2025-10-15T12:00:00,10/15/2025 19:00,Hoàn Kiếm,VN,Asia/Ho_Chi_Minh,77,2084,36.3,36.7,53,,27,43,0,1011,94,25.5,0,1.02,31
2025-10-15T13:00:00,10/15/2025 20:00,Hoàn Kiếm,VN,Asia/Ho_Chi_Minh,94,1775.5,34.7,53.6,62.3,,23.7,28,0,1012,95,25.3,0,0.71,25.25
2025-10-15T14:00:00,10/15/2025 21:00,Hoàn Kiếm,VN,Asia/Ho_Chi_Minh,106,1983.8,56.8,6.6,77.3,,29.3,10,0,1012,96,25.1,0,0.76,21.25
2025-10-15T15:00:00,10/15/2025 22:00,Hoàn Kiếm,VN,Asia/Ho_Chi_Minh,111,2150.8,58.3,9.6,79.5,,35.5,18,0,1012,96,25.2,0,0.93,24.25
2025-10-15T16:00:00,10/15/2025 23:00,Hoàn Kiếm,VN,Asia/Ho_Chi_Minh,143,1818.3,22.7,46.4,68.3,,11.3,26,0,1012,96,25,0,0.85,20
2025-10-15T17:00:00,10/16/2025 0:00,Hoàn Kiếm,VN,Asia/Ho_Chi_Minh,122,1310,200,8.6,122,,42,25,0.25,1012,96,24.8,0,0.53,16
2025-10-15T18:00:00,10/16/2025 1:00,Hoàn Kiếm,VN,Asia/Ho_Chi_Minh,129,1982.8,68.3,72.2,75.8,,18.3,68,0.5,1012,96,24.5,0,0.37,21
2025-10-15T19:00:00,10/16/2025 2:00,Hoàn Kiếm,VN,Asia/Ho_Chi_Minh,128,1539.3,22.7,89.7,59,,11,62,0.5,1012,96,24.3,0,0.19,24.33
2025-10-15T20:00:00,10/16/2025 3:00,Hoàn Kiếm,VN,Asia/Ho_Chi_Minh,124,1237,21,21.7,57.7,,10.3,66,1.25,1012,97,24.2,0,0.69,32.33
2025-10-15T21:00:00,10/16/2025 4:00,Hoàn Kiếm,VN,Asia/Ho_Chi_Minh,116,647,19.7,21.3,53,,9.7,80,9,1012,96,24.5,0,1.14,37.75
2025-10-15T22:00:00,10/16/2025 5:00,Hoàn Kiếm,VN,Asia/Ho_Chi_Minh,60,711.5,24,74.8,22.3,,11,100,3.75,1012,96,24.3,0,1.08,39.5
2025-10-15T23:00:00,10/16/2025 6:00,Hoàn Kiếm,VN,Asia/Ho_Chi_Minh,54,2715.3,18.7,57.9,13.7,,12.3,100,1,1012,96,24.2,0.8,0.84,51.33
2025-10-16T00:00:00,10/16/2025 7:00,Hoàn Kiếm,VN,Asia/Ho_Chi_Minh,78,10,18,36.9,31.3,,48,100,0,1013,94,24.7,1,1.34,43.5
2025-10-16T01:00:00,10/16/2025 8:00,Hoàn Kiếm,VN,Asia/Ho_Chi_Minh,54,1442.7,35.5,32.5,19.7,,13.7,89,0.25,1014,91,25.9,1.7,1.7,46.2
2025-10-16T02:00:00,10/16/2025 9:00,Hoàn Kiếm,VN,Asia/Ho_Chi_Minh,71,2043,37,17.9,32,,11.3,100,0,1014,87,27,2.8,1.55,45.75
2025-10-16T03:00:00,10/16/2025 10:00,Hoàn Kiếm,VN,Asia/Ho_Chi_Minh,78,1918.7,43.7,19,36.3,,16.3,76,0,1014,83,28.3,4,1.7,44.25
2025-10-16T04:00:00,10/16/2025 11:00,Hoàn Kiếm,VN,Asia/Ho_Chi_Minh,83,2072.7,33.3,33,36,,10.7,21,0,1013,83,28.8,4.4,1.51,41.25
2025-10-16T05:00:00,10/16/2025 12:00,Hoàn Kiếm,VN,Asia/Ho_Chi_Minh,56,1859.8,37.2,26.4,18.8,,12.8,0,0,1012,78,29.5,3.7,1.24,16.67
2025-10-16T06:00:00,10/16/2025 13:00,Hoàn Kiếm,VN,Asia/Ho_Chi_Minh,72,1830.3,34,30.1,31.7,,11,30,0,1011,75,30.2,3.2,2.11,13.67
2025-10-16T07:00:00,10/16/2025 14:00,Hoàn Kiếm,VN,Asia/Ho_Chi_Minh,72,1969.5,37,40.9,29.7,,10.7,0,0.5,1010,73,30.2,2.2,2.75,25
2025-10-16T08:00:00,10/16/2025 15:00,Hoàn Kiếm,VN,Asia/Ho_Chi_Minh,82,1800.5,36.7,48.1,36.3,,11.3,0,2.25,1010,74,29.7,1.5,2.26,14
2025-10-16T09:00:00,10/16/2025 16:00,Hoàn Kiếm,VN,Asia/Ho_Chi_Minh,87,1590,40.3,39.4,37.7,,12,0,5,1010,71,29.9,1.1,1.9,21.5
2025-10-16T10:00:00,10/16/2025 17:00,Hoàn Kiếm,VN,Asia/Ho_Chi_Minh,87,3179,40.7,21.3,38.3,,11.3,85,2.5,1010,72,29.5,1.1,1.42,25
2025-10-16T11:00:00,10/16/2025 18:00,Hoàn Kiếm,VN,Asia/Ho_Chi_Minh,87,2271.7,43.2,37.5,36.3,,12,24,0.25,1010,78,28.3,0,0.87,27.33
2025-10-16T12:00:00,10/16/2025 19:00,Hoàn Kiếm,VN,Asia/Ho_Chi_Minh,103,2612.5,44.7,36.6,48.3,,12,0,0,1012,81,27.6,0,0.89,15
2025-10-16T13:00:00,10/16/2025 20:00,Hoàn Kiếm,VN,Asia/Ho_Chi_Minh,114,2909,42,14.9,54,,12.3,0,0,1013,84,26.8,0,0.87,22
2025-10-16T14:00:00,10/16/2025 21:00,Hoàn Kiếm,VN,Asia/Ho_Chi_Minh,139,2183,32,13.5,69.3,,11.3,0,0,1014,88,26.1,0,0.74,22
2025-10-16T15:00:00,10/16/2025 22:00,Hoàn Kiếm,VN,Asia/Ho_Chi_Minh,124,1722.7,31,15.6,61.3,,11,0,0,1014,91,25.5,0,0.66,26.75
2025-10-16T16:00:00,10/16/2025 23:00,Hoàn Kiếm,VN,Asia/Ho_Chi_Minh,95,1424,28,35.8,44,,10,0,0,1014,94,25,0,0.97,29
2025-10-16T17:00:00,10/17/2025 0:00,Hoàn Kiếm,VN,Asia/Ho_Chi_Minh,115,1251.6,26.1,41,51.3,,10.3,0,0,1013,95,24.7,0,1.39,29
2025-10-16T18:00:00,10/17/2025 1:00,Hoàn Kiếm,VN,Asia/Ho_Chi_Minh,93,1016,23.7,53.7,38.7,,10,0,0,1012,97,24.6,0,1.67,29
2025-10-16T19:00:00,10/17/2025 2:00,Hoàn Kiếm,VN,Asia/Ho_Chi_Minh,106,1079,24.3,56.7,47.3,,11,0,0,1012,97,24.7,0,1.92,36.5
2025-10-16T20:00:00,10/17/2025 3:00,Hoàn Kiếm,VN,Asia/Ho_Chi_Minh,129,850,23,26.1,61.3,,10.3,0,0,1012,96,24.8,0,2.14,40.75
2025-10-16T21:00:00,10/17/2025 4:00,Hoàn Kiếm,VN,Asia/Ho_Chi_Minh,148,234,35,1.5,70.7,,61,0,0,1012,95,24.8,0,2.38,49.75
2025-10-16T22:00:00,10/17/2025 5:00,Hoàn Kiếm,VN,Asia/Ho_Chi_Minh,159,2495.3,23.7,46.5,83.3,,12.3,0,0,1012,94,24.6,0,2.26,44.25
2025-10-16T23:00:00,10/17/2025 6:00,Hoàn Kiếm,VN,Asia/Ho_Chi_Minh,176,1769.7,24.1,35.7,93.8,,29,0,0,1012,94,24.5,1.2,2.14,32.67
2025-10-17T00:00:00,10/17/2025 7:00,Hoàn Kiếm,VN,Asia/Ho_Chi_Minh,171,2537.5,18.7,52.8,94.3,,13,0,0,1013,92,25.1,1.4,2.17,41
2025-10-17T01:00:00,10/17/2025 8:00,Hoàn Kiếm,VN,Asia/Ho_Chi_Minh,171,2133.5,32,17.3,97.3,,13,0,0,1014,89,26.2,2.6,2.55,32
2025-10-17T02:00:00,10/17/2025 9:00,Hoàn Kiếm,VN,Asia/Ho_Chi_Minh,169,2224.3,49,20.2,97.7,,12.3,22,0,1015,85,27.8,4.3,2.72,37.5
2025-10-17T03:00:00,10/17/2025 10:00,Hoàn Kiếm,VN,Asia/Ho_Chi_Minh,151,1144.5,36.7,26.4,76.3,,12.7,0,0,1014,80,28.6,5.7,1.98,46
2025-10-17T04:00:00,10/17/2025 11:00,Hoàn Kiếm,VN,Asia/Ho_Chi_Minh,113,919,25.3,35.4,53.7,,11.3,33,0,1014,78,29.1,6.5,1.78,53
2025-10-17T05:00:00,10/17/2025 12:00,Hoàn Kiếm,VN,Asia/Ho_Chi_Minh,95,1196,88.7,28.9,54.7,,24,35,0,1013,71,30.3,6.3,1.17,62.33
2025-10-17T06:00:00,10/17/2025 13:00,Hoàn Kiếm,VN,Asia/Ho_Chi_Minh,72,10,4,61.5,27.5,,58,34,0.5,1012,65,31.2,5.3,0.71,75
2025-10-17T07:00:00,10/17/2025 14:00,Hoàn Kiếm,VN,Asia/Ho_Chi_Minh,81,962.5,25.7,53.9,34,,11.7,0,0.25,1010,62,31.8,4.2,0.66,71.5
2025-10-17T08:00:00,10/17/2025 15:00,Hoàn Kiếm,VN,Asia/Ho_Chi_Minh,76,1120.3,36.5,47.4,36,,18.5,0,0,1010,59,31.9,3,0.57,71
2025-10-17T09:00:00,10/17/2025 16:00,Hoàn Kiếm,VN,Asia/Ho_Chi_Minh,100,1318.7,34.3,43.6,48,,11.3,0,0,1010,54,31.8,1.9,1.71,70
2025-10-17T10:00:00,10/17/2025 17:00,Hoàn Kiếm,VN,Asia/Ho_Chi_Minh,103,2757,58.7,35.1,49,,12,0,0,1010,62,30.6,1.3,1.55,54.25
2025-10-17T11:00:00,10/17/2025 18:00,Hoàn Kiếm,VN,Asia/Ho_Chi_Minh,114,2968,60,35.1,54.7,,11.7,0,0,1010,70,28.9,0,1.91,40.33
2025-10-17T12:00:00,10/17/2025 19:00,Hoàn Kiếm,VN,Asia/Ho_Chi_Minh,131,173.3,29,55,58.8,,73,0,0,1011,77,27.8,0,2.06,33
2025-10-17T13:00:00,10/17/2025 20:00,Hoàn Kiếm,VN,Asia/Ho_Chi_Minh,137,2703,57.7,20.8,65.7,,12.7,0,0,1012,84,26.9,0,1.45,22
2025-10-17T14:00:00,10/17/2025 21:00,Hoàn Kiếm,VN,Asia/Ho_Chi_Minh,152,1769,38.3,15.7,71,,11.3,0,0,1012,87,26.3,0,1.14,26.25
2025-10-17T15:00:00,10/17/2025 22:00,Hoàn Kiếm,VN,Asia/Ho_Chi_Minh,133,2256,32,15.4,64.3,,13.3,0,0,1013,90,25.9,0,0.88,24
2025-10-17T16:00:00,10/17/2025 23:00,Hoàn Kiếm,VN,Asia/Ho_Chi_Minh,137,2228,30.3,36.6,65.7,,11.3,0,0,1012,92,25.5,0,0.73,35.25
2025-10-17T17:00:00,10/18/2025 0:00,Hoàn Kiếm,VN,Asia/Ho_Chi_Minh,118,2045,48,25.8,52.5,,15.8,0,0,1012,93,25.1,0,0.6,36.33
2025-10-17T18:00:00,10/18/2025 1:00,Hoàn Kiếm,VN,Asia/Ho_Chi_Minh,126,1939.5,56,31,74.8,,17,0,0,1011,94,24.7,0,0.54,40.75
2025-10-17T19:00:00,10/18/2025 2:00,Hoàn Kiếm,VN,Asia/Ho_Chi_Minh,132,1715.3,49,40,78,,15.3,0,0,1011,95,24.4,0,0.6,47
2025-10-17T20:00:00,10/18/2025 3:00,Hoàn Kiếm,VN,Asia/Ho_Chi_Minh,155,1778,58.8,17.9,90.8,,15.5,0,0,1010,95,24.1,0,0.63,49
2025-10-17T21:00:00,10/18/2025 4:00,Hoàn Kiếm,VN,Asia/Ho_Chi_Minh,165,1517.3,63.8,35,100.5,,16.8,0,0,1011,97,23.8,0,0.55,54.75
2025-10-17T22:00:00,10/18/2025 5:00,Hoàn Kiếm,VN,Asia/Ho_Chi_Minh,179,1839.3,26.3,32.9,103.3,,11,0,0,1011,97,23.7,0,0.64,47.5
2025-10-17T23:00:00,10/18/2025 6:00,Hoàn Kiếm,VN,Asia/Ho_Chi_Minh,168,2148.3,82.8,36.7,102,,15.8,0,0,1012,97,23.6,1,0.75,49
2025-10-18T00:00:00,10/18/2025 7:00,Hoàn Kiếm,VN,Asia/Ho_Chi_Minh,146,1310,193,7.6,92,,26,0,0,1012,95,24.7,1.1,0.78,42
2025-10-18T01:00:00,10/18/2025 8:00,Hoàn Kiếm,VN,Asia/Ho_Chi_Minh,167,2299.3,74.5,30.3,100.8,,16.5,0,0,1013,87,27.1,3,1.35,45
2025-10-18T02:00:00,10/18/2025 9:00,Hoàn Kiếm,VN,Asia/Ho_Chi_Minh,166,1474.7,76,19.9,99.5,,20,0,0,1014,78,29,4.8,1.84,47.4
2025-10-18T03:00:00,10/18/2025 10:00,Hoàn Kiếm,VN,Asia/Ho_Chi_Minh,155,1411,216,30.3,88.3,,32,0,0,1014,69,30,5.6,2.09,59
2025-10-18T04:00:00,10/18/2025 11:00,Hoàn Kiếm,VN,Asia/Ho_Chi_Minh,153,1104.5,45.7,35.5,76.7,,12.3,53,0,1013,65,30.8,6.7,2.09,66.6
2025-10-18T05:00:00,10/18/2025 12:00,Hoàn Kiếm,VN,Asia/Ho_Chi_Minh,134,403,177,16.2,102,,63,0,0,1012,60,31.7,6.9,2.08,77.33
2025-10-18T06:00:00,10/18/2025 13:00,Hoàn Kiếm,VN,Asia/Ho_Chi_Minh,110,513.7,31,43.3,54.7,,11,34,0,1010,56,32.2,5.8,1.96,68.8
2025-10-18T07:00:00,10/18/2025 14:00,Hoàn Kiếm,VN,Asia/Ho_Chi_Minh,91,1076,30.3,44.3,41.3,,11.7,37,0,1010,54,32.5,4.5,1.93,52.5
2025-10-18T08:00:00,10/18/2025 15:00,Hoàn Kiếm,VN,Asia/Ho_Chi_Minh,90,695,25.3,44.1,42.3,,11.3,20,0,1010,57,31.7,3.2,2.44,68
2025-10-18T09:00:00,10/18/2025 16:00,Hoàn Kiếm,VN,Asia/Ho_Chi_Minh,88,1327.3,37.7,40.6,39.3,,11.3,16,0,1009,57,31.4,2,1.75,67.2
2025-10-18T10:00:00,10/18/2025 17:00,Hoàn Kiếm,VN,Asia/Ho_Chi_Minh,96,1675.3,47.3,25.8,46.3,,12,18,0,1010,61,30.6,1.7,1.41,59.2
2025-10-18T11:00:00,10/18/2025 18:00,Hoàn Kiếm,VN,Asia/Ho_Chi_Minh,110,1721.1,45,29.2,53.8,,11.8,0,0,1010,69,29.1,0,1.1,57.33
2025-10-18T12:00:00,10/18/2025 19:00,Hoàn Kiếm,VN,Asia/Ho_Chi_Minh,123,1918,48.7,23.5,61,,12,0,0,1011,73,28.1,0,1.27,48
2025-10-18T13:00:00,10/18/2025 20:00,Hoàn Kiếm,VN,Asia/Ho_Chi_Minh,138,1789.7,50.3,48.2,69,,13.3,0,0,1012,77,27.1,0,1.19,39.25
2025-10-18T14:00:00,10/18/2025 21:00,Hoàn Kiếm,VN,Asia/Ho_Chi_Minh,146,2011.7,48,16.2,73.3,,15.3,0,0,1012,79,26.5,0,0.78,31
2025-10-18T15:00:00,10/18/2025 22:00,Hoàn Kiếm,VN,Asia/Ho_Chi_Minh,141,1745.7,66.8,15,81.5,,20.3,0,0,1012,81,26.1,0,0.78,30.75
2025-10-18T16:00:00,10/18/2025 23:00,Hoàn Kiếm,VN,Asia/Ho_Chi_Minh,157,2352.3,39.7,26,80.7,,12,0,0,1012,83,25.8,0,0.7,29.67
2025-10-18T17:00:00,10/19/2025 0:00,Hoàn Kiếm,VN,Asia/Ho_Chi_Minh,139,1814.3,98.8,10.5,92.5,,24,55,0,1012,83,25.7,0,0.46,33.25
2025-10-18T18:00:00,10/19/2025 1:00,Hoàn Kiếm,VN,Asia/Ho_Chi_Minh,134,1411,177,6.5,106,,21,0,0,1011,84,25.5,0,0.63,39.22
2025-10-18T19:00:00,10/19/2025 2:00,Hoàn Kiếm,VN,Asia/Ho_Chi_Minh,149,1288.8,61.5,50.7,83,,16,0,0,1010,85,25.2,0,0.86,44
2025-10-18T20:00:00,10/19/2025 3:00,Hoàn Kiếm,VN,Asia/Ho_Chi_Minh,153,1018.5,28,28.6,73.3,,10.3,0,0,1010,86,24.9,0,1.4,49.5
2025-10-18T21:00:00,10/19/2025 4:00,Hoàn Kiếm,VN,Asia/Ho_Chi_Minh,159,1557.7,23.3,34.9,88.3,,10.3,0,0,1010,87,24.9,0,1.67,52.5
2025-10-18T22:00:00,10/19/2025 5:00,Hoàn Kiếm,VN,Asia/Ho_Chi_Minh,176,1940.7,24,46,100.7,,12,50,0,1010,83,24.9,0,1.53,50.4
2025-10-18T23:00:00,10/19/2025 6:00,Hoàn Kiếm,VN,Asia/Ho_Chi_Minh,162,1549,47,3.4,104,,4,0,0,1011,82,24.8,1.7,1.62,60.33
2025-10-19T00:00:00,10/19/2025 7:00,Hoàn Kiếm,VN,Asia/Ho_Chi_Minh,166,927,18.5,47.5,94,,17.5,0,0,1012,82,25.4,1.9,2.07,50
2025-10-19T01:00:00,10/19/2025 8:00,Hoàn Kiếm,VN,Asia/Ho_Chi_Minh,175,2144,37,30.3,98,,12.7,65,0,1012,79,26.7,2.5,2.82,48
2025-10-19T02:00:00,10/19/2025 9:00,Hoàn Kiếm,VN,Asia/Ho_Chi_Minh,178,2018.3,41,23.9,98.7,,15,76,0,1013,78,28,4.3,3.69,53.6
2025-10-19T03:00:00,10/19/2025 10:00,Hoàn Kiếm,VN,Asia/Ho_Chi_Minh,177,2484,39,36.8,98.7,,3,31,0,1013,76,28.9,5.8,3.66,55
2025-10-19T04:00:00,10/19/2025 11:00,Hoàn Kiếm,VN,Asia/Ho_Chi_Minh,163,1669.7,41,50.7,86.3,,12,0,0,1012,72,29.9,7.2,3.84,62.5
2025-10-19T05:00:00,10/19/2025 12:00,Hoàn Kiếm,VN,Asia/Ho_Chi_Minh,142,1517,13,11,67,,3,100,0,1011,71,30.6,7.3,3.56,75.33
2025-10-19T06:00:00,10/19/2025 13:00,Hoàn Kiếm,VN,Asia/Ho_Chi_Minh,130,1033.5,44,56.6,67,,16,79,1.5,1010,71,30.7,6.2,3.54,64.5
2025-10-19T07:00:00,10/19/2025 14:00,Hoàn Kiếm,VN,Asia/Ho_Chi_Minh,113,1131.7,34.7,44.8,55.3,,11.7,100,6.75,1009,76,29.6,4.6,3.93,67.33
2025-10-19T08:00:00,10/19/2025 15:00,Hoàn Kiếm,VN,Asia/Ho_Chi_Minh,99,1271.3,32,29.3,46,,11.3,100,1,1008,74,30,2.9,2.92,74.5
2025-10-19T09:00:00,10/19/2025 16:00,Hoàn Kiếm,VN,Asia/Ho_Chi_Minh,94,1706,44.7,22.8,43.3,,12.3,100,1.25,1009,82,28.8,1.5,1.46,76.75
2025-10-19T10:00:00,10/19/2025 17:00,Hoàn Kiếm,VN,Asia/Ho_Chi_Minh,106,2954.3,49,17.6,50,,11.7,100,10,1010,83,28.1,1.3,1.74,75.75
2025-10-19T11:00:00,10/19/2025 18:00,Hoàn Kiếm,VN,Asia/Ho_Chi_Minh,104,2198.2,46.7,19.6,46.3,,11.7,74,7.75,1010,86,27,0,1.6,65
2025-10-19T12:00:00,10/19/2025 19:00,Hoàn Kiếm,VN,Asia/Ho_Chi_Minh,130,2444.3,47.7,18,62.7,,11.3,100,5.75,1012,87,26.4,0,0.97,51
2025-10-19T13:00:00,10/19/2025 20:00,Hoàn Kiếm,VN,Asia/Ho_Chi_Minh,150,2236.3,44.3,21.4,78.3,,12,89,0.5,1012,88,25.8,0,1.36,46.67
2025-10-19T14:00:00,10/19/2025 21:00,Hoàn Kiếm,VN,Asia/Ho_Chi_Minh,150,1430.5,41.3,18.3,78,,11.3,18,0,1012,90,25.4,0,1.02,40.25
2025-10-19T15:00:00,10/19/2025 22:00,Hoàn Kiếm,VN,Asia/Ho_Chi_Minh,138,1644.3,86.3,12,77,,21,29,0,1012,91,25.2,0,1.96,34.5
2025-10-19T16:00:00,10/19/2025 23:00,Hoàn Kiếm,VN,Asia/Ho_Chi_Minh,139,1028.5,40,42,66.3,,10.7,100,0,1012,92,24.9,0,1.95,32.25
2025-10-19T17:00:00,10/20/2025 0:00,Hoàn Kiếm,VN,Asia/Ho_Chi_Minh,137,504,185,11.9,98,,58,7,0,1012,94,24.8,0,2.25,37.67
2025-10-19T18:00:00,10/20/2025 1:00,Hoàn Kiếm,VN,Asia/Ho_Chi_Minh,145,962.5,31,57.4,70,,10,0,0,1012,95,24.7,0,2.57,37
2025-10-19T19:00:00,10/20/2025 2:00,Hoàn Kiếm,VN,Asia/Ho_Chi_Minh,148,1481.3,27.3,58.1,71.7,,10.3,0,0,1012,95,24.7,0,2.62,46.5
2025-10-19T20:00:00,10/20/2025 3:00,Hoàn Kiếm,VN,Asia/Ho_Chi_Minh,145,730,23,27.2,70.3,,10.3,0,0,1012,92,24.7,0,2.57,55.5
2025-10-19T21:00:00,10/20/2025 4:00,Hoàn Kiếm,VN,Asia/Ho_Chi_Minh,133,1454.3,22.3,10.5,63.7,,10.3,0,0,1012,88,24.8,0,2.82,55.75
2025-10-19T22:00:00,10/20/2025 5:00,Hoàn Kiếm,VN,Asia/Ho_Chi_Minh,125,1696.6,26.2,15,59.3,,10.6,0,0,1012,83,24.3,0,3.19,49.33
2025-10-19T23:00:00,10/20/2025 6:00,Hoàn Kiếm,VN,Asia/Ho_Chi_Minh,131,1938.8,30.1,19.4,58.8,,10.8,0,0,1012,82,23.5,1.8,3.19,49.67
2025-10-20T00:00:00,10/20/2025 7:00,Hoàn Kiếm,VN,Asia/Ho_Chi_Minh,124,2181,34,23.8,58.3,,11,0,0,1014,82,23.6,2,3.3,49
2025-10-20T01:00:00,10/20/2025 8:00,Hoàn Kiếm,VN,Asia/Ho_Chi_Minh,123,1499.5,24.3,41.9,60.7,,36.7,22,0,1014,78,24.4,2.6,3.98,52
2025-10-20T02:00:00,10/20/2025 9:00,Hoàn Kiếm,VN,Asia/Ho_Chi_Minh,100,1593.5,34,26.6,46.7,,11,0,0,1015,74,25.3,4.2,4.71,53
2025-10-20T03:00:00,10/20/2025 10:00,Hoàn Kiếm,VN,Asia/Ho_Chi_Minh,87,136.6,5,78,36.3,,88,0,0,1014,70,26.8,5.6,4.87,52.25
2025-10-20T04:00:00,10/20/2025 11:00,Hoàn Kiếm,VN,Asia/Ho_Chi_Minh,79,975,28.7,28.3,34.3,,11,0,0,1014,66,27.7,7.4,4.79,47.75
2025-10-20T05:00:00,10/20/2025 12:00,Hoàn Kiếm,VN,Asia/Ho_Chi_Minh,73,1246,32.3,65.4,30.7,,10.7,40,0,1012,63,28.3,7.7,4.86,44.67
2025-10-20T06:00:00,10/20/2025 13:00,Hoàn Kiếm,VN,Asia/Ho_Chi_Minh,68,953.5,31.3,49.9,25.7,,10.7,33,0,1011,61,28.7,7.2,4.79,47
2025-10-20T07:00:00,10/20/2025 14:00,Hoàn Kiếm,VN,Asia/Ho_Chi_Minh,72,672,22.9,68,27.5,,32.8,0,0,1010,59,29,3.6,4.56,44.25
2025-10-20T08:00:00,10/20/2025 15:00,Hoàn Kiếm,VN,Asia/Ho_Chi_Minh,72,390.6,14.4,86,27.7,,54.9,25,0,1010,60,28.7,2.1,4.28,43.75
2025-10-20T09:00:00,10/20/2025 16:00,Hoàn Kiếm,VN,Asia/Ho_Chi_Minh,74,109.1,6,104,28.8,,77,31,0,1010,58,28.8,2.2,3.22,35
2025-10-20T10:00:00,10/20/2025 17:00,Hoàn Kiếm,VN,Asia/Ho_Chi_Minh,82,10,16.9,9.9,33.8,,55,38,0,1010,62,27.8,1.8,2.27,29
2025-10-20T11:00:00,10/20/2025 18:00,Hoàn Kiếm,VN,Asia/Ho_Chi_Minh,82,1338.8,27.8,50.8,33.8,,33,38,0,1011,68,26,0,1.81,25.25
2025-10-20T12:00:00,10/20/2025 19:00,Hoàn Kiếm,VN,Asia/Ho_Chi_Minh,94,1953.7,38.7,24.1,41.7,,11,0,0,1012,72,25,0,2.01,22.75
2025-10-20T13:00:00,10/20/2025 20:00,Hoàn Kiếm,VN,Asia/Ho_Chi_Minh,95,1574.7,34,56.5,42.7,,11,0,0,1013,72,24.4,0,2.07,20.5
2025-10-20T14:00:00,10/20/2025 21:00,Hoàn Kiếm,VN,Asia/Ho_Chi_Minh,96,1579.3,32,23.9,44.7,,11.3,0,0,1014,74,23.7,0,2.05,22
2025-10-20T15:00:00,10/20/2025 22:00,Hoàn Kiếm,VN,Asia/Ho_Chi_Minh,90,1014,29.7,32.9,40.7,,11,0,0,1014,75,23.5,0,2.17,22.17
2025-10-20T16:00:00,10/20/2025 23:00,Hoàn Kiếm,VN,Asia/Ho_Chi_Minh,90,1216.7,25,22.6,40.7,,10.3,0,0,1014,73,23.2,0,2.62,23
2025-10-20T17:00:00,10/21/2025 0:00,Hoàn Kiếm,VN,Asia/Ho_Chi_Minh,100,1077.3,51.2,18.9,43.8,,17.7,0,0,1014,72,22.6,0,2.77,27
2025-10-20T18:00:00,10/21/2025 1:00,Hoàn Kiếm,VN,Asia/Ho_Chi_Minh,65,1109,62,11.9,33,,21,0,0.5,1014,72,22.1,0,2.86,27
2025-10-20T19:00:00,10/21/2025 2:00,Hoàn Kiếm,VN,Asia/Ho_Chi_Minh,102,773.2,43.7,23.3,45,,35.3,0,0.25,1014,72,21.6,0,2.79,32.5
2025-10-20T20:00:00,10/21/2025 3:00,Hoàn Kiếm,VN,Asia/Ho_Chi_Minh,80,917.5,26.3,28.9,34,,10,0,0,1014,72,21.1,0,2.77,32.75
2025-10-20T21:00:00,10/21/2025 4:00,Hoàn Kiếm,VN,Asia/Ho_Chi_Minh,91,101.5,7,46,38.8,,64,0,0,1014,73,21.3,0,2.78,33.33
2025-10-20T22:00:00,10/21/2025 5:00,Hoàn Kiếm,VN,Asia/Ho_Chi_Minh,85,1297.3,26.3,25.1,37,,10.3,0,0,1014,73,20.9,0,2.92,30.75
2025-10-20T23:00:00,10/21/2025 6:00,Hoàn Kiếm,VN,Asia/Ho_Chi_Minh,72,1666.8,39.5,30.7,37.8,,15,0,0,1015,72,20.6,2,2.99,30.75
2025-10-21T00:00:00,10/21/2025 7:00,Hoàn Kiếm,VN,Asia/Ho_Chi_Minh,77,1327.3,58.8,21.2,42.3,,14.8,0,0,1016,75,20.8,2.2,3.07,35
2025-10-21T01:00:00,10/21/2025 8:00,Hoàn Kiếm,VN,Asia/Ho_Chi_Minh,76,1895.3,64.7,15.3,41.7,,20.7,0,0,1017,72,22,3.1,3.69,19
2025-10-21T02:00:00,10/21/2025 9:00,Hoàn Kiếm,VN,Asia/Ho_Chi_Minh,81,1306,26.3,25.6,35,,10.3,0,0,1018,68,23.1,4.9,4.32,36
2025-10-21T03:00:00,10/21/2025 10:00,Hoàn Kiếm,VN,Asia/Ho_Chi_Minh,59,302,92,19.5,53,,58,0,0,1017,66,25,6.8,4.6,25.67
2025-10-21T04:00:00,10/21/2025 11:00,Hoàn Kiếm,VN,Asia/Ho_Chi_Minh,69,1182.7,46.7,19.5,37,,20.7,0,0,1016,63,25.9,8.1,4.53,31
2025-10-21T05:00:00,10/21/2025 12:00,Hoàn Kiếm,VN,Asia/Ho_Chi_Minh,59,1113,56.3,18.5,30.3,,21.3,23,0,1015,61,26.6,7.7,4.29,28.25
2025-10-21T06:00:00,10/21/2025 13:00,Hoàn Kiếm,VN,Asia/Ho_Chi_Minh,55,1460.3,50.3,20.4,27.3,,21.7,80,0,1014,58,27.1,6.6,4.48,22.2
2025-10-21T07:00:00,10/21/2025 14:00,Hoàn Kiếm,VN,Asia/Ho_Chi_Minh,58,834.8,32.7,19.1,22.7,,11.3,71,0,1013,58,27.1,2.1,4.28,24.6
2025-10-21T08:00:00,10/21/2025 15:00,Hoàn Kiếm,VN,Asia/Ho_Chi_Minh,63,1017,31.5,31.1,23.7,,11,100,0,1013,58,26.8,2.3,4.19,24
2025-10-21T09:00:00,10/21/2025 16:00,Hoàn Kiếm,VN,Asia/Ho_Chi_Minh,58,1572,35,22.7,23.7,,10.7,100,0,1012,59,26.6,2,3.64,26.33
2025-10-21T10:00:00,10/21/2025 17:00,Hoàn Kiếm,VN,Asia/Ho_Chi_Minh,59,1495.4,33.9,30.9,20,,10.6,30,0,1014,62,25.6,1.7,2.89,16
2025-10-21T11:00:00,10/21/2025 18:00,Hoàn Kiếm,VN,Asia/Ho_Chi_Minh,69,2055.3,37.3,15.4,27.3,,10.3,0,0,1014,64,24.2,0,2.93,20.67
2025-10-21T12:00:00,10/21/2025 19:00,Hoàn Kiếm,VN,Asia/Ho_Chi_Minh,79,1342.3,31.7,47.1,32.3,,10.3,0,0.25,1016,67,23.1,0,2.52,16.33
2025-10-21T13:00:00,10/21/2025 20:00,Hoàn Kiếm,VN,Asia/Ho_Chi_Minh,76,1287,29,45.4,31.3,,14,52,0,1016,68,22.6,0,2.43,14.33
2025-10-21T14:00:00,10/21/2025 21:00,Hoàn Kiếm,VN,Asia/Ho_Chi_Minh,78,1086,28.7,23.9,33,,11,61,0.5,1016,69,22.1,0,2.16,15.5
2025-10-21T15:00:00,10/21/2025 22:00,Hoàn Kiếm,VN,Asia/Ho_Chi_Minh,83,618,19,60,39,,27,0,0,1016,72,21.8,0,1.91,18
2025-10-21T16:00:00,10/21/2025 23:00,Hoàn Kiếm,VN,Asia/Ho_Chi_Minh,74,885,29.5,21.3,26.5,,1.5,0,0,1016,73,21.3,0,1.96,15.75
2025-10-21T17:00:00,10/22/2025 0:00,Hoàn Kiếm,VN,Asia/Ho_Chi_Minh,67,558,22.7,33.2,22.7,,9.7,0,0,1016,75,20.6,0,1.92,16
2025-10-21T18:00:00,10/22/2025 1:00,Hoàn Kiếm,VN,Asia/Ho_Chi_Minh,80,91,6,55,32.5,,54,100,0,1015,63,23.3,0,3.6,20.75
2025-10-21T19:00:00,10/22/2025 2:00,Hoàn Kiếm,VN,Asia/Ho_Chi_Minh,69,589.5,20.3,53.7,24.3,,11.3,0,0,1016,74,19.6,0,2.39,25.25
2025-10-21T20:00:00,10/22/2025 3:00,Hoàn Kiếm,VN,Asia/Ho_Chi_Minh,69,600,20.3,41.8,23.3,,10,0,1.25,1016,72,19.1,0,2.64,24
2025-10-21T21:00:00,10/22/2025 4:00,Hoàn Kiếm,VN,Asia/Ho_Chi_Minh,61,422.5,19.7,36.7,21.3,,10,26,0.5,1016,70,20.3,0,2.49,25
2025-10-21T22:00:00,10/22/2025 5:00,Hoàn Kiếm,VN,Asia/Ho_Chi_Minh,54,529.5,21.3,43.9,16.3,,10,0,2,1016,70,20,0,2.57,27.5
2025-10-21T23:00:00,10/22/2025 6:00,Hoàn Kiếm,VN,Asia/Ho_Chi_Minh,54,1509,30,32.7,18.3,,10.7,65,0,1017,70,19.6,0.6,2.53,23.33
2025-10-22T00:00:00,10/22/2025 7:00,Hoàn Kiếm,VN,Asia/Ho_Chi_Minh,67,1520.3,29.7,33.5,26.3,,11,0,0,1018,74,19.6,0.7,2.58,19.75
2025-10-22T01:00:00,10/22/2025 8:00,Hoàn Kiếm,VN,Asia/Ho_Chi_Minh,69,1462.3,31,34,26.3,,11,21,0.25,1018,69,20.9,1,3.61,26
2025-10-22T02:00:00,10/22/2025 9:00,Hoàn Kiếm,VN,Asia/Ho_Chi_Minh,74,875,30.7,44.7,32.3,,11,100,0,1019,64,21.8,1.5,4.57,21
2025-10-22T03:00:00,10/22/2025 10:00,Hoàn Kiếm,VN,Asia/Ho_Chi_Minh,73,1346.3,33.7,35.1,33.3,,11,87,0,1018,61,23.2,2.4,4.78,21
2025-10-22T04:00:00,10/22/2025 11:00,Hoàn Kiếm,VN,Asia/Ho_Chi_Minh,68,771.5,28.3,35.8,30,,11,55,1.25,1018,59,23.8,2.6,4.78,17.25
2025-10-22T05:00:00,10/22/2025 12:00,Hoàn Kiếm,VN,Asia/Ho_Chi_Minh,67,1226.7,27.7,50.5,26,,10.7,62,0.5,1017,58,24.3,2.7,4.65,14
2025-10-22T06:00:00,10/22/2025 13:00,Hoàn Kiếm,VN,Asia/Ho_Chi_Minh,54,84.6,3,91,17.5,,69,63,0,1016,57,24.8,2.4,4.36,13.67
2025-10-22T07:00:00,10/22/2025 14:00,Hoàn Kiếm,VN,Asia/Ho_Chi_Minh,55,760.5,25.3,42.4,20,,10.3,74,3.5,1015,56,25,1.8,4.31,19.75
2025-10-22T08:00:00,10/22/2025 15:00,Hoàn Kiếm,VN,Asia/Ho_Chi_Minh,47,1094,39.5,29.1,15,,14.5,76,1.5,1014,56,25,1.2,3.97,21
2025-10-22T09:00:00,10/22/2025 16:00,Hoàn Kiếm,VN,Asia/Ho_Chi_Minh,54,1456.7,30.3,28.8,17.7,,10.3,100,0,1014,57,24.1,0.8,3.55,23
2025-10-22T10:00:00,10/22/2025 17:00,Hoàn Kiếm,VN,Asia/Ho_Chi_Minh,62,1826.7,38.7,28,19,,10.7,100,0,1016,58,23.3,0.6,2.84,22.75
2025-10-22T11:00:00,10/22/2025 18:00,Hoàn Kiếm,VN,Asia/Ho_Chi_Minh,73,1758.7,39,27,30.3,,11.3,60,0,1016,62,22.5,0,2.39,20.5
2025-10-22T12:00:00,10/22/2025 19:00,Hoàn Kiếm,VN,Asia/Ho_Chi_Minh,102,99.2,8,66,45,,77,73,0,1017,63,22,0,2.42,19.67
2025-10-22T13:00:00,10/22/2025 20:00,Hoàn Kiếm,VN,Asia/Ho_Chi_Minh,81,1422.3,35.7,41.8,31.3,,10.7,59,0,1017,64,21.5,0,2.36,14
2025-10-22T14:00:00,10/22/2025 21:00,Hoàn Kiếm,VN,Asia/Ho_Chi_Minh,77,1041,30.7,23.6,31.3,,10.7,100,0,1018,66,21,0,1.96,14.5
2025-10-22T15:00:00,10/22/2025 22:00,Hoàn Kiếm,VN,Asia/Ho_Chi_Minh,72,1016.3,27.7,48.9,28.3,,11,43,0,1017,73,20.7,0,2.2,11.33
2025-10-22T16:00:00,10/22/2025 23:00,Hoàn Kiếm,VN,Asia/Ho_Chi_Minh,64,523.5,22.3,42.2,23.3,,10,40,0,1018,75,20.2,0,2.07,14
2025-10-22T17:00:00,10/23/2025 0:00,Hoàn Kiếm,VN,Asia/Ho_Chi_Minh,54,523,25,35.4,18.3,,10,100,0,1017,74,20,0,1.97,17.75
2025-10-22T18:00:00,10/23/2025 1:00,Hoàn Kiếm,VN,Asia/Ho_Chi_Minh,54,362.5,19,65.3,17.7,,10.7,100,0.25,1016,76,19.7,0,1.6,22.67
2025-10-22T19:00:00,10/23/2025 2:00,Hoàn Kiếm,VN,Asia/Ho_Chi_Minh,52,344.7,18.8,58.2,16.3,,10.3,18,0.5,1016,78,19.6,0,1.59,36
2025-10-22T20:00:00,10/23/2025 3:00,Hoàn Kiếm,VN,Asia/Ho_Chi_Minh,58,215.5,20,41.7,22,,9.7,100,0.25,1016,77,19.4,0,1.71,26.5
2025-10-22T21:00:00,10/23/2025 4:00,Hoàn Kiếm,VN,Asia/Ho_Chi_Minh,47,309,18.3,44,14.7,,9.7,100,0,1016,83,19,0,1.94,24.5
2025-10-22T22:00:00,10/23/2025 5:00,Hoàn Kiếm,VN,Asia/Ho_Chi_Minh,49,595,22.3,31.6,13.7,,10,100,0,1017,82,18.9,0,2.16,22
2025-10-22T23:00:00,10/23/2025 6:00,Hoàn Kiếm,VN,Asia/Ho_Chi_Minh,43,1222,28,28.6,13.7,,10,100,0,1018,81,18.8,0.6,2.47,18.25
2025-10-23T00:00:00,10/23/2025 7:00,Hoàn Kiếm,VN,Asia/Ho_Chi_Minh,59,84.6,7,56,20,,54,35,0,1018,76,18.8,0.7,3.3,14
2025-10-23T01:00:00,10/23/2025 8:00,Hoàn Kiếm,VN,Asia/Ho_Chi_Minh,53,1512,32.7,20,17.3,,12,100,0,1019,75,18.4,1,2.93,13.75
2025-10-23T02:00:00,10/23/2025 9:00,Hoàn Kiếm,VN,Asia/Ho_Chi_Minh,78,1181.3,23.9,34.7,33.5,,25.1,100,0,1020,78,17.8,1.5,2.52,13
2025-10-23T03:00:00,10/23/2025 10:00,Hoàn Kiếm,VN,Asia/Ho_Chi_Minh,82,1729.7,32.3,24,37.3,,10.7,100,0,1020,83,17.8,2.1,2.8,15.75
2025-10-23T04:00:00,10/23/2025 11:00,Hoàn Kiếm,VN,Asia/Ho_Chi_Minh,82,1333.7,31.7,35.1,39.3,,10.7,100,0,1020,83,17.4,2.6,2.81,11.25
2025-10-23T05:00:00,10/23/2025 12:00,Hoàn Kiếm,VN,Asia/Ho_Chi_Minh,81,1649,38.3,38.6,35,,11,100,0,1019,85,17.5,2.6,2.57,11.75
2025-10-23T06:00:00,10/23/2025 13:00,Hoàn Kiếm,VN,Asia/Ho_Chi_Minh,72,664,35.3,62.4,29.3,,10.3,100,0,1018,84,17.5,2.3,2.8,10.33
2025-10-23T07:00:00,10/23/2025 14:00,Hoàn Kiếm,VN,Asia/Ho_Chi_Minh,69,1019.7,39.6,45,26.3,,7.6,100,0,1018,84,17.5,1.7,2.52,16
2025-10-23T08:00:00,10/23/2025 15:00,Hoàn Kiếm,VN,Asia/Ho_Chi_Minh,65,1247,36,26.3,22.3,,10.3,100,0,1017,85,17.4,1.2,2.43,13.5
2025-10-23T09:00:00,10/23/2025 16:00,Hoàn Kiếm,VN,Asia/Ho_Chi_Minh,69,1731,48,10.1,25.3,,2,100,0,1017,83,18.4,0.8,2.37,25
2025-10-23T10:00:00,10/23/2025 17:00,Hoàn Kiếm,VN,Asia/Ho_Chi_Minh,64,2039.7,36,29.9,20.7,,10.7,100,0.25,1017,82,18.2,0.6,2.26,27
2025-10-23T11:00:00,10/23/2025 18:00,Hoàn Kiếm,VN,Asia/Ho_Chi_Minh,54,1291.5,34.7,24.8,19,,10,100,0,1018,83,18,0,2.01,27
2025-10-23T12:00:00,10/23/2025 19:00,Hoàn Kiếm,VN,Asia/Ho_Chi_Minh,87,112.6,10,57,36.3,,73,18,0,1018,84,17.9,0,1.79,26.33
2025-10-23T13:00:00,10/23/2025 20:00,Hoàn Kiếm,VN,Asia/Ho_Chi_Minh,79,1555.7,31,34.7,29,,10.3,80,0,1019,85,17.9,0,1.6,22
2025-10-23T14:00:00,10/23/2025 21:00,Hoàn Kiếm,VN,Asia/Ho_Chi_Minh,82,1141.3,29.7,21.9,30.7,,10.3,84,0,1019,84,17.9,0,1.72,21
2025-10-23T15:00:00,10/23/2025 22:00,Hoàn Kiếm,VN,Asia/Ho_Chi_Minh,83,690,29.7,31.5,31.3,,11,90,0,1020,83,18,0,1.69,18.75
2025-10-23T16:00:00,10/23/2025 23:00,Hoàn Kiếm,VN,Asia/Ho_Chi_Minh,84,629.5,27.3,30.1,35,,10.3,100,0.25,1019,85,18.4,0,1.66,20.75
2025-10-23T17:00:00,10/24/2025 0:00,Hoàn Kiếm,VN,Asia/Ho_Chi_Minh,95,630,27.9,26,41.3,,10.1,100,0.5,1018,85,18.3,0,1.84,18.5
2025-10-23T18:00:00,10/24/2025 1:00,Hoàn Kiếm,VN,Asia/Ho_Chi_Minh,82,600,27,23.3,31.3,,9.7,91,0.5,1018,85,18.3,0,1.62,14
2025-10-23T19:00:00,10/24/2025 2:00,Hoàn Kiếm,VN,Asia/Ho_Chi_Minh,82,595,38.5,22.5,36.5,,12.8,99,0.5,1018,86,18.2,0,1.67,29
2025-10-23T20:00:00,10/24/2025 3:00,Hoàn Kiếm,VN,Asia/Ho_Chi_Minh,72,511,24,33.8,30.3,,10.3,100,0.5,1018,89,17.9,0,1.63,25.25
2025-10-23T21:00:00,10/24/2025 4:00,Hoàn Kiếm,VN,Asia/Ho_Chi_Minh,85,552,25,27,32.3,,11.3,86,0,1018,87,18.2,0,1.55,26.75
2025-10-23T22:00:00,10/24/2025 5:00,Hoàn Kiếm,VN,Asia/Ho_Chi_Minh,115,847.2,26.8,23.3,51.3,,11.3,93,0,1018,88,18,0,1.5,27.25
2025-10-23T23:00:00,10/24/2025 6:00,Hoàn Kiếm,VN,Asia/Ho_Chi_Minh,84,821,42,20.9,37.5,,13.5,81,0,1018,87,18,0.6,1.65,27.75
2025-10-24T00:00:00,10/24/2025 7:00,Hoàn Kiếm,VN,Asia/Ho_Chi_Minh,102,1437.5,30.3,15.8,44.7,,11.3,93,0,1018,88,18.2,0.7,1.73,33
2025-10-24T01:00:00,10/24/2025 8:00,Hoàn Kiếm,VN,Asia/Ho_Chi_Minh,104,1088,30.7,29.7,46.3,,10.7,76,0,1020,88,18.5,1,1.75,27
2025-10-24T02:00:00,10/24/2025 9:00,Hoàn Kiếm,VN,Asia/Ho_Chi_Minh,95,1761,40,32.2,43.3,,10.3,100,0,1020,87,19,1.5,1.7,26.6
2025-10-24T03:00:00,10/24/2025 10:00,Hoàn Kiếm,VN,Asia/Ho_Chi_Minh,102,106.8,9,52,45,,82,100,0,1020,86,19.2,2.1,2.15,22.33
2025-10-24T04:00:00,10/24/2025 11:00,Hoàn Kiếm,VN,Asia/Ho_Chi_Minh,76,10,15.4,3.8,30,,58.1,100,0,1019,84,19.4,2.5,2.56,28
2025-10-24T05:00:00,10/24/2025 12:00,Hoàn Kiếm,VN,Asia/Ho_Chi_Minh,72,1788.3,36.3,7.8,26.7,,10.3,100,0,1018,85,19.3,2.6,2.36,41
2025-10-24T06:00:00,10/24/2025 13:00,Hoàn Kiếm,VN,Asia/Ho_Chi_Minh,74,768.5,28.3,40,28.7,,10.3,100,0,1018,84,19.4,2.3,2.24,27.8
2025-10-24T07:00:00,10/24/2025 14:00,Hoàn Kiếm,VN,Asia/Ho_Chi_Minh,63,1391.3,33,39.2,20.3,,10,100,0,1016,84,19.6,1.7,2.08,36.25
2025-10-24T08:00:00,10/24/2025 15:00,Hoàn Kiếm,VN,Asia/Ho_Chi_Minh,73,2141.3,38,10.4,26.7,,11.3,100,0.25,1016,87,19.2,1.1,2.02,37
2025-10-24T09:00:00,10/24/2025 16:00,Hoàn Kiếm,VN,Asia/Ho_Chi_Minh,77,1892,37.7,11.8,32.3,,10,100,0.5,1016,84,19.6,0.8,1.69,32.67
2025-10-24T10:00:00,10/24/2025 17:00,Hoàn Kiếm,VN,Asia/Ho_Chi_Minh,91,1990.2,36.8,11.7,38.8,,10.3,88,0.5,1016,85,19.4,0.6,1.71,36
2025-10-24T11:00:00,10/24/2025 18:00,Hoàn Kiếm,VN,Asia/Ho_Chi_Minh,89,3349.7,43.3,13.7,37,,10.3,71,0.5,1016,85,19.2,0,1.82,24
2025-10-24T12:00:00,10/24/2025 19:00,Hoàn Kiếm,VN,Asia/Ho_Chi_Minh,100,2186.5,35,11.5,45.3,,11,79,0,1017,86,19.1,0,1.99,22.25
2025-10-24T13:00:00,10/24/2025 20:00,Hoàn Kiếm,VN,Asia/Ho_Chi_Minh,113,1679.5,38,19.4,55.3,,10.7,34,0,1018,87,19.1,0,1.92,23
2025-10-24T14:00:00,10/24/2025 21:00,Hoàn Kiếm,VN,Asia/Ho_Chi_Minh,132,1599.5,34.1,20,64.9,,11.2,78,0,1018,88,19.1,0,1.83,18
2025-10-24T15:00:00,10/24/2025 22:00,Hoàn Kiếm,VN,Asia/Ho_Chi_Minh,149,1306,33.7,24.2,74.7,,11.3,74,0,1017,86,19.5,0,1.77,22.5
2025-10-24T16:00:00,10/24/2025 23:00,Hoàn Kiếm,VN,Asia/Ho_Chi_Minh,92,1051,44.5,4.7,34.5,,14.5,68,0,1017,88,19.5,0,1.77,24.33
2025-10-24T17:00:00,10/25/2025 0:00,Hoàn Kiếm,VN,Asia/Ho_Chi_Minh,131,1080.7,31.9,18.4,58.8,,10.4,70,0,1017,89,19.5,0,1.84,31
2025-10-24T18:00:00,10/25/2025 1:00,Hoàn Kiếm,VN,Asia/Ho_Chi_Minh,147,968,31,15.6,73,,10,72,0,1016,88,19.5,0,1.83,30
2025-10-24T19:00:00,10/25/2025 2:00,Hoàn Kiếm,VN,Asia/Ho_Chi_Minh,144,920.5,28.7,39.2,71.7,,10.3,77,0,1016,87,19.5,0,1.8,35
2025-10-24T20:00:00,10/25/2025 3:00,Hoàn Kiếm,VN,Asia/Ho_Chi_Minh,149,711,28,19.5,71.7,,11,81,0,1016,86,19.5,0,1.78,40.25
2025-10-24T21:00:00,10/25/2025 4:00,Hoàn Kiếm,VN,Asia/Ho_Chi_Minh,142,1582.7,27.3,17.6,68,,11.7,99,0,1016,86,19.8,0,1.73,47.33
2025-10-24T22:00:00,10/25/2025 5:00,Hoàn Kiếm,VN,Asia/Ho_Chi_Minh,118,1559.6,29,25.5,52.5,,12,100,0,1016,85,19.7,0,1.74,53.5
2025-10-24T23:00:00,10/25/2025 6:00,Hoàn Kiếm,VN,Asia/Ho_Chi_Minh,135,1030.5,30.7,14.8,67.7,,12.7,95,0,1016,84,19.6,1.2,1.68,31.67
2025-10-25T00:00:00,10/25/2025 7:00,Hoàn Kiếm,VN,Asia/Ho_Chi_Minh,133,1513.5,32.3,41.3,66,,12.7,76,0,1017,85,19.7,1,1.68,47
2025-10-25T01:00:00,10/25/2025 8:00,Hoàn Kiếm,VN,Asia/Ho_Chi_Minh,133,2351.7,36,45,65.7,,13,83,0,1018,84,20.4,1.3,1.83,52.75
2025-10-25T02:00:00,10/25/2025 9:00,Hoàn Kiếm,VN,Asia/Ho_Chi_Minh,138,2168,38,9,70.7,,12.3,100,0,1018,80,21.4,1.5,2.27,51.75
2025-10-25T03:00:00,10/25/2025 10:00,Hoàn Kiếm,VN,Asia/Ho_Chi_Minh,132,1160,41,14.8,63,,11.3,100,0,1018,74,22.4,2.1,2.74,53.67
2025-10-25T04:00:00,10/25/2025 11:00,Hoàn Kiếm,VN,Asia/Ho_Chi_Minh,110,1032.8,40.1,17.6,48.8,,11.6,100,0,1018,70,23.1,2.5,2.99,51
2025-10-25T05:00:00,10/25/2025 12:00,Hoàn Kiếm,VN,Asia/Ho_Chi_Minh,111,1025.5,46,11.8,52.7,,11.7,100,0,1016,68,23.9,2.6,3.2,42
2025-10-25T06:00:00,10/25/2025 13:00,Hoàn Kiếm,VN,Asia/Ho_Chi_Minh,109,778.5,38.3,23.1,51.7,,12,73,0,1016,69,24.3,3.6,3.13,48.25
2025-10-25T07:00:00,10/25/2025 14:00,Hoàn Kiếm,VN,Asia/Ho_Chi_Minh,112,1861,43.7,14.7,54.3,,11.7,59,0,1014,68,24.6,3.3,2.97,47.5
2025-10-25T08:00:00,10/25/2025 15:00,Hoàn Kiếm,VN,Asia/Ho_Chi_Minh,123,1520,66.3,23.5,58.7,,12,90,0,1014,70,24.4,1.4,2.67,47.5
2025-10-25T09:00:00,10/25/2025 16:00,Hoàn Kiếm,VN,Asia/Ho_Chi_Minh,144,2459.7,61,39.8,69,,11.7,100,0,1014,66,25,0.8,2.19,49.5
2025-10-25T10:00:00,10/25/2025 17:00,Hoàn Kiếm,VN,Asia/Ho_Chi_Minh,145,2145.1,55.5,38.8,65,,8.4,57,0,1014,71,24.2,1.2,1.42,47.33
2025-10-25T11:00:00,10/25/2025 18:00,Hoàn Kiếm,VN,Asia/Ho_Chi_Minh,127,2322,57.7,20.7,57,,12,0,0,1014,76,23,0,1.22,39
2025-10-25T12:00:00,10/25/2025 19:00,Hoàn Kiếm,VN,Asia/Ho_Chi_Minh,158,1516,44.5,36.9,82.5,,2,0,0.5,1015,80,22.2,0,1.31,39.5
2025-10-25T13:00:00,10/25/2025 20:00,Hoàn Kiếm,VN,Asia/Ho_Chi_Minh,169,1442,79.8,36.6,110.5,,18,0,0.5,1016,83,21.8,0,1.41,38.75
2025-10-25T14:00:00,10/25/2025 21:00,Hoàn Kiếm,VN,Asia/Ho_Chi_Minh,160,1393.5,44.7,31.8,83.3,,11.3,0,0.5,1016,84,21.5,0,1.52,40
2025-10-25T15:00:00,10/25/2025 22:00,Hoàn Kiếm,VN,Asia/Ho_Chi_Minh,164,1109,100,13,162,,37,0,0,1016,86,21.4,0,1.51,44
2025-10-25T16:00:00,10/25/2025 23:00,Hoàn Kiếm,VN,Asia/Ho_Chi_Minh,166,1080.5,38,4.8,86.3,,10.7,0,0,1016,84,21.3,0,1.61,51.75
2025-10-25T17:00:00,10/26/2025 0:00,Hoàn Kiếm,VN,Asia/Ho_Chi_Minh,176,1109.4,77,23.8,93.8,,23.2,0,0.5,1016,82,21.1,0,1.66,52
2025-10-25T18:00:00,10/26/2025 1:00,Hoàn Kiếm,VN,Asia/Ho_Chi_Minh,161,1109.7,65.5,29.2,96,,16.3,0,0.5,1016,80,20.9,0,1.7,45.25
2025-10-25T19:00:00,10/26/2025 2:00,Hoàn Kiếm,VN,Asia/Ho_Chi_Minh,156,1427.3,59.7,4.8,89,,22.7,0,0.5,1015,79,20.6,0,1.75,61.33
2025-10-25T20:00:00,10/26/2025 3:00,Hoàn Kiếm,VN,Asia/Ho_Chi_Minh,161,867.5,30.7,31.1,85.3,,10.7,54,0,1015,79,20.3,0,1.84,69.6
2025-10-25T21:00:00,10/26/2025 4:00,Hoàn Kiếm,VN,Asia/Ho_Chi_Minh,156,1003.3,70.3,16.6,87.8,,21.8,0,0,1014,82,20.6,0,1.94,62.67
2025-10-25T22:00:00,10/26/2025 5:00,Hoàn Kiếm,VN,Asia/Ho_Chi_Minh,155,1210,170,4.3,98,,32,0,0,1015,83,20.4,0,2.02,66
2025-10-25T23:00:00,10/26/2025 6:00,Hoàn Kiếm,VN,Asia/Ho_Chi_Minh,159,1109.5,33,24.5,80.7,,11,66,0,1016,83,20.4,0,2.05,67.25
2025-10-26T00:00:00,10/26/2025 7:00,Hoàn Kiếm,VN,Asia/Ho_Chi_Minh,156,1435.5,35.3,49.2,75.7,,11.3,69,0,1016,83,20.9,1.2,2.06,75
2025-10-26T01:00:00,10/26/2025 8:00,Hoàn Kiếm,VN,Asia/Ho_Chi_Minh,144,1688,34.3,7.5,69.3,,11.7,69,0,1018,80,22.1,1.6,2.35,63.6
2025-10-26T02:00:00,10/26/2025 9:00,Hoàn Kiếm,VN,Asia/Ho_Chi_Minh,128,723,33,27.2,61,,11,68,0,1018,74,23.4,2.5,2.77,59.6
2025-10-26T03:00:00,10/26/2025 10:00,Hoàn Kiếm,VN,Asia/Ho_Chi_Minh,116,831,31,21.6,54.3,,11.3,82,0,1018,69,24.4,2.9,3.16,64
2025-10-26T04:00:00,10/26/2025 11:00,Hoàn Kiếm,VN,Asia/Ho_Chi_Minh,121,745.7,30.3,24.8,53.8,,11.4,65,0,1017,67,25.7,4.4,3.34,59.6
2025-10-26T05:00:00,10/26/2025 12:00,Hoàn Kiếm,VN,Asia/Ho_Chi_Minh,98,1265.7,30.7,29.8,43.3,,10.7,0,0,1016,66,26.5,8.3,3.12,59
2025-10-26T06:00:00,10/26/2025 13:00,Hoàn Kiếm,VN,Asia/Ho_Chi_Minh,97,575,29,31.4,44,,11.7,0,0,1015,63,27,7.3,3.02,62.5
2025-10-26T07:00:00,10/26/2025 14:00,Hoàn Kiếm,VN,Asia/Ho_Chi_Minh,95,1468.7,40.3,86.9,42,,11,0,0,1014,64,27.3,5.5,2.84,59.75
2025-10-26T08:00:00,10/26/2025 15:00,Hoàn Kiếm,VN,Asia/Ho_Chi_Minh,91,1236,28,32,41,,11.7,64,0,1014,63,27.3,2,2.41,51.75
2025-10-26T09:00:00,10/26/2025 16:00,Hoàn Kiếm,VN,Asia/Ho_Chi_Minh,102,113.8,7,117,45,,105,100,0,1013,61,27.2,0.8,2.19,45.67
2025-10-26T10:00:00,10/26/2025 17:00,Hoàn Kiếm,VN,Asia/Ho_Chi_Minh,95,1952.3,46.3,43,41,,11.7,91,0,1014,67,26.2,0.8,1.42,41.5
2025-10-26T11:00:00,10/26/2025 18:00,Hoàn Kiếm,VN,Asia/Ho_Chi_Minh,110,1526,47,5.8,50,,10.7,63,0,1014,72,24.9,0,1.54,43
2025-10-26T12:00:00,10/26/2025 19:00,Hoàn Kiếm,VN,Asia/Ho_Chi_Minh,154,1633,47.7,50.4,71.7,,12,54,0,1015,73,24.3,0,1.92,34
2025-10-26T13:00:00,10/26/2025 20:00,Hoàn Kiếm,VN,Asia/Ho_Chi_Minh,158,1638.7,40.3,34.8,75.7,,11,58,0,1016,74,23.8,0,2.05,33.75
2025-10-26T14:00:00,10/26/2025 21:00,Hoàn Kiếm,VN,Asia/Ho_Chi_Minh,139,1250.7,28,19.1,66,,11,53,0.5,1016,75,23.2,0,1.85,32.75
2025-10-26T15:00:00,10/26/2025 22:00,Hoàn Kiếm,VN,Asia/Ho_Chi_Minh,135,1234,31.3,18.7,60.3,,10.3,51,0.5,1016,73,23.2,0,1.93,31
2025-10-26T16:00:00,10/26/2025 23:00,Hoàn Kiếm,VN,Asia/Ho_Chi_Minh,114,1142,24.7,31.8,50.3,,10.7,0,0.5,1016,74,22.7,0,1.9,36
2025-10-26T17:00:00,10/27/2025 0:00,Hoàn Kiếm,VN,Asia/Ho_Chi_Minh,110,10,16.4,3.1,48.8,,57.4,56,0,1016,75,22.3,0,1.98,33
2025-10-26T18:00:00,10/27/2025 1:00,Hoàn Kiếm,VN,Asia/Ho_Chi_Minh,91,10,9,4,38.8,,81,62,0.25,1016,76,21.9,0,2.02,39
2025-10-26T19:00:00,10/27/2025 2:00,Hoàn Kiếm,VN,Asia/Ho_Chi_Minh,74,535,20.7,52.2,25,,10.7,51,0,1016,77,21.6,0,2.09,58.75
2025-10-26T20:00:00,10/27/2025 3:00,Hoàn Kiếm,VN,Asia/Ho_Chi_Minh,72,666.5,21.3,17.9,30,,11,0,0,1016,78,21.2,0,2.16,61.25
2025-10-26T21:00:00,10/27/2025 4:00,Hoàn Kiếm,VN,Asia/Ho_Chi_Minh,90,751,33,54,35,,14.5,0,0,1016,78,21.5,0,2.46,49.67
2025-10-26T22:00:00,10/27/2025 5:00,Hoàn Kiếm,VN,Asia/Ho_Chi_Minh,96,1200.4,23,6,35,,3,0,0,1016,79,21.1,0,2.38,48.5
2025-10-26T23:00:00,10/27/2025 6:00,Hoàn Kiếm,VN,Asia/Ho_Chi_Minh,98,1119,37,78.4,45,,16.5,50,0,1016,79,20.9,0,2.34,40.75
2025-10-27T00:00:00,10/27/2025 7:00,Hoàn Kiếm,VN,Asia/Ho_Chi_Minh,107,2099.3,37,44.3,52.7,,11.7,54,0,1018,80,21.1,1.4,2.34,39
2025-10-27T01:00:00,10/27/2025 8:00,Hoàn Kiếm,VN,Asia/Ho_Chi_Minh,102,1965.3,31.7,12.9,51.3,,11.3,55,0,1018,76,22.1,1.9,2.71,31
2025-10-27T02:00:00,10/27/2025 9:00,Hoàn Kiếm,VN,Asia/Ho_Chi_Minh,103,1886.7,31.7,17.7,48.3,,10.7,100,0.5,1019,70,23.2,1.5,2.93,23
2025-10-27T03:00:00,10/27/2025 10:00,Hoàn Kiếm,VN,Asia/Ho_Chi_Minh,85,118.5,7,67,35,,81,100,0,1018,65,24.7,2.1,3.24,22.33
2025-10-27T04:00:00,10/27/2025 11:00,Hoàn Kiếm,VN,Asia/Ho_Chi_Minh,87,1595.3,38.7,23,40.3,,11.7,79,0,1018,61,25.9,3.6,3.16,30.33
2025-10-27T05:00:00,10/27/2025 12:00,Hoàn Kiếm,VN,Asia/Ho_Chi_Minh,80,10,27.4,8,32.5,,34.3,61,0.25,1016,59,26.9,4.8,2.94,33.5
2025-10-27T06:00:00,10/27/2025 13:00,Hoàn Kiếm,VN,Asia/Ho_Chi_Minh,78,1532,37.7,26.4,33,,11,38,0,1016,58,27.4,5.3,2.9,34.33
2025-10-27T07:00:00,10/27/2025 14:00,Hoàn Kiếm,VN,Asia/Ho_Chi_Minh,76,1279,31.3,70.9,32.3,,12,21,0.25,1014,58,27.6,4.6,2.74,38
2025-10-27T08:00:00,10/27/2025 15:00,Hoàn Kiếm,VN,Asia/Ho_Chi_Minh,80,970,40,21.4,34.7,,12,24,0,1014,57,27.6,3,2.42,36
2025-10-27T09:00:00,10/27/2025 16:00,Hoàn Kiếm,VN,Asia/Ho_Chi_Minh,78,106.8,6,106,31.3,,97,89,0,1014,58,27.5,0.9,2.01,36.33
2025-10-27T10:00:00,10/27/2025 17:00,Hoàn Kiếm,VN,Asia/Ho_Chi_Minh,83,2007.3,49.7,15.5,37.3,,11.7,86,0,1014,64,26.6,0.8,1.07,28
2025-10-27T11:00:00,10/27/2025 18:00,Hoàn Kiếm,VN,Asia/Ho_Chi_Minh,98,1760,41.3,45.6,42.5,,40.3,0,0,1014,68,25.3,0,1.22,29.25
2025-10-27T12:00:00,10/27/2025 19:00,Hoàn Kiếm,VN,Asia/Ho_Chi_Minh,113,2586.7,59,15.4,53,,12,0,0,1015,70,24.4,0,1.84,26
2025-10-27T13:00:00,10/27/2025 20:00,Hoàn Kiếm,VN,Asia/Ho_Chi_Minh,135,2385.7,54.3,46.5,64.7,,12,59,0,1016,69,23.9,0,2.21,24.75
2025-10-27T14:00:00,10/27/2025 21:00,Hoàn Kiếm,VN,Asia/Ho_Chi_Minh,129,2728,38,14.2,57,,3,72,0,1016,69,23.5,0,1.96,24
2025-10-27T15:00:00,10/27/2025 22:00,Hoàn Kiếm,VN,Asia/Ho_Chi_Minh,153,1239,53,12.4,80.5,,17.5,78,0,1016,69,23.4,0,1.92,25.75
2025-10-27T16:00:00,10/27/2025 23:00,Hoàn Kiếm,VN,Asia/Ho_Chi_Minh,157,1599.3,42.3,29.5,74.3,,11,73,0,1016,70,23,0,1.85,25
2025-10-27T17:00:00,10/28/2025 0:00,Hoàn Kiếm,VN,Asia/Ho_Chi_Minh,197,1263.7,40.3,26.5,113.8,,13.2,58,0,1016,72,22.6,0,1.73,27.5
2025-10-27T18:00:00,10/28/2025 1:00,Hoàn Kiếm,VN,Asia/Ho_Chi_Minh,158,1276,34,33.5,67.3,,11,75,0,1016,74,22.2,0,1.63,34
2025-10-27T19:00:00,10/28/2025 2:00,Hoàn Kiếm,VN,Asia/Ho_Chi_Minh,161,1258,34.3,48,84.7,,10.7,85,0,1016,75,22,0,1.65,40.25
2025-10-27T20:00:00,10/28/2025 3:00,Hoàn Kiếm,VN,Asia/Ho_Chi_Minh,221,1446.4,32.4,33.9,136.3,,11,80,0,1015,76,21.8,0,1.72,48.33
2025-10-27T21:00:00,10/28/2025 4:00,Hoàn Kiếm,VN,Asia/Ho_Chi_Minh,167,1531.7,31.7,34.1,87.7,,11,59,0,1016,77,21.6,0,1.78,46
2025-10-27T22:00:00,10/28/2025 5:00,Hoàn Kiếm,VN,Asia/Ho_Chi_Minh,150,1398,36.5,11.1,77,,18,71,0,1016,77,21.6,0,1.74,57.67
2025-10-27T23:00:00,10/28/2025 6:00,Hoàn Kiếm,VN,Asia/Ho_Chi_Minh,133,1865.7,30.3,12.3,65.3,,12.3,72,0,1017,77,21.4,0,1.81,60.5
2025-10-28T00:00:00,10/28/2025 7:00,Hoàn Kiếm,VN,Asia/Ho_Chi_Minh,136,2742,40.7,14.2,68.3,,14.7,66,0,1017,79,21.5,1.2,2.02,91
2025-10-28T01:00:00,10/28/2025 8:00,Hoàn Kiếm,VN,Asia/Ho_Chi_Minh,136,1839.7,35.3,23.6,65,,13.3,67,0,1018,75,22.7,1.6,2.47,61.5
2025-10-28T02:00:00,10/28/2025 9:00,Hoàn Kiếm,VN,Asia/Ho_Chi_Minh,115,907,146,19.5,86,,79,99,0,1018,67,23.9,1.5,2.69,63.67
2025-10-28T03:00:00,10/28/2025 10:00,Hoàn Kiếm,VN,Asia/Ho_Chi_Minh,105,1451,67,21.6,58.7,,24.7,100,0,1018,63,24.6,2,2.89,109
2025-10-28T04:00:00,10/28/2025 11:00,Hoàn Kiếm,VN,Asia/Ho_Chi_Minh,95,1448.3,35.3,26.1,43.3,,10.7,83,0.25,1018,60,25,3.4,2.81,68.25
2025-10-28T05:00:00,10/28/2025 12:00,Hoàn Kiếm,VN,Asia/Ho_Chi_Minh,93,1758,43.7,26.6,43,,11.7,22,0.5,1016,58,26,6.9,2.67,55.67
2025-10-28T06:00:00,10/28/2025 13:00,Hoàn Kiếm,VN,Asia/Ho_Chi_Minh,74,1323.7,27,36.6,27,,11.3,53,0.25,1015,57,26.6,4.5,2.62,47.75
2025-10-28T07:00:00,10/28/2025 14:00,Hoàn Kiếm,VN,Asia/Ho_Chi_Minh,67,1559.7,30.7,57,26,,12,61,0,1014,57,26.6,3.1,2.35,48.75
2025-10-28T08:00:00,10/28/2025 15:00,Hoàn Kiếm,VN,Asia/Ho_Chi_Minh,98,1573.2,28.8,30.3,42.5,,12,60,0,1014,57,26.6,2.1,2.08,48.67
2025-10-28T09:00:00,10/28/2025 16:00,Hoàn Kiếm,VN,Asia/Ho_Chi_Minh,76,1698,29.7,27.1,25.7,,12.3,0,0,1013,53,27.6,2.4,1.56,41
2025-10-28T10:00:00,10/28/2025 17:00,Hoàn Kiếm,VN,Asia/Ho_Chi_Minh,78,1801.7,38.3,28,27,,11.7,53,0,1014,59,26.6,1.3,0.79,37.33
2025-10-28T11:00:00,10/28/2025 18:00,Hoàn Kiếm,VN,Asia/Ho_Chi_Minh,90,2670.3,50.3,22.1,35,,12,70,0,1014,63,25.7,0,0.69,32.75
2025-10-28T12:00:00,10/28/2025 19:00,Hoàn Kiếm,VN,Asia/Ho_Chi_Minh,93,206,25,52,35,,118,73,0,1015,67,25.2,0,0.4,32
2025-10-28T13:00:00,10/28/2025 20:00,Hoàn Kiếm,VN,Asia/Ho_Chi_Minh,83,1891,48.3,52.7,36.3,,12.7,74,0,1016,67,24.8,0,0.83,23
2025-10-28T14:00:00,10/28/2025 21:00,Hoàn Kiếm,VN,Asia/Ho_Chi_Minh,150,1310.3,36,32,67.5,,41.3,74,0,1016,75,23.4,0,1.22,19.67
2025-10-28T15:00:00,10/28/2025 22:00,Hoàn Kiếm,VN,Asia/Ho_Chi_Minh,162,1862.5,41.5,21.9,73.5,,3,73,0,1016,81,22.7,0,1.14,34
2025-10-28T16:00:00,10/28/2025 23:00,Hoàn Kiếm,VN,Asia/Ho_Chi_Minh,161,987,48.3,28.4,75.7,,12,53,0,1016,80,22.5,0,1.04,24.25
2025-10-28T17:00:00,10/29/2025 0:00,Hoàn Kiếm,VN,Asia/Ho_Chi_Minh,184,1542.4,40.5,36.5,101.3,,8.6,0,0,1016,81,22.2,0,0.67,24.75
2025-10-28T18:00:00,10/29/2025 1:00,Hoàn Kiếm,VN,Asia/Ho_Chi_Minh,159,1382.3,40,43.8,81.7,,11.3,64,0,1015,82,22,0,0.09,30.5
2025-10-28T19:00:00,10/29/2025 2:00,Hoàn Kiếm,VN,Asia/Ho_Chi_Minh,158,1473.3,41.7,17.5,82.3,,11,0,0,1014,83,21.6,0,0.98,32
2025-10-28T20:00:00,10/29/2025 3:00,Hoàn Kiếm,VN,Asia/Ho_Chi_Minh,152,1310,116,13,88,,26,0,0,1014,83,21.4,0,1.23,27.33
2025-10-28T21:00:00,10/29/2025 4:00,Hoàn Kiếm,VN,Asia/Ho_Chi_Minh,163,1473,62.3,10.4,92.5,,15.5,0,0,1014,86,21,0,0.95,54
2025-10-28T22:00:00,10/29/2025 5:00,Hoàn Kiếm,VN,Asia/Ho_Chi_Minh,163,1561.7,50.5,6.9,95,,24,0,0,1014,87,20.8,0,0.93,64.33
2025-10-28T23:00:00,10/29/2025 6:00,Hoàn Kiếm,VN,Asia/Ho_Chi_Minh,176,2285.7,48.3,33.1,103,,14.3,0,0,1015,86,20.8,0,1.03,63.75
2025-10-29T00:00:00,10/29/2025 7:00,Hoàn Kiếm,VN,Asia/Ho_Chi_Minh,179,2692,41.3,45.5,105.7,,13.7,0,0,1016,81,21.6,2.2,1.08,81
2025-10-29T01:00:00,10/29/2025 8:00,Hoàn Kiếm,VN,Asia/Ho_Chi_Minh,172,2659.5,43,15,96.3,,13,63,0,1016,73,23.1,1.7,1.5,62.5
2025-10-29T02:00:00,10/29/2025 9:00,Hoàn Kiếm,VN,Asia/Ho_Chi_Minh,171,2315.7,42.4,33.5,88.8,,13,100,0,1016,68,24.2,1.5,1.78,61.67
2025-10-29T03:00:00,10/29/2025 10:00,Hoàn Kiếm,VN,Asia/Ho_Chi_Minh,151,2127.5,43,27.5,78,,12.7,100,0,1016,63,25.3,2,2.08,54.5
2025-10-29T04:00:00,10/29/2025 11:00,Hoàn Kiếm,VN,Asia/Ho_Chi_Minh,134,1700,44,34.7,65,,12,100,0,1016,60,26.4,2.4,1.88,65
2025-10-29T05:00:00,10/29/2025 12:00,Hoàn Kiếm,VN,Asia/Ho_Chi_Minh,114,1557.3,37,17.9,54.7,,12.3,100,0,1014,58,27.1,2.5,1.69,65.4
2025-10-29T06:00:00,10/29/2025 13:00,Hoàn Kiếm,VN,Asia/Ho_Chi_Minh,102,1062.5,37,30.2,47.7,,11.7,39,0,1014,56,27.6,5.2,1.32,75.25
2025-10-29T07:00:00,10/29/2025 14:00,Hoàn Kiếm,VN,Asia/Ho_Chi_Minh,92,1461.3,40.7,22.4,41.7,,11.7,23,0,1012,55,27.8,4.5,0.83,77.25
2025-10-29T08:00:00,10/29/2025 15:00,Hoàn Kiếm,VN,Asia/Ho_Chi_Minh,100,1932,13,43.4,44,,2,76,0,1012,56,27.6,1.7,0.57,72
2025-10-29T09:00:00,10/29/2025 16:00,Hoàn Kiếm,VN,Asia/Ho_Chi_Minh,97,1128,45.5,27.2,42,,17,0,0,1012,58,26.8,2.4,0.9,71
2025-10-29T10:00:00,10/29/2025 17:00,Hoàn Kiếm,VN,Asia/Ho_Chi_Minh,99,2399,47,28.1,43.3,,12,85,0,1012,66,25.9,0.8,0.61,56.25
2025-10-29T11:00:00,10/29/2025 18:00,Hoàn Kiếm,VN,Asia/Ho_Chi_Minh,122,2874.7,56,34.9,54,,12.7,73,0,1014,69,25.3,0,0.52,48
2025-10-29T12:00:00,10/29/2025 19:00,Hoàn Kiếm,VN,Asia/Ho_Chi_Minh,150,2036.3,56.3,55.4,68,,12,72,0,1014,70,24.9,0,0.6,40.5
2025-10-29T13:00:00,10/29/2025 20:00,Hoàn Kiếm,VN,Asia/Ho_Chi_Minh,169,1828,50.3,60.2,93.7,,11.3,77,0,1014,71,24.5,0,0.58,36
2025-10-29T14:00:00,10/29/2025 21:00,Hoàn Kiếm,VN,Asia/Ho_Chi_Minh,176,1875,49.3,17.6,102.3,,12.3,86,0,1014,72,24.4,0,0.34,31.33
2025-10-29T15:00:00,10/29/2025 22:00,Hoàn Kiếm,VN,Asia/Ho_Chi_Minh,154,1512,84.5,13.6,110.5,,13.5,85,0,1014,75,24.1,0,0.42,35.5
2025-10-29T16:00:00,10/29/2025 23:00,Hoàn Kiếm,VN,Asia/Ho_Chi_Minh,173,1576.7,77,27.4,117,,27.7,79,0,1014,76,24,0,0.4,33.67
2025-10-29T17:00:00,10/30/2025 0:00,Hoàn Kiếm,VN,Asia/Ho_Chi_Minh,167,1464.3,49,29.3,82.3,,11.7,83,0,1014,77,23.8,0,0.32,34.5
2025-10-29T18:00:00,10/30/2025 1:00,Hoàn Kiếm,VN,Asia/Ho_Chi_Minh,179,749.5,43.3,58,92,,11.3,66,0,1014,77,23.7,0,0.43,43.5
2025-10-29T19:00:00,10/30/2025 2:00,Hoàn Kiếm,VN,Asia/Ho_Chi_Minh,171,1521.5,38,54.9,95.3,,11,82,0,1013,78,23.4,0,0.73,55.75
2025-10-29T20:00:00,10/30/2025 3:00,Hoàn Kiếm,VN,Asia/Ho_Chi_Minh,172,1294,29.7,16.4,89,,10.7,100,0,1013,77,23.3,0,1.07,70
2025-10-29T21:00:00,10/30/2025 4:00,Hoàn Kiếm,VN,Asia/Ho_Chi_Minh,142,882,30,22,51,,27,100,0,1013,82,23.1,0,1.56,75.25
2025-10-29T22:00:00,10/30/2025 5:00,Hoàn Kiếm,VN,Asia/Ho_Chi_Minh,153,1887.5,32.3,21,68.3,,10.7,100,0,1014,82,23.2,0,1.24,58.67
2025-10-29T23:00:00,10/30/2025 6:00,Hoàn Kiếm,VN,Asia/Ho_Chi_Minh,154,2364,38.7,29.9,77.7,,10.3,100,0,1014,82,23.2,0,1.23,73
2025-10-30T00:00:00,10/30/2025 7:00,Hoàn Kiếm,VN,Asia/Ho_Chi_Minh,179,152.9,12,48,96.3,,69,100,0,1014,83,23.2,0.7,1.36,68.5
2025-10-30T01:00:00,10/30/2025 8:00,Hoàn Kiếm,VN,Asia/Ho_Chi_Minh,156,2453,41,54.2,72.7,,10.3,88,0,1016,83,23.5,1.2,1.53,77.25
2025-10-30T02:00:00,10/30/2025 9:00,Hoàn Kiếm,VN,Asia/Ho_Chi_Minh,135,1985,41.3,21.1,57.7,,11,100,0,1016,84,23.7,1.4,1.16,71.33
2025-10-30T03:00:00,10/30/2025 10:00,Hoàn Kiếm,VN,Asia/Ho_Chi_Minh,113,824,49.5,54.8,48.5,,15.5,100,0,1015,89,23.7,2,1.61,72
2025-10-30T04:00:00,10/30/2025 11:00,Hoàn Kiếm,VN,Asia/Ho_Chi_Minh,96,1925,48.7,24.2,38.3,,11,100,0,1015,90,23.7,2.4,1.41,51
2025-10-30T05:00:00,10/30/2025 12:00,Hoàn Kiếm,VN,Asia/Ho_Chi_Minh,80,1844,40,57.5,34.3,,10.7,100,0,1014,91,23.6,2.5,1.51,57.75
2025-10-30T06:00:00,10/30/2025 13:00,Hoàn Kiếm,VN,Asia/Ho_Chi_Minh,118,116.1,9,80,52.5,,96,100,0,1014,92,23.5,2.2,1.53,58.33
2025-10-30T07:00:00,10/30/2025 14:00,Hoàn Kiếm,VN,Asia/Ho_Chi_Minh,83,2284.5,41,51.3,30,,10.3,100,0,1013,94,23.2,1.6,1.39,77
2025-10-30T08:00:00,10/30/2025 15:00,Hoàn Kiếm,VN,Asia/Ho_Chi_Minh,83,1834.5,39.7,60,29.7,,10,100,0,1013,95,23,1.1,1.7,59.75
2025-10-30T09:00:00,10/30/2025 16:00,Hoàn Kiếm,VN,Asia/Ho_Chi_Minh,85,2597,42.3,34.8,35.3,,11,100,0,1013,94,22.9,0.7,2.18,48.25
2025-10-30T10:00:00,10/30/2025 17:00,Hoàn Kiếm,VN,Asia/Ho_Chi_Minh,89,3135,47.3,34.2,38.7,,11,100,0,1014,93,22.6,0.6,2.39,40.33
2025-10-30T11:00:00,10/30/2025 18:00,Hoàn Kiếm,VN,Asia/Ho_Chi_Minh,90,2755.5,42.7,46.3,40.3,,11,100,0,1014,93,22.3,0,2.18,33.25
2025-10-30T12:00:00,10/30/2025 19:00,Hoàn Kiếm,VN,Asia/Ho_Chi_Minh,92,3505,33.3,3.5,41.3,,10.7,100,0,1014,93,22.1,0,1.96,26
2025-10-30T13:00:00,10/30/2025 20:00,Hoàn Kiếm,VN,Asia/Ho_Chi_Minh,100,2866.3,33,11.4,43.8,,10.6,21,0,1015,93,22.1,0,1.75,42
2025-10-30T14:00:00,10/30/2025 21:00,Hoàn Kiếm,VN,Asia/Ho_Chi_Minh,103,1900,35.3,30.5,48.7,,11,100,0,1015,93,22,0,1.76,27.25
2025-10-30T15:00:00,10/30/2025 22:00,Hoàn Kiếm,VN,Asia/Ho_Chi_Minh,94,1589,32.3,27.1,42.3,,10.3,100,0,1016,94,22.4,0,1.47,27.25
2025-10-30T16:00:00,10/30/2025 23:00,Hoàn Kiếm,VN,Asia/Ho_Chi_Minh,65,1324.5,26,6.8,19.7,,10.7,100,0,1015,93,22.3,0,1.6,28.25
2025-10-30T17:00:00,10/31/2025 0:00,Hoàn Kiếm,VN,Asia/Ho_Chi_Minh,55,1224,23.7,52.4,15.3,,10.3,100,0,1014,93,22.2,0,1.87,30
2025-10-30T18:00:00,10/31/2025 1:00,Hoàn Kiếm,VN,Asia/Ho_Chi_Minh,46,1268,24.3,71.9,14.7,,10,100,0,1014,93,22,0,2.11,30.33
2025-10-30T19:00:00,10/31/2025 2:00,Hoàn Kiếm,VN,Asia/Ho_Chi_Minh,61,1306.5,24.3,44.9,18,,10.3,100,0,1014,94,21.7,0,2.34,31.5
2025-10-30T20:00:00,10/31/2025 3:00,Hoàn Kiếm,VN,Asia/Ho_Chi_Minh,89,1439.3,27.2,27.2,37.5,,10.2,100,0,1014,94,21.6,0,2.26,35
2025-10-30T21:00:00,10/31/2025 4:00,Hoàn Kiếm,VN,Asia/Ho_Chi_Minh,66,1525,28.7,4.8,23,,10.3,100,0,1014,93,21.8,0,2.48,36.5
2025-10-30T22:00:00,10/31/2025 5:00,Hoàn Kiếm,VN,Asia/Ho_Chi_Minh,69,1669,29.7,25.7,26,,10,100,0,1014,93,21.7,0,2.74,32.25
2025-10-30T23:00:00,10/31/2025 6:00,Hoàn Kiếm,VN,Asia/Ho_Chi_Minh,68,2074.5,33.7,48.7,25.7,,9.7,82,0,1015,92,21.6,0,2.65,19
2025-10-31T00:00:00,10/31/2025 7:00,Hoàn Kiếm,VN,Asia/Ho_Chi_Minh,121,151.2,12,49,43,,70,88,0,1016,92,21.6,0.9,2.7,14.25
2025-10-31T01:00:00,10/31/2025 8:00,Hoàn Kiếm,VN,Asia/Ho_Chi_Minh,61,2554.3,52.5,42.4,27,,15.5,85,2.5,1016,93,21.7,1.2,2.48,11
2025-10-31T02:00:00,10/31/2025 9:00,Hoàn Kiếm,VN,Asia/Ho_Chi_Minh,67,2111.5,32.7,31,24.3,,10.7,99,0.25,1017,92,22.1,1.5,2.36,17.25
2025-10-31T03:00:00,10/31/2025 10:00,Hoàn Kiếm,VN,Asia/Ho_Chi_Minh,115,150,9,61,41,,74,100,0,1017,93,21.9,2,2.76,30
10/31/2025 17:00,11/1/2025 0:00,Hoàn Kiếm,VN,Asia/Ho_Chi_Minh,178,454.8,29.3,27.3,222.5,178,119.7,0,0,1009,97,23.7,0,1.2,19.5
10/31/2025 17:00,11/1/2025 0:00,Hoàn Kiếm,VN,Asia/Ho_Chi_Minh,178,1464.7,20.7,18.6,222.5,178,81,0,0,1009,97,23.3,0,1.2,21
10/31/2025 18:00,11/1/2025 1:00,Hoàn Kiếm,VN,Asia/Ho_Chi_Minh,178,433,27,23,222.5,178,103,0,0,1009,98,23,0,1.6,20.25
10/31/2025 19:00,11/1/2025 2:00,Hoàn Kiếm,VN,Asia/Ho_Chi_Minh,181,380.7,22.7,30,226.3,181,89.3,0,0,1010,97,23.3,0,0.66,43
10/31/2025 20:00,11/1/2025 3:00,Hoàn Kiếm,VN,Asia/Ho_Chi_Minh,188,328.4,18.3,37,235,188,75.7,2,0,1011,96,23.7,0,1.33,17.2
10/31/2025 21:00,11/1/2025 4:00,Hoàn Kiếm,VN,Asia/Ho_Chi_Minh,187,276,14,44,233.8,187,62,0,0,1012,95,24,2.2,2,20
10/31/2025 22:00,11/1/2025 5:00,Hoàn Kiếm,VN,Asia/Ho_Chi_Minh,168,248,12,51.7,210,168,60.3,1,0,1012,76,26,3,2,41
10/31/2025 23:00,11/1/2025 6:00,Hoàn Kiếm,VN,Asia/Ho_Chi_Minh,179,220,10,59.3,223.8,179,58.7,2,0,1013,62,28,4.5,2,
11/1/2025 0:00,11/1/2025 7:00,Hoàn Kiếm,VN,Asia/Ho_Chi_Minh,183,192,8,67,228.8,183,57,3,0,1013,50,30,6.3,2,
11/1/2025 1:00,11/1/2025 8:00,Hoàn Kiếm,VN,Asia/Ho_Chi_Minh,176,180.9,7,82.3,220.4,176.33,71,1,0,1012,46,30.6,7.6,2,
11/1/2025 2:00,11/1/2025 9:00,Hoàn Kiếm,VN,Asia/Ho_Chi_Minh,181,169.8,6,97.7,226.3,181,85,5,0,1011,43,31.1,7.6,2,
11/1/2025 3:00,11/1/2025 10:00,Hoàn Kiếm,VN,Asia/Ho_Chi_Minh,163,158.7,5,113,203.8,163,99,0,0,1010,40,31.7,6.9,2,
11/1/2025 4:00,11/1/2025 11:00,Hoàn Kiếm,VN,Asia/Ho_Chi_Minh,85,10,8,4,35,28,14,0,0,1010,38,32,5.2,2,
11/1/2025 5:00,11/1/2025 12:00,Hoàn Kiếm,VN,Asia/Ho_Chi_Minh,115,131.1,3.7,127,51.3,41,86.3,1,0,1010,36,32.3,3.5,2,
11/1/2025 6:00,11/1/2025 13:00,Hoàn Kiếm,VN,Asia/Ho_Chi_Minh,100,117.3,3,134,43.8,35,80,1,0,1009,34,32.6,2.3,2,
11/1/2025 7:00,11/1/2025 14:00,Hoàn Kiếm,VN,Asia/Ho_Chi_Minh,96,113.6,4,128,41.7,33.33,77.3,0,0,1010,42,30.6,2,2,
11/1/2025 8:00,11/1/2025 15:00,Hoàn Kiếm,VN,Asia/Ho_Chi_Minh,91,109.9,5,122,38.8,31,74.7,0,0,1010,51,28.5,0,2,
11/1/2025 9:00,11/1/2025 16:00,Hoàn Kiếm,VN,Asia/Ho_Chi_Minh,89,106.2,6,116,37.5,30,72,1,0,1011,63,26.5,0,2,
11/1/2025 10:00,11/1/2025 17:00,Hoàn Kiếm,VN,Asia/Ho_Chi_Minh,102,10,4,4,45,36,14,2,0,1012,62,26.6,0,2,
11/1/2025 11:00,11/1/2025 18:00,Hoàn Kiếm,VN,Asia/Ho_Chi_Minh,134,10,4,4,60,48,14,25,0,1014,61,26.6,0,2,
11/1/2025 12:00,11/1/2025 19:00,Hoàn Kiếm,VN,Asia/Ho_Chi_Minh,189,134.8,9,86,106.3,85,72,4,0,1015,60,26.7,0,2,
11/1/2025 13:00,11/1/2025 20:00,Hoàn Kiếm,VN,Asia/Ho_Chi_Minh,193,132.5,8.7,84.3,109.6,87.67,71.7,32,0,1015,69,25.5,0,2,
11/1/2025 14:00,11/1/2025 21:00,Hoàn Kiếm,VN,Asia/Ho_Chi_Minh,224,10,8,4,138.8,111,14,41,0.25,1015,80,24.4,0,2,
11/1/2025 15:00,11/1/2025 22:00,Hoàn Kiếm,VN,Asia/Ho_Chi_Minh,200,127.8,8,81,116.3,93,71,40,1,1015,93,23.2,0,2,
11/1/2025 16:00,11/1/2025 23:00,Hoàn Kiếm,VN,Asia/Ho_Chi_Minh,187,124.1,7.7,77.7,103.8,83,65.7,34,1,1015,94,22.6,0,1.33,
11/1/2025 17:00,11/2/2025 0:00,Hoàn Kiếm,VN,Asia/Ho_Chi_Minh,197,10,8,4,113.8,91,16,37,0.5,1015,95,22.1,0,0.66,
11/1/2025 18:00,11/2/2025 1:00,Hoàn Kiếm,VN,Asia/Ho_Chi_Minh,82,116.7,7,71,41,27,55,15,0,1015,95,21.5,0,2,
11/1/2025 19:00,11/2/2025 2:00,Hoàn Kiếm,VN,Asia/Ho_Chi_Minh,224,116.1,6.7,69.7,138.8,111,52.7,1,0,1015,96,21.2,0,0.66,
11/1/2025 20:00,11/2/2025 3:00,Hoàn Kiếm,VN,Asia/Ho_Chi_Minh,229,115.6,6.3,68.3,143.8,115,50.3,0,0,1016,96,20.8,0,1.33,
11/1/2025 21:00,11/2/2025 4:00,Hoàn Kiếm,VN,Asia/Ho_Chi_Minh,227,115,6,67,141.3,113,48,0,0,1017,96,20.5,2.2,2,
11/1/2025 22:00,11/2/2025 5:00,Hoàn Kiếm,VN,Asia/Ho_Chi_Minh,184,10,8,4,101.3,81,14,1,0,1017,70,23.2,3,2.66,
11/1/2025 23:00,11/2/2025 6:00,Hoàn Kiếm,VN,Asia/Ho_Chi_Minh,200,10,8,4,116.3,93,14,0,0,1017,51,26,4.5,3.33,
11/2/2025 0:00,11/2/2025 7:00,Hoàn Kiếm,VN,Asia/Ho_Chi_Minh,76,124.3,5,105,35,24,91,0,0,1018,37,28.7,6.3,4,
11/2/2025 1:00,11/2/2025 8:00,Hoàn Kiếm,VN,Asia/Ho_Chi_Minh,195,10,4,4,111.3,89,16,0,0,1017,36,29,7.6,3.33,
11/2/2025 2:00,11/2/2025 9:00,Hoàn Kiếm,VN,Asia/Ho_Chi_Minh,195,10,4,4,111.3,89,14,0,0,1016,35,29.4,7.8,2.66,
11/2/2025 3:00,11/2/2025 10:00,Hoàn Kiếm,VN,Asia/Ho_Chi_Minh,102,10,8,4,45,36,14,0,0,1015,35,29.7,6.9,2,
11/2/2025 4:00,11/2/2025 11:00,Hoàn Kiếm,VN,Asia/Ho_Chi_Minh,123,403,15,9.7,92,44,26,0,0,1015,34,29.9,5.2,1.66,
11/2/2025 5:00,11/2/2025 12:00,Hoàn Kiếm,VN,Asia/Ho_Chi_Minh,102,79.6,4.7,89.3,45,36,61.3,0,0,1014,34,30,3.5,1.33,
11/2/2025 6:00,11/2/2025 13:00,Hoàn Kiếm,VN,Asia/Ho_Chi_Minh,80,114.4,3,132,40,26,85,25,0,1014,34,30.2,2.4,1,
11/2/2025 7:00,11/2/2025 14:00,Hoàn Kiếm,VN,Asia/Ho_Chi_Minh,95,115.9,4,127.7,41.3,33,84.7,0,0,1014,39,28.5,2,1,
11/2/2025 8:00,11/2/2025 15:00,Hoàn Kiếm,VN,Asia/Ho_Chi_Minh,93,117.5,5,123.3,40,32,84.3,0,0,1015,45,26.7,0,1,
11/2/2025 9:00,11/2/2025 16:00,Hoàn Kiếm,VN,Asia/Ho_Chi_Minh,98,119.1,6,119,42.5,34,84,0,0,1015,51,25,0,1,
11/2/2025 10:00,11/2/2025 17:00,Hoàn Kiếm,VN,Asia/Ho_Chi_Minh,98,149.6,9.7,100.3,42.5,34,84.7,1,0,1016,58,24.5,0,1,
11/2/2025 11:00,11/2/2025 18:00,Hoàn Kiếm,VN,Asia/Ho_Chi_Minh,165,180.1,13.3,81.7,83.8,67,85.3,1,0,1016,65,24.1,0,1,
11/2/2025 12:00,11/2/2025 19:00,Hoàn Kiếm,VN,Asia/Ho_Chi_Minh,153,210.7,17,63,84,58,86,3,0,1017,74,23.6,0,1,
11/2/2025 13:00,11/2/2025 20:00,Hoàn Kiếm,VN,Asia/Ho_Chi_Minh,213,20,8,4,128.8,103,14,7,0,1017,76,23.3,0,0.66,
11/2/2025 14:00,11/2/2025 21:00,Hoàn Kiếm,VN,Asia/Ho_Chi_Minh,248,10,4,4,161.3,129,14,17,0,1017,78,22.9,0,0.33,
11/2/2025 15:00,11/2/2025 22:00,Hoàn Kiếm,VN,Asia/Ho_Chi_Minh,181,10,4,4,98.8,79,14,75,0,1017,80,22.6,0,0.8,
11/2/2025 16:00,11/2/2025 23:00,Hoàn Kiếm,VN,Asia/Ho_Chi_Minh,181,10,4,4,98.8,79,14,58,0,1017,83,22.1,0,0.33,
11/2/2025 17:00,11/3/2025 0:00,Hoàn Kiếm,VN,Asia/Ho_Chi_Minh,181,136.8,10.7,33.3,98.8,79,47.3,41,0,1016,86,21.5,0,0.66,
11/2/2025 18:00,11/3/2025 1:00,Hoàn Kiếm,VN,Asia/Ho_Chi_Minh,91,200.2,14,48,49,31,64,25,0,1016,88,21,0,1,
11/2/2025 19:00,11/3/2025 2:00,Hoàn Kiếm,VN,Asia/Ho_Chi_Minh,181,187.5,12.3,50,98.8,79,61.7,25,0,1016,89,21.2,0,0.66,
11/2/2025 20:00,11/3/2025 3:00,Hoàn Kiếm,VN,Asia/Ho_Chi_Minh,176,174.9,10.7,52,93.8,75,59.3,25,0,1017,90,21.4,0,0.33,
11/2/2025 21:00,11/3/2025 4:00,Hoàn Kiếm,VN,Asia/Ho_Chi_Minh,176,162.2,9,54,93.8,75,57,25,0,1017,90,21.6,1,2,
11/2/2025 22:00,11/3/2025 5:00,Hoàn Kiếm,VN,Asia/Ho_Chi_Minh,266,168.9,9,54.7,178.8,143,61,50,0,1017,75,23.1,1,1,
11/2/2025 23:00,11/3/2025 6:00,Hoàn Kiếm,VN,Asia/Ho_Chi_Minh,222,175.5,9,55.3,137.1,109.67,65,75,0,1018,62,24.7,1.4,2,
11/3/2025 0:00,11/3/2025 7:00,Hoàn Kiếm,VN,Asia/Ho_Chi_Minh,245,182.1,9,56,158.8,127,69,100,0,1018,52,26.2,3,3,
11/3/2025 1:00,11/3/2025 8:00,Hoàn Kiếm,VN,Asia/Ho_Chi_Minh,197,173.9,8,74.7,113.8,91,93,100,0,1017,51,26.5,5.2,2.66,
11/3/2025 2:00,11/3/2025 9:00,Hoàn Kiếm,VN,Asia/Ho_Chi_Minh,168,165.7,7,93.3,86.3,69,117,100,0,1016,51,26.7,6.5,2.33,
11/3/2025 3:00,11/3/2025 10:00,Hoàn Kiếm,VN,Asia/Ho_Chi_Minh,168,157.6,6,112,86.3,69,141,100,0,1016,50,27,5.9,2,
11/3/2025 4:00,11/3/2025 11:00,Hoàn Kiếm,VN,Asia/Ho_Chi_Minh,155,10,8,4,73.8,59,14,100,0,1015,51,26.9,3.2,2,
11/3/2025 5:00,11/3/2025 12:00,Hoàn Kiếm,VN,Asia/Ho_Chi_Minh,172,59.2,4.7,40,89.6,71.67,56.3,100,0,1015,52,26.8,1.5,2,
11/3/2025 6:00,11/3/2025 13:00,Hoàn Kiếm,VN,Asia/Ho_Chi_Minh,173,10,4,4,91.3,73,14,100,0,1014,53,26.7,1.5,2,
11/3/2025 7:00,11/3/2025 14:00,Hoàn Kiếm,VN,Asia/Ho_Chi_Minh,173,10,8,4,91.3,73,14,100,0,1014,57,26.1,1.6,2,
11/3/2025 8:00,11/3/2025 15:00,Hoàn Kiếm,VN,Asia/Ho_Chi_Minh,157,10,8,4,76.3,61,14,100,0,1015,61,25.6,0,2,
11/3/2025 9:00,11/3/2025 16:00,Hoàn Kiếm,VN,Asia/Ho_Chi_Minh,157,10,8,4,76.3,61,14,100,0,1015,65,25,0,2,
11/3/2025 10:00,11/3/2025 17:00,Hoàn Kiếm,VN,Asia/Ho_Chi_Minh,175,13.3,8,4,92.9,74.33,14.7,91,0,1016,66,24.8,0,1.66,
11/3/2025 11:00,11/3/2025 18:00,Hoàn Kiếm,VN,Asia/Ho_Chi_Minh,203,10,8,4,118.8,95,14,83,0,1016,67,24.7,0,1.33,
11/3/2025 12:00,11/3/2025 19:00,Hoàn Kiếm,VN,Asia/Ho_Chi_Minh,211,20,8,4,126.3,101,16,75,0,1016,69,24.5,0,1,
11/3/2025 13:00,11/3/2025 20:00,Hoàn Kiếm,VN,Asia/Ho_Chi_Minh,203,1814,15,9.7,136,95,32,83,0,1016,70,24.5,0,1.33,
11/3/2025 14:00,11/3/2025 21:00,Hoàn Kiếm,VN,Asia/Ho_Chi_Minh,240,20,8,4,153.8,123,16,91,0,1016,72,24.5,0,1.66,
11/3/2025 15:00,11/3/2025 22:00,Hoàn Kiếm,VN,Asia/Ho_Chi_Minh,253,10,8,4,166.3,133,16,100,0,1016,74,24.5,0,2,
11/3/2025 16:00,11/3/2025 23:00,Hoàn Kiếm,VN,Asia/Ho_Chi_Minh,240,10,6.7,4,153.8,123,15.3,100,0,1016,76,24.2,0,2,
11/3/2025 17:00,11/4/2025 0:00,Hoàn Kiếm,VN,Asia/Ho_Chi_Minh,235,504,15,9.7,148,119,32,100,0,1015,79,24,0,2,
11/3/2025 18:00,11/4/2025 1:00,Hoàn Kiếm,VN,Asia/Ho_Chi_Minh,213,10,4,4,128.8,103,14,100,0,1015,82,23.7,0,2,
11/3/2025 19:00,11/4/2025 2:00,Hoàn Kiếm,VN,Asia/Ho_Chi_Minh,195,63.3,5,23.7,111.3,89,31.3,100,0,1016,84,23.5,0,2,
11/3/2025 20:00,11/4/2025 3:00,Hoàn Kiếm,VN,Asia/Ho_Chi_Minh,195,116.6,6,43.3,111.3,89,48.7,100,0,1016,85,23.4,0,2,
11/3/2025 21:00,11/4/2025 4:00,Hoàn Kiếm,VN,Asia/Ho_Chi_Minh,242,169.8,7,63,156.3,125,66,100,0,1017,86,23.2,1.3,2,
11/3/2025 22:00,11/4/2025 5:00,Hoàn Kiếm,VN,Asia/Ho_Chi_Minh,260,168.1,7.3,64.3,172.9,138.33,71,100,0,1017,80,24.1,1.2,2,
11/3/2025 23:00,11/4/2025 6:00,Hoàn Kiếm,VN,Asia/Ho_Chi_Minh,258,166.3,7.7,65.7,171.3,137,76,100,0,1018,74,25.1,1.6,2,
11/4/2025 0:00,11/4/2025 7:00,Hoàn Kiếm,VN,Asia/Ho_Chi_Minh,165,164.6,8,67,206.3,165,81,100,0,1018,68,26,2.7,2,
11/4/2025 1:00,11/4/2025 8:00,Hoàn Kiếm,VN,Asia/Ho_Chi_Minh,153,113.1,6.7,46,191.3,153,58.7,100,0,1017,66,26.3,3.5,2,
11/4/2025 2:00,11/4/2025 9:00,Hoàn Kiếm,VN,Asia/Ho_Chi_Minh,153,61.5,5.3,25,191.3,153,36.3,100,0,1016,64,26.7,2.6,2,
11/4/2025 3:00,11/4/2025 10:00,Hoàn Kiếm,VN,Asia/Ho_Chi_Minh,165,10,4,4,83.8,67,14,100,0,1016,61,27,2.2,2,
11/4/2025 4:00,11/4/2025 11:00,Hoàn Kiếm,VN,Asia/Ho_Chi_Minh,163,10,5.3,4,81.3,65,14,100,0,1015,62,26.9,1.6,2,
11/4/2025 5:00,11/4/2025 12:00,Hoàn Kiếm,VN,Asia/Ho_Chi_Minh,181,10,6.7,4,98.8,79,14,100,0,1015,63,26.8,1.1,2,
11/4/2025 6:00,11/4/2025 13:00,Hoàn Kiếm,VN,Asia/Ho_Chi_Minh,157,10,8,4,76.3,61,14,100,0,1015,64,26.7,0.8,2,
11/4/2025 7:00,11/4/2025 14:00,Hoàn Kiếm,VN,Asia/Ho_Chi_Minh,155,53.5,8.3,24.3,73.8,59,38,100,0,1015,67,26,0.6,2,
11/4/2025 8:00,11/4/2025 15:00,Hoàn Kiếm,VN,Asia/Ho_Chi_Minh,145,97.1,8.7,44.7,65,52,62,100,0,1016,71,25.2,0,2,
11/4/2025 9:00,11/4/2025 16:00,Hoàn Kiếm,VN,Asia/Ho_Chi_Minh,142,140.6,9,65,63.8,51,86,100,0,1017,74,24.5,0,2,
11/4/2025 10:00,11/4/2025 17:00,Hoàn Kiếm,VN,Asia/Ho_Chi_Minh,162,100.4,8.7,44.7,80.4,64.33,62.7,100,0,1017,75,24.5,0,2,
11/4/2025 11:00,11/4/2025 18:00,Hoàn Kiếm,VN,Asia/Ho_Chi_Minh,155,60.2,8.3,24.3,73.8,59,39.3,100,0,1017,76,24.5,0,2,
11/4/2025 12:00,11/4/2025 19:00,Hoàn Kiếm,VN,Asia/Ho_Chi_Minh,197,20,8,4,113.8,91,16,100,0,1018,77,24.5,0,2,
11/4/2025 13:00,11/4/2025 20:00,Hoàn Kiếm,VN,Asia/Ho_Chi_Minh,179,55.7,8.3,21.7,96.3,77,34,100,0,1017,80,24.3,0,2,
11/4/2025 14:00,11/4/2025 21:00,Hoàn Kiếm,VN,Asia/Ho_Chi_Minh,160,91.5,8.7,39.3,78.8,63,52,100,0,1017,82,24.1,0,2,
11/4/2025 15:00,11/4/2025 22:00,Hoàn Kiếm,VN,Asia/Ho_Chi_Minh,69,127.2,9,57,31,21,70,100,0,1017,84,23.9,0,2,
11/4/2025 16:00,11/4/2025 23:00,Hoàn Kiếm,VN,Asia/Ho_Chi_Minh,155,116.7,8.3,56.7,73.8,59,64.7,100,0.25,1017,87,23.6,0,2,
11/4/2025 17:00,11/5/2025 0:00,Hoàn Kiếm,VN,Asia/Ho_Chi_Minh,157,106.2,7.7,56.3,76.3,61,59.3,100,0.5,1017,89,23.4,0,2,
11/4/2025 18:00,11/5/2025 1:00,Hoàn Kiếm,VN,Asia/Ho_Chi_Minh,104,95.7,7,56,57,37,54,100,0.5,1017,92,23.2,0,2,
11/4/2025 19:00,11/5/2025 2:00,Hoàn Kiếm,VN,Asia/Ho_Chi_Minh,168,10,4,4,86.3,69,14,100,0,1017,84,23.5,0,2,
11/4/2025 20:00,11/5/2025 3:00,Hoàn Kiếm,VN,Asia/Ho_Chi_Minh,168,98.4,6.3,60.7,86.3,69,51.3,100,0.5,1018,76,23.9,0,2,
11/4/2025 21:00,11/5/2025 4:00,Hoàn Kiếm,VN,Asia/Ho_Chi_Minh,118,99.8,6,63,63,42,50,100,1.25,1019,70,24.2,0.7,2,
11/4/2025 22:00,11/5/2025 5:00,Hoàn Kiếm,VN,Asia/Ho_Chi_Minh,173,114.4,6.7,65.3,91.3,73,58,100,0.25,1019,68,24.7,0.9,1.33,
11/4/2025 23:00,11/5/2025 6:00,Hoàn Kiếm,VN,Asia/Ho_Chi_Minh,181,129,7.3,67.7,98.8,79,66,100,0,1019,66,25.2,1.4,0.66,
11/5/2025 0:00,11/5/2025 7:00,Hoàn Kiếm,VN,Asia/Ho_Chi_Minh,181,143.6,8,70,98.8,79,74,100,0,1020,64,25.7,1.9,2.4,
11/5/2025 1:00,11/5/2025 8:00,Hoàn Kiếm,VN,Asia/Ho_Chi_Minh,179,158.7,8,77,96.3,77,91.3,100,0,1019,61,26,2.3,1,
11/5/2025 2:00,11/5/2025 9:00,Hoàn Kiếm,VN,Asia/Ho_Chi_Minh,205,173.9,8,84,121.3,97,108.7,100,0,1018,59,26.2,2.5,2,
11/5/2025 3:00,11/5/2025 10:00,Hoàn Kiếm,VN,Asia/Ho_Chi_Minh,142,189.1,8,91,78,51,126,100,0.75,1018,57,26.5,2.2,3,
11/5/2025 4:00,11/5/2025 11:00,Hoàn Kiếm,VN,Asia/Ho_Chi_Minh,221,192.2,8,96.3,136.3,109,129.7,100,0.75,1017,63,25.6,2,2.33,
11/5/2025 5:00,11/5/2025 12:00,Hoàn Kiếm,VN,Asia/Ho_Chi_Minh,184,195.3,8,101.7,101.3,81,133.3,100,1.5,1017,71,24.6,1.1,1.66,
11/5/2025 6:00,11/5/2025 13:00,Hoàn Kiếm,VN,Asia/Ho_Chi_Minh,184,198.4,8,107,101.3,81,137,100,1,1017,80,23.7,0.7,1,
11/5/2025 7:00,11/5/2025 14:00,Hoàn Kiếm,VN,Asia/Ho_Chi_Minh,142,200.6,8.7,104.3,63.8,51,130.7,100,1.25,1017,85,23,0.7,1,
11/5/2025 8:00,11/5/2025 15:00,Hoàn Kiếm,VN,Asia/Ho_Chi_Minh,145,202.7,9.3,101.7,65,52,124.3,100,1.5,1017,90,22.4,0,1,
11/5/2025 9:00,11/5/2025 16:00,Hoàn Kiếm,VN,Asia/Ho_Chi_Minh,139,204.8,10,99,75,50,118,100,1,1018,95,21.7,0,1,
11/5/2025 10:00,11/5/2025 17:00,Hoàn Kiếm,VN,Asia/Ho_Chi_Minh,157,224.3,12.3,92.3,76.3,61,123,100,1.25,1018,94,21.9,0,0.66,
11/5/2025 11:00,11/5/2025 18:00,Hoàn Kiếm,VN,Asia/Ho_Chi_Minh,211,243.8,14.7,85.7,126.3,101,128,100,0.5,1018,93,22,0,0.33,
11/5/2025 12:00,11/5/2025 19:00,Hoàn Kiếm,VN,Asia/Ho_Chi_Minh,211,263.2,17,79,126.3,101,133,100,0.25,1018,92,22.2,0,1.6,
11/5/2025 13:00,11/5/2025 20:00,Hoàn Kiếm,VN,Asia/Ho_Chi_Minh,219,262.6,16,78,133.8,107,124.3,100,0,1018,90,22.3,0,1.6,
11/5/2025 14:00,11/5/2025 21:00,Hoàn Kiếm,VN,Asia/Ho_Chi_Minh,197,262,15,77,113.8,91,115.7,100,0,1018,88,22.5,0,1.6,
11/5/2025 15:00,11/5/2025 22:00,Hoàn Kiếm,VN,Asia/Ho_Chi_Minh,164,261.5,14,76,96,66,107,100,0,1018,86,22.6,0,1.6,
11/5/2025 16:00,11/5/2025 23:00,Hoàn Kiếm,VN,Asia/Ho_Chi_Minh,211,244.3,12.7,71.3,126.3,101,91.7,100,0,1018,87,22.6,0,1.6,
11/5/2025 17:00,11/6/2025 0:00,Hoàn Kiếm,VN,Asia/Ho_Chi_Minh,221,227.2,11.3,66.7,136.3,109,76.3,100,0,1018,88,22.5,0,2,
11/5/2025 18:00,11/6/2025 1:00,Hoàn Kiếm,VN,Asia/Ho_Chi_Minh,98,210.1,10,62,50,34,61,100,0,1018,90,22.5,0,2,
11/5/2025 19:00,11/6/2025 2:00,Hoàn Kiếm,VN,Asia/Ho_Chi_Minh,108,201.7,9,62.3,57.3,38.33,58.3,100,0.25,1018,90,22.5,0,2,
11/5/2025 20:00,11/6/2025 3:00,Hoàn Kiếm,VN,Asia/Ho_Chi_Minh,120,193.4,8,62.7,64.7,42.67,55.7,100,0.5,1019,91,22.6,0,2,
11/5/2025 21:00,11/6/2025 4:00,Hoàn Kiếm,VN,Asia/Ho_Chi_Minh,131,185,7,63,72,47,53,100,0.25,1019,92,22.6,0.7,2,
11/5/2025 22:00,11/6/2025 5:00,Hoàn Kiếm,VN,Asia/Ho_Chi_Minh,211,185.8,7.3,69.3,126.3,101,77,100,0,1019,84,23.3,0.9,0.33,
11/5/2025 23:00,11/6/2025 6:00,Hoàn Kiếm,VN,Asia/Ho_Chi_Minh,211,186.6,7.7,75.7,126.3,101,101,100,0,1019,77,24,1.4,0.66,
11/6/2025 0:00,11/6/2025 7:00,Hoàn Kiếm,VN,Asia/Ho_Chi_Minh,211,187.3,8,82,126.3,101,125,100,0,1018,70,24.6,1.9,1,
11/6/2025 1:00,11/6/2025 8:00,Hoàn Kiếm,VN,Asia/Ho_Chi_Minh,200,193.4,8,75.3,116.3,93,110,100,0,1018,64,25.3,2.3,1.33,
11/6/2025 2:00,11/6/2025 9:00,Hoàn Kiếm,VN,Asia/Ho_Chi_Minh,197,10,4,4,113.8,91,16,100,0,1018,58,26,2.5,1.66,
11/6/2025 3:00,11/6/2025 10:00,Hoàn Kiếm,VN,Asia/Ho_Chi_Minh,98,205.4,8,62,51,34,80,100,0,1018,53,26.7,2.1,2,
11/6/2025 4:00,11/6/2025 11:00,Hoàn Kiếm,VN,Asia/Ho_Chi_Minh,139,10,8,4,62.5,50,14,100,0,1017,55,26.7,1.7,2,
11/6/2025 5:00,11/6/2025 12:00,Hoàn Kiếm,VN,Asia/Ho_Chi_Minh,152,75.1,8,23.3,71.3,57,36,100,0,1017,57,26.6,1.2,2,
11/6/2025 6:00,11/6/2025 13:00,Hoàn Kiếm,VN,Asia/Ho_Chi_Minh,187,10,8,4,103.8,83,14,100,0,1017,60,26.6,1.2,2,
11/6/2025 7:00,11/6/2025 14:00,Hoàn Kiếm,VN,Asia/Ho_Chi_Minh,187,10,8,4,103.8,83,14,62,0,1016,70,24.8,1.2,1.6,
11/6/2025 8:00,11/6/2025 15:00,Hoàn Kiếm,VN,Asia/Ho_Chi_Minh,158,105.3,8,80,77.1,61.67,84.7,58,0,1016,70,24.4,0,1.6,
11/6/2025 9:00,11/6/2025 16:00,Hoàn Kiếm,VN,Asia/Ho_Chi_Minh,142,152.9,8,118,63.8,51,120,62,0,1017,73,24.1,0,1.6,
11/6/2025 10:00,11/6/2025 17:00,Hoàn Kiếm,VN,Asia/Ho_Chi_Minh,152,10,8,4,71.3,57,14,57,0,1018,73,24.1,0,1.6,
11/6/2025 11:00,11/6/2025 18:00,Hoàn Kiếm,VN,Asia/Ho_Chi_Minh,162,288.3,24,77.3,91.3,64.33,132,43,0,1018,74,23.7,0,1.6,
11/6/2025 12:00,11/6/2025 19:00,Hoàn Kiếm,VN,Asia/Ho_Chi_Minh,171,356,32,57,105,71,138,40,0,1018,78,23.3,0,1.6,
11/6/2025 13:00,11/6/2025 20:00,Hoàn Kiếm,VN,Asia/Ho_Chi_Minh,163,373.1,30.3,53.3,97,65.33,133.3,37,0,1018,78,23.3,0,1.6,
11/6/2025 14:00,11/6/2025 21:00,Hoàn Kiếm,VN,Asia/Ho_Chi_Minh,156,390.2,28.7,49.7,89,59.67,128.7,40,0,1018,81,22.6,0,1.6,
11/6/2025 15:00,11/6/2025 22:00,Hoàn Kiếm,VN,Asia/Ho_Chi_Minh,150,407.4,27,46,81,54,124,29,0,1017,85,22.2,0,1.2,
11/6/2025 16:00,11/6/2025 23:00,Hoàn Kiếm,VN,Asia/Ho_Chi_Minh,248,351.1,22,50.3,161.3,129,104.7,28,0,1017,87,21.9,0,1.2,
11/6/2025 17:00,11/7/2025 0:00,Hoàn Kiếm,VN,Asia/Ho_Chi_Minh,256,294.9,17,54.7,168.8,135,85.3,47,0,1017,87,21.5,0,1.6,
11/6/2025 18:00,11/7/2025 1:00,Hoàn Kiếm,VN,Asia/Ho_Chi_Minh,266,238.7,12,59,178.8,143,66,41,0,1017,85,21.9,0,1.6,
11/6/2025 19:00,11/7/2025 2:00,Hoàn Kiếm,VN,Asia/Ho_Chi_Minh,151,220.8,10,58,188.8,151,60,84,0,1017,85,21.9,0,1.6,
11/6/2025 20:00,11/7/2025 3:00,Hoàn Kiếm,VN,Asia/Ho_Chi_Minh,268,202.9,8,57,180.4,144.33,54,65,0,1018,85,21.9,0,1.6,
11/6/2025 21:00,11/7/2025 4:00,Hoàn Kiếm,VN,Asia/Ho_Chi_Minh,269,185,6,56,181.3,145,48,34,0,1019,74,23.6,1.6,2,
11/6/2025 22:00,11/7/2025 5:00,Hoàn Kiếm,VN,Asia/Ho_Chi_Minh,156,605,15,9.7,180,156,32,32,0,1019,66,24.7,2.3,2.33,
11/6/2025 23:00,11/7/2025 6:00,Hoàn Kiếm,VN,Asia/Ho_Chi_Minh,155,605,15,9.7,174,155,32,18,0,1020,58,25.9,3.8,2.66,
11/7/2025 0:00,11/7/2025 7:00,Hoàn Kiếm,VN,Asia/Ho_Chi_Minh,269,706,15,9.7,160,145,32,9,0,1020,51,27,5.7,3,
11/7/2025 1:00,11/7/2025 8:00,Hoàn Kiếm,VN,Asia/Ho_Chi_Minh,245,1008,15,9.7,146,127,32,7,0,1019,49,27.7,7,3,
11/7/2025 2:00,11/7/2025 9:00,Hoàn Kiếm,VN,Asia/Ho_Chi_Minh,234,706,15,9.7,142.7,118.33,28,4,0,1018,47,28.5,7.3,3,
11/7/2025 3:00,11/7/2025 10:00,Hoàn Kiếm,VN,Asia/Ho_Chi_Minh,216,706,15,9.7,134,105,26,50,0,1017,46,29.2,6.3,3,
11/7/2025 4:00,11/7/2025 11:00,Hoàn Kiếm,VN,Asia/Ho_Chi_Minh,179,513.3,11.3,55.2,96.3,77,53.3,37,0,1016,45,29,3.9,2.33,
11/7/2025 5:00,11/7/2025 12:00,Hoàn Kiếm,VN,Asia/Ho_Chi_Minh,160,320.5,7.7,100.6,78.8,63,80.7,25,0,1016,45,28.8,1.9,1.66,
11/7/2025 6:00,11/7/2025 13:00,Hoàn Kiếm,VN,Asia/Ho_Chi_Minh,157,127.8,4,146,76.3,61,108,12,0,1016,45,28.6,1.1,1,
11/7/2025 7:00,11/7/2025 14:00,Hoàn Kiếm,VN,Asia/Ho_Chi_Minh,155,129.4,5.3,138,73.8,59,107,20,0,1016,52,27,0.9,1,
11/7/2025 8:00,11/7/2025 15:00,Hoàn Kiếm,VN,Asia/Ho_Chi_Minh,156,130.9,6.7,130,74.6,59.67,106,29,0,1017,60,25.3,0,1,
11/7/2025 9:00,11/7/2025 16:00,Hoàn Kiếm,VN,Asia/Ho_Chi_Minh,155,132.5,8,122,73.8,59,105,37,0,1017,69,23.7,0,1,
11/7/2025 10:00,11/7/2025 17:00,Hoàn Kiếm,VN,Asia/Ho_Chi_Minh,155,95,8,82.7,73.8,59,74.7,45,0,1018,72,23.5,0,0.66,
11/7/2025 11:00,11/7/2025 18:00,Hoàn Kiếm,VN,Asia/Ho_Chi_Minh,181,57.5,8,43.3,98.8,79,44.3,54,0,1019,76,23.4,0,0.33,
11/7/2025 12:00,11/7/2025 19:00,Hoàn Kiếm,VN,Asia/Ho_Chi_Minh,258,20,8,4,171.3,137,14,62,0,1019,80,23.2,0,1.6,
11/7/2025 13:00,11/7/2025 20:00,Hoàn Kiếm,VN,Asia/Ho_Chi_Minh,233,20,6.7,4,147.1,117.67,14.7,66,0,1019,84,22.5,0,2,
11/7/2025 14:00,11/7/2025 21:00,Hoàn Kiếm,VN,Asia/Ho_Chi_Minh,197,20,5.3,4,113.8,91,15.3,70,0,1018,88,21.8,0,1.2,
11/7/2025 15:00,11/7/2025 22:00,Hoàn Kiếm,VN,Asia/Ho_Chi_Minh,181,20,4,4,98.8,79,16,75,0,1018,93,21.1,0,1.2,
11/7/2025 16:00,11/7/2025 23:00,Hoàn Kiếm,VN,Asia/Ho_Chi_Minh,184,125.8,11,10.3,101.3,81,40.3,12,0,1018,94,20.6,0,1.2,
11/7/2025 17:00,11/8/2025 0:00,Hoàn Kiếm,VN,Asia/Ho_Chi_Minh,187,231.5,18,16.7,103.8,83,64.7,7,0,1017,95,20,0,1.2,
11/7/2025 18:00,11/8/2025 1:00,Hoàn Kiếm,VN,Asia/Ho_Chi_Minh,189,337.3,25,23,106.3,85,89,3,0,1017,96,19.5,0,1.6,
11/7/2025 19:00,11/8/2025 2:00,Hoàn Kiếm,VN,Asia/Ho_Chi_Minh,201,328.6,23.7,21.3,117.1,93.67,85,2,0,1017,96,19.7,0,1.6,
11/7/2025 20:00,11/8/2025 3:00,Hoàn Kiếm,VN,Asia/Ho_Chi_Minh,197,319.8,22.3,19.7,113.8,91,81,2,0,1017,97,19.8,0,1.6,
11/7/2025 21:00,11/8/2025 4:00,Hoàn Kiếm,VN,Asia/Ho_Chi_Minh,224,311.1,21,18,138.8,111,77,0,0,1018,97,20,2.1,2,
11/7/2025 22:00,11/8/2025 5:00,Hoàn Kiếm,VN,Asia/Ho_Chi_Minh,245,317.3,21.7,19.7,158.8,127,75,0,0,1018,82,22,2.9,0.66,
11/7/2025 23:00,11/8/2025 6:00,Hoàn Kiếm,VN,Asia/Ho_Chi_Minh,158,323.5,22.3,21.3,197.5,158,73,0,0,1018,70,24,4.4,1.33,
11/8/2025 0:00,11/8/2025 7:00,Hoàn Kiếm,VN,Asia/Ho_Chi_Minh,170,329.7,23,23,212.5,170,71,0,0,1019,59,26,6.1,2,
11/8/2025 1:00,11/8/2025 8:00,Hoàn Kiếm,VN,Asia/Ho_Chi_Minh,158,270.6,18.3,57.7,197.9,158.33,97,1,0,1017,53,27,7.2,2,
11/8/2025 2:00,11/8/2025 9:00,Hoàn Kiếm,VN,Asia/Ho_Chi_Minh,158,211.5,13.7,92.3,197.5,158,123,2,0,1016,48,28,7.4,2,
11/8/2025 3:00,11/8/2025 10:00,Hoàn Kiếm,VN,Asia/Ho_Chi_Minh,256,152.3,9,127,168.8,135,149,12,0,1015,43,29,6.5,2,
11/8/2025 4:00,11/8/2025 11:00,Hoàn Kiếm,VN,Asia/Ho_Chi_Minh,181,139.3,7.3,140,98.8,79,147,0,0,1015,41,29,5,2,
11/8/2025 5:00,11/8/2025 12:00,Hoàn Kiếm,VN,Asia/Ho_Chi_Minh,165,126.3,5.7,153,83.8,67,145,0,0,1014,40,29,3.3,2,
11/8/2025 6:00,11/8/2025 13:00,Hoàn Kiếm,VN,Asia/Ho_Chi_Minh,104,113.2,4,166,55,37,143,0,0,1014,38,29,2.3,2,
11/8/2025 7:00,11/8/2025 14:00,Hoàn Kiếm,VN,Asia/Ho_Chi_Minh,157,10,8,4,76.3,61,14,0,0,1014,46,27.2,2,2,
11/8/2025 8:00,11/8/2025 15:00,Hoàn Kiếm,VN,Asia/Ho_Chi_Minh,142,114,6,167.3,63.8,51,152.3,0,0,1015,55,25.3,0,2,
11/8/2025 9:00,11/8/2025 16:00,Hoàn Kiếm,VN,Asia/Ho_Chi_Minh,134,114.4,7,168,60,48,157,0,0,1016,66,23.5,0,2,
11/8/2025 10:00,11/8/2025 17:00,Hoàn Kiếm,VN,Asia/Ho_Chi_Minh,142,172.6,13.7,138,63.8,51,156.3,1,0,1016,68,23.2,0,2,
11/8/2025 11:00,11/8/2025 18:00,Hoàn Kiếm,VN,Asia/Ho_Chi_Minh,173,230.7,20.3,108,102,72.67,155.7,4,0,1016,71,22.8,0,2,
11/8/2025 12:00,11/8/2025 19:00,Hoàn Kiếm,VN,Asia/Ho_Chi_Minh,189,288.9,27,78,123,85,155,36,0,1017,73,22.5,0,2,
11/8/2025 13:00,11/8/2025 20:00,Hoàn Kiếm,VN,Asia/Ho_Chi_Minh,216,293.4,25.7,70,142.8,105.33,143.3,17,0,1016,77,21.9,0,1.33,
11/8/2025 14:00,11/8/2025 21:00,Hoàn Kiếm,VN,Asia/Ho_Chi_Minh,164,297.8,24.3,62,205,164,131.7,14,0,1016,81,21.2,0,0.66,
11/8/2025 15:00,11/8/2025 22:00,Hoàn Kiếm,VN,Asia/Ho_Chi_Minh,270,302.3,23,54,182.5,146,120,21,0,1015,85,20.6,0,0.8,
11/8/2025 16:00,11/8/2025 23:00,Hoàn Kiếm,VN,Asia/Ho_Chi_Minh,192,287.5,21.7,52.3,108.8,87,112,0,0,1015,88,20.3,0,0.4,
11/8/2025 17:00,11/9/2025 0:00,Hoàn Kiếm,VN,Asia/Ho_Chi_Minh,184,272.7,20.3,50.7,101.3,81,104,0,0,1014,91,20,0,0.8,
11/8/2025 18:00,11/9/2025 1:00,Hoàn Kiếm,VN,Asia/Ho_Chi_Minh,191,258,19,49,124,86,96,0,0,1014,94,19.7,0,0.8,
11/8/2025 19:00,11/9/2025 2:00,Hoàn Kiếm,VN,Asia/Ho_Chi_Minh,173,10,8,4,91.3,73,16,0,0,1014,95,19.6,0,0.8,
11/8/2025 20:00,11/9/2025 3:00,Hoàn Kiếm,VN,Asia/Ho_Chi_Minh,155,259.9,17.7,35,85.3,59.33,82.7,68,0,1015,95,19.6,0,1.2,
11/8/2025 21:00,11/9/2025 4:00,Hoàn Kiếm,VN,Asia/Ho_Chi_Minh,129,260.9,17,28,66,46,76,50,0,1015,96,19.5,1.4,1.2,
11/8/2025 22:00,11/9/2025 5:00,Hoàn Kiếm,VN,Asia/Ho_Chi_Minh,151,220.2,15.3,62.3,188.8,151,114.3,1,0,1016,83,21.7,2.9,1,
11/8/2025 23:00,11/9/2025 6:00,Hoàn Kiếm,VN,Asia/Ho_Chi_Minh,200,179.6,13.7,96.7,250,200,152.7,0,0,1016,72,23.8,4.3,2,
11/9/2025 0:00,11/9/2025 7:00,Hoàn Kiếm,VN,Asia/Ho_Chi_Minh,181,138.9,12,131,113,79,191,0,0,1016,63,26,6,3,
11/9/2025 1:00,11/9/2025 8:00,Hoàn Kiếm,VN,Asia/Ho_Chi_Minh,207,327.9,10.7,90.6,258.8,207,138,0,0,1015,54,27.2,7.2,2.33,
11/9/2025 2:00,11/9/2025 9:00,Hoàn Kiếm,VN,Asia/Ho_Chi_Minh,184,10,8,4,230,184,16,0,0,1014,47,28.3,7.4,1.66,
11/9/2025 3:00,11/9/2025 10:00,Hoàn Kiếm,VN,Asia/Ho_Chi_Minh,183,706,8,9.7,222,183,32,0,0,1012,40,29.5,6.5,1,
11/9/2025 4:00,11/9/2025 11:00,Hoàn Kiếm,VN,Asia/Ho_Chi_Minh,176,605,8,9.7,214,176,32,0,0,1012,41,29.7,4.9,0.66,
11/9/2025 5:00,11/9/2025 12:00,Hoàn Kiếm,VN,Asia/Ho_Chi_Minh,178,571.3,8,9.7,196.7,178.33,28,0,0,1012,42,29.8,3.3,0.33,
11/9/2025 6:00,11/9/2025 13:00,Hoàn Kiếm,VN,Asia/Ho_Chi_Minh,176,504,8,9.7,184,176,26,0,0,1011,42,30,2.3,0.4,
11/9/2025 7:00,11/9/2025 14:00,Hoàn Kiếm,VN,Asia/Ho_Chi_Minh,235,504,8,9.7,150,119,26,0,0,1012,50,28,2,1.2,
11/9/2025 8:00,11/9/2025 15:00,Hoàn Kiếm,VN,Asia/Ho_Chi_Minh,179,237.3,7.3,117.9,96.3,77,122,0,0,1013,59,26,0,2,
11/9/2025 9:00,11/9/2025 16:00,Hoàn Kiếm,VN,Asia/Ho_Chi_Minh,173,103.9,7,172,91.3,73,170,0,0,1013,70,24,0,2,
11/9/2025 10:00,11/9/2025 17:00,Hoàn Kiếm,VN,Asia/Ho_Chi_Minh,179,185.8,15.7,140,96.3,77,175.7,0,0,1014,73,23.7,0,0.33,
11/9/2025 11:00,11/9/2025 18:00,Hoàn Kiếm,VN,Asia/Ho_Chi_Minh,227,20,8,4,141.3,113,14,0,0,1014,76,23.3,0,0.66,
11/9/2025 12:00,11/9/2025 19:00,Hoàn Kiếm,VN,Asia/Ho_Chi_Minh,211,349.6,33,76,146,101,187,0,0,1015,79,23,0,1,
11/9/2025 13:00,11/9/2025 20:00,Hoàn Kiếm,VN,Asia/Ho_Chi_Minh,253,30,8,4,166.3,133,16,0,0,1014,79,22.7,0,0.66,
11/9/2025 14:00,11/9/2025 21:00,Hoàn Kiếm,VN,Asia/Ho_Chi_Minh,180,129.9,16.3,28,232,180.33,73,0,0,1014,80,22.3,0,0.33,
11/9/2025 15:00,11/9/2025 22:00,Hoàn Kiếm,VN,Asia/Ho_Chi_Minh,220,20,8,4,275,220,16,0,0,1014,80,22,0,0.8,
11/9/2025 16:00,11/9/2025 23:00,Hoàn Kiếm,VN,Asia/Ho_Chi_Minh,163,121.5,11.7,10,207,163,40.7,0,0,1014,84,21.2,0,0.33,
11/9/2025 17:00,11/10/2025 0:00,Hoàn Kiếm,VN,Asia/Ho_Chi_Minh,217,223,15.3,16,139,106,65.3,0,0,1014,88,20.4,0,0.66,
11/9/2025 18:00,11/10/2025 1:00,Hoàn Kiếm,VN,Asia/Ho_Chi_Minh,137,324.5,19,22,71,49,90,0,0,1014,92,19.6,0,1,
11/9/2025 19:00,11/10/2025 2:00,Hoàn Kiếm,VN,Asia/Ho_Chi_Minh,201,303.9,17,21.7,123.6,93.67,81,0,0,1014,91,19.9,0,1,
11/9/2025 20:00,11/10/2025 3:00,Hoàn Kiếm,VN,Asia/Ho_Chi_Minh,260,283.2,15,21.3,176.2,138.33,72,68,0,1015,89,20.2,0,1,
11/9/2025 21:00,11/10/2025 4:00,Hoàn Kiếm,VN,Asia/Ho_Chi_Minh,183,262.6,13,21,228.8,183,63,18,0,1016,88,20.5,1.9,1,
11/9/2025 22:00,11/10/2025 5:00,Hoàn Kiếm,VN,Asia/Ho_Chi_Minh,202,257,13.3,25.3,252.5,202,63.3,0,0,1016,75,22.7,2.9,1,
11/9/2025 23:00,11/10/2025 6:00,Hoàn Kiếm,VN,Asia/Ho_Chi_Minh,191,251.3,13.7,29.7,238.8,191,63.7,0,0,1016,65,25,4.3,1,
11/10/2025 0:00,11/10/2025 7:00,Hoàn Kiếm,VN,Asia/Ho_Chi_Minh,195,245.7,14,34,243.8,195,64,0,0,1016,55,27.2,6,1,
11/10/2025 1:00,11/10/2025 8:00,Hoàn Kiếm,VN,Asia/Ho_Chi_Minh,183,10,4,4,228.8,183,16,0,0,1015,50,28.2,7.2,1.33,
11/10/2025 2:00,11/10/2025 9:00,Hoàn Kiếm,VN,Asia/Ho_Chi_Minh,167,605,8,9.7,176,167,32,0,0,1014,45,29.2,7.4,1.66,
11/10/2025 3:00,11/10/2025 10:00,Hoàn Kiếm,VN,Asia/Ho_Chi_Minh,158,605,8,9.7,170,158,32,0,0,1013,41,30.2,6.5,2,
11/10/2025 4:00,11/10/2025 11:00,Hoàn Kiếm,VN,Asia/Ho_Chi_Minh,253,403,8,9.7,152,133,26,0,0,1013,40,30.5,4.9,2,
11/10/2025 5:00,11/10/2025 12:00,Hoàn Kiếm,VN,Asia/Ho_Chi_Minh,200,470.3,8,9.7,122,93.33,28,0,0,1012,39,30.8,3.3,2,
11/10/2025 6:00,11/10/2025 13:00,Hoàn Kiếm,VN,Asia/Ho_Chi_Minh,157,403,8,9.7,98,61,26,0,0,1012,38,31.1,2.3,2,
11/10/2025 7:00,11/10/2025 14:00,Hoàn Kiếm,VN,Asia/Ho_Chi_Minh,152,10,8,4,71.3,57,14,0,0,1012,46,29.1,2,2,
11/10/2025 8:00,11/10/2025 15:00,Hoàn Kiếm,VN,Asia/Ho_Chi_Minh,129,403,8,9.7,76,46,26,0,0,1013,56,27,0,2,
11/10/2025 9:00,11/10/2025 16:00,Hoàn Kiếm,VN,Asia/Ho_Chi_Minh,139,118.5,7,145,62.5,50,140,0,0,1013,68,25,0,2,
11/10/2025 10:00,11/10/2025 17:00,Hoàn Kiếm,VN,Asia/Ho_Chi_Minh,155,208.7,17.7,120,78.7,59,152.3,0,0,1014,70,24.6,0,2,
11/10/2025 11:00,11/10/2025 18:00,Hoàn Kiếm,VN,Asia/Ho_Chi_Minh,163,299,28.3,95,81.3,65,164.7,0,0,1014,73,24.1,0,2,
11/10/2025 12:00,11/10/2025 19:00,Hoàn Kiếm,VN,Asia/Ho_Chi_Minh,179,389.3,39,70,111,77,177,0,0,1015,76,23.7,0,2,
11/10/2025 13:00,11/10/2025 20:00,Hoàn Kiếm,VN,Asia/Ho_Chi_Minh,250,403.3,36.3,60,163.8,131,166.7,1,0,1014,78,23.1,0,2,
11/10/2025 14:00,11/10/2025 21:00,Hoàn Kiếm,VN,Asia/Ho_Chi_Minh,153,417.3,33.7,50,191.3,153,156.3,5,0,1014,80,22.6,0,2,
11/10/2025 15:00,11/10/2025 22:00,Hoàn Kiếm,VN,Asia/Ho_Chi_Minh,165,431.3,31,40,206.3,165,146,9,0,1014,82,22,0,2,
11/10/2025 16:00,11/10/2025 23:00,Hoàn Kiếm,VN,Asia/Ho_Chi_Minh,270,417.7,29.3,37,182.1,145.67,139.3,16,0,1013,85,21.5,0,1.33,
11/10/2025 17:00,11/11/2025 0:00,Hoàn Kiếm,VN,Asia/Ho_Chi_Minh,227,706,15,9.7,162,113,32,14,0,1013,88,21,0,0.66,
11/10/2025 18:00,11/11/2025 1:00,Hoàn Kiếm,VN,Asia/Ho_Chi_Minh,219,390.4,26,31,133.8,107,126,18,0,1013,91,20.5,0,1.6,
11/10/2025 19:00,11/11/2025 2:00,Hoàn Kiếm,VN,Asia/Ho_Chi_Minh,227,263.6,20,22,141.3,113,89.3,40,0,1014,92,20.7,0,0.66,
11/10/2025 20:00,11/11/2025 3:00,Hoàn Kiếm,VN,Asia/Ho_Chi_Minh,269,136.8,14,13,181.3,145,52.7,28,0,1014,93,21,0,1.33,
11/10/2025 21:00,11/11/2025 4:00,Hoàn Kiếm,VN,Asia/Ho_Chi_Minh,171,10,8,4,213.8,171,16,25,0,1015,94,21.2,1.9,2,
11/10/2025 22:00,11/11/2025 5:00,Hoàn Kiếm,VN,Asia/Ho_Chi_Minh,172,477,10.3,5.9,208.5,172.33,21.3,4,0,1015,80,23.2,2.8,1.33,
11/10/2025 23:00,11/11/2025 6:00,Hoàn Kiếm,VN,Asia/Ho_Chi_Minh,181,10,4,4,226.3,181,16,3,0,1015,68,25.2,4.2,0.66,
11/11/2025 0:00,11/11/2025 7:00,Hoàn Kiếm,VN,Asia/Ho_Chi_Minh,175,1411,15,9.7,198,175,32,2,0,1015,59,27.2,5.8,1.6,
11/11/2025 1:00,11/11/2025 8:00,Hoàn Kiếm,VN,Asia/Ho_Chi_Minh,167,988.7,13.3,42.8,208.8,167,74,0,0,1014,54,28.3,7.1,0.33,
11/11/2025 2:00,11/11/2025 9:00,Hoàn Kiếm,VN,Asia/Ho_Chi_Minh,169,566.4,11.7,75.9,211.3,169,116,0,0,1013,50,29.5,7.3,0.66,
11/11/2025 3:00,11/11/2025 10:00,Hoàn Kiếm,VN,Asia/Ho_Chi_Minh,156,144.1,10,109,195,156,158,1,0,1012,46,30.6,6.4,1,
11/11/2025 4:00,11/11/2025 11:00,Hoàn Kiếm,VN,Asia/Ho_Chi_Minh,257,123.7,8.7,112.7,169.6,135.67,151.7,1,0,1011,47,30.6,4.8,0.66,
11/11/2025 5:00,11/11/2025 12:00,Hoàn Kiếm,VN,Asia/Ho_Chi_Minh,237,103.3,7.3,116.3,151.3,121,145.3,1,0,1011,48,30.7,3.3,0.33,
11/11/2025 6:00,11/11/2025 13:00,Hoàn Kiếm,VN,Asia/Ho_Chi_Minh,203,82.9,6,120,118.8,95,139,1,0,1010,49,30.7,2.3,0.8,
11/11/2025 7:00,11/11/2025 14:00,Hoàn Kiếm,VN,Asia/Ho_Chi_Minh,165,82.5,7,115.3,83.8,67,138.7,4,0,1011,54,29.4,2,0.33,
11/11/2025 8:00,11/11/2025 15:00,Hoàn Kiếm,VN,Asia/Ho_Chi_Minh,148,82.1,8,110.7,66.3,53,138.3,5,0,1012,61,28,0,0.66,
11/11/2025 9:00,11/11/2025 16:00,Hoàn Kiếm,VN,Asia/Ho_Chi_Minh,145,81.7,9,106,76,52,138,7,0,1012,68,26.7,0,1,
11/11/2025 10:00,11/11/2025 17:00,Hoàn Kiếm,VN,Asia/Ho_Chi_Minh,153,109.1,12.3,96,68.8,55,128,2,0,1013,71,26.3,0,0.66,
11/11/2025 11:00,11/11/2025 18:00,Hoàn Kiếm,VN,Asia/Ho_Chi_Minh,163,20,4,4,81.3,65,16,21,0,1013,75,26,0,0.33,
11/11/2025 12:00,11/11/2025 19:00,Hoàn Kiếm,VN,Asia/Ho_Chi_Minh,211,164,19,76,126.3,101,108,41,0,1014,79,25.6,0,2,
11/11/2025 13:00,11/11/2025 20:00,Hoàn Kiếm,VN,Asia/Ho_Chi_Minh,227,182.3,19.7,68.7,141.3,113,103.7,42,0,1013,81,25,0,1.6,
11/11/2025 14:00,11/11/2025 21:00,Hoàn Kiếm,VN,Asia/Ho_Chi_Minh,258,200.6,20.3,61.3,171.3,137,99.3,40,0,1013,83,24.3,0,1.6,
11/11/2025 15:00,11/11/2025 22:00,Hoàn Kiếm,VN,Asia/Ho_Chi_Minh,150,218.9,21,54,81,54,95,30,0,1012,85,23.7,0,1.2,
11/11/2025 16:00,11/11/2025 23:00,Hoàn Kiếm,VN,Asia/Ho_Chi_Minh,224,1210,15,9.7,160,111,32,39,0,1012,87,23.2,0,0.8,
11/11/2025 17:00,11/12/2025 0:00,Hoàn Kiếm,VN,Asia/Ho_Chi_Minh,221,706,15,9.7,156,109,32,27,0,1012,90,22.7,0,0.8,
11/11/2025 18:00,11/12/2025 1:00,Hoàn Kiếm,VN,Asia/Ho_Chi_Minh,183,251.5,25,33,117,80,99,8,0,1012,92,22.2,0,0.8,
11/11/2025 19:00,11/12/2025 2:00,Hoàn Kiếm,VN,Asia/Ho_Chi_Minh,164,253.3,25,29.7,96.3,66,104,21,0,1012,93,22,0,0.8,
11/11/2025 20:00,11/12/2025 3:00,Hoàn Kiếm,VN,Asia/Ho_Chi_Minh,145,255,25,26.3,75.7,52,109,40,0,1013,93,21.9,0,1.2,
11/11/2025 21:00,11/12/2025 4:00,Hoàn Kiếm,VN,Asia/Ho_Chi_Minh,107,256.8,25,23,55,38,114,56,0,1013,94,21.7,1.3,0.8,
11/11/2025 22:00,11/12/2025 5:00,Hoàn Kiếm,VN,Asia/Ho_Chi_Minh,224,279.3,23.3,21.7,138.8,111,110.7,48,0,1013,83,23.9,1.9,0.33,
11/11/2025 23:00,11/12/2025 6:00,Hoàn Kiếm,VN,Asia/Ho_Chi_Minh,157,301.9,21.7,20.3,196.3,157,107.3,62,0,1014,73,26,2.4,0.66,
11/12/2025 0:00,11/12/2025 7:00,Hoàn Kiếm,VN,Asia/Ho_Chi_Minh,153,324.5,20,19,191.3,153,104,12,0,1014,65,28.2,3.4,1,
11/12/2025 1:00,11/12/2025 8:00,Hoàn Kiếm,VN,Asia/Ho_Chi_Minh,189,251.7,18,39,236.3,189,166,16,0,1013,63,28.9,4.4,1,
11/12/2025 2:00,11/12/2025 9:00,Hoàn Kiếm,VN,Asia/Ho_Chi_Minh,191,179,16,59,239.6,191.67,228,20,0,1012,61,29.5,4.7,1,
11/12/2025 3:00,11/12/2025 10:00,Hoàn Kiếm,VN,Asia/Ho_Chi_Minh,211,106.2,14,79,263.8,211,290,25,0,1011,59,30.2,3.9,1,
11/12/2025 4:00,11/12/2025 11:00,Hoàn Kiếm,VN,Asia/Ho_Chi_Minh,179,101.4,12.7,90,223.8,179,269.3,36,0,1010,58,30.3,3.6,0.66,
11/12/2025 5:00,11/12/2025 12:00,Hoàn Kiếm,VN,Asia/Ho_Chi_Minh,235,96.5,11.3,101,148.8,119,248.7,25,0,1009,57,30.4,2.7,0.33,
11/12/2025 6:00,11/12/2025 13:00,Hoàn Kiếm,VN,Asia/Ho_Chi_Minh,192,91.6,10,112,108.8,87,228,4,0,1009,57,30.5,2.2,2,
11/12/2025 7:00,11/12/2025 14:00,Hoàn Kiếm,VN,Asia/Ho_Chi_Minh,179,94.7,11,111.7,100.5,77,229.3,1,0,1009,61,29.5,2,1.6,
11/12/2025 8:00,11/12/2025 15:00,Hoàn Kiếm,VN,Asia/Ho_Chi_Minh,165,97.9,12,111.3,92.3,67,230.7,3,0,1009,66,28.5,0,2,
11/12/2025 9:00,11/12/2025 16:00,Hoàn Kiếm,VN,Asia/Ho_Chi_Minh,152,101,13,111,84,57,232,1,0,1010,71,27.5,0,2.4,
11/12/2025 10:00,11/12/2025 17:00,Hoàn Kiếm,VN,Asia/Ho_Chi_Minh,171,122.8,18.7,97.7,88.8,71,191.3,0,0,1010,75,27,0,2.8,
11/12/2025 11:00,11/12/2025 18:00,Hoàn Kiếm,VN,Asia/Ho_Chi_Minh,177,144.5,24.3,84.3,84.7,75.67,150.7,0,0,1010,79,26.5,0,2.8,
11/12/2025 12:00,11/12/2025 19:00,Hoàn Kiếm,VN,Asia/Ho_Chi_Minh,189,166.3,30,71,85,85,110,0,0,1011,83,26,0,2.8,
11/12/2025 13:00,11/12/2025 20:00,Hoàn Kiếm,VN,Asia/Ho_Chi_Minh,184,160.9,26.7,75.3,81,81,102.3,0,0,1010,83,25.5,0,2.4,
11/12/2025 14:00,11/12/2025 21:00,Hoàn Kiếm,VN,Asia/Ho_Chi_Minh,179,155.4,23.3,79.7,77,77,94.7,0,0,1010,84,25,0,2,
11/12/2025 15:00,11/12/2025 22:00,Hoàn Kiếm,VN,Asia/Ho_Chi_Minh,173,150,20,84,73,73,87,0,0,1010,84,24.5,0,1.6,
11/12/2025 16:00,11/12/2025 23:00,Hoàn Kiếm,VN,Asia/Ho_Chi_Minh,175,152.9,20.3,77.7,74.3,74.33,83.3,0,0,1010,88,24,0,1.6,
11/12/2025 17:00,11/13/2025 0:00,Hoàn Kiếm,VN,Asia/Ho_Chi_Minh,177,155.8,20.7,71.3,75.7,75.67,79.7,0,0,1010,91,23.6,0,1.2,
11/12/2025 18:00,11/13/2025 1:00,Hoàn Kiếm,VN,Asia/Ho_Chi_Minh,179,158.7,21,65,77,77,76,0,0,1009,94,23.1,0,1.2,
11/12/2025 19:00,11/13/2025 2:00,Hoàn Kiếm,VN,Asia/Ho_Chi_Minh,184,166.5,22,58,81.3,81.33,73.7,0,0,1010,94,22.9,0,0.8,
11/12/2025 20:00,11/13/2025 3:00,Hoàn Kiếm,VN,Asia/Ho_Chi_Minh,190,174.3,23,51,85.7,85.67,71.3,78,0,1011,95,22.7,0,1.2,
11/12/2025 21:00,11/13/2025 4:00,Hoàn Kiếm,VN,Asia/Ho_Chi_Minh,196,182.1,24,44,90,90,69,72,0,1011,95,22.5,1.1,0.8,
11/12/2025 22:00,11/13/2025 5:00,Hoàn Kiếm,VN,Asia/Ho_Chi_Minh,151,200.2,24.7,37.7,188.8,151,66.7,31,0,1011,85,24.5,2.2,0.33,
11/12/2025 23:00,11/13/2025 6:00,Hoàn Kiếm,VN,Asia/Ho_Chi_Minh,155,218.3,25.3,31.3,193.8,155,64.3,1,0,1012,76,26.6,4.2,0.66,
11/13/2025 0:00,11/13/2025 7:00,Hoàn Kiếm,VN,Asia/Ho_Chi_Minh,152,236.4,26,25,190,152,62,25,0,1012,69,28.6,5.8,1,
11/13/2025 1:00,11/13/2025 8:00,Hoàn Kiếm,VN,Asia/Ho_Chi_Minh,165,191.4,23.7,52.7,206.3,165,83.3,20,0,1011,63,29.4,7,1,
11/13/2025 2:00,11/13/2025 9:00,Hoàn Kiếm,VN,Asia/Ho_Chi_Minh,167,146.5,21.3,80.3,208.3,166.67,104.7,16,0,1010,58,30.2,7.2,1,
11/13/2025 3:00,11/13/2025 10:00,Hoàn Kiếm,VN,Asia/Ho_Chi_Minh,174,101.5,19,108,217.5,174,126,12,0,1009,53,31,5.8,1,
11/13/2025 4:00,11/13/2025 11:00,Hoàn Kiếm,VN,Asia/Ho_Chi_Minh,249,94.9,16.7,107,158.7,129.67,106.7,5,0,1008,53,30.9,4.6,1.33,
11/13/2025 5:00,11/13/2025 12:00,Hoàn Kiếm,VN,Asia/Ho_Chi_Minh,190,88.3,14.3,106,99.8,85.33,87.3,5,0,1008,53,30.8,3.1,1.66,
11/13/2025 6:00,11/13/2025 13:00,Hoàn Kiếm,VN,Asia/Ho_Chi_Minh,115,81.7,12,105,41,41,68,26,0,1008,52,30.7,1.9,2,
11/13/2025 7:00,11/13/2025 14:00,Hoàn Kiếm,VN,Asia/Ho_Chi_Minh,126,82.1,12,105,49.4,45,63.7,27,0,1008,58,29.7,1.7,1.66,
11/13/2025 8:00,11/13/2025 15:00,Hoàn Kiếm,VN,Asia/Ho_Chi_Minh,137,82.5,12,105,57.8,49,59.3,32,0,1009,65,28.7,0,1.33,
11/13/2025 9:00,11/13/2025 16:00,Hoàn Kiếm,VN,Asia/Ho_Chi_Minh,148,82.9,12,105,66.3,53,55,40,0,1009,72,27.7,0,1,
11/13/2025 10:00,11/13/2025 17:00,Hoàn Kiếm,VN,Asia/Ho_Chi_Minh,138,97.3,15.7,93.7,58.5,49.33,61,43,0,1009,77,27,0,1,
11/13/2025 11:00,11/13/2025 18:00,Hoàn Kiếm,VN,Asia/Ho_Chi_Minh,128,111.7,19.3,82.3,50.8,45.67,67,50,0,1010,82,26.3,0,1,
11/13/2025 12:00,11/13/2025 19:00,Hoàn Kiếm,VN,Asia/Ho_Chi_Minh,118,126.1,23,71,43,42,73,34,0,1010,87,25.6,0,1,
11/13/2025 13:00,11/13/2025 20:00,Hoàn Kiếm,VN,Asia/Ho_Chi_Minh,116,138.3,24.3,64.7,42,41.33,76,62,0,1010,89,25.3,0,0.66,
11/13/2025 14:00,11/13/2025 21:00,Hoàn Kiếm,VN,Asia/Ho_Chi_Minh,114,150.6,25.7,58.3,41,40.67,79,77,0,1009,91,25,0,0.33,
11/13/2025 15:00,11/13/2025 22:00,Hoàn Kiếm,VN,Asia/Ho_Chi_Minh,112,162.8,27,52,40,40,82,36,0,1009,93,24.7,0,2,
11/13/2025 16:00,11/13/2025 23:00,Hoàn Kiếm,VN,Asia/Ho_Chi_Minh,122,163.4,26.3,50,44,43.67,79,61,0,1009,93,24.4,0,1.6,
11/13/2025 17:00,11/14/2025 0:00,Hoàn Kiếm,VN,Asia/Ho_Chi_Minh,132,164,25.7,48,48,47.33,76,68,0,1009,94,24,0,1.2,
11/13/2025 18:00,11/14/2025 1:00,Hoàn Kiếm,VN,Asia/Ho_Chi_Minh,142,164.6,25,46,52,51,73,70,0,1009,94,23.7,0,1.2,
11/13/2025 19:00,11/14/2025 2:00,Hoàn Kiếm,VN,Asia/Ho_Chi_Minh,178,168.9,25,41.3,87.6,76.33,68.3,95,0,1010,94,23.8,0,0.8,
11/13/2025 20:00,11/14/2025 3:00,Hoàn Kiếm,VN,Asia/Ho_Chi_Minh,227,173.1,25,36.7,141.3,113,63.7,100,0,1010,94,23.9,0,0.8,
11/13/2025 21:00,11/14/2025 4:00,Hoàn Kiếm,VN,Asia/Ho_Chi_Minh,245,177.4,25,32,158.8,127,59,75,0,1011,94,24,0.7,0.8,
11/13/2025 22:00,11/14/2025 5:00,Hoàn Kiếm,VN,Asia/Ho_Chi_Minh,152,174.7,24.7,34,190,152,66.7,75,0,1011,87,25.2,1.4,0.66,
11/13/2025 23:00,11/14/2025 6:00,Hoàn Kiếm,VN,Asia/Ho_Chi_Minh,158,172,24.3,36,197.5,158,74.3,75,0,1012,81,26.3,2,1.33,
11/14/2025 0:00,11/14/2025 7:00,Hoàn Kiếm,VN,Asia/Ho_Chi_Minh,159,169.2,24,38,63,62,82,75,0,1012,76,27.5,2.9,2,
11/14/2025 1:00,11/14/2025 8:00,Hoàn Kiếm,VN,Asia/Ho_Chi_Minh,273,149.8,21.7,50.3,185,148,88,70,0,1011,71,28.5,3,2,
11/14/2025 2:00,11/14/2025 9:00,Hoàn Kiếm,VN,Asia/Ho_Chi_Minh,256,130.3,19.3,62.7,168.8,135,94,66,0,1010,66,29.5,2.2,2,
11/14/2025 3:00,11/14/2025 10:00,Hoàn Kiếm,VN,Asia/Ho_Chi_Minh,245,110.9,17,75,158.8,127,100,62,0,1009,62,30.5,2,2,
11/14/2025 4:00,11/14/2025 11:00,Hoàn Kiếm,VN,Asia/Ho_Chi_Minh,242,108.5,14.3,87,156.3,125,95,99,0,1008,61,30.7,1.5,1.66,
11/14/2025 5:00,11/14/2025 12:00,Hoàn Kiếm,VN,Asia/Ho_Chi_Minh,242,106.2,11.7,99,156.3,125,90,89,0,1008,61,30.8,1.3,1.33,
11/14/2025 6:00,11/14/2025 13:00,Hoàn Kiếm,VN,Asia/Ho_Chi_Minh,123,103.9,9,111,45,44,85,17,0,1007,60,31,2,1,
11/14/2025 7:00,11/14/2025 14:00,Hoàn Kiếm,VN,Asia/Ho_Chi_Minh,229,106.6,9.3,117.7,143.8,115,86.7,6,0,1007,64,30,2,1.33,
11/14/2025 8:00,11/14/2025 15:00,Hoàn Kiếm,VN,Asia/Ho_Chi_Minh,227,109.3,9.7,124.3,141.3,113,88.3,8,0,1008,68,29.1,0,1.66,
11/14/2025 9:00,11/14/2025 16:00,Hoàn Kiếm,VN,Asia/Ho_Chi_Minh,229,112.1,10,131,143.8,115,90,5,0,1008,73,28.1,0,2,
11/14/2025 10:00,11/14/2025 17:00,Hoàn Kiếm,VN,Asia/Ho_Chi_Minh,232,153.1,18.7,107.7,146.3,117,100.3,2,0,1008,76,27.6,0,2,
11/14/2025 11:00,11/14/2025 18:00,Hoàn Kiếm,VN,Asia/Ho_Chi_Minh,201,194.1,27.3,84.3,117.1,93.67,110.7,1,0,1009,80,27,0,2,
11/14/2025 12:00,11/14/2025 19:00,Hoàn Kiếm,VN,Asia/Ho_Chi_Minh,187,235.2,36,61,103.8,83,121,0,0,1009,84,26.5,0,2,
11/14/2025 13:00,11/14/2025 20:00,Hoàn Kiếm,VN,Asia/Ho_Chi_Minh,179,208.3,32.7,53.7,91.2,77,108.7,0,0,1009,87,26.1,0,2,
11/14/2025 14:00,11/14/2025 21:00,Hoàn Kiếm,VN,Asia/Ho_Chi_Minh,171,181.5,29.3,46.3,78.6,71,96.3,4,0,1009,90,25.6,0,2,
11/14/2025 15:00,11/14/2025 22:00,Hoàn Kiếm,VN,Asia/Ho_Chi_Minh,163,154.7,26,39,66,65,84,6,0,1008,93,25.2,0,2,
11/14/2025 16:00,11/14/2025 23:00,Hoàn Kiếm,VN,Asia/Ho_Chi_Minh,151,148.2,26,33.3,55.3,54.33,75.3,6,0,1008,93,25,0,2,
11/14/2025 17:00,11/15/2025 0:00,Hoàn Kiếm,VN,Asia/Ho_Chi_Minh,122,141.8,26,27.7,44.7,43.67,66.7,8,0,1008,94,24.8,0,2,
11/14/2025 18:00,11/15/2025 1:00,Hoàn Kiếm,VN,Asia/Ho_Chi_Minh,95,135.4,26,22,34,33,58,21,0,1008,94,24.6,0,2,
11/14/2025 19:00,11/15/2025 2:00,Hoàn Kiếm,VN,Asia/Ho_Chi_Minh,189,133.8,26,20.3,106.3,85,57.3,100,0,1009,94,24.6,0,2,
11/14/2025 20:00,11/15/2025 3:00,Hoàn Kiếm,VN,Asia/Ho_Chi_Minh,192,132.3,26,18.7,108.8,87,56.7,100,0,1010,93,24.7,0,2,
11/14/2025 21:00,11/15/2025 4:00,Hoàn Kiếm,VN,Asia/Ho_Chi_Minh,205,130.7,26,17,121.3,97,56,75,0,1010,93,24.7,0.8,2,
11/14/2025 22:00,11/15/2025 5:00,Hoàn Kiếm,VN,Asia/Ho_Chi_Minh,211,93.8,18.7,12.7,126.3,101,42.7,75,0,1011,88,25.5,1,1.66,
11/14/2025 23:00,11/15/2025 6:00,Hoàn Kiếm,VN,Asia/Ho_Chi_Minh,205,56.9,11.3,8.3,121.3,97,29.3,75,0,1011,84,26.4,1.3,1.33,
11/15/2025 0:00,11/15/2025 7:00,Hoàn Kiếm,VN,Asia/Ho_Chi_Minh,205,20,4,4,121.3,97,16,75,0,1011,80,27.2,2.3,1,
11/15/2025 1:00,11/15/2025 8:00,Hoàn Kiếm,VN,Asia/Ho_Chi_Minh,203,41.5,8.3,17.3,118.8,95,49.3,70,0,1010,75,28.2,2.2,1,
11/15/2025 2:00,11/15/2025 9:00,Hoàn Kiếm,VN,Asia/Ho_Chi_Minh,192,63.1,12.7,30.7,108.8,87,82.7,66,0,1009,71,29.2,2.3,1,
11/15/2025 3:00,11/15/2025 10:00,Hoàn Kiếm,VN,Asia/Ho_Chi_Minh,184,84.6,17,44,101.3,81,116,62,0,1007,67,30.2,2.2,1,
11/15/2025 4:00,11/15/2025 11:00,Hoàn Kiếm,VN,Asia/Ho_Chi_Minh,189,84.2,14.7,61,106.3,85,107.7,58,0,1007,64,30.5,3.7,1,
11/15/2025 5:00,11/15/2025 12:00,Hoàn Kiếm,VN,Asia/Ho_Chi_Minh,188,83.8,12.3,78,104.6,83.67,99.3,54,0,1006,62,30.9,3.1,1,
11/15/2025 6:00,11/15/2025 13:00,Hoàn Kiếm,VN,Asia/Ho_Chi_Minh,189,83.5,10,95,106.3,85,91,50,0,1006,61,31.2,2.2,1,
11/15/2025 7:00,11/15/2025 14:00,Hoàn Kiếm,VN,Asia/Ho_Chi_Minh,187,85,9.7,103.3,103.8,83,88,45,0,1006,65,30.2,2,0.66,
11/15/2025 8:00,11/15/2025 15:00,Hoàn Kiếm,VN,Asia/Ho_Chi_Minh,184,20,4,4,101.3,81,16,41,0,1007,70,29.2,0,0.33,
11/15/2025 9:00,11/15/2025 16:00,Hoàn Kiếm,VN,Asia/Ho_Chi_Minh,187,88.1,9,120,103.8,83,82,37,0,1007,75,28.2,0,2.4,
11/15/2025 10:00,11/15/2025 17:00,Hoàn Kiếm,VN,Asia/Ho_Chi_Minh,184,107,14.3,99.7,101.3,81,84,2,0,1008,79,27.5,0,0.33,
11/15/2025 11:00,11/15/2025 18:00,Hoàn Kiếm,VN,Asia/Ho_Chi_Minh,185,125.9,19.7,79.3,102.1,81.67,86,2,0,1008,83,26.7,0,0.66,
11/15/2025 12:00,11/15/2025 19:00,Hoàn Kiếm,VN,Asia/Ho_Chi_Minh,184,144.7,25,59,101.3,81,88,4,0,1009,87,26,0,1,
11/15/2025 13:00,11/15/2025 20:00,Hoàn Kiếm,VN,Asia/Ho_Chi_Minh,161,130.9,24.3,49,77.8,64,78.7,0,0,1008,89,25.7,0,0.66,
11/15/2025 14:00,11/15/2025 21:00,Hoàn Kiếm,VN,Asia/Ho_Chi_Minh,131,117.1,23.7,39,54.4,47,69.3,1,0,1008,91,25.4,0,0.33,
11/15/2025 15:00,11/15/2025 22:00,Hoàn Kiếm,VN,Asia/Ho_Chi_Minh,89,103.3,23,29,31,30,60,3,0,1008,93,25.1,0,1.6,
11/15/2025 16:00,11/15/2025 23:00,Hoàn Kiếm,VN,Asia/Ho_Chi_Minh,87,105,23,26.3,30.3,29,57,7,0,1008,94,24.9,0,0.33,
11/15/2025 17:00,11/16/2025 0:00,Hoàn Kiếm,VN,Asia/Ho_Chi_Minh,85,106.8,23,23.7,29.7,28,54,19,0,1008,94,24.7,0,0.66,
11/15/2025 18:00,11/16/2025 1:00,Hoàn Kiếm,VN,Asia/Ho_Chi_Minh,82,108.5,23,21,29,27,51,75,0,1008,95,24.5,0,1,
11/15/2025 19:00,11/16/2025 2:00,Hoàn Kiếm,VN,Asia/Ho_Chi_Minh,142,108.9,23,19.3,63.8,51,49.3,83,0,1009,93,24.9,0,0.66,
11/15/2025 20:00,11/16/2025 3:00,Hoàn Kiếm,VN,Asia/Ho_Chi_Minh,142,109.3,23,17.7,63.8,51,47.7,91,0,1010,91,25.3,0,0.33,
11/15/2025 21:00,11/16/2025 4:00,Hoàn Kiếm,VN,Asia/Ho_Chi_Minh,160,109.7,23,16,78.8,63,46,100,0,1011,89,25.7,0.7,1.6,
11/15/2025 22:00,11/16/2025 5:00,Hoàn Kiếm,VN,Asia/Ho_Chi_Minh,158,115.4,22.3,15.3,77.1,61.67,48.3,95,0,1011,84,26.6,0.9,1.6,
11/15/2025 23:00,11/16/2025 6:00,Hoàn Kiếm,VN,Asia/Ho_Chi_Minh,163,121,21.7,14.7,81.3,65,50.7,91,0,1012,79,27.6,1.3,0.8,
11/16/2025 0:00,11/16/2025 7:00,Hoàn Kiếm,VN,Asia/Ho_Chi_Minh,155,126.6,21,14,73.8,59,53,87,0,1012,74,28.5,1.8,0.8,
11/16/2025 1:00,11/16/2025 8:00,Hoàn Kiếm,VN,Asia/Ho_Chi_Minh,168,110.7,19.7,27,86.3,69,67,83,0,1011,68,29.4,2.9,0.4,
11/16/2025 2:00,11/16/2025 9:00,Hoàn Kiếm,VN,Asia/Ho_Chi_Minh,176,94.7,18.3,40,93.8,75,81,79,0,1010,62,30.3,3.9,0.8,
11/16/2025 3:00,11/16/2025 10:00,Hoàn Kiếm,VN,Asia/Ho_Chi_Minh,152,78.8,17,53,71.3,57,95,75,0,1009,57,31.2,5.5,0.8,
11/16/2025 4:00,11/16/2025 11:00,Hoàn Kiếm,VN,Asia/Ho_Chi_Minh,152,77.6,15.3,61.7,71.3,57,85,25,0,1009,55,31.3,3.9,0.8,
11/16/2025 5:00,11/16/2025 12:00,Hoàn Kiếm,VN,Asia/Ho_Chi_Minh,152,76.5,13.7,70.3,71.3,57,75,9,0,1008,53,31.5,3,0.8,
11/16/2025 6:00,11/16/2025 13:00,Hoàn Kiếm,VN,Asia/Ho_Chi_Minh,152,75.3,12,79,71.3,57,65,7,0,1008,51,31.6,2.2,1.2,
11/16/2025 7:00,11/16/2025 14:00,Hoàn Kiếm,VN,Asia/Ho_Chi_Minh,181,10,8,4,98.8,79,14,11,0,1008,59,30.4,1.9,1,
11/16/2025 8:00,11/16/2025 15:00,Hoàn Kiếm,VN,Asia/Ho_Chi_Minh,157,76.8,12.7,83.7,76.3,61,53.7,9,0,1009,68,29.2,0,2,
11/16/2025 9:00,11/16/2025 16:00,Hoàn Kiếm,VN,Asia/Ho_Chi_Minh,85,77.6,13,86,29,28,48,7,0,1009,79,28,0,3,
11/16/2025 10:00,11/16/2025 17:00,Hoàn Kiếm,VN,Asia/Ho_Chi_Minh,155,55.1,11.3,58.7,73.8,59,37.3,5,0,1010,82,27.3,0,2,
11/16/2025 11:00,11/16/2025 18:00,Hoàn Kiếm,VN,Asia/Ho_Chi_Minh,165,10,4,4,83.8,67,16,4,0,1010,86,26.7,0,1,
11/16/2025 12:00,11/16/2025 19:00,Hoàn Kiếm,VN,Asia/Ho_Chi_Minh,171,10,8,4,88.8,71,16,11,0,1011,89,26,0,2,
11/16/2025 13:00,11/16/2025 20:00,Hoàn Kiếm,VN,Asia/Ho_Chi_Minh,153,49.7,14.7,11.3,70.2,58,34.3,29,0,1011,91,25.7,0,1.6,
11/16/2025 14:00,11/16/2025 21:00,Hoàn Kiếm,VN,Asia/Ho_Chi_Minh,126,89.3,21.3,18.7,51.6,45,52.7,46,0,1011,92,25.3,0,1.2,
11/16/2025 15:00,11/16/2025 22:00,Hoàn Kiếm,VN,Asia/Ho_Chi_Minh,93,129,28,26,33,32,71,61,0,1011,94,25,0,1.2,
11/16/2025 16:00,11/16/2025 23:00,Hoàn Kiếm,VN,Asia/Ho_Chi_Minh,109,142.2,30.3,21,39.7,38.67,69.7,57,0,1011,94,24.9,0,0.4,
11/16/2025 17:00,11/17/2025 0:00,Hoàn Kiếm,VN,Asia/Ho_Chi_Minh,127,155.4,32.7,16,46.3,45.33,68.3,50,0,1011,95,24.8,0,0.4,
11/16/2025 18:00,11/17/2025 1:00,Hoàn Kiếm,VN,Asia/Ho_Chi_Minh,145,168.7,35,11,53,52,67,75,0,1011,95,24.7,0,0.8,
11/16/2025 19:00,11/17/2025 2:00,Hoàn Kiếm,VN,Asia/Ho_Chi_Minh,123,165.2,34,8.3,55,44,57,54,0,1011,95,24.5,0,1.2,
11/16/2025 20:00,11/17/2025 3:00,Hoàn Kiếm,VN,Asia/Ho_Chi_Minh,176,161.7,33,5.7,93.8,75,47,33,0,1012,94,24.4,0,1.2,
11/16/2025 21:00,11/17/2025 4:00,Hoàn Kiếm,VN,Asia/Ho_Chi_Minh,155,158.2,32,3,60,59,37,12,0,1013,94,24.2,0.7,1.6,
11/16/2025 22:00,11/17/2025 5:00,Hoàn Kiếm,VN,Asia/Ho_Chi_Minh,197,165.5,29.3,6,113.8,91,43.3,25,0,1014,85,25.5,1.7,0.33,
11/16/2025 23:00,11/17/2025 6:00,Hoàn Kiếm,VN,Asia/Ho_Chi_Minh,184,172.9,26.7,9,101.3,81,49.7,37,0,1014,77,26.9,1.8,0.66,
11/17/2025 0:00,11/17/2025 7:00,Hoàn Kiếm,VN,Asia/Ho_Chi_Minh,165,180.3,24,12,83.8,67,56,50,0,1015,69,28.2,2.5,1,
11/17/2025 1:00,11/17/2025 8:00,Hoàn Kiếm,VN,Asia/Ho_Chi_Minh,165,145.5,23,23,83.8,67,86,41,0,1014,64,29,5.4,0.66,
11/17/2025 2:00,11/17/2025 9:00,Hoàn Kiếm,VN,Asia/Ho_Chi_Minh,176,110.7,22,34,93.8,75,116,33,0,1013,59,29.7,6,0.33,
11/17/2025 3:00,11/17/2025 10:00,Hoàn Kiếm,VN,Asia/Ho_Chi_Minh,74,75.9,21,45,24,23,146,25,0,1012,54,30.5,5.8,0.4,
11/17/2025 4:00,11/17/2025 11:00,Hoàn Kiếm,VN,Asia/Ho_Chi_Minh,155,75.5,18.3,57,73.8,59,131,20,0,1012,54,30.8,4.1,0.33,
11/17/2025 5:00,11/17/2025 12:00,Hoàn Kiếm,VN,Asia/Ho_Chi_Minh,148,75.1,15.7,69,66.3,53,116,16,0,1011,54,31.2,2.9,0.66,
11/17/2025 6:00,11/17/2025 13:00,Hoàn Kiếm,VN,Asia/Ho_Chi_Minh,110,74.7,13,81,48.8,39,101,12,0,1011,54,31.5,2,1,
11/17/2025 7:00,11/17/2025 14:00,Hoàn Kiếm,VN,Asia/Ho_Chi_Minh,110,78.6,13.7,85.3,48.8,39,94.3,11,0,1011,59,29.9,1.9,0.66,
11/17/2025 8:00,11/17/2025 15:00,Hoàn Kiếm,VN,Asia/Ho_Chi_Minh,107,10,8,4,47.5,38,14,8,0,1012,65,28.2,0,0.33,
11/17/2025 9:00,11/17/2025 16:00,Hoàn Kiếm,VN,Asia/Ho_Chi_Minh,78,86.4,15,94,25,25,81,9,0,1012,71,26.6,0,2,
11/17/2025 10:00,11/17/2025 17:00,Hoàn Kiếm,VN,Asia/Ho_Chi_Minh,118,10,4,4,52.5,42,16,13,0,1013,73,26.4,0,0.33,
11/17/2025 11:00,11/17/2025 18:00,Hoàn Kiếm,VN,Asia/Ho_Chi_Minh,157,10,4,4,76.3,61,16,9,0,1013,75,26.2,0,0.66,
11/17/2025 12:00,11/17/2025 19:00,Hoàn Kiếm,VN,Asia/Ho_Chi_Minh,165,10,8,4,83.8,67,16,11,0,1014,77,26,0,1,
11/17/2025 13:00,11/17/2025 20:00,Hoàn Kiếm,VN,Asia/Ho_Chi_Minh,165,10,8,4,83.8,67,16,12,0,1014,82,25.2,0,0.66,
11/17/2025 14:00,11/17/2025 21:00,Hoàn Kiếm,VN,Asia/Ho_Chi_Minh,171,16.7,8,4,88.8,71,16,8,0,1014,87,24.3,0,0.33,
11/17/2025 15:00,11/17/2025 22:00,Hoàn Kiếm,VN,Asia/Ho_Chi_Minh,173,20,8,4,91.3,73,16,16,0,1014,92,23.5,0,1.6,
11/17/2025 16:00,11/17/2025 23:00,Hoàn Kiếm,VN,Asia/Ho_Chi_Minh,169,62.6,12.7,16.3,87.1,69.67,34.3,13,0,1014,93,23.2,0,1.2,
11/17/2025 17:00,11/18/2025 0:00,Hoàn Kiếm,VN,Asia/Ho_Chi_Minh,160,105.1,17.3,28.7,78.8,63,52.7,16,0,1014,94,23,0,0.8,
11/17/2025 18:00,11/18/2025 1:00,Hoàn Kiếm,VN,Asia/Ho_Chi_Minh,160,147.7,22,41,78.8,63,71,87,0,1014,95,22.7,0,0.4,
11/17/2025 19:00,11/18/2025 2:00,Hoàn Kiếm,VN,Asia/Ho_Chi_Minh,173,151.3,22.7,37.3,91.3,73,68.7,31,0,1014,96,23.3,0,0.8,
11/17/2025 20:00,11/18/2025 3:00,Hoàn Kiếm,VN,Asia/Ho_Chi_Minh,174,155,23.3,33.7,92.1,73.67,66.3,92,0,1014,96,23.3,0,0.8,
11/17/2025 21:00,11/18/2025 4:00,Hoàn Kiếm,VN,Asia/Ho_Chi_Minh,181,158.7,24,30,98.8,79,64,100,0,1015,98,23,0.7,1.2,
11/17/2025 22:00,11/18/2025 5:00,Hoàn Kiếm,VN,Asia/Ho_Chi_Minh,232,109.2,17.3,21.3,146.3,117,48,81,0,1016,100,22.2,1.2,1.6,
11/17/2025 23:00,11/18/2025 6:00,Hoàn Kiếm,VN,Asia/Ho_Chi_Minh,261,59.6,10.7,12.7,173.8,139,32,49,0,1016,91,24.4,2.7,2.4,
11/18/2025 0:00,11/18/2025 7:00,Hoàn Kiếm,VN,Asia/Ho_Chi_Minh,264,10,4,4,176.3,141,16,33,0,1016,82,26.7,4.3,2.4,
11/18/2025 1:00,11/18/2025 8:00,Hoàn Kiếm,VN,Asia/Ho_Chi_Minh,266,38.6,5.7,33,178.8,143,45.3,23,0,1015,78,27.4,5.7,2.4,
11/18/2025 2:00,11/18/2025 9:00,Hoàn Kiếm,VN,Asia/Ho_Chi_Minh,255,67.1,7.3,62,167.9,134.33,74.7,26,0,1015,70,28.5,5.7,2.4,
11/18/2025 3:00,11/18/2025 10:00,Hoàn Kiếm,VN,Asia/Ho_Chi_Minh,250,95.7,9,91,163.8,131,104,41,0,1013,67,28.9,4.4,2,
11/18/2025 4:00,11/18/2025 11:00,Hoàn Kiếm,VN,Asia/Ho_Chi_Minh,192,94.7,8.7,91.7,108.8,87,95.7,54,0,1013,67,28.9,2.9,1.6,
11/18/2025 5:00,11/18/2025 12:00,Hoàn Kiếm,VN,Asia/Ho_Chi_Minh,173,93.8,8.3,92.3,91.3,73,87.3,54,0,1012,67,28.1,2,2,
11/18/2025 6:00,11/18/2025 13:00,Hoàn Kiếm,VN,Asia/Ho_Chi_Minh,160,92.8,8,93,78.8,63,79,75,0,1012,66,28.1,1.1,1.6,
11/18/2025 7:00,11/18/2025 14:00,Hoàn Kiếm,VN,Asia/Ho_Chi_Minh,153,100,8.3,95.3,72.5,58,80.3,38,0,1012,87,24.8,1.5,1.2,
11/18/2025 8:00,11/18/2025 15:00,Hoàn Kiếm,VN,Asia/Ho_Chi_Minh,150,10,8,4,67.5,54,16,38,0,1013,89,24.8,0,2,
11/18/2025 9:00,11/18/2025 16:00,Hoàn Kiếm,VN,Asia/Ho_Chi_Minh,134,114.4,9,100,60,48,83,35,0,1013,91,24.8,0,1.6,
11/18/2025 10:00,11/18/2025 17:00,Hoàn Kiếm,VN,Asia/Ho_Chi_Minh,126,142.8,14.3,84.3,56.3,45,93.3,33,0,1014,91,24.8,0,1.6,
11/18/2025 11:00,11/18/2025 18:00,Hoàn Kiếm,VN,Asia/Ho_Chi_Minh,126,171.2,19.7,68.7,56.3,45,103.7,32,0,1015,94,24.4,0,1.2,
11/18/2025 12:00,11/18/2025 19:00,Hoàn Kiếm,VN,Asia/Ho_Chi_Minh,139,199.6,25,53,62.5,50,114,34,0,1015,98,23.3,0,0.8,
11/18/2025 13:00,11/18/2025 20:00,Hoàn Kiếm,VN,Asia/Ho_Chi_Minh,153,136.4,19.3,36.7,72.1,57.67,81.3,25,0,1015,98,23.3,0,1.2,
11/18/2025 14:00,11/18/2025 21:00,Hoàn Kiếm,VN,Asia/Ho_Chi_Minh,145,10,8,4,65,52,16,23,0,1015,93,23,0,1.2,
11/18/2025 15:00,11/18/2025 22:00,Hoàn Kiếm,VN,Asia/Ho_Chi_Minh,173,10,8,4,91.3,73,16,27,0,1015,91,23,0,1.2,
11/18/2025 16:00,11/18/2025 23:00,Hoàn Kiếm,VN,Asia/Ho_Chi_Minh,155,10,8,4,73.8,59,16,32,0,1015,85,23.3,0,1.6,
11/18/2025 17:00,11/19/2025 0:00,Hoàn Kiếm,VN,Asia/Ho_Chi_Minh,150,10,4,4,67.5,54,16,35,0,1015,83,23,0,1.6,
11/18/2025 18:00,11/19/2025 1:00,Hoàn Kiếm,VN,Asia/Ho_Chi_Minh,176,10,8,4,93.8,75,16,30,0,1016,83,23,0,1.2,
11/18/2025 19:00,11/19/2025 2:00,Hoàn Kiếm,VN,Asia/Ho_Chi_Minh,168,66.4,8.7,22.7,86.3,69,45.7,41,0,1016,87,22.6,0,1.2,
11/18/2025 20:00,11/19/2025 3:00,Hoàn Kiếm,VN,Asia/Ho_Chi_Minh,165,122.8,9.3,41.3,83.8,67,75.3,33,0,1016,85,22.6,0,1.6,
11/18/2025 21:00,11/19/2025 4:00,Hoàn Kiếm,VN,Asia/Ho_Chi_Minh,160,179.2,10,60,78.8,63,105,35,0,1017,85,22.6,1.6,2,
11/18/2025 22:00,11/19/2025 5:00,Hoàn Kiếm,VN,Asia/Ho_Chi_Minh,160,122.8,9.3,41.3,78.8,63,75.3,15,0,1017,78,23.3,2.4,2,
11/18/2025 23:00,11/19/2025 6:00,Hoàn Kiếm,VN,Asia/Ho_Chi_Minh,160,66.4,8.7,22.7,78.8,63,45.7,14,0,1018,64,25.6,3.6,2.8,
11/19/2025 0:00,11/19/2025 7:00,Hoàn Kiếm,VN,Asia/Ho_Chi_Minh,152,10,8,4,71.3,57,16,21,0,1018,60,26.7,4.8,2.8,
11/19/2025 1:00,11/19/2025 8:00,Hoàn Kiếm,VN,Asia/Ho_Chi_Minh,148,10,8,4,66.7,53.33,16,22,0,1017,58,27,5.7,2.4,
11/19/2025 2:00,11/19/2025 9:00,Hoàn Kiếm,VN,Asia/Ho_Chi_Minh,152,10,8,4,71.3,57,16,29,0,1016,53,28.1,5.6,2,
11/19/2025 3:00,11/19/2025 10:00,Hoàn Kiếm,VN,Asia/Ho_Chi_Minh,129,10,8,4,57.5,46,16,36,0,1015,53,28.5,4.6,1.6,
11/19/2025 4:00,11/19/2025 11:00,Hoàn Kiếm,VN,Asia/Ho_Chi_Minh,123,10,8,4,55,44,14,36,0,1014,53,28.5,3.5,1.2,
11/19/2025 5:00,11/19/2025 12:00,Hoàn Kiếm,VN,Asia/Ho_Chi_Minh,98,87.4,6.7,82.7,37.8,34,84,38,0,1013,55,28.5,2.3,0.8,
11/19/2025 6:00,11/19/2025 13:00,Hoàn Kiếm,VN,Asia/Ho_Chi_Minh,85,126.1,6,122,28,28,118,41,0,1013,53,28.5,1.6,0.4,
11/19/2025 7:00,11/19/2025 14:00,Hoàn Kiếm,VN,Asia/Ho_Chi_Minh,98,10,8,4,42.5,34,14,15,0,1013,71,25.9,1.8,1.2,
11/19/2025 8:00,11/19/2025 15:00,Hoàn Kiếm,VN,Asia/Ho_Chi_Minh,107,121.4,6.7,125.3,47.5,38,114.7,21,0,1013,70,25.9,0,1.6,
11/19/2025 9:00,11/19/2025 16:00,Hoàn Kiếm,VN,Asia/Ho_Chi_Minh,104,119.1,7,127,46.3,37,113,24,0,1014,76,25.2,0,2,
11/19/2025 10:00,11/19/2025 17:00,Hoàn Kiếm,VN,Asia/Ho_Chi_Minh,104,139.5,11.7,106.3,46.3,37,112.3,33,0,1015,75,25.2,0,2.8,
11/19/2025 11:00,11/19/2025 18:00,Hoàn Kiếm,VN,Asia/Ho_Chi_Minh,121,159.9,16.3,85.7,53.8,43,111.7,28,0,1016,80,24.1,0,2.8,
11/19/2025 12:00,11/19/2025 19:00,Hoàn Kiếm,VN,Asia/Ho_Chi_Minh,189,180.3,21,65,85,85,111,35,0,1016,89,22.6,0,2,
11/19/2025 13:00,11/19/2025 20:00,Hoàn Kiếm,VN,Asia/Ho_Chi_Minh,131,10,4,4,58.8,47,16,38,0,1016,87,23,0,1.2,
11/19/2025 14:00,11/19/2025 21:00,Hoàn Kiếm,VN,Asia/Ho_Chi_Minh,152,10,8,4,71.3,57,16,45,0,1016,91,22.6,0,0.8,
11/19/2025 15:00,11/19/2025 22:00,Hoàn Kiếm,VN,Asia/Ho_Chi_Minh,183,149.4,14,49,80,80,69,33,0,1016,91,22.6,0,0.4,
11/19/2025 16:00,11/19/2025 23:00,Hoàn Kiếm,VN,Asia/Ho_Chi_Minh,115,145.9,13,50,51.3,41,69,25,0,1016,89,22.2,0,1.2,
11/19/2025 17:00,11/20/2025 0:00,Hoàn Kiếm,VN,Asia/Ho_Chi_Minh,107,142.4,12,51,47.5,38,69,36,0,1016,83,21.9,0,1.6,
11/19/2025 18:00,11/20/2025 1:00,Hoàn Kiếm,VN,Asia/Ho_Chi_Minh,129,138.9,11,52,46,46,69,47,0,1016,78,21.9,0,2,
11/19/2025 19:00,11/20/2025 2:00,Hoàn Kiếm,VN,Asia/Ho_Chi_Minh,121,135.2,10.7,54.3,46.5,43.33,75.7,97,0,1016,76,21.9,0,2.4,
11/19/2025 20:00,11/20/2025 3:00,Hoàn Kiếm,VN,Asia/Ho_Chi_Minh,114,131.5,10.3,56.7,47,40.67,82.3,99,0,1016,72,21.5,0,2.8,
11/19/2025 21:00,11/20/2025 4:00,Hoàn Kiếm,VN,Asia/Ho_Chi_Minh,107,127.8,10,59,47.5,38,89,88,0,1017,69,21.9,0.8,3.2,
11/19/2025 22:00,11/20/2025 5:00,Hoàn Kiếm,VN,Asia/Ho_Chi_Minh,157,134.4,10.3,55.7,76.3,61,93.7,67,0,1018,66,21.9,1.5,3.6,
11/19/2025 23:00,11/20/2025 6:00,Hoàn Kiếm,VN,Asia/Ho_Chi_Minh,165,10,4,4,83.8,67,16,59,0,1019,57,23.7,2.4,3.6,
11/20/2025 0:00,11/20/2025 7:00,Hoàn Kiếm,VN,Asia/Ho_Chi_Minh,61,147.7,11,49,17,17,103,46,0,1019,54,25.2,3.8,3.2,
11/20/2025 1:00,11/20/2025 8:00,Hoàn Kiếm,VN,Asia/Ho_Chi_Minh,155,145.3,9.7,56.3,73.8,59,110.3,41,0,1018,55,25.2,4.8,2.8,
11/20/2025 2:00,11/20/2025 9:00,Hoàn Kiếm,VN,Asia/Ho_Chi_Minh,126,143,8.3,63.7,56.3,45,117.7,25,0,1017,52,26.3,5.7,2.4,
11/20/2025 3:00,11/20/2025 10:00,Hoàn Kiếm,VN,Asia/Ho_Chi_Minh,126,140.6,7,71,56.3,45,125,24,0,1016,51,26.7,5.1,1.6,
11/20/2025 4:00,11/20/2025 11:00,Hoàn Kiếm,VN,Asia/Ho_Chi_Minh,107,136.8,6.3,88,47.5,38,123,13,0,1015,49,27,4.2,1.6,
11/20/2025 5:00,11/20/2025 12:00,Hoàn Kiếm,VN,Asia/Ho_Chi_Minh,104,132.9,5.7,105,46.3,37,121,11,0,1014,51,26.7,2.9,1.2,
11/20/2025 6:00,11/20/2025 13:00,Hoàn Kiếm,VN,Asia/Ho_Chi_Minh,76,129,5,122,24,24,119,5,0,1014,48,27,2.2,0.8,
11/20/2025 7:00,11/20/2025 14:00,Hoàn Kiếm,VN,Asia/Ho_Chi_Minh,107,125.7,5.3,122,47.5,38,113.3,8,0,1014,65,24.4,1.9,0.8,
11/20/2025 8:00,11/20/2025 15:00,Hoàn Kiếm,VN,Asia/Ho_Chi_Minh,110,122.4,5.7,122,48.8,39,107.7,12,0,1014,66,23.7,0,1.2,
11/20/2025 9:00,11/20/2025 16:00,Hoàn Kiếm,VN,Asia/Ho_Chi_Minh,110,119.1,6,122,48.8,39,102,11,0,1015,74,23,0,0,
11/20/2025 10:00,11/20/2025 17:00,Hoàn Kiếm,VN,Asia/Ho_Chi_Minh,110,10,8,4,48.8,39,14,11,0,1016,71,23.3,0,1.2,
11/20/2025 11:00,11/20/2025 18:00,Hoàn Kiếm,VN,Asia/Ho_Chi_Minh,151,53,4.7,43.3,70.4,56.33,44.7,13,0,1016,69,23.3,0,2,
11/20/2025 12:00,11/20/2025 19:00,Hoàn Kiếm,VN,Asia/Ho_Chi_Minh,163,20,4,4,81.3,65,16,8,0,1016,74,21.9,0,2,
11/20/2025 13:00,11/20/2025 20:00,Hoàn Kiếm,VN,Asia/Ho_Chi_Minh,152,20,8,4,71.3,57,16,9,0,1017,72,21.9,0,2,
11/20/2025 14:00,11/20/2025 21:00,Hoàn Kiếm,VN,Asia/Ho_Chi_Minh,150,13.3,6.7,4,67.5,54,16,13,0,1017,74,20.7,0,2,
11/20/2025 15:00,11/20/2025 22:00,Hoàn Kiếm,VN,Asia/Ho_Chi_Minh,148,10,8,4,66.3,53,16,14,0,1017,72,21.1,0,1.6,
11/20/2025 16:00,11/20/2025 23:00,Hoàn Kiếm,VN,Asia/Ho_Chi_Minh,187,48.3,8.7,25.7,103.8,83,40,13,0,1016,72,20.7,0,1.6,
11/20/2025 17:00,11/21/2025 0:00,Hoàn Kiếm,VN,Asia/Ho_Chi_Minh,182,86.6,9.3,47.3,99.6,79.67,64,16,0,1016,72,20.4,0,1.6,
11/20/2025 18:00,11/21/2025 1:00,Hoàn Kiếm,VN,Asia/Ho_Chi_Minh,200,124.9,10,69,116.3,93,88,19,0,1016,74,20,0,1.6,
11/20/2025 19:00,11/21/2025 2:00,Hoàn Kiếm,VN,Asia/Ho_Chi_Minh,148,128,10,65.3,66.3,53,87,14,0,1016,74,19.6,0,1.6,
11/20/2025 20:00,11/21/2025 3:00,Hoàn Kiếm,VN,Asia/Ho_Chi_Minh,148,131.1,10,61.7,66.3,53,86,9,0,1017,75,19.3,0,1.6,
11/20/2025 21:00,11/21/2025 4:00,Hoàn Kiếm,VN,Asia/Ho_Chi_Minh,123,134.2,10,58,55,44,85,15,0,1018,72,20,1.9,2.4,
11/20/2025 22:00,11/21/2025 5:00,Hoàn Kiếm,VN,Asia/Ho_Chi_Minh,121,140.6,10.7,53,53.8,43,86.3,8,0,1019,69,20,2.5,3.2,
11/20/2025 23:00,11/21/2025 6:00,Hoàn Kiếm,VN,Asia/Ho_Chi_Minh,120,147.1,11.3,48,53.3,42.67,87.7,10,0,1019,61,21.9,3.7,3.2,
11/21/2025 0:00,11/21/2025 7:00,Hoàn Kiếm,VN,Asia/Ho_Chi_Minh,118,153.5,12,43,52.5,42,89,12,0,1019,59,23.3,5,2.8,
11/21/2025 1:00,11/21/2025 8:00,Hoàn Kiếm,VN,Asia/Ho_Chi_Minh,155,147.3,10.3,52,73.8,59,96,6,0,1018,59,23.3,6.4,2.4,
11/21/2025 2:00,11/21/2025 9:00,Hoàn Kiếm,VN,Asia/Ho_Chi_Minh,155,141,8.7,61,73.8,59,103,5,0,1017,55,24.8,6.6,2,
11/21/2025 3:00,11/21/2025 10:00,Hoàn Kiếm,VN,Asia/Ho_Chi_Minh,123,134.8,7,70,55,44,110,5,0,1016,54,25.2,5.9,1.6,
11/21/2025 4:00,11/21/2025 11:00,Hoàn Kiếm,VN,Asia/Ho_Chi_Minh,118,128.6,6.3,85.3,52.5,42,107.3,0,0,1014,54,25.2,4.6,1.6,
11/21/2025 5:00,11/21/2025 12:00,Hoàn Kiếm,VN,Asia/Ho_Chi_Minh,130,122.4,5.7,100.7,58.3,46.67,104.7,2,0,1014,54,25.6,3.1,1.2,
11/21/2025 6:00,11/21/2025 13:00,Hoàn Kiếm,VN,Asia/Ho_Chi_Minh,134,116.1,5,116,60,48,102,3,0,1014,53,25.6,2.2,0.8,
11/21/2025 7:00,11/21/2025 14:00,Hoàn Kiếm,VN,Asia/Ho_Chi_Minh,134,115.2,5.3,118.7,60,48,101.7,1,0,1014,69,22.2,2,1.6,
11/21/2025 8:00,11/21/2025 15:00,Hoàn Kiếm,VN,Asia/Ho_Chi_Minh,115,114.2,5.7,121.3,51.3,41,101.3,1,0,1014,72,21.9,0,2,
11/21/2025 9:00,11/21/2025 16:00,Hoàn Kiếm,VN,Asia/Ho_Chi_Minh,121,113.2,6,124,53.8,43,101,2,0,1015,71,22.2,0,1.6,
11/21/2025 10:00,11/21/2025 17:00,Hoàn Kiếm,VN,Asia/Ho_Chi_Minh,137,139.7,11,105.7,61.3,49,104,4,0,1016,78,21.5,0,1.2,
11/21/2025 11:00,11/21/2025 18:00,Hoàn Kiếm,VN,Asia/Ho_Chi_Minh,115,166.1,16,87.3,51.3,41,107,14,0,1016,83,20.7,0,1.6,
11/21/2025 12:00,11/21/2025 19:00,Hoàn Kiếm,VN,Asia/Ho_Chi_Minh,157,192.6,21,69,76.3,61,110,35,0,1017,83,20.4,0,1.6,
11/21/2025 13:00,11/21/2025 20:00,Hoàn Kiếm,VN,Asia/Ho_Chi_Minh,157,20,8,4,76.3,61,16,52,0,1017,81,20.4,0,1.6,
11/21/2025 14:00,11/21/2025 21:00,Hoàn Kiếm,VN,Asia/Ho_Chi_Minh,208,20,8,4,123.8,99,16,81,0,1017,81,20,0,1.6,
11/21/2025 15:00,11/21/2025 22:00,Hoàn Kiếm,VN,Asia/Ho_Chi_Minh,256,154.1,13,66,168.8,135,84,87,0,1016,77,20.4,0,1.6,
11/21/2025 16:00,11/21/2025 23:00,Hoàn Kiếm,VN,Asia/Ho_Chi_Minh,242,146.7,12.7,65,156.3,125,82,84,0,1016,76,20.4,0,2,
11/21/2025 17:00,11/22/2025 0:00,Hoàn Kiếm,VN,Asia/Ho_Chi_Minh,235,139.3,12.3,64,148.8,119,80,80,0,1016,74,20,0,2,
11/21/2025 18:00,11/22/2025 1:00,Hoàn Kiếm,VN,Asia/Ho_Chi_Minh,216,131.9,12,63,131.3,105,78,70,0,1016,70,20.4,0,2.4,
11/21/2025 19:00,11/22/2025 2:00,Hoàn Kiếm,VN,Asia/Ho_Chi_Minh,216,91.3,9.3,43.3,131.3,105,57.3,57,0,1016,70,20,0,2,
11/21/2025 20:00,11/22/2025 3:00,Hoàn Kiếm,VN,Asia/Ho_Chi_Minh,171,10,4,4,88.8,71,16,46,0,1017,70,19.6,0,2.4,
11/21/2025 21:00,11/22/2025 4:00,Hoàn Kiếm,VN,Asia/Ho_Chi_Minh,168,10,4,4,86.3,69,16,25,0,1019,64,21,1.3,2,
11/21/2025 22:00,11/22/2025 5:00,Hoàn Kiếm,VN,Asia/Ho_Chi_Minh,165,10,4,4,82.9,66.33,16,45,0,1019,62,21.8,1.7,2.33,
11/21/2025 23:00,11/22/2025 6:00,Hoàn Kiếm,VN,Asia/Ho_Chi_Minh,157,10,4,4,76.3,61,16,66,0,1019,60,22.5,2.2,2.66,
11/22/2025 0:00,11/22/2025 7:00,Hoàn Kiếm,VN,Asia/Ho_Chi_Minh,157,10,4,4,76.3,61,16,87,0,1020,59,23.3,3,3,
11/22/2025 1:00,11/22/2025 8:00,Hoàn Kiếm,VN,Asia/Ho_Chi_Minh,152,141,7.7,5.9,71.3,57,19.3,83,0,1019,55,24.2,3.6,2.66,
11/22/2025 2:00,11/22/2025 9:00,Hoàn Kiếm,VN,Asia/Ho_Chi_Minh,142,272,11.3,7.8,85.4,51,22.7,79,0,1017,52,25.1,3.6,2.33,
11/22/2025 3:00,11/22/2025 10:00,Hoàn Kiếm,VN,Asia/Ho_Chi_Minh,129,403,15,9.7,90,46,26,75,0,1016,48,26,3.2,2,
11/22/2025 4:00,11/22/2025 11:00,Hoàn Kiếm,VN,Asia/Ho_Chi_Minh,123,309.7,12,44.5,76.7,44,50.3,70,0,1016,48,26.3,2.5,2,
11/22/2025 5:00,11/22/2025 12:00,Hoàn Kiếm,VN,Asia/Ho_Chi_Minh,112,216.4,9,79.2,50,40,74.7,66,0,1015,48,26.5,1.9,2,
11/22/2025 6:00,11/22/2025 13:00,Hoàn Kiếm,VN,Asia/Ho_Chi_Minh,112,123.1,6,114,50,40,99,62,0,1015,48,26.8,1.3,2,
11/22/2025 7:00,11/22/2025 14:00,Hoàn Kiếm,VN,Asia/Ho_Chi_Minh,100,122,6.3,116.3,43.8,35,99,70,0,1015,50,25.9,0.9,2,
11/22/2025 8:00,11/22/2025 15:00,Hoàn Kiếm,VN,Asia/Ho_Chi_Minh,98,120.8,6.7,118.7,42.5,34,99,79,0,1016,53,25.1,0,2,
11/22/2025 9:00,11/22/2025 16:00,Hoàn Kiếm,VN,Asia/Ho_Chi_Minh,69,119.6,7,121,21,21,99,87,0,1016,57,24.2,0,2,
11/22/2025 10:00,11/22/2025 17:00,Hoàn Kiếm,VN,Asia/Ho_Chi_Minh,104,135,10.7,104,46.3,37,98.7,87,0,1017,60,23.9,0,1.33,
11/22/2025 11:00,11/22/2025 18:00,Hoàn Kiếm,VN,Asia/Ho_Chi_Minh,118,150.4,14.3,87,52.5,42,98.3,87,0,1017,64,23.6,0,0.66,
11/22/2025 12:00,11/22/2025 19:00,Hoàn Kiếm,VN,Asia/Ho_Chi_Minh,118,165.7,18,70,52.5,42,98,87,0,1018,69,23.3,0,0.8,
11/22/2025 13:00,11/22/2025 20:00,Hoàn Kiếm,VN,Asia/Ho_Chi_Minh,176,10,4,4,93.8,75,14,83,0,1018,71,22.9,0,0.66,
11/22/2025 14:00,11/22/2025 21:00,Hoàn Kiếm,VN,Asia/Ho_Chi_Minh,161,151.7,14.7,64,201.3,161,81.3,79,0,1018,74,22.6,0,1.33,
11/22/2025 15:00,11/22/2025 22:00,Hoàn Kiếm,VN,Asia/Ho_Chi_Minh,107,144.7,13,61,38,38,73,75,0,1017,78,22.2,0,2,
11/22/2025 16:00,11/22/2025 23:00,Hoàn Kiếm,VN,Asia/Ho_Chi_Minh,95,139.5,12.7,59.7,32.7,32.67,69.7,79,0,1017,77,22,0,1.33,
11/22/2025 17:00,11/23/2025 0:00,Hoàn Kiếm,VN,Asia/Ho_Chi_Minh,213,134.2,12.3,58.3,128.8,103,66.3,83,0,1017,77,21.9,0,0.66,
11/22/2025 18:00,11/23/2025 1:00,Hoàn Kiếm,VN,Asia/Ho_Chi_Minh,72,129,12,57,22,22,63,87,0,1017,77,21.7,0,1.6,
11/22/2025 19:00,11/23/2025 2:00,Hoàn Kiếm,VN,Asia/Ho_Chi_Minh,160,125.5,11.7,59.7,78.8,63,63.3,87,0,1018,74,21.7,0,0.66,
11/22/2025 20:00,11/23/2025 3:00,Hoàn Kiếm,VN,Asia/Ho_Chi_Minh,173,122,11.3,62.3,91.3,73,63.7,87,0,1018,70,21.8,0,1.33,
11/22/2025 21:00,11/23/2025 4:00,Hoàn Kiếm,VN,Asia/Ho_Chi_Minh,63,118.5,11,65,18,18,64,87,0,1019,67,21.8,1.5,2,
11/22/2025 22:00,11/23/2025 5:00,Hoàn Kiếm,VN,Asia/Ho_Chi_Minh,237,125.3,11.7,63.3,151.3,121,68,87,0,1019,64,22.5,1.8,2.33,
11/22/2025 23:00,11/23/2025 6:00,Hoàn Kiếm,VN,Asia/Ho_Chi_Minh,242,132.1,12.3,61.7,156.3,125,72,87,0,1020,61,23.1,2.6,2.66,
11/23/2025 0:00,11/23/2025 7:00,Hoàn Kiếm,VN,Asia/Ho_Chi_Minh,184,138.9,13,60,101.3,81,76,87,0,1020,58,23.8,3.9,3,
11/23/2025 1:00,11/23/2025 8:00,Hoàn Kiếm,VN,Asia/Ho_Chi_Minh,168,137.3,11.7,67.7,86.3,69,86.3,87,0,1019,56,24.5,5,2.33,
11/23/2025 2:00,11/23/2025 9:00,Hoàn Kiếm,VN,Asia/Ho_Chi_Minh,165,135.8,10.3,75.3,83.8,67,96.7,87,0,1018,54,25.3,5.2,1.66,
11/23/2025 3:00,11/23/2025 10:00,Hoàn Kiếm,VN,Asia/Ho_Chi_Minh,59,134.2,9,83,16,16,107,87,0,1017,51,26,4.3,1,
11/23/2025 4:00,11/23/2025 11:00,Hoàn Kiếm,VN,Asia/Ho_Chi_Minh,129,130.7,8,96,57.5,46,102.3,87,0,1016,52,25.8,1.9,1.33,
11/23/2025 5:00,11/23/2025 12:00,Hoàn Kiếm,VN,Asia/Ho_Chi_Minh,129,127.2,7,109,57.5,46,97.7,87,0,1016,52,25.6,1.1,1.66,
11/23/2025 6:00,11/23/2025 13:00,Hoàn Kiếm,VN,Asia/Ho_Chi_Minh,123,123.7,6,122,55,44,93,87,0,1015,53,25.4,1.1,2,
11/23/2025 7:00,11/23/2025 14:00,Hoàn Kiếm,VN,Asia/Ho_Chi_Minh,123,122.2,7,119.7,55,44,88,91,0,1016,57,24.9,1.4,1.33,
11/23/2025 8:00,11/23/2025 15:00,Hoàn Kiếm,VN,Asia/Ho_Chi_Minh,126,120.6,8,117.3,56.3,45,83,95,0,1016,60,24.3,0,0.66,
11/23/2025 9:00,11/23/2025 16:00,Hoàn Kiếm,VN,Asia/Ho_Chi_Minh,80,119.1,9,115,26,26,78,100,0,1017,64,23.8,0,1.2,
11/23/2025 10:00,11/23/2025 17:00,Hoàn Kiếm,VN,Asia/Ho_Chi_Minh,126,86,8.7,78,56.3,45,57.3,95,0,1017,67,23.5,0,1,
11/23/2025 11:00,11/23/2025 18:00,Hoàn Kiếm,VN,Asia/Ho_Chi_Minh,155,20,8,4,73.8,59,16,91,0,1017,69,23.3,0,2,
11/23/2025 12:00,11/23/2025 19:00,Hoàn Kiếm,VN,Asia/Ho_Chi_Minh,184,20,8,4,101.3,81,16,87,0,1017,72,23,0,3,
11/23/2025 13:00,11/23/2025 20:00,Hoàn Kiếm,VN,Asia/Ho_Chi_Minh,184,10,8,4,101.3,81,16,66,0,1017,75,22.6,0,2.66,
11/23/2025 14:00,11/23/2025 21:00,Hoàn Kiếm,VN,Asia/Ho_Chi_Minh,181,119.5,14,58,98.8,79,52.7,45,0,1017,79,22.3,0,2.33,
11/23/2025 15:00,11/23/2025 22:00,Hoàn Kiếm,VN,Asia/Ho_Chi_Minh,156,169.2,17,85,60,60,71,25,0,1017,83,21.9,0,2,
11/23/2025 16:00,11/23/2025 23:00,Hoàn Kiếm,VN,Asia/Ho_Chi_Minh,189,165,16,81.7,106.3,85,67.7,2,0,1017,86,21.1,0,1.33,
11/23/2025 17:00,11/24/2025 0:00,Hoàn Kiếm,VN,Asia/Ho_Chi_Minh,163,160.7,15,78.3,81.3,65,64.3,5,0,1017,89,20.3,0,0.66,
11/23/2025 18:00,11/24/2025 1:00,Hoàn Kiếm,VN,Asia/Ho_Chi_Minh,104,156.4,14,75,38,37,61,2,0,1017,92,19.5,0,0,
11/23/2025 19:00,11/24/2025 2:00,Hoàn Kiếm,VN,Asia/Ho_Chi_Minh,111,157,14,71.3,40,39.33,60.3,4,0,1017,93,19.3,0,0.4,
11/23/2025 20:00,11/24/2025 3:00,Hoàn Kiếm,VN,Asia/Ho_Chi_Minh,117,157.6,14,67.7,42,41.67,59.7,7,0,1017,94,19.2,0,0.8,
11/23/2025 21:00,11/24/2025 4:00,Hoàn Kiếm,VN,Asia/Ho_Chi_Minh,123,158.2,14,64,44,44,59,21,0,1018,95,19,1.8,1.2,
11/23/2025 22:00,11/24/2025 5:00,Hoàn Kiếm,VN,Asia/Ho_Chi_Minh,163,112.1,12,44,81.3,65,44.7,32,0,1018,84,20.7,2.1,0.66,
11/23/2025 23:00,11/24/2025 6:00,Hoàn Kiếm,VN,Asia/Ho_Chi_Minh,195,10,8,4,111.3,89,16,45,0,1018,74,22.3,2.7,1.33,
11/24/2025 0:00,11/24/2025 7:00,Hoàn Kiếm,VN,Asia/Ho_Chi_Minh,189,20,8,4,106.3,85,16,100,0,1018,65,24,3.3,2,
11/24/2025 1:00,11/24/2025 8:00,Hoàn Kiếm,VN,Asia/Ho_Chi_Minh,195,48.9,8.3,31.3,111.3,89,32.3,100,0,1017,66,23.9,2.5,1.66,
11/24/2025 2:00,11/24/2025 9:00,Hoàn Kiếm,VN,Asia/Ho_Chi_Minh,195,77.9,8.7,58.7,111.3,89,48.7,100,0,1016,67,23.9,2.1,1.33,
11/24/2025 3:00,11/24/2025 10:00,Hoàn Kiếm,VN,Asia/Ho_Chi_Minh,205,106.8,9,86,121.3,97,65,100,0,1016,68,23.8,1.9,1,
11/24/2025 4:00,11/24/2025 11:00,Hoàn Kiếm,VN,Asia/Ho_Chi_Minh,213,104.1,10,86.7,128.8,103,62.7,100,0,1015,68,24,1.4,1.33,
11/24/2025 5:00,11/24/2025 12:00,Hoàn Kiếm,VN,Asia/Ho_Chi_Minh,221,101.4,11,87.3,136.3,109,60.3,100,0,1015,67,24.2,1,1.66,
11/24/2025 6:00,11/24/2025 13:00,Hoàn Kiếm,VN,Asia/Ho_Chi_Minh,200,98.6,12,88,116.3,93,58,100,0,1015,67,24.4,0.7,2,
11/24/2025 7:00,11/24/2025 14:00,Hoàn Kiếm,VN,Asia/Ho_Chi_Minh,189,103.1,13.7,87,106.3,85,60,100,0,1015,70,24.1,0.6,1.66,
11/24/2025 8:00,11/24/2025 15:00,Hoàn Kiếm,VN,Asia/Ho_Chi_Minh,173,10,8,4,91.3,73,16,100,0,1016,73,23.8,0,1.33,
11/24/2025 9:00,11/24/2025 16:00,Hoàn Kiếm,VN,Asia/Ho_Chi_Minh,168,112.1,17,85,86.3,69,64,100,0,1016,76,23.5,0,1,
11/24/2025 10:00,11/24/2025 17:00,Hoàn Kiếm,VN,Asia/Ho_Chi_Minh,195,20,4,4,111.3,89,16,87,0,1016,78,23.2,0,1,
11/24/2025 11:00,11/24/2025 18:00,Hoàn Kiếm,VN,Asia/Ho_Chi_Minh,195,20,8,4,111.3,89,16,75,0,1016,79,22.9,0,1,
11/24/2025 12:00,11/24/2025 19:00,Hoàn Kiếm,VN,Asia/Ho_Chi_Minh,200,173.3,28,53,116.3,93,81,62,0,1016,81,22.6,0,1,
11/24/2025 13:00,11/24/2025 20:00,Hoàn Kiếm,VN,Asia/Ho_Chi_Minh,188,177.8,27,52,99.5,84,81.3,70,0,1016,84,22.4,0,1,
11/24/2025 14:00,11/24/2025 21:00,Hoàn Kiếm,VN,Asia/Ho_Chi_Minh,211,10,8,4,126.3,101,16,79,0,1016,87,22.2,0,1,
11/24/2025 15:00,11/24/2025 22:00,Hoàn Kiếm,VN,Asia/Ho_Chi_Minh,164,186.8,25,50,66,66,82,87,0,1016,90,22,0,1,
11/24/2025 16:00,11/24/2025 23:00,Hoàn Kiếm,VN,Asia/Ho_Chi_Minh,196,188.1,24.7,46.3,101.1,89.67,78.7,91,0,1016,90,22,0,1,
11/24/2025 17:00,11/25/2025 0:00,Hoàn Kiếm,VN,Asia/Ho_Chi_Minh,232,189.5,24.3,42.7,146.3,117,75.3,95,0,1015,90,22,0,1,
11/24/2025 18:00,11/25/2025 1:00,Hoàn Kiếm,VN,Asia/Ho_Chi_Minh,258,190.8,24,39,171.3,137,72,100,0,1015,90,22,0,1,
11/24/2025 19:00,11/25/2025 2:00,Hoàn Kiếm,VN,Asia/Ho_Chi_Minh,270,185,23,38.7,182.1,145.67,71.3,100,0,1016,88,22.2,0,1,
11/24/2025 20:00,11/25/2025 3:00,Hoàn Kiếm,VN,Asia/Ho_Chi_Minh,273,179.2,22,38.3,185,148,70.7,100,0,1016,87,22.3,0,1,
11/24/2025 21:00,11/25/2025 4:00,Hoàn Kiếm,VN,Asia/Ho_Chi_Minh,163,173.3,21,38,203.8,163,70,100,0,1017,85,22.5,1.1,1,
11/24/2025 22:00,11/25/2025 5:00,Hoàn Kiếm,VN,Asia/Ho_Chi_Minh,159,188.1,22.3,36.3,198.8,159,74.7,100,0,1017,81,23.3,1.7,1.33,
11/24/2025 23:00,11/25/2025 6:00,Hoàn Kiếm,VN,Asia/Ho_Chi_Minh,258,202.9,23.7,34.7,171.3,137,79.3,100,0,1017,76,24,2.8,1.66,
11/25/2025 0:00,11/25/2025 7:00,Hoàn Kiếm,VN,Asia/Ho_Chi_Minh,248,217.7,25,33,161.3,129,84,100,0,1018,72,24.8,3.3,2,
11/25/2025 1:00,11/25/2025 8:00,Hoàn Kiếm,VN,Asia/Ho_Chi_Minh,247,182.7,20.3,56,160.4,128.33,82.3,95,0,1017,70,25.5,2.6,2,
11/25/2025 2:00,11/25/2025 9:00,Hoàn Kiếm,VN,Asia/Ho_Chi_Minh,250,147.7,15.7,79,163.8,131,80.7,91,0,1015,68,26.3,2.1,2,
11/25/2025 3:00,11/25/2025 10:00,Hoàn Kiếm,VN,Asia/Ho_Chi_Minh,245,112.6,11,102,158.8,127,79,87,0,1014,66,27,2,2,
11/25/2025 4:00,11/25/2025 11:00,Hoàn Kiếm,VN,Asia/Ho_Chi_Minh,237,107.8,10,107,151.3,121,73.7,91,0,1014,66,27,1.6,2,
11/25/2025 5:00,11/25/2025 12:00,Hoàn Kiếm,VN,Asia/Ho_Chi_Minh,160,102.9,9,112,73.6,63,68.3,95,0,1014,65,27,2,2,
11/25/2025 6:00,11/25/2025 13:00,Hoàn Kiếm,VN,Asia/Ho_Chi_Minh,91,98,8,117,31,31,63,100,0,1014,65,27,1.5,2,
11/25/2025 7:00,11/25/2025 14:00,Hoàn Kiếm,VN,Asia/Ho_Chi_Minh,153,98.8,9.3,114,66.9,57.67,63,100,0,1014,69,26.1,1.5,2,
11/25/2025 8:00,11/25/2025 15:00,Hoàn Kiếm,VN,Asia/Ho_Chi_Minh,229,99.6,10.7,111,143.8,115,63,100,0,1015,74,25.1,0,2,
11/25/2025 9:00,11/25/2025 16:00,Hoàn Kiếm,VN,Asia/Ho_Chi_Minh,224,100.4,12,108,138.8,111,63,100,0,1016,79,24.2,0,2,
11/25/2025 10:00,11/25/2025 17:00,Hoàn Kiếm,VN,Asia/Ho_Chi_Minh,221,101.2,14.7,91.3,136.3,109,61.3,87,0,1016,83,24,0,1.66,
11/25/2025 11:00,11/25/2025 18:00,Hoàn Kiếm,VN,Asia/Ho_Chi_Minh,242,101.9,17.3,74.7,156.3,125,59.7,75,0,1016,86,23.9,0,1.33,
11/25/2025 12:00,11/25/2025 19:00,Hoàn Kiếm,VN,Asia/Ho_Chi_Minh,261,102.7,20,58,173.8,139,58,62,0,1017,89,23.7,0,1,
11/25/2025 13:00,11/25/2025 20:00,Hoàn Kiếm,VN,Asia/Ho_Chi_Minh,216,107.4,19.3,54.3,128.5,105,63.3,75,0,1017,88,23.6,0,1.33,
11/25/2025 14:00,11/25/2025 21:00,Hoàn Kiếm,VN,Asia/Ho_Chi_Minh,261,112.1,18.7,50.7,173.8,139,68.7,87,0,1017,88,23.6,0,1.66,
11/25/2025 15:00,11/25/2025 22:00,Hoàn Kiếm,VN,Asia/Ho_Chi_Minh,104,116.7,18,47,38,37,74,100,0,1017,87,23.5,0,2,
11/25/2025 16:00,11/25/2025 23:00,Hoàn Kiếm,VN,Asia/Ho_Chi_Minh,86,125.3,14.7,52,29.3,28.67,74,100,0,1016,89,23.3,0,2,
11/25/2025 17:00,11/26/2025 0:00,Hoàn Kiếm,VN,Asia/Ho_Chi_Minh,68,133.8,11.3,57,20.7,20.33,74,100,0,1016,91,23,0,2,
11/25/2025 18:00,11/26/2025 1:00,Hoàn Kiếm,VN,Asia/Ho_Chi_Minh,50,142.4,8,62,12,12,74,100,0,1016,93,22.8,0,2,
11/25/2025 19:00,11/26/2025 2:00,Hoàn Kiếm,VN,Asia/Ho_Chi_Minh,43,153.1,8,56.7,10.3,10.33,74.3,100,0,1017,84,22.5,0,2.33,
11/25/2025 20:00,11/26/2025 3:00,Hoàn Kiếm,VN,Asia/Ho_Chi_Minh,36,163.8,8,51.3,8.7,8.67,74.7,100,0,1018,76,22.3,0,2.66,
11/25/2025 21:00,11/26/2025 4:00,Hoàn Kiếm,VN,Asia/Ho_Chi_Minh,29,174.5,8,46,7,7,75,100,0,1018,69,22,0.6,3,
11/25/2025 22:00,11/26/2025 5:00,Hoàn Kiếm,VN,Asia/Ho_Chi_Minh,69,179.9,9,42.7,25.1,21,79,100,0,1019,68,21.8,0.8,2.33,
11/25/2025 23:00,11/26/2025 6:00,Hoàn Kiếm,VN,Asia/Ho_Chi_Minh,152,185.4,10,39.3,71.3,57,83,100,0,1019,67,21.6,1.2,1.66,
11/26/2025 0:00,11/26/2025 7:00,Hoàn Kiếm,VN,Asia/Ho_Chi_Minh,137,190.8,11,36,61.3,49,87,100,0,1020,66,21.4,1.6,1,
11/26/2025 1:00,11/26/2025 8:00,Hoàn Kiếm,VN,Asia/Ho_Chi_Minh,128,185,10.7,42,57.1,45.67,92.7,100,0,1019,63,21.5,2,1.33,
11/26/2025 2:00,11/26/2025 9:00,Hoàn Kiếm,VN,Asia/Ho_Chi_Minh,137,179.2,10.3,48,61.3,49,98.3,100,0,1018,60,21.6,2.1,1.66,
11/26/2025 3:00,11/26/2025 10:00,Hoàn Kiếm,VN,Asia/Ho_Chi_Minh,110,173.3,10,54,48.8,39,104,100,0,1017,58,21.7,1.8,2,
11/26/2025 4:00,11/26/2025 11:00,Hoàn Kiếm,VN,Asia/Ho_Chi_Minh,112,167.1,9,67.3,50,40,107.7,100,0,1017,64,21.3,1.4,1.33,
11/26/2025 5:00,11/26/2025 12:00,Hoàn Kiếm,VN,Asia/Ho_Chi_Minh,110,10,8,4,48.8,39,16,100,0,1017,71,20.8,1,0.66,
11/26/2025 6:00,11/26/2025 13:00,Hoàn Kiếm,VN,Asia/Ho_Chi_Minh,54,154.7,7,94,14,14,115,100,0,1017,79,20.4,0.7,2,
11/26/2025 7:00,11/26/2025 14:00,Hoàn Kiếm,VN,Asia/Ho_Chi_Minh,110,10,8,4,48.8,39,16,100,0,1017,80,20.2,0.6,2.4,
11/26/2025 8:00,11/26/2025 15:00,Hoàn Kiếm,VN,Asia/Ho_Chi_Minh,74,150.4,8.3,100,28,23.33,121.7,100,0,1018,82,20,0,2,
11/26/2025 9:00,11/26/2025 16:00,Hoàn Kiếm,VN,Asia/Ho_Chi_Minh,85,148.2,9,103,35,28,125,100,0,1018,84,19.8,0,2,
11/26/2025 10:00,11/26/2025 17:00,Hoàn Kiếm,VN,Asia/Ho_Chi_Minh,93,150.8,10,96.3,40,32,124.7,100,0,1018,85,19.7,0,2,
11/26/2025 11:00,11/26/2025 18:00,Hoàn Kiếm,VN,Asia/Ho_Chi_Minh,157,153.3,11,89.7,76.3,61,124.3,100,0,1019,85,19.7,0,1.2,
11/26/2025 12:00,11/26/2025 19:00,Hoàn Kiếm,VN,Asia/Ho_Chi_Minh,72,155.8,12,83,22,22,124,100,0,1019,86,19.6,0,1.6,
11/26/2025 13:00,11/26/2025 20:00,Hoàn Kiếm,VN,Asia/Ho_Chi_Minh,181,151.9,11.3,79.3,98.8,79,116.3,100,0,1019,86,19.7,0,2,
11/26/2025 14:00,11/26/2025 21:00,Hoàn Kiếm,VN,Asia/Ho_Chi_Minh,165,148,10.7,75.7,83.8,67,108.7,100,0,1019,86,19.7,0,2,
11/26/2025 15:00,11/26/2025 22:00,Hoàn Kiếm,VN,Asia/Ho_Chi_Minh,155,144.1,10,72,73.8,59,101,100,0,1018,86,19.8,0,2,
11/26/2025 16:00,11/26/2025 23:00,Hoàn Kiếm,VN,Asia/Ho_Chi_Minh,163,139.9,9.7,69,81.3,65,95.7,100,0,1019,85,19.9,0,1.6,
11/26/2025 17:00,11/27/2025 0:00,Hoàn Kiếm,VN,Asia/Ho_Chi_Minh,171,135.6,9.3,66,88.8,71,90.3,100,0,1019,85,19.9,0,1.6,
11/26/2025 18:00,11/27/2025 1:00,Hoàn Kiếm,VN,Asia/Ho_Chi_Minh,56,131.3,9,63,15,15,85,100,0,1019,84,20,0,2,
11/26/2025 19:00,11/27/2025 2:00,Hoàn Kiếm,VN,Asia/Ho_Chi_Minh,163,128.8,9,62,81.3,65,83,100,0,1019,84,20.1,0,2,
11/26/2025 20:00,11/27/2025 3:00,Hoàn Kiếm,VN,Asia/Ho_Chi_Minh,155,126.3,9,61,73.8,59,81,100,0,1020,83,20.1,0,2,
11/26/2025 21:00,11/27/2025 4:00,Hoàn Kiếm,VN,Asia/Ho_Chi_Minh,155,123.7,9,60,73.8,59,79,100,0,1020,82,20.2,0.7,2.8,
11/26/2025 22:00,11/27/2025 5:00,Hoàn Kiếm,VN,Asia/Ho_Chi_Minh,155,122,9.7,60.3,73.8,59,80.3,100,0,1021,71,20.6,0.8,1,
11/26/2025 23:00,11/27/2025 6:00,Hoàn Kiếm,VN,Asia/Ho_Chi_Minh,155,120.2,10.3,60.7,73.8,59,81.7,100,0,1021,61,21,1.3,2,
11/27/2025 0:00,11/27/2025 7:00,Hoàn Kiếm,VN,Asia/Ho_Chi_Minh,67,118.5,11,61,20,20,83,100,0,1022,52,21.4,2,3,
11/27/2025 1:00,11/27/2025 8:00,Hoàn Kiếm,VN,Asia/Ho_Chi_Minh,152,10,4,4,71.3,57,16,100,0,1021,51,21.7,3.2,2.66,
11/27/2025 2:00,11/27/2025 9:00,Hoàn Kiếm,VN,Asia/Ho_Chi_Minh,118,10,4,4,52.5,42,16,100,0,1020,50,21.9,3,2.33,
11/27/2025 3:00,11/27/2025 10:00,Hoàn Kiếm,VN,Asia/Ho_Chi_Minh,123,97.5,10,60,55,44,109,100,0,1019,49,22.2,2.3,2,
11/27/2025 4:00,11/27/2025 11:00,Hoàn Kiếm,VN,Asia/Ho_Chi_Minh,100,95.7,9.7,63.3,42.3,35,107.7,100,0,1019,50,21.9,2,2,
11/27/2025 5:00,11/27/2025 12:00,Hoàn Kiếm,VN,Asia/Ho_Chi_Minh,80,94,9.3,66.7,29.7,26,106.3,100,0,1019,51,21.5,1.9,2,
11/27/2025 6:00,11/27/2025 13:00,Hoàn Kiếm,VN,Asia/Ho_Chi_Minh,61,92.2,9,70,17,17,105,100,0,1019,52,21.2,1.5,2,
11/27/2025 7:00,11/27/2025 14:00,Hoàn Kiếm,VN,Asia/Ho_Chi_Minh,75,92.2,9,70.3,26.8,23.67,104,100,0,1019,53,21,1.5,2,
11/27/2025 8:00,11/27/2025 15:00,Hoàn Kiếm,VN,Asia/Ho_Chi_Minh,93,92.2,9,70.7,40,32,103,100,0,1020,53,20.9,0,2,
11/27/2025 9:00,11/27/2025 16:00,Hoàn Kiếm,VN,Asia/Ho_Chi_Minh,104,92.2,9,71,46.3,37,102,100,0,1021,54,20.7,0,2,
11/27/2025 10:00,11/27/2025 17:00,Hoàn Kiếm,VN,Asia/Ho_Chi_Minh,115,64.8,7.3,48.7,51.3,41,73.3,100,0,1021,54,20.5,0,2.66,
11/27/2025 11:00,11/27/2025 18:00,Hoàn Kiếm,VN,Asia/Ho_Chi_Minh,126,37.4,5.7,26.3,56.3,45,44.7,100,0,1021,53,20.4,0,3.33,
11/27/2025 12:00,11/27/2025 19:00,Hoàn Kiếm,VN,Asia/Ho_Chi_Minh,137,10,4,4,61.3,49,16,100,0,1022,53,20.2,0,4,
11/27/2025 13:00,11/27/2025 20:00,Hoàn Kiếm,VN,Asia/Ho_Chi_Minh,139,10,4,4,62.5,50,16,95,0,1022,54,20,0,3.33,
11/27/2025 14:00,11/27/2025 21:00,Hoàn Kiếm,VN,Asia/Ho_Chi_Minh,102,10,8,4,45,36,16,91,0,1022,55,19.7,0,2.66,
11/27/2025 15:00,11/27/2025 22:00,Hoàn Kiếm,VN,Asia/Ho_Chi_Minh,91,99.8,10,58,38.8,31,82,87,0,1022,57,19.5,0,2,
11/27/2025 16:00,11/27/2025 23:00,Hoàn Kiếm,VN,Asia/Ho_Chi_Minh,91,96.1,9.7,57.7,38.8,31,77,91,0,1022,57,19.3,0,2,
11/27/2025 17:00,11/28/2025 0:00,Hoàn Kiếm,VN,Asia/Ho_Chi_Minh,94,92.4,9.3,57.3,40.4,32.33,72,95,0,1022,57,19.2,0,2,
11/27/2025 18:00,11/28/2025 1:00,Hoàn Kiếm,VN,Asia/Ho_Chi_Minh,95,88.7,9,57,41.3,33,67,100,0,1022,57,19,0,2,
11/27/2025 19:00,11/28/2025 2:00,Hoàn Kiếm,VN,Asia/Ho_Chi_Minh,95,86,8.7,57.7,41.3,33,64,95,0,1023,55,18.9,0,2.33,
11/27/2025 20:00,11/28/2025 3:00,Hoàn Kiếm,VN,Asia/Ho_Chi_Minh,95,83.3,8.3,58.3,41.3,33,61,91,0,1023,53,18.7,0,2.66,
11/27/2025 21:00,11/28/2025 4:00,Hoàn Kiếm,VN,Asia/Ho_Chi_Minh,89,80.5,8,59,37.5,30,58,87,0,1024,51,18.6,0.6,3,
11/27/2025 22:00,11/28/2025 5:00,Hoàn Kiếm,VN,Asia/Ho_Chi_Minh,80,81.1,8.3,60.7,32.5,26,61,83,0,1024,48,19.6,1.1,2.66,
11/27/2025 23:00,11/28/2025 6:00,Hoàn Kiếm,VN,Asia/Ho_Chi_Minh,82,81.7,8.7,62.3,33.3,26.67,64,79,0.25,1025,46,20.5,1.8,2.33,
11/28/2025 0:00,11/28/2025 7:00,Hoàn Kiếm,VN,Asia/Ho_Chi_Minh,78,82.3,9,64,31.3,25,67,75,0.5,1025,43,21.5,3.3,2,
11/28/2025 1:00,11/28/2025 8:00,Hoàn Kiếm,VN,Asia/Ho_Chi_Minh,82,10,4,4,33.8,27,14,66,0,1024,44,21.9,4.8,2,
11/28/2025 2:00,11/28/2025 9:00,Hoàn Kiếm,VN,Asia/Ho_Chi_Minh,89,80,7.7,73.3,37.5,30,81,58,0,1023,46,22.4,5.2,2,
11/28/2025 3:00,11/28/2025 10:00,Hoàn Kiếm,VN,Asia/Ho_Chi_Minh,85,78.8,7,78,35,28,88,50,0,1022,47,22.8,4.9,2,
11/28/2025 4:00,11/28/2025 11:00,Hoàn Kiếm,VN,Asia/Ho_Chi_Minh,80,78.6,6.7,82.7,32.5,26,90.7,41,0,1021,45,22.5,3.8,2,
11/28/2025 5:00,11/28/2025 12:00,Hoàn Kiếm,VN,Asia/Ho_Chi_Minh,80,78.4,6.3,87.3,32.5,26,93.3,33,0,1021,44,22.3,2.7,2,
11/28/2025 6:00,11/28/2025 13:00,Hoàn Kiếm,VN,Asia/Ho_Chi_Minh,78,78.2,6,92,31.3,25,96,25,0,1021,42,22,1.9,2,
11/28/2025 7:00,11/28/2025 14:00,Hoàn Kiếm,VN,Asia/Ho_Chi_Minh,77,55.5,5.3,62.7,30.8,24.67,68.7,25,0,1021,45,21.2,1.8,1.66,
11/28/2025 8:00,11/28/2025 15:00,Hoàn Kiếm,VN,Asia/Ho_Chi_Minh,76,32.7,4.7,33.3,30,24,41.3,25,0,1022,48,20.3,0,1.33,
11/28/2025 9:00,11/28/2025 16:00,Hoàn Kiếm,VN,Asia/Ho_Chi_Minh,76,10,4,4,30,24,14,25,0,1022,51,19.5,0,1,
11/28/2025 10:00,11/28/2025 17:00,Hoàn Kiếm,VN,Asia/Ho_Chi_Minh,91,42.3,6.7,27,38.8,31,41.3,41,0,1023,57,19.4,0,1,
11/28/2025 11:00,11/28/2025 18:00,Hoàn Kiếm,VN,Asia/Ho_Chi_Minh,95,74.5,9.3,50,40.8,32.67,68.7,58,0,1023,63,19.4,0,1,
11/28/2025 12:00,11/28/2025 19:00,Hoàn Kiếm,VN,Asia/Ho_Chi_Minh,104,106.8,12,73,46.3,37,96,75,0,1024,70,19.3,0,1,
11/28/2025 13:00,11/28/2025 20:00,Hoàn Kiếm,VN,Asia/Ho_Chi_Minh,163,113.6,12.7,66.7,81.3,65,90.3,83,0,1023,70,19.3,0,1.66,
11/28/2025 14:00,11/28/2025 21:00,Hoàn Kiếm,VN,Asia/Ho_Chi_Minh,152,120.4,13.3,60.3,71.3,57,84.7,91,0,1023,71,19.3,0,2.33,
11/28/2025 15:00,11/28/2025 22:00,Hoàn Kiếm,VN,Asia/Ho_Chi_Minh,148,127.2,14,54,66.3,53,79,100,0,1023,71,19.3,0,3,
11/28/2025 16:00,11/28/2025 23:00,Hoàn Kiếm,VN,Asia/Ho_Chi_Minh,151,129.2,14.7,48.3,67.9,54.33,70.3,100,0,1023,75,19.2,0,2.66,
11/28/2025 17:00,11/29/2025 0:00,Hoàn Kiếm,VN,Asia/Ho_Chi_Minh,153,131.1,15.3,42.7,68.8,55,61.7,100,0,1022,79,19.1,0,2.33,
11/28/2025 18:00,11/29/2025 1:00,Hoàn Kiếm,VN,Asia/Ho_Chi_Minh,152,133.1,16,37,71.3,57,53,100,0,1022,83,19,0,2,
11/28/2025 19:00,11/29/2025 2:00,Hoàn Kiếm,VN,Asia/Ho_Chi_Minh,168,133.6,15.7,35,86.3,69,49.3,95,0.25,1022,83,18.7,0,1.33,
11/28/2025 20:00,11/29/2025 3:00,Hoàn Kiếm,VN,Asia/Ho_Chi_Minh,171,134.2,15.3,33,88.8,71,45.7,91,0.5,1022,83,18.5,0,0.66,
11/28/2025 21:00,11/29/2025 4:00,Hoàn Kiếm,VN,Asia/Ho_Chi_Minh,152,134.8,15,31,71.3,57,42,87,0.25,1022,83,18.2,1.9,2.8,
11/28/2025 22:00,11/29/2025 5:00,Hoàn Kiếm,VN,Asia/Ho_Chi_Minh,156,143.4,15.7,33,74.6,59.67,48,3,0,1022,68,19.7,2.5,0.66,
11/28/2025 23:00,11/29/2025 6:00,Hoàn Kiếm,VN,Asia/Ho_Chi_Minh,157,151.9,16.3,35,76.3,61,54,1,0,1023,55,21.2,3.7,1.33,
11/29/2025 0:00,11/29/2025 7:00,Hoàn Kiếm,VN,Asia/Ho_Chi_Minh,163,160.5,17,37,81.3,65,60,0,0,1023,45,22.7,5.2,2,
11/29/2025 1:00,11/29/2025 8:00,Hoàn Kiếm,VN,Asia/Ho_Chi_Minh,160,142.4,14,55,78.8,63,75,2,0,1021,41,23.4,6.2,1.66,
11/29/2025 2:00,11/29/2025 9:00,Hoàn Kiếm,VN,Asia/Ho_Chi_Minh,160,124.3,11,73,78.8,63,90,6,0,1020,38,24,6.3,1.33,
11/29/2025 3:00,11/29/2025 10:00,Hoàn Kiếm,VN,Asia/Ho_Chi_Minh,61,106.2,8,91,17,17,105,1,0,1019,35,24.7,5.8,1,
11/29/2025 4:00,11/29/2025 11:00,Hoàn Kiếm,VN,Asia/Ho_Chi_Minh,118,98.8,7,101.3,52.5,42,101.3,0,0,1018,35,24.7,4.5,0.66,
11/29/2025 5:00,11/29/2025 12:00,Hoàn Kiếm,VN,Asia/Ho_Chi_Minh,102,91.4,6,111.7,45,36,97.7,2,0,1017,35,24.7,3.1,0.33,
11/29/2025 6:00,11/29/2025 13:00,Hoàn Kiếm,VN,Asia/Ho_Chi_Minh,87,84,5,122,36.3,29,94,0,0,1016,35,24.7,2.3,0.4,
11/29/2025 7:00,11/29/2025 14:00,Hoàn Kiếm,VN,Asia/Ho_Chi_Minh,91,10,8,4,38.8,31,14,0,0,1017,42,22.9,2,1.6,
11/29/2025 8:00,11/29/2025 15:00,Hoàn Kiếm,VN,Asia/Ho_Chi_Minh,87,83.3,7,124,36.3,29,94,0,0,1017,51,21,0,2,
11/29/2025 9:00,11/29/2025 16:00,Hoàn Kiếm,VN,Asia/Ho_Chi_Minh,196,82.9,8,125,91,90,94,0,0.5,1018,62,19.2,0,2,
11/29/2025 10:00,11/29/2025 17:00,Hoàn Kiếm,VN,Asia/Ho_Chi_Minh,91,125.9,17,102.7,38.8,31,99.3,0,0.5,1018,68,18.6,0,0.66,
11/29/2025 11:00,11/29/2025 18:00,Hoàn Kiếm,VN,Asia/Ho_Chi_Minh,91,168.9,26,80.3,38.8,31,104.7,2,0.5,1018,74,17.9,0,1.33,
11/29/2025 12:00,11/29/2025 19:00,Hoàn Kiếm,VN,Asia/Ho_Chi_Minh,171,211.8,35,58,88.8,71,110,2,0.5,1019,81,17.3,0,2,
11/29/2025 13:00,11/29/2025 20:00,Hoàn Kiếm,VN,Asia/Ho_Chi_Minh,189,211.5,34,52.3,106.3,85,103.3,2,0.5,1018,79,17.1,0,1.33,
11/29/2025 14:00,11/29/2025 21:00,Hoàn Kiếm,VN,Asia/Ho_Chi_Minh,192,211.1,33,46.7,108.8,87,96.7,3,0.5,1018,77,17,0,0.66,
11/29/2025 15:00,11/29/2025 22:00,Hoàn Kiếm,VN,Asia/Ho_Chi_Minh,201,210.7,32,41,96,94,90,5,0.5,1017,76,16.8,0,1.6,
11/29/2025 16:00,11/29/2025 23:00,Hoàn Kiếm,VN,Asia/Ho_Chi_Minh,195,200,30,39.7,111.3,89,82.3,0,0,1017,79,16.4,0,2,
11/29/2025 17:00,11/30/2025 0:00,Hoàn Kiếm,VN,Asia/Ho_Chi_Minh,200,189.3,28,38.3,116.3,93,74.7,6,0,1017,83,16.1,0,1.2,
11/29/2025 18:00,11/30/2025 1:00,Hoàn Kiếm,VN,Asia/Ho_Chi_Minh,155,178.6,26,37,73.8,59,67,0,0,1016,87,15.7,0,1.2,
11/29/2025 19:00,11/30/2025 2:00,Hoàn Kiếm,VN,Asia/Ho_Chi_Minh,155,176.2,25.3,31.7,73.8,59,60,0,0,1017,89,15.5,0,0.8,
11/29/2025 20:00,11/30/2025 3:00,Hoàn Kiếm,VN,Asia/Ho_Chi_Minh,144,173.9,24.7,26.3,64.6,51.67,53,1,0,1017,92,15.2,0,0.8,
11/29/2025 21:00,11/30/2025 4:00,Hoàn Kiếm,VN,Asia/Ho_Chi_Minh,134,171.6,24,21,60,48,46,2,0,1018,94,15,2,1.2,
11/29/2025 22:00,11/30/2025 5:00,Hoàn Kiếm,VN,Asia/Ho_Chi_Minh,184,188.5,24,20.3,101.3,81,50,1,0,1018,79,17.2,2.6,0.33,
11/29/2025 23:00,11/30/2025 6:00,Hoàn Kiếm,VN,Asia/Ho_Chi_Minh,152,205.4,24,19.7,190,152,54,13,0,1018,67,19.5,3.4,0.66,
11/30/2025 0:00,11/30/2025 7:00,Hoàn Kiếm,VN,Asia/Ho_Chi_Minh,152,222.4,24,19,190,152,58,28,0,1018,57,21.7,4.2,1,
11/30/2025 1:00,11/30/2025 8:00,Hoàn Kiếm,VN,Asia/Ho_Chi_Minh,164,20,8,4,205,164,16,14,0,1017,52,22.7,5.7,1.33,
11/30/2025 2:00,11/30/2025 9:00,Hoàn Kiếm,VN,Asia/Ho_Chi_Minh,151,80.8,13.3,9,189.2,151.33,30,13,0,1016,47,23.8,5.9,1.66,
11/30/2025 3:00,11/30/2025 10:00,Hoàn Kiếm,VN,Asia/Ho_Chi_Minh,151,10,8,4,188.8,151,16,49,0,1014,43,24.8,3.9,2,
11/30/2025 4:00,11/30/2025 11:00,Hoàn Kiếm,VN,Asia/Ho_Chi_Minh,240,706,15,9.7,164,123,32,95,0,1014,43,24.9,1.5,1.33,
11/30/2025 5:00,11/30/2025 12:00,Hoàn Kiếm,VN,Asia/Ho_Chi_Minh,227,59.7,9.3,88,141.3,113,54.7,97,0,1013,43,25.1,1,0.66,
11/30/2025 6:00,11/30/2025 13:00,Hoàn Kiếm,VN,Asia/Ho_Chi_Minh,216,84.6,10,130,131.3,105,74,84,0,1012,43,25.2,0.9,1.2,
11/30/2025 7:00,11/30/2025 14:00,Hoàn Kiếm,VN,Asia/Ho_Chi_Minh,187,87,10.3,132.7,103.8,83,72,90,0,1012,48,24,0.8,0.66,
11/30/2025 8:00,11/30/2025 15:00,Hoàn Kiếm,VN,Asia/Ho_Chi_Minh,188,89.3,10.7,135.3,104.6,83.67,70,94,0,1013,54,22.8,0,1.33,
11/30/2025 9:00,11/30/2025 16:00,Hoàn Kiếm,VN,Asia/Ho_Chi_Minh,173,91.6,11,138,91.3,73,68,96,0,1013,60,21.6,0,2,
11/30/2025 10:00,11/30/2025 17:00,Hoàn Kiếm,VN,Asia/Ho_Chi_Minh,165,126.3,16.7,119.7,83.8,67,74,91,0,1014,65,21,0,1.66,
11/30/2025 11:00,11/30/2025 18:00,Hoàn Kiếm,VN,Asia/Ho_Chi_Minh,157,160.9,22.3,101.3,76.3,61,80,82,0,1014,71,20.4,0,1.33,
11/30/2025 12:00,11/30/2025 19:00,Hoàn Kiếm,VN,Asia/Ho_Chi_Minh,197,195.5,28,83,92,91,86,68,0,1014,78,19.8,0,1,
11/30/2025 13:00,11/30/2025 20:00,Hoàn Kiếm,VN,Asia/Ho_Chi_Minh,186,183.8,25.3,80.3,88.3,82.33,81.7,73,0,1014,81,19.1,0,0.66,
11/30/2025 14:00,11/30/2025 21:00,Hoàn Kiếm,VN,Asia/Ho_Chi_Minh,174,172.2,22.7,77.7,84.7,73.67,77.3,84,0,1014,85,18.3,0,0.33,
11/30/2025 15:00,11/30/2025 22:00,Hoàn Kiếm,VN,Asia/Ho_Chi_Minh,163,160.5,20,75,81,65,73,87,0,1014,89,17.6,0,1.6,
11/30/2025 16:00,11/30/2025 23:00,Hoàn Kiếm,VN,Asia/Ho_Chi_Minh,168,162.4,19.7,69.3,81,68.67,69.7,90,0,1013,91,17,0,0.8,
11/30/2025 17:00,12/1/2025 0:00,Hoàn Kiếm,VN,Asia/Ho_Chi_Minh,165,164.4,19.3,63.7,71.3,66.67,66.3,91,0,1013,92,16.4,0,0.8,
11/30/2025 17:00,12/1/2025 0:00,Hoàn Kiếm,VN,Asia/Ho_Chi_Minh,173,164.4,19.3,63.7,81,72.33,66.3,92,0,1013,94,15.8,0,0.8,
11/30/2025 18:00,12/1/2025 1:00,Hoàn Kiếm,VN,Asia/Ho_Chi_Minh,177,166.3,19,58,81,76,63,89,0,1012,93,15.6,0,0.8,
11/30/2025 19:00,12/1/2025 2:00,Hoàn Kiếm,VN,Asia/Ho_Chi_Minh,156,174.9,19.7,50,63.7,60,58.7,41,0,1013,93,15.6,0,0.8,
11/30/2025 20:00,12/1/2025 3:00,Hoàn Kiếm,VN,Asia/Ho_Chi_Minh,208,183.4,20.3,42,123.8,99,54.3,24,0,1013,93,15.6,1.7,0.8,
11/30/2025 21:00,12/1/2025 4:00,Hoàn Kiếm,VN,Asia/Ho_Chi_Minh,85,192,21,34,29,28,50,40,0,1014,93,15.6,1.9,0.4,
11/30/2025 22:00,12/1/2025 5:00,Hoàn Kiếm,VN,Asia/Ho_Chi_Minh,189,206.4,23,31.3,236.3,189,53.7,6,0,1014,74,20.4,3.6,0.8,
11/30/2025 23:00,12/1/2025 6:00,Hoàn Kiếm,VN,Asia/Ho_Chi_Minh,190,220.8,25,28.7,237.5,190,57.3,24,0,1014,66,22.6,4.3,1.2,
12/1/2025 0:00,12/1/2025 7:00,Hoàn Kiếm,VN,Asia/Ho_Chi_Minh,190,235.2,27,26,237.5,190,61,44,0,1013,63,23,4.3,2.4,
12/1/2025 1:00,12/1/2025 8:00,Hoàn Kiếm,VN,Asia/Ho_Chi_Minh,202,188.9,23.7,57.3,252.5,202,67.7,57,0,1011,53,25.6,3.9,2.8,
12/1/2025 2:00,12/1/2025 9:00,Hoàn Kiếm,VN,Asia/Ho_Chi_Minh,190,142.6,20.3,88.7,237.5,190,74.3,79,0,1009,54,25.6,2.6,2.8,
12/1/2025 3:00,12/1/2025 10:00,Hoàn Kiếm,VN,Asia/Ho_Chi_Minh,74,96.3,17,120,24,23,81,99,0,1008,53,25.9,1.4,2.8,
12/1/2025 4:00,12/1/2025 11:00,Hoàn Kiếm,VN,Asia/Ho_Chi_Minh,229,93.6,14,128,143.8,115,75,72,0,1008,55,25.9,1.6,2.4,
12/1/2025 5:00,12/1/2025 12:00,Hoàn Kiếm,VN,Asia/Ho_Chi_Minh,150,90.8,11,136,56.7,55.67,69,97,0,1008,57,25.6,0.7,2.4,
12/1/2025 6:00,12/1/2025 13:00,Hoàn Kiếm,VN,Asia/Ho_Chi_Minh,172,88.1,8,144,73,72,63,50,0,1008,66,23,1.3,2.4,
12/1/2025 7:00,12/1/2025 14:00,Hoàn Kiếm,VN,Asia/Ho_Chi_Minh,163,90.3,8.7,141,70.3,65.33,61,44,0,1008,69,22.6,0,2.8,
12/1/2025 8:00,12/1/2025 15:00,Hoàn Kiếm,VN,Asia/Ho_Chi_Minh,154,92.4,9.3,138,67.7,58.67,59,60,0,1009,72,22.2,0,2.8,
12/1/2025 9:00,12/1/2025 16:00,Hoàn Kiếm,VN,Asia/Ho_Chi_Minh,145,94.5,10,135,65,52,57,64,0,1010,74,22.2,0,2.8,
12/1/2025 10:00,12/1/2025 17:00,Hoàn Kiếm,VN,Asia/Ho_Chi_Minh,148,114,14,116,66.3,53,62,17,0,1011,79,21.5,0,2.4,
12/1/2025 11:00,12/1/2025 18:00,Hoàn Kiếm,VN,Asia/Ho_Chi_Minh,155,10,4,4,73.8,59,16,16,0,1011,83,20.7,0,2.4,
12/1/2025 12:00,12/1/2025 19:00,Hoàn Kiếm,VN,Asia/Ho_Chi_Minh,153,152.9,22,78,55,55,72,19,0,1011,85,20.4,0,2,
12/1/2025 13:00,12/1/2025 20:00,Hoàn Kiếm,VN,Asia/Ho_Chi_Minh,148,143.6,20.3,77.7,57.7,53.33,69.3,39,0,1012,91,19.6,0,1.6,
12/1/2025 14:00,12/1/2025 21:00,Hoàn Kiếm,VN,Asia/Ho_Chi_Minh,144,134.2,18.7,77.3,60.3,51.67,66.7,68,0,1011,89,20,0,1.6,
12/1/2025 15:00,12/1/2025 22:00,Hoàn Kiếm,VN,Asia/Ho_Chi_Minh,139,124.9,17,77,63,50,64,72,0,1011,89,20,0,1.6,
12/1/2025 16:00,12/1/2025 23:00,Hoàn Kiếm,VN,Asia/Ho_Chi_Minh,138,125.9,16.7,72,58.7,49.33,60,81,0,1011,91,19.6,0,1.2,
12/1/2025 17:00,12/2/2025 0:00,Hoàn Kiếm,VN,Asia/Ho_Chi_Minh,136,126.8,16.3,67,54.3,48.67,56,87,0,1011,93,19.3,0,1.2,
12/1/2025 18:00,12/2/2025 1:00,Hoàn Kiếm,VN,Asia/Ho_Chi_Minh,134,127.8,16,62,50,48,52,85,0,1012,91,19.6,0,1.2,
12/1/2025 19:00,12/2/2025 2:00,Hoàn Kiếm,VN,Asia/Ho_Chi_Minh,203,126.1,15.7,58,118.8,95,49.3,92,0,1012,93,19.3,0,0.8,
12/1/2025 20:00,12/2/2025 3:00,Hoàn Kiếm,VN,Asia/Ho_Chi_Minh,185,124.3,15.3,54,99.2,82,46.7,100,0,1013,85,21,0.8,2,
12/1/2025 21:00,12/2/2025 4:00,Hoàn Kiếm,VN,Asia/Ho_Chi_Minh,208,122.6,15,50,123.8,99,44,100,0,1014,81,21.5,1,1.66,
12/1/2025 22:00,12/2/2025 5:00,Hoàn Kiếm,VN,Asia/Ho_Chi_Minh,208,131.1,16.3,48.7,123.8,99,48.3,100,0,1014,77,22.1,1.4,1.33,
12/1/2025 23:00,12/2/2025 6:00,Hoàn Kiếm,VN,Asia/Ho_Chi_Minh,216,139.7,17.7,47.3,131.3,105,52.7,100,0,1015,73,22.6,1.7,1,
12/2/2025 0:00,12/2/2025 7:00,Hoàn Kiếm,VN,Asia/Ho_Chi_Minh,224,148.2,19,46,138.8,111,57,100,0,1014,71,23.4,1.9,1,
12/2/2025 1:00,12/2/2025 8:00,Hoàn Kiếm,VN,Asia/Ho_Chi_Minh,227,132.5,18,61.7,141.3,113,63.7,100,0,1013,68,24.2,2,1,
12/2/2025 2:00,12/2/2025 9:00,Hoàn Kiếm,VN,Asia/Ho_Chi_Minh,235,116.7,17,77.3,148.8,119,70.3,100,0,1012,66,25,1.8,1,
12/2/2025 3:00,12/2/2025 10:00,Hoàn Kiếm,VN,Asia/Ho_Chi_Minh,240,101,16,93,153.8,123,77,95,0,1011,66,25.2,1.5,1.33,
12/2/2025 4:00,12/2/2025 11:00,Hoàn Kiếm,VN,Asia/Ho_Chi_Minh,240,97.3,14.7,98,153.8,123,74.3,91,0,1011,66,25.4,1.1,1.66,
12/2/2025 5:00,12/2/2025 12:00,Hoàn Kiếm,VN,Asia/Ho_Chi_Minh,232,93.6,13.3,103,146.3,117,71.7,87,0,1011,66,25.6,0.8,2,
12/2/2025 6:00,12/2/2025 13:00,Hoàn Kiếm,VN,Asia/Ho_Chi_Minh,179,89.9,12,108,78,77,69,91,0,1011,69,25.1,0.9,1.33,
12/2/2025 7:00,12/2/2025 14:00,Hoàn Kiếm,VN,Asia/Ho_Chi_Minh,167,93.8,13.7,107,69.3,68.33,68.7,95,0,1011,73,24.5,0,0.66,
12/2/2025 8:00,12/2/2025 15:00,Hoàn Kiếm,VN,Asia/Ho_Chi_Minh,156,97.7,15.3,106,60.7,59.67,68.3,100,0,1011,76,24,0,2.8,
12/2/2025 9:00,12/2/2025 16:00,Hoàn Kiếm,VN,Asia/Ho_Chi_Minh,142,101.5,17,105,52,51,68,95,0,1012,80,23.5,0,2.8,
12/2/2025 10:00,12/2/2025 17:00,Hoàn Kiếm,VN,Asia/Ho_Chi_Minh,163,74.4,14,71.3,73.4,65,50.7,91,0,1012,84,22.9,0,2.8,
12/2/2025 11:00,12/2/2025 18:00,Hoàn Kiếm,VN,Asia/Ho_Chi_Minh,181,47.2,11,37.7,94.8,79,33.3,87,0,1012,89,22.4,0,2.4,
12/2/2025 12:00,12/2/2025 19:00,Hoàn Kiếm,VN,Asia/Ho_Chi_Minh,200,20,8,4,116.3,93,16,91,0,1012,90,22.3,0,2,
12/2/2025 13:00,12/2/2025 20:00,Hoàn Kiếm,VN,Asia/Ho_Chi_Minh,177,53.4,12,24,91.5,75.67,31,95,0,1012,91,22.3,0,1.6,
12/2/2025 14:00,12/2/2025 21:00,Hoàn Kiếm,VN,Asia/Ho_Chi_Minh,154,86.8,16,44,66.8,58.33,46,100,0,1012,92,22.2,0,1.6,
12/2/2025 15:00,12/2/2025 22:00,Hoàn Kiếm,VN,Asia/Ho_Chi_Minh,115,120.2,20,64,42,41,61,100,0,1012,92,22.2,0,0.66,
12/2/2025 16:00,12/2/2025 23:00,Hoàn Kiếm,VN,Asia/Ho_Chi_Minh,112,119.6,19.3,59,41,39.67,56.7,100,0,1012,93,22.2,0,1.33,
12/2/2025 17:00,12/3/2025 0:00,Hoàn Kiếm,VN,Asia/Ho_Chi_Minh,108,119.1,18.7,54,40,38.33,52.3,100,0,1012,93,22.2,0,2,
12/2/2025 18:00,12/3/2025 1:00,Hoàn Kiếm,VN,Asia/Ho_Chi_Minh,104,118.5,18,49,39,37,48,87,0,1013,91,22.2,0,1.66,
12/2/2025 19:00,12/3/2025 2:00,Hoàn Kiếm,VN,Asia/Ho_Chi_Minh,95,115,17,49,34.7,32.67,46,75,0,1013,90,22.2,0,1.33,
12/2/2025 20:00,12/3/2025 3:00,Hoàn Kiếm,VN,Asia/Ho_Chi_Minh,85,111.5,16,49,30.3,28.33,44,62,0,1014,89,22.2,0.6,1,
12/2/2025 21:00,12/3/2025 4:00,Hoàn Kiếm,VN,Asia/Ho_Chi_Minh,76,108,15,49,26,24,42,70,0,1014,85,22.7,0.8,1.33,
12/2/2025 22:00,12/3/2025 5:00,Hoàn Kiếm,VN,Asia/Ho_Chi_Minh,112,112.6,16,49,46.9,39.67,46.3,79,0,1014,82,23.3,2.7,1.66,
12/2/2025 23:00,12/3/2025 6:00,Hoàn Kiếm,VN,Asia/Ho_Chi_Minh,208,10,4,4,123.8,99,16,87,0,1015,78,23.8,3.4,2,
12/3/2025 0:00,12/3/2025 7:00,Hoàn Kiếm,VN,Asia/Ho_Chi_Minh,171,122,18,49,88.8,71,55,79,0,1014,77,24.5,3.9,2,
12/3/2025 1:00,12/3/2025 8:00,Hoàn Kiếm,VN,Asia/Ho_Chi_Minh,149,107.4,16.3,59,66.2,53.67,52.7,70,0,1013,75,25.1,2.8,2,
12/3/2025 2:00,12/3/2025 9:00,Hoàn Kiếm,VN,Asia/Ho_Chi_Minh,103,92.8,14.7,69,43.6,36.33,50.3,62,0,1012,73,25.8,1.8,2,
12/3/2025 3:00,12/3/2025 10:00,Hoàn Kiếm,VN,Asia/Ho_Chi_Minh,65,78.2,13,79,21,19,48,50,0,1011,71,26,1.6,2,
12/3/2025 4:00,12/3/2025 11:00,Hoàn Kiếm,VN,Asia/Ho_Chi_Minh,152,10,4,4,71.3,57,16,37,0,1011,68,26.1,1.2,2,
12/3/2025 5:00,12/3/2025 12:00,Hoàn Kiếm,VN,Asia/Ho_Chi_Minh,137,71.2,9.7,89.7,61.3,49,40.7,25,0,1010,66,26.3,0.8,2,
12/3/2025 6:00,12/3/2025 13:00,Hoàn Kiếm,VN,Asia/Ho_Chi_Minh,87,67.7,8,95,30,29,37,41,0,1011,71,25.6,0.9,2,
12/3/2025 7:00,12/3/2025 14:00,Hoàn Kiếm,VN,Asia/Ho_Chi_Minh,90,67.9,8.7,95,34.2,30.67,36,58,0,1011,76,24.8,0,2,
12/3/2025 8:00,12/3/2025 15:00,Hoàn Kiếm,VN,Asia/Ho_Chi_Minh,94,68.1,9.3,95,38.3,32.33,35,75,0,1012,82,24.1,0,2,
12/3/2025 9:00,12/3/2025 16:00,Hoàn Kiếm,VN,Asia/Ho_Chi_Minh,98,68.3,10,95,42.5,34,34,79,0,1012,85,23.7,0,2,
12/3/2025 10:00,12/3/2025 17:00,Hoàn Kiếm,VN,Asia/Ho_Chi_Minh,104,73.1,12.7,85.7,46.3,37,39.3,83,0,1013,87,23.4,0,2,
12/3/2025 11:00,12/3/2025 18:00,Hoàn Kiếm,VN,Asia/Ho_Chi_Minh,112,78,15.3,76.3,50,40,44.7,87,0,1014,90,23,0,2,
12/3/2025 12:00,12/3/2025 19:00,Hoàn Kiếm,VN,Asia/Ho_Chi_Minh,121,82.9,18,67,53.8,43,50,23,0,1014,93,21.9,0,1.6,
12/3/2025 13:00,12/3/2025 20:00,Hoàn Kiếm,VN,Asia/Ho_Chi_Minh,114,89.5,18.7,62.3,48.8,40.67,53.3,39,0,1014,96,21.1,0,1.6,
12/3/2025 14:00,12/3/2025 21:00,Hoàn Kiếm,VN,Asia/Ho_Chi_Minh,108,96.1,19.3,57.7,43.9,38.33,56.7,51,0,1014,96,21.1,0,1.2,
12/3/2025 15:00,12/3/2025 22:00,Hoàn Kiếm,VN,Asia/Ho_Chi_Minh,102,102.7,20,53,39,36,60,95,0,1014,96,21.5,0,1.2,
12/3/2025 16:00,12/3/2025 23:00,Hoàn Kiếm,VN,Asia/Ho_Chi_Minh,139,104.1,19.7,49.3,58.1,49.67,56.3,100,0,1014,96,21.5,0,1.2,
12/3/2025 17:00,12/4/2025 0:00,Hoàn Kiếm,VN,Asia/Ho_Chi_Minh,155,105.4,19.3,45.7,73.8,59,52.7,99,0,1014,96,21.1,0,1.6,
12/3/2025 18:00,12/4/2025 1:00,Hoàn Kiếm,VN,Asia/Ho_Chi_Minh,179,106.8,19,42,96.3,77,49,95,0,1014,93,21.9,0,1.6,
12/3/2025 19:00,12/4/2025 2:00,Hoàn Kiếm,VN,Asia/Ho_Chi_Minh,190,74.5,15.3,29.3,107.1,85.67,38,94,0,1014,93,21.9,0,1.6,
12/3/2025 20:00,12/4/2025 3:00,Hoàn Kiếm,VN,Asia/Ho_Chi_Minh,203,42.3,11.7,16.7,118.8,95,27,75,0,1014,90,22,1,1,
12/3/2025 21:00,12/4/2025 4:00,Hoàn Kiếm,VN,Asia/Ho_Chi_Minh,213,10,8,4,128.8,103,16,83,0,1015,86,22.9,1.6,1.33,
12/3/2025 22:00,12/4/2025 5:00,Hoàn Kiếm,VN,Asia/Ho_Chi_Minh,189,48.5,11.3,13.3,106.3,85,27,91,0,1015,81,23.8,2.2,1.66,
12/3/2025 23:00,12/4/2025 6:00,Hoàn Kiếm,VN,Asia/Ho_Chi_Minh,195,87,14.7,22.7,111.3,89,38,100,0,1015,77,24.7,1.9,2,
12/4/2025 0:00,12/4/2025 7:00,Hoàn Kiếm,VN,Asia/Ho_Chi_Minh,203,125.5,18,32,118.8,95,49,91,0,1014,71,25.4,2.6,2,
12/4/2025 1:00,12/4/2025 8:00,Hoàn Kiếm,VN,Asia/Ho_Chi_Minh,186,87,14.7,22.7,102.9,82.33,38,83,0,1013,66,26,2.3,2,
12/4/2025 2:00,12/4/2025 9:00,Hoàn Kiếm,VN,Asia/Ho_Chi_Minh,184,20,4,4,101.3,81,16,75,0,1012,61,26.7,2.4,2,
12/4/2025 3:00,12/4/2025 10:00,Hoàn Kiếm,VN,Asia/Ho_Chi_Minh,152,10,8,4,71.3,57,16,79,0,1012,61,26.5,1.8,2,
12/4/2025 4:00,12/4/2025 11:00,Hoàn Kiếm,VN,Asia/Ho_Chi_Minh,155,34.1,7,43.7,73.8,59,27.3,83,0,1012,61,26.4,1.5,2,
12/4/2025 5:00,12/4/2025 12:00,Hoàn Kiếm,VN,Asia/Ho_Chi_Minh,134,58.2,6,83.3,60,48,38.7,87,0,1011,61,26.2,1.5,2,
12/4/2025 6:00,12/4/2025 13:00,Hoàn Kiếm,VN,Asia/Ho_Chi_Minh,115,82.3,5,123,42,41,50,62,0,1012,65,25.3,1.6,2.33,
12/4/2025 7:00,12/4/2025 14:00,Hoàn Kiếm,VN,Asia/Ho_Chi_Minh,107,907,15,9.7,102,38,26,37,0,1012,69,24.4,0,2.66,
12/4/2025 8:00,12/4/2025 15:00,Hoàn Kiếm,VN,Asia/Ho_Chi_Minh,85,90.5,7,126.3,35,28,64,12,0,1013,74,23.5,0,3,
12/4/2025 9:00,12/4/2025 16:00,Hoàn Kiếm,VN,Asia/Ho_Chi_Minh,82,94.5,8,128,33.8,27,71,25,0,1013,79,22.9,0,2.66,
12/4/2025 10:00,12/4/2025 17:00,Hoàn Kiếm,VN,Asia/Ho_Chi_Minh,92,109.7,12.3,112,35.8,31.33,80.3,37,0,1014,83,22.3,0,2.33,
12/4/2025 11:00,12/4/2025 18:00,Hoàn Kiếm,VN,Asia/Ho_Chi_Minh,101,124.9,16.7,96,37.9,35.67,89.7,50,0,1014,88,21.7,0,2,
12/4/2025 12:00,12/4/2025 19:00,Hoàn Kiếm,VN,Asia/Ho_Chi_Minh,112,140.1,21,80,40,40,99,62,0,1014,90,21.5,0,1.66,
12/4/2025 13:00,12/4/2025 20:00,Hoàn Kiếm,VN,Asia/Ho_Chi_Minh,137,144.1,20.7,75.7,54.6,49,101.7,75,0,1014,93,21.2,0,1.33,
12/4/2025 14:00,12/4/2025 21:00,Hoàn Kiếm,VN,Asia/Ho_Chi_Minh,155,148.2,20.3,71.3,73.8,59,104.3,87,0,1014,95,21,0,1,
12/4/2025 15:00,12/4/2025 22:00,Hoàn Kiếm,VN,Asia/Ho_Chi_Minh,165,152.3,20,67,83.8,67,107,87,0,1013,94,21,0,0.66,
12/4/2025 16:00,12/4/2025 23:00,Hoàn Kiếm,VN,Asia/Ho_Chi_Minh,173,150,18.3,67.3,91.3,73,102.7,87,0,1013,94,20.9,0,0.33,
